TransactionID;StoreID;StoreLocation;CustomerID;CustomerType;ProductID;ProductName;Category;Quantity;UnitPrice;TotalAmount;PaymentMethod;SalesDate;Salesperson
T04001;S003;Rosebank;C1541;Guest;P0006;Coffee Maker;Appliances;1;1299.99;1299.99;Bank Transfer;2026/05/15;Jessica Naidoo
T04002;S003;Rosebank;C1374;Guest;P0012;Hooded Sweatshirt;Clothing;6;599.99;3599.94;Cash;2026/03/18;Jessica Naidoo
T04003;S003;Rosebank;C0716;Member;P0001;Wireless Headphones;Electronics;5;899.99;4499.95;Card;2026/03/31;Liam Jacobs
T04004;S003;Rosebank;C0404;Guest;P0003;Smart Watch;Electronics;2;1299.99;2599.98;Card;2026/04/26;Liam Jacobs
T04005;S003;Rosebank;C0810;Guest;P0020;Table Lamp;Home & Decor;2;699.99;1399.98;Mobile Pay;2026/01/30;Sophie Mthembu
T04006;S003;Rosebank;C0040;Guest;P0007;Air Fryer;Appliances;4;1799.99;7199.96;Cash;2026/04/17;Michael Williams
T04007;S003;Rosebank;C1008;Member;P0020;Table Lamp;Home & Decor;5;699.99;3499.95;Cash;2026/04/22;Noah Pillay
T04008;S003;Rosebank;C0627;Member;P0003;Smart Watch;Electronics;4;1299.99;5199.96;Cash;2026/02/08;Daniel Smith
T04009;S003;Rosebank;C2236;Member;P0008;Blender;Appliances;1;899.99;899.99;Bank Transfer;2026/01/12;Noah Pillay
T04010;S003;Rosebank;C0065;Guest;P0010;Cotton T-Shirt;Clothing;6;249.99;1499.94;Bank Transfer;2026/01/19;Noah Pillay
T04011;S003;Rosebank;C0504;Member;P0010;Cotton T-Shirt;Clothing;6;249.99;1499.94;Card;2026/06/10;Sarah Mokoena
T04012;S003;Rosebank;C2468;Member;P0010;Cotton T-Shirt;Clothing;6;249.99;1499.94;Cash;2026/01/18;Sophie Mthembu
T04013;S003;Rosebank;C1900;Guest;P0008;Blender;Appliances;4;899.99;3599.96;Bank Transfer;2026/02/20;Sophie Mthembu
T04014;S003;Rosebank;C1119;Guest;P0024;Storage Container Set;Kitchen;3;349.99;1049.97;Bank Transfer;2026/05/21;Emma Nkosi
T04015;S003;Rosebank;C1163;Member;P0022;Cookware Set;Kitchen;3;1599.99;4799.97;Card;2026/02/26;Liam Jacobs
T04016;S003;Rosebank;C0630;Member;P0022;Cookware Set;Kitchen;2;1599.99;3199.98;Bank Transfer;2026/05/19;Michael Williams
T04017;S003;Rosebank;C2618;Member;P0010;Cotton T-Shirt;Clothing;3;249.99;749.97;Mobile Pay;2026/03/18;Emma Nkosi
T04018;S003;Rosebank;C0516;Guest;P0020;Table Lamp;Home & Decor;1;699.99;699.99;Cash;2026/04/14;Michael Williams
T04019;S003;Rosebank;C0111;Guest;P0002;Bluetooth Speaker;Electronics;2;649.99;1299.98;Bank Transfer;2026/01/27;Sarah Mokoena
T04020;S003;Rosebank;C2170;Member;P0012;Hooded Sweatshirt;Clothing;2;599.99;1199.98;Bank Transfer;2026/01/02;Daniel Smith
T04021;S003;Rosebank;C0414;Guest;P0013;Running Shoes;Sportswear;5;1499.5;7497.5;Card;2026/02/17;Sarah Mokoena
T04022;S003;Rosebank;C2326;Member;P0021;Cushion Set;Home & Decor;4;299.99;1199.96;Bank Transfer;2026/03/05;Noah Pillay
T04023;S003;Rosebank;C1712;Member;P0001;Wireless Headphones;Electronics;6;899.99;5399.94;Card;2026/06/05;James Botha
T04024;S003;Rosebank;C1180;Guest;P0022;Cookware Set;Kitchen;6;1599.99;9599.94;Card;2026/02/06;Michael Williams
T04025;S003;Rosebank;C2788;Guest;P0006;Coffee Maker;Appliances;4;1299.99;5199.96;Mobile Pay;2026/05/08;Sarah Mokoena
T04026;S003;Rosebank;C0643;Member;P0011;Denim Jeans;Clothing;2;799.99;1599.98;Bank Transfer;2026/04/08;Noah Pillay
T04027;S003;Rosebank;C1231;Member;P0006;Coffee Maker;Appliances;5;1299.99;6499.95;Cash;2026/01/21;Liam Jacobs
T04028;S003;Rosebank;C2102;Guest;P0009;Electric Kettle;Appliances;2;499.99;999.98;Mobile Pay;2026/02/06;Sarah Mokoena
T04029;S003;Rosebank;C0622;Guest;P0022;Cookware Set;Kitchen;6;1599.99;9599.94;Mobile Pay;2026/06/26;Emma Nkosi
T04030;S003;Rosebank;C2115;Member;P0012;Hooded Sweatshirt;Clothing;2;599.99;1199.98;Mobile Pay;2026/06/04;Sarah Mokoena
T04031;S003;Rosebank;C0481;Member;P0013;Running Shoes;Sportswear;5;1499.5;7497.5;Cash;2026/06/14;Olivia Dlamini
T04032;S003;Rosebank;C0861;Guest;P0009;Electric Kettle;Appliances;5;499.99;2499.95;Cash;2026/06/21;Olivia Dlamini
T04033;S003;Rosebank;C2093;Member;P0004;USB-C Charger;Electronics;5;299.99;1499.95;Card;2026/03/20;Olivia Dlamini
T04034;S003;Rosebank;C1201;Member;P0007;Air Fryer;Appliances;3;1799.99;5399.97;Bank Transfer;2026/03/14;Daniel Smith
T04035;S003;Rosebank;C1817;Guest;P0016;Skincare Set;Beauty;2;599.99;1199.98;Card;2026/01/05;Noah Pillay
T04036;S003;Rosebank;C0344;Guest;P0015;Sports Bottle;Sportswear;4;199.99;799.96;Mobile Pay;2026/03/17;Noah Pillay
T04037;S003;Rosebank;C2049;Guest;P0025;Novel Book;Books;6;199.99;1199.94;Mobile Pay;2026/05/06;Emma Nkosi
T04038;S003;Rosebank;C1518;Member;P0019;Throw Blanket;Home & Decor;6;449.99;2699.94;Cash;2026/05/31;Michael Williams
T04039;S003;Rosebank;C0381;Guest;P0016;Skincare Set;Beauty;3;599.99;1799.97;Card;2026/01/07;Michael Williams
T04040;S003;Rosebank;C0081;Member;P0023;Dinner Plate Set;Kitchen;6;499.99;2999.94;Cash;2026/06/21;James Botha
T04041;S003;Rosebank;C2151;Guest;P0009;Electric Kettle;Appliances;6;499.99;2999.94;Bank Transfer;2026/06/19;Michael Williams
T04042;S003;Rosebank;C0273;Member;P0002;Bluetooth Speaker;Electronics;2;649.99;1299.98;Mobile Pay;2026/01/01;Liam Jacobs
T04043;S003;Rosebank;C2535;Guest;P0015;Sports Bottle;Sportswear;3;199.99;599.97;Card;2026/01/12;Jessica Naidoo
T04044;S003;Rosebank;C1177;Guest;P0004;USB-C Charger;Electronics;5;299.99;1499.95;Cash;2026/04/28;Daniel Smith
T04045;S003;Rosebank;C0612;Guest;P0006;Coffee Maker;Appliances;6;1299.99;7799.94;Bank Transfer;2026/02/27;Sarah Mokoena
T04046;S003;Rosebank;C1584;Guest;P0016;Skincare Set;Beauty;1;599.99;599.99;Mobile Pay;2026/06/08;Olivia Dlamini
T04047;S003;Rosebank;C0220;Guest;P0024;Storage Container Set;Kitchen;1;349.99;349.99;Mobile Pay;2026/02/18;Sarah Mokoena
T04048;S003;Rosebank;C2034;Member;P0003;Smart Watch;Electronics;5;1299.99;6499.95;Bank Transfer;2026/01/22;Michael Williams
T04049;S003;Rosebank;C1610;Guest;P0015;Sports Bottle;Sportswear;4;199.99;799.96;Bank Transfer;2026/02/06;Daniel Smith
T04050;S003;Rosebank;C0674;Member;P0008;Blender;Appliances;1;899.99;899.99;Card;2026/05/03;Emma Nkosi
T04051;S003;Rosebank;C1552;Member;P0012;Hooded Sweatshirt;Clothing;4;599.99;2399.96;Card;2026/02/21;Sarah Mokoena
T04052;S003;Rosebank;C0894;Guest;P0014;Yoga Mat;Sportswear;4;399.99;1599.96;Cash;2026/03/05;Michael Williams
T04053;S003;Rosebank;C2981;Guest;P0017;Face Moisturiser;Beauty;4;249.99;999.96;Card;2026/01/30;Emma Nkosi
T04054;S003;Rosebank;C1264;Member;P0012;Hooded Sweatshirt;Clothing;2;599.99;1199.98;Card;2026/03/31;Sarah Mokoena
T04055;S003;Rosebank;C1306;Guest;P0024;Storage Container Set;Kitchen;5;349.99;1749.95;Bank Transfer;2026/04/11;Jessica Naidoo
T04056;S003;Rosebank;C2284;Guest;P0005;Laptop Backpack;Accessories;4;549.99;2199.96;Mobile Pay;2026/06/09;Sophie Mthembu
T04057;S003;Rosebank;C0440;Guest;P0022;Cookware Set;Kitchen;3;1599.99;4799.97;Card;2026/01/21;Daniel Smith
T04058;S003;Rosebank;C0643;Member;P0005;Laptop Backpack;Accessories;3;549.99;1649.97;Cash;2026/01/12;Jessica Naidoo
T04059;S003;Rosebank;C1859;Guest;P0016;Skincare Set;Beauty;6;599.99;3599.94;Bank Transfer;2026/02/28;Sarah Mokoena
T04060;S003;Rosebank;C0809;Member;P0010;Cotton T-Shirt;Clothing;4;249.99;999.96;Cash;2026/01/28;Emma Nkosi
T04061;S003;Rosebank;C2593;Member;P0006;Coffee Maker;Appliances;4;1299.99;5199.96;Card;2026/03/18;Sophie Mthembu
T04062;S003;Rosebank;C0713;Member;P0005;Laptop Backpack;Accessories;5;549.99;2749.95;Mobile Pay;2026/05/28;Olivia Dlamini
T04063;S003;Rosebank;C2142;Member;P0021;Cushion Set;Home & Decor;4;299.99;1199.96;Mobile Pay;2026/03/10;Sophie Mthembu
T04064;S003;Rosebank;C2022;Guest;P0011;Denim Jeans;Clothing;6;799.99;4799.94;Card;2026/04/24;Michael Williams
T04065;S003;Rosebank;C0650;Guest;P0022;Cookware Set;Kitchen;6;1599.99;9599.94;Cash;2026/03/04;Emma Nkosi
T04066;S003;Rosebank;C2690;Guest;P0014;Yoga Mat;Sportswear;6;399.99;2399.94;Mobile Pay;2026/03/30;Daniel Smith
T04067;S003;Rosebank;C1729;Member;P0023;Dinner Plate Set;Kitchen;4;499.99;1999.96;Bank Transfer;2026/06/16;Sophie Mthembu
T04068;S003;Rosebank;C0288;Guest;P0021;Cushion Set;Home & Decor;3;299.99;899.97;Bank Transfer;2026/06/30;Jessica Naidoo
T04069;S003;Rosebank;C1595;Guest;P0019;Throw Blanket;Home & Decor;1;449.99;449.99;Cash;2026/02/05;Michael Williams
T04070;S003;Rosebank;C0907;Member;P0010;Cotton T-Shirt;Clothing;5;249.99;1249.95;Card;2026/04/13;Michael Williams
T04071;S003;Rosebank;C1164;Guest;P0016;Skincare Set;Beauty;2;599.99;1199.98;Mobile Pay;2026/02/24;Jessica Naidoo
T04072;S003;Rosebank;C0399;Guest;P0006;Coffee Maker;Appliances;4;1299.99;5199.96;Card;2026/06/08;Liam Jacobs
T04073;S003;Rosebank;C1601;Guest;P0007;Air Fryer;Appliances;2;1799.99;3599.98;Cash;2026/04/17;Olivia Dlamini
T04074;S003;Rosebank;C0086;Member;P0022;Cookware Set;Kitchen;6;1599.99;9599.94;Card;2026/03/07;Liam Jacobs
T04075;S003;Rosebank;C2825;Member;P0010;Cotton T-Shirt;Clothing;3;249.99;749.97;Card;2026/01/08;Emma Nkosi
T04076;S003;Rosebank;C1905;Guest;P0009;Electric Kettle;Appliances;3;499.99;1499.97;Card;2026/05/09;Daniel Smith
T04077;S003;Rosebank;C2399;Member;P0002;Bluetooth Speaker;Electronics;6;649.99;3899.94;Cash;2026/05/12;Olivia Dlamini
T04078;S003;Rosebank;C1078;Member;P0016;Skincare Set;Beauty;6;599.99;3599.94;Bank Transfer;2026/01/17;James Botha
T04079;S003;Rosebank;C0541;Member;P0006;Coffee Maker;Appliances;6;1299.99;7799.94;Mobile Pay;2026/06/27;Sophie Mthembu
T04080;S003;Rosebank;C1198;Member;P0019;Throw Blanket;Home & Decor;3;449.99;1349.97;Cash;2026/01/18;Jessica Naidoo
T04081;S003;Rosebank;C1695;Member;P0012;Hooded Sweatshirt;Clothing;4;599.99;2399.96;Cash;2026/03/06;Jessica Naidoo
T04082;S003;Rosebank;C1108;Guest;P0021;Cushion Set;Home & Decor;1;299.99;299.99;Card;2026/04/08;Michael Williams
T04083;S003;Rosebank;C0855;Member;P0023;Dinner Plate Set;Kitchen;1;499.99;499.99;Mobile Pay;2026/05/09;Michael Williams
T04084;S003;Rosebank;C2761;Member;P0021;Cushion Set;Home & Decor;2;299.99;599.98;Cash;2026/04/04;Olivia Dlamini
T04085;S003;Rosebank;C1609;Guest;P0013;Running Shoes;Sportswear;4;1499.5;5998.0;Mobile Pay;2026/03/16;Liam Jacobs
T04086;S003;Rosebank;C2528;Member;P0004;USB-C Charger;Electronics;6;299.99;1799.94;Bank Transfer;2026/05/29;Olivia Dlamini
T04087;S003;Rosebank;C1804;Guest;P0006;Coffee Maker;Appliances;2;1299.99;2599.98;Card;2026/02/18;Daniel Smith
T04088;S003;Rosebank;C1476;Guest;P0018;Perfume;Beauty;4;899.99;3599.96;Cash;2026/02/13;James Botha
T04089;S003;Rosebank;C1694;Guest;P0013;Running Shoes;Sportswear;2;1499.5;2999.0;Mobile Pay;2026/02/19;Noah Pillay
T04090;S003;Rosebank;C2299;Member;P0003;Smart Watch;Electronics;4;1299.99;5199.96;Mobile Pay;2026/03/27;Sophie Mthembu
T04091;S003;Rosebank;C1798;Member;P0006;Coffee Maker;Appliances;4;1299.99;5199.96;Card;2026/03/27;Daniel Smith
T04092;S003;Rosebank;C2727;Guest;P0024;Storage Container Set;Kitchen;6;349.99;2099.94;Cash;2026/03/13;Olivia Dlamini
T04093;S003;Rosebank;C1675;Member;P0005;Laptop Backpack;Accessories;3;549.99;1649.97;Bank Transfer;2026/05/03;Olivia Dlamini
T04094;S003;Rosebank;C1367;Guest;P0010;Cotton T-Shirt;Clothing;1;249.99;249.99;Mobile Pay;2026/05/26;Daniel Smith
T04095;S003;Rosebank;C1805;Member;P0007;Air Fryer;Appliances;6;1799.99;10799.94;Mobile Pay;2026/04/13;Olivia Dlamini
T04096;S003;Rosebank;C1608;Member;P0014;Yoga Mat;Sportswear;3;399.99;1199.97;Card;2026/05/20;Liam Jacobs
T04097;S003;Rosebank;C1712;Guest;P0019;Throw Blanket;Home & Decor;6;449.99;2699.94;Cash;2026/01/25;Noah Pillay
T04098;S003;Rosebank;C0772;Member;P0018;Perfume;Beauty;2;899.99;1799.98;Bank Transfer;2026/04/17;Daniel Smith
T04099;S003;Rosebank;C1381;Member;P0015;Sports Bottle;Sportswear;1;199.99;199.99;Bank Transfer;2026/03/23;Liam Jacobs
T04100;S003;Rosebank;C2595;Member;P0021;Cushion Set;Home & Decor;2;299.99;599.98;Cash;2026/01/31;Michael Williams
T04101;S003;Rosebank;C0883;Guest;P0011;Denim Jeans;Clothing;1;799.99;799.99;Mobile Pay;2026/01/28;James Botha
T04102;S003;Rosebank;C2152;Guest;P0022;Cookware Set;Kitchen;3;1599.99;4799.97;Card;2026/03/26;Michael Williams
T04103;S003;Rosebank;C2689;Member;P0022;Cookware Set;Kitchen;1;1599.99;1599.99;Mobile Pay;2026/01/31;Olivia Dlamini
T04104;S003;Rosebank;C0883;Member;P0021;Cushion Set;Home & Decor;2;299.99;599.98;Bank Transfer;2026/02/22;Michael Williams
T04105;S003;Rosebank;C2554;Member;P0002;Bluetooth Speaker;Electronics;3;649.99;1949.97;Mobile Pay;2026/04/16;Daniel Smith
T04106;S003;Rosebank;C0711;Member;P0017;Face Moisturiser;Beauty;3;249.99;749.97;Card;2026/03/01;Michael Williams
T04107;S003;Rosebank;C0780;Guest;P0010;Cotton T-Shirt;Clothing;1;249.99;249.99;Cash;2026/02/10;Jessica Naidoo
T04108;S003;Rosebank;C0833;Guest;P0002;Bluetooth Speaker;Electronics;1;649.99;649.99;Mobile Pay;2026/05/01;Emma Nkosi
T04109;S003;Rosebank;C2110;Member;P0001;Wireless Headphones;Electronics;2;899.99;1799.98;Mobile Pay;2026/01/23;Olivia Dlamini
T04110;S003;Rosebank;C1058;Member;P0013;Running Shoes;Sportswear;4;1499.5;5998.0;Card;2026/06/07;Jessica Naidoo
T04111;S003;Rosebank;C1296;Member;P0011;Denim Jeans;Clothing;3;799.99;2399.97;Cash;2026/02/02;Emma Nkosi
T04112;S003;Rosebank;C2428;Member;P0023;Dinner Plate Set;Kitchen;1;499.99;499.99;Bank Transfer;2026/01/04;Sophie Mthembu
T04113;S003;Rosebank;C2315;Guest;P0023;Dinner Plate Set;Kitchen;2;499.99;999.98;Bank Transfer;2026/06/18;Sarah Mokoena
T04114;S003;Rosebank;C0824;Member;P0007;Air Fryer;Appliances;2;1799.99;3599.98;Card;2026/05/10;Olivia Dlamini
T04115;S003;Rosebank;C1036;Member;P0020;Table Lamp;Home & Decor;5;699.99;3499.95;Cash;2026/05/07;Sarah Mokoena
T04116;S003;Rosebank;C1679;Member;P0003;Smart Watch;Electronics;5;1299.99;6499.95;Bank Transfer;2026/05/11;Noah Pillay
T04117;S003;Rosebank;C0558;Guest;P0009;Electric Kettle;Appliances;6;499.99;2999.94;Bank Transfer;2026/04/09;Emma Nkosi
T04118;S003;Rosebank;C0524;Guest;P0007;Air Fryer;Appliances;2;1799.99;3599.98;Mobile Pay;2026/01/17;Daniel Smith
T04119;S003;Rosebank;C1092;Member;P0017;Face Moisturiser;Beauty;2;249.99;499.98;Bank Transfer;2026/06/29;Sophie Mthembu
T04120;S003;Rosebank;C0349;Guest;P0004;USB-C Charger;Electronics;3;299.99;899.97;Cash;2026/03/09;Daniel Smith
T04121;S003;Rosebank;C1523;Member;P0023;Dinner Plate Set;Kitchen;5;499.99;2499.95;Card;2026/04/25;Olivia Dlamini
T04122;S003;Rosebank;C2185;Member;P0004;USB-C Charger;Electronics;5;299.99;1499.95;Card;2026/03/19;Sophie Mthembu
T04123;S003;Rosebank;C2029;Guest;P0006;Coffee Maker;Appliances;2;1299.99;2599.98;Mobile Pay;2026/06/16;Sarah Mokoena
T04124;S003;Rosebank;C2394;Member;P0014;Yoga Mat;Sportswear;5;399.99;1999.95;Bank Transfer;2026/05/31;Liam Jacobs
T04125;S003;Rosebank;C2504;Guest;P0004;USB-C Charger;Electronics;3;299.99;899.97;Bank Transfer;2026/03/22;Noah Pillay
T04126;S003;Rosebank;C1027;Member;P0023;Dinner Plate Set;Kitchen;4;499.99;1999.96;Bank Transfer;2026/04/10;Olivia Dlamini
T04127;S003;Rosebank;C1062;Member;P0020;Table Lamp;Home & Decor;4;699.99;2799.96;Bank Transfer;2026/03/05;Michael Williams
T04128;S003;Rosebank;C1163;Member;P0024;Storage Container Set;Kitchen;3;349.99;1049.97;Cash;2026/02/17;Liam Jacobs
T04129;S003;Rosebank;C1599;Member;P0004;USB-C Charger;Electronics;6;299.99;1799.94;Card;2026/01/08;Sarah Mokoena
T04130;S003;Rosebank;C2581;Guest;P0011;Denim Jeans;Clothing;3;799.99;2399.97;Card;2026/04/25;Liam Jacobs
T04131;S003;Rosebank;C2118;Guest;P0009;Electric Kettle;Appliances;2;499.99;999.98;Cash;2026/05/05;Olivia Dlamini
T04132;S003;Rosebank;C2817;Member;P0015;Sports Bottle;Sportswear;4;199.99;799.96;Mobile Pay;2026/03/27;Jessica Naidoo
T04133;S003;Rosebank;C0274;Member;P0020;Table Lamp;Home & Decor;4;699.99;2799.96;Mobile Pay;2026/02/08;Emma Nkosi
T04134;S003;Rosebank;C2545;Member;P0022;Cookware Set;Kitchen;1;1599.99;1599.99;Cash;2026/03/25;Olivia Dlamini
T04135;S003;Rosebank;C1600;Member;P0015;Sports Bottle;Sportswear;1;199.99;199.99;Mobile Pay;2026/01/29;Sophie Mthembu
T04136;S003;Rosebank;C2227;Guest;P0004;USB-C Charger;Electronics;6;299.99;1799.94;Card;2026/06/30;Noah Pillay
T04137;S003;Rosebank;C0040;Member;P0004;USB-C Charger;Electronics;4;299.99;1199.96;Card;2026/02/28;Liam Jacobs
T04138;S003;Rosebank;C1568;Member;P0017;Face Moisturiser;Beauty;2;249.99;499.98;Bank Transfer;2026/04/28;Sophie Mthembu
T04139;S003;Rosebank;C0769;Member;P0018;Perfume;Beauty;6;899.99;5399.94;Bank Transfer;2026/06/13;Daniel Smith
T04140;S003;Rosebank;C0225;Member;P0002;Bluetooth Speaker;Electronics;5;649.99;3249.95;Card;2026/04/01;Sarah Mokoena
T04141;S003;Rosebank;C1356;Member;P0013;Running Shoes;Sportswear;3;1499.5;4498.5;Mobile Pay;2026/02/07;James Botha
T04142;S003;Rosebank;C0407;Member;P0019;Throw Blanket;Home & Decor;4;449.99;1799.96;Mobile Pay;2026/03/27;Daniel Smith
T04143;S003;Rosebank;C2885;Member;P0019;Throw Blanket;Home & Decor;6;449.99;2699.94;Cash;2026/02/22;Noah Pillay
T04144;S003;Rosebank;C2822;Member;P0010;Cotton T-Shirt;Clothing;5;249.99;1249.95;Card;2026/01/13;Daniel Smith
T04145;S003;Rosebank;C0407;Guest;P0009;Electric Kettle;Appliances;6;499.99;2999.94;Bank Transfer;2026/05/24;James Botha
T04146;S003;Rosebank;C1121;Member;P0012;Hooded Sweatshirt;Clothing;1;599.99;599.99;Card;2026/01/22;Jessica Naidoo
T04147;S003;Rosebank;C0351;Member;P0007;Air Fryer;Appliances;6;1799.99;10799.94;Card;2026/01/18;Olivia Dlamini
T04148;S003;Rosebank;C1482;Member;P0017;Face Moisturiser;Beauty;4;249.99;999.96;Bank Transfer;2026/05/27;Michael Williams
T04149;S003;Rosebank;C1333;Member;P0021;Cushion Set;Home & Decor;4;299.99;1199.96;Card;2026/06/18;James Botha
T04150;S003;Rosebank;C1373;Guest;P0023;Dinner Plate Set;Kitchen;5;499.99;2499.95;Cash;2026/06/21;Noah Pillay
T04151;S003;Rosebank;C0615;Member;P0012;Hooded Sweatshirt;Clothing;1;599.99;599.99;Cash;2026/01/17;Emma Nkosi
T04152;S003;Rosebank;C1530;Guest;P0014;Yoga Mat;Sportswear;2;399.99;799.98;Card;2026/03/06;Daniel Smith
T04153;S003;Rosebank;C1580;Guest;P0003;Smart Watch;Electronics;1;1299.99;1299.99;Mobile Pay;2026/06/01;Emma Nkosi
T04154;S003;Rosebank;C1111;Member;P0004;USB-C Charger;Electronics;6;299.99;1799.94;Bank Transfer;2026/06/02;Liam Jacobs
T04155;S003;Rosebank;C0117;Guest;P0009;Electric Kettle;Appliances;3;499.99;1499.97;Bank Transfer;2026/06/21;Emma Nkosi
T04156;S003;Rosebank;C0050;Guest;P0011;Denim Jeans;Clothing;1;799.99;799.99;Card;2026/04/11;Michael Williams
T04157;S003;Rosebank;C1356;Member;P0002;Bluetooth Speaker;Electronics;5;649.99;3249.95;Cash;2026/02/24;Sarah Mokoena
T04158;S003;Rosebank;C0702;Guest;P0012;Hooded Sweatshirt;Clothing;3;599.99;1799.97;Card;2026/04/19;Sophie Mthembu
T04159;S003;Rosebank;C0262;Guest;P0003;Smart Watch;Electronics;3;1299.99;3899.97;Mobile Pay;2026/05/25;Liam Jacobs
T04160;S003;Rosebank;C0515;Member;P0020;Table Lamp;Home & Decor;5;699.99;3499.95;Card;2026/02/03;Noah Pillay
T04161;S003;Rosebank;C2486;Member;P0017;Face Moisturiser;Beauty;3;249.99;749.97;Mobile Pay;2026/03/26;Jessica Naidoo
T04162;S003;Rosebank;C2091;Member;P0016;Skincare Set;Beauty;1;599.99;599.99;Mobile Pay;2026/03/19;Michael Williams
T04163;S003;Rosebank;C1502;Guest;P0022;Cookware Set;Kitchen;4;1599.99;6399.96;Bank Transfer;2026/04/29;Liam Jacobs
T04164;S003;Rosebank;C2591;Guest;P0009;Electric Kettle;Appliances;4;499.99;1999.96;Cash;2026/02/10;Sarah Mokoena
T04165;S003;Rosebank;C1390;Member;P0005;Laptop Backpack;Accessories;6;549.99;3299.94;Cash;2026/02/20;Olivia Dlamini
T04166;S003;Rosebank;C0530;Guest;P0011;Denim Jeans;Clothing;1;799.99;799.99;Bank Transfer;2026/05/22;Sophie Mthembu
T04167;S003;Rosebank;C0983;Member;P0023;Dinner Plate Set;Kitchen;3;499.99;1499.97;Card;2026/06/19;Sarah Mokoena
T04168;S003;Rosebank;C0752;Member;P0023;Dinner Plate Set;Kitchen;1;499.99;499.99;Mobile Pay;2026/05/17;Michael Williams
T04169;S003;Rosebank;C1082;Member;P0024;Storage Container Set;Kitchen;5;349.99;1749.95;Mobile Pay;2026/02/13;Noah Pillay
T04170;S003;Rosebank;C0710;Member;P0008;Blender;Appliances;2;899.99;1799.98;Bank Transfer;2026/03/15;Liam Jacobs
T04171;S003;Rosebank;C2471;Member;P0025;Novel Book;Books;1;199.99;199.99;Cash;2026/04/09;Michael Williams
T04172;S003;Rosebank;C0411;Member;P0016;Skincare Set;Beauty;2;599.99;1199.98;Cash;2026/01/10;Liam Jacobs
T04173;S003;Rosebank;C1893;Member;P0005;Laptop Backpack;Accessories;2;549.99;1099.98;Cash;2026/06/27;Sophie Mthembu
T04174;S003;Rosebank;C2472;Guest;P0021;Cushion Set;Home & Decor;1;299.99;299.99;Mobile Pay;2026/02/09;Michael Williams
T04175;S003;Rosebank;C0305;Guest;P0005;Laptop Backpack;Accessories;6;549.99;3299.94;Bank Transfer;2026/02/04;Noah Pillay
T04176;S003;Rosebank;C2048;Member;P0023;Dinner Plate Set;Kitchen;4;499.99;1999.96;Card;2026/06/16;Michael Williams
T04177;S003;Rosebank;C1233;Member;P0016;Skincare Set;Beauty;4;599.99;2399.96;Card;2026/05/16;James Botha
T04178;S003;Rosebank;C2750;Guest;P0001;Wireless Headphones;Electronics;1;899.99;899.99;Card;2026/05/18;Michael Williams
T04179;S003;Rosebank;C2354;Member;P0009;Electric Kettle;Appliances;1;499.99;499.99;Bank Transfer;2026/01/30;Olivia Dlamini
T04180;S003;Rosebank;C2434;Guest;P0007;Air Fryer;Appliances;5;1799.99;8999.95;Card;2026/01/26;Olivia Dlamini
T04181;S003;Rosebank;C2169;Member;P0019;Throw Blanket;Home & Decor;5;449.99;2249.95;Card;2026/05/02;Sophie Mthembu
T04182;S003;Rosebank;C1956;Guest;P0023;Dinner Plate Set;Kitchen;2;499.99;999.98;Cash;2026/01/03;James Botha
T04183;S003;Rosebank;C2513;Guest;P0009;Electric Kettle;Appliances;4;499.99;1999.96;Bank Transfer;2026/06/08;James Botha
T04184;S003;Rosebank;C1555;Member;P0008;Blender;Appliances;1;899.99;899.99;Bank Transfer;2026/01/20;Sophie Mthembu
T04185;S003;Rosebank;C2372;Guest;P0001;Wireless Headphones;Electronics;5;899.99;4499.95;Card;2026/03/27;Emma Nkosi
T04186;S003;Rosebank;C0664;Member;P0009;Electric Kettle;Appliances;6;499.99;2999.94;Bank Transfer;2026/01/05;Jessica Naidoo
T04187;S003;Rosebank;C0007;Member;P0003;Smart Watch;Electronics;5;1299.99;6499.95;Mobile Pay;2026/05/03;Daniel Smith
T04188;S003;Rosebank;C0550;Guest;P0001;Wireless Headphones;Electronics;5;899.99;4499.95;Mobile Pay;2026/03/06;Noah Pillay
T04189;S003;Rosebank;C0328;Guest;P0003;Smart Watch;Electronics;5;1299.99;6499.95;Card;2026/06/28;Noah Pillay
T04190;S003;Rosebank;C0326;Member;P0001;Wireless Headphones;Electronics;4;899.99;3599.96;Mobile Pay;2026/06/01;Sophie Mthembu
T04191;S003;Rosebank;C2277;Member;P0013;Running Shoes;Sportswear;1;1499.5;1499.5;Bank Transfer;2026/02/23;James Botha
T04192;S003;Rosebank;C0971;Guest;P0019;Throw Blanket;Home & Decor;3;449.99;1349.97;Bank Transfer;2026/06/02;Sophie Mthembu
T04193;S003;Rosebank;C0966;Member;P0009;Electric Kettle;Appliances;2;499.99;999.98;Card;2026/02/27;Michael Williams
T04194;S003;Rosebank;C0466;Member;P0008;Blender;Appliances;5;899.99;4499.95;Mobile Pay;2026/01/12;Sophie Mthembu
T04195;S003;Rosebank;C0446;Member;P0025;Novel Book;Books;4;199.99;799.96;Bank Transfer;2026/03/15;Emma Nkosi
T04196;S003;Rosebank;C2228;Member;P0013;Running Shoes;Sportswear;4;1499.5;5998.0;Card;2026/02/13;Daniel Smith
T04197;S003;Rosebank;C1967;Member;P0020;Table Lamp;Home & Decor;4;699.99;2799.96;Mobile Pay;2026/02/11;Michael Williams
T04198;S003;Rosebank;C1604;Member;P0014;Yoga Mat;Sportswear;1;399.99;399.99;Bank Transfer;2026/06/12;Sarah Mokoena
T04199;S003;Rosebank;C0793;Guest;P0003;Smart Watch;Electronics;4;1299.99;5199.96;Bank Transfer;2026/06/17;Sarah Mokoena
T04200;S003;Rosebank;C0455;Member;P0025;Novel Book;Books;1;199.99;199.99;Cash;2026/03/31;Jessica Naidoo
T04201;S003;Rosebank;C0147;Member;P0005;Laptop Backpack;Accessories;4;549.99;2199.96;Card;2026/02/23;James Botha
T04202;S003;Rosebank;C1341;Guest;P0022;Cookware Set;Kitchen;1;1599.99;1599.99;Cash;2026/04/24;Michael Williams
T04203;S003;Rosebank;C1287;Member;P0020;Table Lamp;Home & Decor;2;699.99;1399.98;Cash;2026/02/01;Sarah Mokoena
T04204;S003;Rosebank;C1643;Member;P0003;Smart Watch;Electronics;4;1299.99;5199.96;Cash;2026/01/14;Olivia Dlamini
T04205;S003;Rosebank;C1827;Guest;P0016;Skincare Set;Beauty;2;599.99;1199.98;Bank Transfer;2026/03/09;Sarah Mokoena
T04206;S003;Rosebank;C1090;Guest;P0008;Blender;Appliances;4;899.99;3599.96;Mobile Pay;2026/06/20;Liam Jacobs
T04207;S003;Rosebank;C1748;Member;P0010;Cotton T-Shirt;Clothing;3;249.99;749.97;Mobile Pay;2026/04/16;Liam Jacobs
T04208;S003;Rosebank;C0469;Member;P0011;Denim Jeans;Clothing;2;799.99;1599.98;Card;2026/01/31;Olivia Dlamini
T04209;S003;Rosebank;C0690;Guest;P0015;Sports Bottle;Sportswear;4;199.99;799.96;Bank Transfer;2026/01/29;James Botha
T04210;S003;Rosebank;C2824;Guest;P0017;Face Moisturiser;Beauty;1;249.99;249.99;Card;2026/02/18;Jessica Naidoo
T04211;S003;Rosebank;C2845;Member;P0011;Denim Jeans;Clothing;2;799.99;1599.98;Card;2026/04/01;Daniel Smith
T04212;S003;Rosebank;C1512;Member;P0024;Storage Container Set;Kitchen;3;349.99;1049.97;Card;2026/01/14;Olivia Dlamini
T04213;S003;Rosebank;C2702;Guest;P0020;Table Lamp;Home & Decor;5;699.99;3499.95;Bank Transfer;2026/03/03;Michael Williams
T04214;S003;Rosebank;C1758;Guest;P0005;Laptop Backpack;Accessories;3;549.99;1649.97;Bank Transfer;2026/01/21;Liam Jacobs
T04215;S003;Rosebank;C1377;Member;P0008;Blender;Appliances;4;899.99;3599.96;Mobile Pay;2026/06/23;Noah Pillay
T04216;S003;Rosebank;C0035;Member;P0024;Storage Container Set;Kitchen;2;349.99;699.98;Mobile Pay;2026/01/18;Emma Nkosi
T04217;S003;Rosebank;C1165;Member;P0003;Smart Watch;Electronics;2;1299.99;2599.98;Cash;2026/03/20;Sophie Mthembu
T04218;S003;Rosebank;C0520;Member;P0014;Yoga Mat;Sportswear;6;399.99;2399.94;Cash;2026/01/25;Emma Nkosi
T04219;S003;Rosebank;C0274;Guest;P0009;Electric Kettle;Appliances;3;499.99;1499.97;Bank Transfer;2026/05/21;Liam Jacobs
T04220;S003;Rosebank;C0386;Member;P0022;Cookware Set;Kitchen;1;1599.99;1599.99;Cash;2026/04/14;Daniel Smith
T04221;S003;Rosebank;C0142;Member;P0012;Hooded Sweatshirt;Clothing;6;599.99;3599.94;Bank Transfer;2026/03/27;Sophie Mthembu
T04222;S003;Rosebank;C1038;Member;P0025;Novel Book;Books;5;199.99;999.95;Cash;2026/06/16;Daniel Smith
T04223;S003;Rosebank;C0920;Member;P0007;Air Fryer;Appliances;2;1799.99;3599.98;Mobile Pay;2026/02/18;Noah Pillay
T04224;S003;Rosebank;C2605;Member;P0023;Dinner Plate Set;Kitchen;2;499.99;999.98;Bank Transfer;2026/06/19;James Botha
T04225;S003;Rosebank;C0532;Member;P0005;Laptop Backpack;Accessories;5;549.99;2749.95;Cash;2026/05/29;Sarah Mokoena
T04226;S003;Rosebank;C1898;Member;P0020;Table Lamp;Home & Decor;1;699.99;699.99;Card;2026/04/10;Noah Pillay
T04227;S003;Rosebank;C0647;Member;P0020;Table Lamp;Home & Decor;3;699.99;2099.97;Cash;2026/06/19;Michael Williams
T04228;S003;Rosebank;C1487;Member;P0005;Laptop Backpack;Accessories;3;549.99;1649.97;Cash;2026/03/13;James Botha
T04229;S003;Rosebank;C1531;Member;P0006;Coffee Maker;Appliances;1;1299.99;1299.99;Mobile Pay;2026/03/08;James Botha
T04230;S003;Rosebank;C0818;Member;P0007;Air Fryer;Appliances;1;1799.99;1799.99;Mobile Pay;2026/04/08;Michael Williams
T04231;S003;Rosebank;C0269;Guest;P0022;Cookware Set;Kitchen;6;1599.99;9599.94;Card;2026/06/16;Olivia Dlamini
T04232;S003;Rosebank;C2871;Member;P0015;Sports Bottle;Sportswear;1;199.99;199.99;Card;2026/05/23;Sophie Mthembu
T04233;S003;Rosebank;C2346;Member;P0016;Skincare Set;Beauty;5;599.99;2999.95;Card;2026/01/07;Sophie Mthembu
T04234;S003;Rosebank;C2883;Member;P0022;Cookware Set;Kitchen;2;1599.99;3199.98;Bank Transfer;2026/05/06;Daniel Smith
T04235;S003;Rosebank;C2139;Guest;P0011;Denim Jeans;Clothing;6;799.99;4799.94;Mobile Pay;2026/05/14;Jessica Naidoo
T04236;S003;Rosebank;C0419;Member;P0005;Laptop Backpack;Accessories;3;549.99;1649.97;Card;2026/06/16;Michael Williams
T04237;S003;Rosebank;C2492;Member;P0024;Storage Container Set;Kitchen;6;349.99;2099.94;Card;2026/05/06;James Botha
T04238;S003;Rosebank;C1912;Member;P0019;Throw Blanket;Home & Decor;4;449.99;1799.96;Mobile Pay;2026/01/04;James Botha
T04239;S003;Rosebank;C0277;Guest;P0003;Smart Watch;Electronics;4;1299.99;5199.96;Bank Transfer;2026/03/18;James Botha
T04240;S003;Rosebank;C2375;Guest;P0004;USB-C Charger;Electronics;2;299.99;599.98;Bank Transfer;2026/02/07;Daniel Smith
T04241;S003;Rosebank;C2284;Member;P0016;Skincare Set;Beauty;4;599.99;2399.96;Card;2026/03/06;Noah Pillay
T04242;S003;Rosebank;C1682;Member;P0021;Cushion Set;Home & Decor;4;299.99;1199.96;Cash;2026/05/03;Noah Pillay
T04243;S003;Rosebank;C0714;Member;P0013;Running Shoes;Sportswear;1;1499.5;1499.5;Card;2026/01/16;Emma Nkosi
T04244;S003;Rosebank;C2418;Member;P0010;Cotton T-Shirt;Clothing;1;249.99;249.99;Mobile Pay;2026/02/23;Jessica Naidoo
T04245;S003;Rosebank;C0340;Member;P0024;Storage Container Set;Kitchen;6;349.99;2099.94;Mobile Pay;2026/04/26;Sarah Mokoena
T04246;S003;Rosebank;C1768;Member;P0016;Skincare Set;Beauty;5;599.99;2999.95;Card;2026/02/23;James Botha
T04247;S003;Rosebank;C1870;Guest;P0005;Laptop Backpack;Accessories;1;549.99;549.99;Card;2026/03/03;Liam Jacobs
T04248;S003;Rosebank;C0731;Member;P0024;Storage Container Set;Kitchen;5;349.99;1749.95;Cash;2026/05/04;Jessica Naidoo
T04249;S003;Rosebank;C0552;Member;P0022;Cookware Set;Kitchen;1;1599.99;1599.99;Card;2026/02/10;Sophie Mthembu
T04250;S003;Rosebank;C2989;Member;P0001;Wireless Headphones;Electronics;4;899.99;3599.96;Cash;2026/04/07;Sarah Mokoena
T04251;S003;Rosebank;C0770;Member;P0012;Hooded Sweatshirt;Clothing;2;599.99;1199.98;Card;2026/03/19;Sophie Mthembu
T04252;S003;Rosebank;C1913;Member;P0010;Cotton T-Shirt;Clothing;6;249.99;1499.94;Cash;2026/04/12;James Botha
T04253;S003;Rosebank;C2445;Member;P0001;Wireless Headphones;Electronics;3;899.99;2699.97;Cash;2026/04/15;Noah Pillay
T04254;S003;Rosebank;C0794;Member;P0009;Electric Kettle;Appliances;2;499.99;999.98;Cash;2026/02/26;Sophie Mthembu
T04255;S003;Rosebank;C2934;Member;P0021;Cushion Set;Home & Decor;5;299.99;1499.95;Card;2026/04/20;James Botha
T04256;S003;Rosebank;C1078;Member;P0018;Perfume;Beauty;3;899.99;2699.97;Card;2026/03/04;James Botha
T04257;S003;Rosebank;C0263;Member;P0019;Throw Blanket;Home & Decor;3;449.99;1349.97;Card;2026/01/14;Sarah Mokoena
T04258;S003;Rosebank;C0453;Member;P0016;Skincare Set;Beauty;6;599.99;3599.94;Bank Transfer;2026/05/11;Emma Nkosi
T04259;S003;Rosebank;C0577;Member;P0012;Hooded Sweatshirt;Clothing;1;599.99;599.99;Bank Transfer;2026/02/05;Olivia Dlamini
T04260;S003;Rosebank;C0326;Member;P0016;Skincare Set;Beauty;3;599.99;1799.97;Mobile Pay;2026/03/10;Sarah Mokoena
T04261;S003;Rosebank;C0457;Member;P0005;Laptop Backpack;Accessories;6;549.99;3299.94;Mobile Pay;2026/03/21;Liam Jacobs
T04262;S003;Rosebank;C1520;Member;P0020;Table Lamp;Home & Decor;5;699.99;3499.95;Mobile Pay;2026/04/30;Jessica Naidoo
T04263;S003;Rosebank;C2677;Member;P0013;Running Shoes;Sportswear;6;1499.5;8997.0;Mobile Pay;2026/04/26;Sophie Mthembu
T04264;S003;Rosebank;C2092;Member;P0020;Table Lamp;Home & Decor;6;699.99;4199.94;Cash;2026/05/10;Liam Jacobs
T04265;S003;Rosebank;C2904;Guest;P0015;Sports Bottle;Sportswear;3;199.99;599.97;Bank Transfer;2026/01/31;Olivia Dlamini
T04266;S003;Rosebank;C2266;Guest;P0013;Running Shoes;Sportswear;5;1499.5;7497.5;Bank Transfer;2026/01/24;Noah Pillay
T04267;S003;Rosebank;C2665;Guest;P0019;Throw Blanket;Home & Decor;6;449.99;2699.94;Mobile Pay;2026/04/28;Daniel Smith
T04268;S003;Rosebank;C2036;Guest;P0004;USB-C Charger;Electronics;3;299.99;899.97;Card;2026/02/01;Liam Jacobs
T04269;S003;Rosebank;C1649;Guest;P0004;USB-C Charger;Electronics;1;299.99;299.99;Bank Transfer;2026/01/17;Liam Jacobs
T04270;S003;Rosebank;C1733;Guest;P0004;USB-C Charger;Electronics;2;299.99;599.98;Bank Transfer;2026/01/30;Emma Nkosi
T04271;S003;Rosebank;C0968;Member;P0013;Running Shoes;Sportswear;4;1499.5;5998.0;Card;2026/02/23;Daniel Smith
T04272;S003;Rosebank;C2580;Guest;P0017;Face Moisturiser;Beauty;1;249.99;249.99;Cash;2026/06/29;Daniel Smith
T04273;S003;Rosebank;C0898;Member;P0010;Cotton T-Shirt;Clothing;1;249.99;249.99;Cash;2026/02/01;James Botha
T04274;S003;Rosebank;C1439;Guest;P0009;Electric Kettle;Appliances;4;499.99;1999.96;Bank Transfer;2026/06/11;Emma Nkosi
T04275;S003;Rosebank;C1985;Member;P0012;Hooded Sweatshirt;Clothing;3;599.99;1799.97;Mobile Pay;2026/05/27;Emma Nkosi
T04276;S003;Rosebank;C0879;Guest;P0016;Skincare Set;Beauty;6;599.99;3599.94;Bank Transfer;2026/03/13;Emma Nkosi
T04277;S003;Rosebank;C0056;Guest;P0007;Air Fryer;Appliances;6;1799.99;10799.94;Cash;2026/06/29;Jessica Naidoo
T04278;S003;Rosebank;C0684;Member;P0005;Laptop Backpack;Accessories;5;549.99;2749.95;Mobile Pay;2026/03/25;Sophie Mthembu
T04279;S003;Rosebank;C2972;Member;P0006;Coffee Maker;Appliances;3;1299.99;3899.97;Card;2026/06/11;Emma Nkosi
T04280;S003;Rosebank;C0253;Guest;P0022;Cookware Set;Kitchen;1;1599.99;1599.99;Mobile Pay;2026/06/07;Michael Williams
T04281;S003;Rosebank;C2120;Member;P0024;Storage Container Set;Kitchen;6;349.99;2099.94;Cash;2026/04/05;Liam Jacobs
T04282;S003;Rosebank;C0731;Member;P0020;Table Lamp;Home & Decor;5;699.99;3499.95;Card;2026/06/30;Sophie Mthembu
T04283;S003;Rosebank;C2081;Member;P0008;Blender;Appliances;2;899.99;1799.98;Card;2026/06/21;Jessica Naidoo
T04284;S003;Rosebank;C0274;Member;P0014;Yoga Mat;Sportswear;1;399.99;399.99;Mobile Pay;2026/05/05;Sophie Mthembu
T04285;S003;Rosebank;C0843;Member;P0015;Sports Bottle;Sportswear;3;199.99;599.97;Cash;2026/06/20;Sarah Mokoena
T04286;S003;Rosebank;C1207;Guest;P0006;Coffee Maker;Appliances;2;1299.99;2599.98;Card;2026/04/01;Emma Nkosi
T04287;S003;Rosebank;C2077;Guest;P0021;Cushion Set;Home & Decor;3;299.99;899.97;Mobile Pay;2026/03/27;Sarah Mokoena
T04288;S003;Rosebank;C0472;Member;P0024;Storage Container Set;Kitchen;1;349.99;349.99;Mobile Pay;2026/05/18;Emma Nkosi
T04289;S003;Rosebank;C0683;Member;P0001;Wireless Headphones;Electronics;4;899.99;3599.96;Card;2026/04/29;Emma Nkosi
T04290;S003;Rosebank;C0338;Guest;P0006;Coffee Maker;Appliances;6;1299.99;7799.94;Bank Transfer;2026/03/28;Daniel Smith
T04291;S003;Rosebank;C1481;Guest;P0005;Laptop Backpack;Accessories;3;549.99;1649.97;Mobile Pay;2026/06/16;Michael Williams
T04292;S003;Rosebank;C0533;Guest;P0020;Table Lamp;Home & Decor;1;699.99;699.99;Cash;2026/03/18;Noah Pillay
T04293;S003;Rosebank;C0810;Guest;P0020;Table Lamp;Home & Decor;1;699.99;699.99;Bank Transfer;2026/02/21;Liam Jacobs
T04294;S003;Rosebank;C0998;Guest;P0013;Running Shoes;Sportswear;4;1499.5;5998.0;Bank Transfer;2026/03/12;James Botha
T04295;S003;Rosebank;C0049;Member;P0004;USB-C Charger;Electronics;3;299.99;899.97;Card;2026/02/28;Jessica Naidoo
T04296;S003;Rosebank;C2898;Guest;P0011;Denim Jeans;Clothing;3;799.99;2399.97;Cash;2026/04/29;Jessica Naidoo
T04297;S003;Rosebank;C2266;Guest;P0012;Hooded Sweatshirt;Clothing;6;599.99;3599.94;Mobile Pay;2026/04/19;James Botha
T04298;S003;Rosebank;C2521;Member;P0016;Skincare Set;Beauty;4;599.99;2399.96;Card;2026/01/08;Liam Jacobs
T04299;S003;Rosebank;C0559;Guest;P0025;Novel Book;Books;4;199.99;799.96;Mobile Pay;2026/05/05;Emma Nkosi
T04300;S003;Rosebank;C0355;Member;P0013;Running Shoes;Sportswear;2;1499.5;2999.0;Card;2026/04/23;Michael Williams
T04301;S003;Rosebank;C0086;Member;P0025;Novel Book;Books;5;199.99;999.95;Card;2026/02/16;Sarah Mokoena
T04302;S003;Rosebank;C2851;Member;P0016;Skincare Set;Beauty;4;599.99;2399.96;Mobile Pay;2026/06/15;Michael Williams
T04303;S003;Rosebank;C0561;Guest;P0014;Yoga Mat;Sportswear;6;399.99;2399.94;Card;2026/01/07;Michael Williams
T04304;S003;Rosebank;C2088;Member;P0006;Coffee Maker;Appliances;3;1299.99;3899.97;Cash;2026/05/15;Olivia Dlamini
T04305;S003;Rosebank;C2404;Guest;P0020;Table Lamp;Home & Decor;1;699.99;699.99;Cash;2026/04/30;Michael Williams
T04306;S003;Rosebank;C1276;Member;P0010;Cotton T-Shirt;Clothing;2;249.99;499.98;Mobile Pay;2026/06/20;Liam Jacobs
T04307;S003;Rosebank;C0505;Member;P0019;Throw Blanket;Home & Decor;3;449.99;1349.97;Mobile Pay;2026/01/19;Noah Pillay
T04308;S003;Rosebank;C2272;Guest;P0018;Perfume;Beauty;6;899.99;5399.94;Cash;2026/03/03;Sarah Mokoena
T04309;S003;Rosebank;C0891;Member;P0004;USB-C Charger;Electronics;2;299.99;599.98;Card;2026/01/21;Sarah Mokoena
T04310;S003;Rosebank;C1030;Member;P0011;Denim Jeans;Clothing;2;799.99;1599.98;Mobile Pay;2026/04/01;Liam Jacobs
T04311;S003;Rosebank;C0036;Guest;P0006;Coffee Maker;Appliances;4;1299.99;5199.96;Mobile Pay;2026/01/15;Noah Pillay
T04312;S003;Rosebank;C1399;Member;P0024;Storage Container Set;Kitchen;1;349.99;349.99;Cash;2026/01/16;Sophie Mthembu
T04313;S003;Rosebank;C2616;Member;P0015;Sports Bottle;Sportswear;6;199.99;1199.94;Mobile Pay;2026/01/23;Sarah Mokoena
T04314;S003;Rosebank;C1029;Member;P0019;Throw Blanket;Home & Decor;1;449.99;449.99;Mobile Pay;2026/05/17;Sarah Mokoena
T04315;S003;Rosebank;C1885;Member;P0021;Cushion Set;Home & Decor;2;299.99;599.98;Card;2026/01/25;James Botha
T04316;S003;Rosebank;C0332;Member;P0001;Wireless Headphones;Electronics;1;899.99;899.99;Card;2026/01/10;Sarah Mokoena
T04317;S003;Rosebank;C2641;Member;P0003;Smart Watch;Electronics;4;1299.99;5199.96;Mobile Pay;2026/01/13;James Botha
T04318;S003;Rosebank;C1399;Member;P0007;Air Fryer;Appliances;6;1799.99;10799.94;Card;2026/02/06;Sarah Mokoena
T04319;S003;Rosebank;C2970;Member;P0019;Throw Blanket;Home & Decor;3;449.99;1349.97;Bank Transfer;2026/06/09;Olivia Dlamini
T04320;S003;Rosebank;C1511;Member;P0003;Smart Watch;Electronics;4;1299.99;5199.96;Mobile Pay;2026/03/23;Daniel Smith
T04321;S003;Rosebank;C2301;Member;P0006;Coffee Maker;Appliances;2;1299.99;2599.98;Cash;2026/06/14;Olivia Dlamini
T04322;S003;Rosebank;C0640;Member;P0019;Throw Blanket;Home & Decor;1;449.99;449.99;Bank Transfer;2026/05/23;Jessica Naidoo
T04323;S003;Rosebank;C1258;Member;P0006;Coffee Maker;Appliances;6;1299.99;7799.94;Bank Transfer;2026/02/27;Emma Nkosi
T04324;S003;Rosebank;C1984;Member;P0022;Cookware Set;Kitchen;4;1599.99;6399.96;Bank Transfer;2026/03/20;Sophie Mthembu
T04325;S003;Rosebank;C1853;Guest;P0006;Coffee Maker;Appliances;5;1299.99;6499.95;Card;2026/02/18;James Botha
T04326;S003;Rosebank;C2482;Member;P0013;Running Shoes;Sportswear;4;1499.5;5998.0;Mobile Pay;2026/01/14;James Botha
T04327;S003;Rosebank;C2839;Member;P0020;Table Lamp;Home & Decor;3;699.99;2099.97;Cash;2026/02/15;Sophie Mthembu
T04328;S003;Rosebank;C1503;Guest;P0022;Cookware Set;Kitchen;1;1599.99;1599.99;Card;2026/01/30;Liam Jacobs
T04329;S003;Rosebank;C1961;Member;P0012;Hooded Sweatshirt;Clothing;1;599.99;599.99;Bank Transfer;2026/05/24;Sophie Mthembu
T04330;S003;Rosebank;C2326;Member;P0005;Laptop Backpack;Accessories;1;549.99;549.99;Cash;2026/02/13;Olivia Dlamini
T04331;S003;Rosebank;C0034;Guest;P0017;Face Moisturiser;Beauty;3;249.99;749.97;Card;2026/02/16;Daniel Smith
T04332;S003;Rosebank;C2528;Guest;P0012;Hooded Sweatshirt;Clothing;2;599.99;1199.98;Cash;2026/01/31;Sarah Mokoena
T04333;S003;Rosebank;C0478;Member;P0019;Throw Blanket;Home & Decor;2;449.99;899.98;Card;2026/03/24;Liam Jacobs
T04334;S003;Rosebank;C2142;Member;P0001;Wireless Headphones;Electronics;5;899.99;4499.95;Mobile Pay;2026/01/19;Liam Jacobs
T04335;S003;Rosebank;C2558;Member;P0016;Skincare Set;Beauty;5;599.99;2999.95;Bank Transfer;2026/03/31;Michael Williams
T04336;S003;Rosebank;C1525;Member;P0001;Wireless Headphones;Electronics;4;899.99;3599.96;Bank Transfer;2026/03/14;Noah Pillay
T04337;S003;Rosebank;C1801;Guest;P0018;Perfume;Beauty;4;899.99;3599.96;Card;2026/06/26;Daniel Smith
T04338;S003;Rosebank;C0898;Guest;P0007;Air Fryer;Appliances;2;1799.99;3599.98;Card;2026/01/17;Michael Williams
T04339;S003;Rosebank;C1163;Member;P0021;Cushion Set;Home & Decor;4;299.99;1199.96;Cash;2026/04/01;Sarah Mokoena
T04340;S003;Rosebank;C1890;Member;P0002;Bluetooth Speaker;Electronics;3;649.99;1949.97;Mobile Pay;2026/02/23;Emma Nkosi
T04341;S003;Rosebank;C0787;Guest;P0013;Running Shoes;Sportswear;5;1499.5;7497.5;Cash;2026/03/18;Michael Williams
T04342;S003;Rosebank;C1036;Member;P0017;Face Moisturiser;Beauty;6;249.99;1499.94;Card;2026/04/25;Noah Pillay
T04343;S003;Rosebank;C2324;Member;P0001;Wireless Headphones;Electronics;1;899.99;899.99;Card;2026/02/12;Olivia Dlamini
T04344;S003;Rosebank;C1506;Member;P0004;USB-C Charger;Electronics;4;299.99;1199.96;Card;2026/03/04;Jessica Naidoo
T04345;S003;Rosebank;C1659;Guest;P0008;Blender;Appliances;2;899.99;1799.98;Mobile Pay;2026/03/12;Noah Pillay
T04346;S003;Rosebank;C1583;Guest;P0023;Dinner Plate Set;Kitchen;3;499.99;1499.97;Cash;2026/03/24;Olivia Dlamini
T04347;S003;Rosebank;C1564;Member;P0019;Throw Blanket;Home & Decor;1;449.99;449.99;Mobile Pay;2026/02/04;Liam Jacobs
T04348;S003;Rosebank;C2607;Guest;P0020;Table Lamp;Home & Decor;5;699.99;3499.95;Mobile Pay;2026/05/31;Jessica Naidoo
T04349;S003;Rosebank;C0030;Member;P0016;Skincare Set;Beauty;2;599.99;1199.98;Bank Transfer;2026/02/20;James Botha
T04350;S003;Rosebank;C0107;Member;P0025;Novel Book;Books;3;199.99;599.97;Bank Transfer;2026/06/22;Olivia Dlamini
T04351;S003;Rosebank;C1196;Guest;P0011;Denim Jeans;Clothing;1;799.99;799.99;Cash;2026/05/22;James Botha
T04352;S003;Rosebank;C0621;Guest;P0005;Laptop Backpack;Accessories;5;549.99;2749.95;Cash;2026/06/09;Olivia Dlamini
T04353;S003;Rosebank;C2694;Member;P0023;Dinner Plate Set;Kitchen;1;499.99;499.99;Cash;2026/02/04;Liam Jacobs
T04354;S003;Rosebank;C0881;Guest;P0012;Hooded Sweatshirt;Clothing;5;599.99;2999.95;Cash;2026/04/14;James Botha
T04355;S003;Rosebank;C1517;Guest;P0003;Smart Watch;Electronics;3;1299.99;3899.97;Mobile Pay;2026/02/11;Jessica Naidoo
T04356;S003;Rosebank;C1527;Member;P0012;Hooded Sweatshirt;Clothing;6;599.99;3599.94;Card;2026/04/21;Liam Jacobs
T04357;S003;Rosebank;C0212;Guest;P0003;Smart Watch;Electronics;6;1299.99;7799.94;Card;2026/06/04;Liam Jacobs
T04358;S003;Rosebank;C1522;Member;P0019;Throw Blanket;Home & Decor;4;449.99;1799.96;Bank Transfer;2026/01/06;Emma Nkosi
T04359;S003;Rosebank;C0349;Member;P0008;Blender;Appliances;1;899.99;899.99;Card;2026/02/11;Daniel Smith
T04360;S003;Rosebank;C1930;Member;P0016;Skincare Set;Beauty;1;599.99;599.99;Mobile Pay;2026/01/23;Noah Pillay
T04361;S003;Rosebank;C2462;Guest;P0021;Cushion Set;Home & Decor;3;299.99;899.97;Card;2026/04/29;Sarah Mokoena
T04362;S003;Rosebank;C2738;Member;P0007;Air Fryer;Appliances;3;1799.99;5399.97;Cash;2026/04/08;Sophie Mthembu
T04363;S003;Rosebank;C2354;Member;P0025;Novel Book;Books;2;199.99;399.98;Bank Transfer;2026/01/12;Daniel Smith
T04364;S003;Rosebank;C2695;Guest;P0016;Skincare Set;Beauty;1;599.99;599.99;Card;2026/04/21;Liam Jacobs
T04365;S003;Rosebank;C1688;Guest;P0017;Face Moisturiser;Beauty;4;249.99;999.96;Card;2026/03/23;Jessica Naidoo
T04366;S003;Rosebank;C2058;Member;P0013;Running Shoes;Sportswear;1;1499.5;1499.5;Bank Transfer;2026/04/28;Sarah Mokoena
T04367;S003;Rosebank;C0030;Member;P0023;Dinner Plate Set;Kitchen;6;499.99;2999.94;Mobile Pay;2026/06/05;Sarah Mokoena
T04368;S003;Rosebank;C1146;Member;P0007;Air Fryer;Appliances;2;1799.99;3599.98;Card;2026/02/17;Emma Nkosi
T04369;S003;Rosebank;C0962;Guest;P0016;Skincare Set;Beauty;5;599.99;2999.95;Card;2026/06/04;Emma Nkosi
T04370;S003;Rosebank;C0709;Member;P0015;Sports Bottle;Sportswear;1;199.99;199.99;Cash;2026/06/05;Daniel Smith
T04371;S003;Rosebank;C1388;Member;P0008;Blender;Appliances;6;899.99;5399.94;Card;2026/02/05;Daniel Smith
T04372;S003;Rosebank;C0840;Member;P0020;Table Lamp;Home & Decor;1;699.99;699.99;Bank Transfer;2026/01/12;Sarah Mokoena
T04373;S003;Rosebank;C1632;Member;P0018;Perfume;Beauty;4;899.99;3599.96;Card;2026/04/20;Emma Nkosi
T04374;S003;Rosebank;C1078;Member;P0008;Blender;Appliances;1;899.99;899.99;Bank Transfer;2026/06/01;Sophie Mthembu
T04375;S003;Rosebank;C2247;Member;P0018;Perfume;Beauty;5;899.99;4499.95;Bank Transfer;2026/04/07;Sophie Mthembu
T04376;S003;Rosebank;C2803;Member;P0010;Cotton T-Shirt;Clothing;4;249.99;999.96;Cash;2026/04/20;James Botha
T04377;S003;Rosebank;C2681;Member;P0018;Perfume;Beauty;4;899.99;3599.96;Card;2026/06/22;Jessica Naidoo
T04378;S003;Rosebank;C1526;Member;P0017;Face Moisturiser;Beauty;5;249.99;1249.95;Card;2026/03/30;Sarah Mokoena
T04379;S003;Rosebank;C1192;Member;P0015;Sports Bottle;Sportswear;2;199.99;399.98;Card;2026/03/14;Liam Jacobs
T04380;S003;Rosebank;C0941;Guest;P0001;Wireless Headphones;Electronics;2;899.99;1799.98;Cash;2026/01/02;Noah Pillay
T04381;S003;Rosebank;C0697;Member;P0008;Blender;Appliances;3;899.99;2699.97;Bank Transfer;2026/04/12;Michael Williams
T04382;S003;Rosebank;C1704;Member;P0008;Blender;Appliances;2;899.99;1799.98;Card;2026/03/31;Olivia Dlamini
T04383;S003;Rosebank;C1646;Guest;P0022;Cookware Set;Kitchen;1;1599.99;1599.99;Mobile Pay;2026/06/05;Emma Nkosi
T04384;S003;Rosebank;C2872;Guest;P0008;Blender;Appliances;4;899.99;3599.96;Mobile Pay;2026/01/02;Liam Jacobs
T04385;S003;Rosebank;C2947;Member;P0009;Electric Kettle;Appliances;2;499.99;999.98;Mobile Pay;2026/03/12;Jessica Naidoo
T04386;S003;Rosebank;C1713;Member;P0015;Sports Bottle;Sportswear;5;199.99;999.95;Cash;2026/01/13;Michael Williams
T04387;S003;Rosebank;C1417;Member;P0005;Laptop Backpack;Accessories;1;549.99;549.99;Cash;2026/05/09;Emma Nkosi
T04388;S003;Rosebank;C0218;Member;P0025;Novel Book;Books;6;199.99;1199.94;Bank Transfer;2026/04/16;Jessica Naidoo
T04389;S003;Rosebank;C0289;Member;P0004;USB-C Charger;Electronics;2;299.99;599.98;Cash;2026/05/11;Sophie Mthembu
T04390;S003;Rosebank;C0382;Member;P0013;Running Shoes;Sportswear;3;1499.5;4498.5;Mobile Pay;2026/04/16;Jessica Naidoo
T04391;S003;Rosebank;C0315;Member;P0024;Storage Container Set;Kitchen;2;349.99;699.98;Cash;2026/04/26;Sophie Mthembu
T04392;S003;Rosebank;C2960;Member;P0002;Bluetooth Speaker;Electronics;5;649.99;3249.95;Card;2026/05/01;Liam Jacobs
T04393;S003;Rosebank;C1989;Member;P0013;Running Shoes;Sportswear;6;1499.5;8997.0;Mobile Pay;2026/05/05;Olivia Dlamini
T04394;S003;Rosebank;C0465;Guest;P0004;USB-C Charger;Electronics;2;299.99;599.98;Bank Transfer;2026/02/06;Noah Pillay
T04395;S003;Rosebank;C2546;Member;P0005;Laptop Backpack;Accessories;4;549.99;2199.96;Mobile Pay;2026/06/18;Emma Nkosi
T04396;S003;Rosebank;C0686;Guest;P0014;Yoga Mat;Sportswear;5;399.99;1999.95;Cash;2026/04/17;Olivia Dlamini
T04397;S003;Rosebank;C1593;Guest;P0006;Coffee Maker;Appliances;6;1299.99;7799.94;Card;2026/06/12;Liam Jacobs
T04398;S003;Rosebank;C0812;Guest;P0018;Perfume;Beauty;3;899.99;2699.97;Cash;2026/06/18;Sophie Mthembu
T04399;S003;Rosebank;C2085;Member;P0023;Dinner Plate Set;Kitchen;4;499.99;1999.96;Bank Transfer;2026/06/15;Olivia Dlamini
T04400;S003;Rosebank;C2568;Member;P0006;Coffee Maker;Appliances;2;1299.99;2599.98;Cash;2026/04/25;James Botha
T04401;S003;Rosebank;C2663;Guest;P0025;Novel Book;Books;2;199.99;399.98;Card;2026/04/25;Liam Jacobs
T04402;S003;Rosebank;C2603;Guest;P0004;USB-C Charger;Electronics;5;299.99;1499.95;Card;2026/02/03;Noah Pillay
T04403;S003;Rosebank;C1687;Member;P0004;USB-C Charger;Electronics;6;299.99;1799.94;Bank Transfer;2026/04/06;Jessica Naidoo
T04404;S003;Rosebank;C0083;Member;P0019;Throw Blanket;Home & Decor;2;449.99;899.98;Bank Transfer;2026/02/09;Sarah Mokoena
T04405;S003;Rosebank;C2741;Member;P0019;Throw Blanket;Home & Decor;5;449.99;2249.95;Cash;2026/02/18;Sarah Mokoena
T04406;S003;Rosebank;C1381;Member;P0016;Skincare Set;Beauty;4;599.99;2399.96;Card;2026/06/04;Sarah Mokoena
T04407;S003;Rosebank;C0709;Member;P0015;Sports Bottle;Sportswear;1;199.99;199.99;Bank Transfer;2026/01/07;James Botha
T04408;S003;Rosebank;C1766;Guest;P0006;Coffee Maker;Appliances;1;1299.99;1299.99;Card;2026/06/28;James Botha
T04409;S003;Rosebank;C2178;Member;P0021;Cushion Set;Home & Decor;1;299.99;299.99;Mobile Pay;2026/03/31;Olivia Dlamini
T04410;S003;Rosebank;C0658;Member;P0025;Novel Book;Books;5;199.99;999.95;Card;2026/05/30;Noah Pillay
T04411;S003;Rosebank;C0175;Guest;P0021;Cushion Set;Home & Decor;2;299.99;599.98;Bank Transfer;2026/03/15;Emma Nkosi
T04412;S003;Rosebank;C0129;Member;P0013;Running Shoes;Sportswear;5;1499.5;7497.5;Card;2026/05/08;Sarah Mokoena
T04413;S003;Rosebank;C2161;Member;P0013;Running Shoes;Sportswear;1;1499.5;1499.5;Mobile Pay;2026/04/16;Michael Williams
T04414;S003;Rosebank;C2433;Member;P0004;USB-C Charger;Electronics;4;299.99;1199.96;Card;2026/05/28;Daniel Smith
T04415;S003;Rosebank;C1528;Member;P0002;Bluetooth Speaker;Electronics;6;649.99;3899.94;Bank Transfer;2026/05/28;Liam Jacobs
T04416;S003;Rosebank;C2230;Member;P0014;Yoga Mat;Sportswear;1;399.99;399.99;Mobile Pay;2026/01/19;James Botha
T04417;S003;Rosebank;C1190;Guest;P0005;Laptop Backpack;Accessories;6;549.99;3299.94;Card;2026/05/23;Liam Jacobs
T04418;S003;Rosebank;C0843;Member;P0023;Dinner Plate Set;Kitchen;4;499.99;1999.96;Bank Transfer;2026/03/14;Sophie Mthembu
T04419;S003;Rosebank;C1468;Member;P0023;Dinner Plate Set;Kitchen;6;499.99;2999.94;Card;2026/01/20;James Botha
T04420;S003;Rosebank;C0402;Guest;P0005;Laptop Backpack;Accessories;6;549.99;3299.94;Bank Transfer;2026/03/30;Emma Nkosi
T04421;S003;Rosebank;C2409;Member;P0009;Electric Kettle;Appliances;1;499.99;499.99;Mobile Pay;2026/01/26;Jessica Naidoo
T04422;S003;Rosebank;C2337;Member;P0023;Dinner Plate Set;Kitchen;4;499.99;1999.96;Bank Transfer;2026/01/11;Michael Williams
T04423;S003;Rosebank;C2247;Guest;P0024;Storage Container Set;Kitchen;2;349.99;699.98;Bank Transfer;2026/01/02;James Botha
T04424;S003;Rosebank;C1660;Guest;P0022;Cookware Set;Kitchen;3;1599.99;4799.97;Bank Transfer;2026/02/27;Jessica Naidoo
T04425;S003;Rosebank;C1761;Member;P0013;Running Shoes;Sportswear;1;1499.5;1499.5;Card;2026/01/12;James Botha
T04426;S003;Rosebank;C0420;Guest;P0005;Laptop Backpack;Accessories;3;549.99;1649.97;Bank Transfer;2026/05/22;Jessica Naidoo
T04427;S003;Rosebank;C0646;Guest;P0004;USB-C Charger;Electronics;2;299.99;599.98;Cash;2026/02/10;Sarah Mokoena
T04428;S003;Rosebank;C1758;Member;P0007;Air Fryer;Appliances;4;1799.99;7199.96;Cash;2026/06/10;Noah Pillay
T04429;S003;Rosebank;C0402;Member;P0019;Throw Blanket;Home & Decor;5;449.99;2249.95;Bank Transfer;2026/04/18;Olivia Dlamini
T04430;S003;Rosebank;C2209;Member;P0015;Sports Bottle;Sportswear;3;199.99;599.97;Bank Transfer;2026/03/20;Sophie Mthembu
T04431;S003;Rosebank;C1558;Guest;P0017;Face Moisturiser;Beauty;5;249.99;1249.95;Mobile Pay;2026/03/09;Liam Jacobs
T04432;S003;Rosebank;C0013;Member;P0004;USB-C Charger;Electronics;2;299.99;599.98;Bank Transfer;2026/06/07;James Botha
T04433;S003;Rosebank;C1347;Guest;P0002;Bluetooth Speaker;Electronics;5;649.99;3249.95;Card;2026/01/16;Olivia Dlamini
T04434;S003;Rosebank;C0247;Member;P0008;Blender;Appliances;1;899.99;899.99;Bank Transfer;2026/06/08;Michael Williams
T04435;S003;Rosebank;C2964;Guest;P0007;Air Fryer;Appliances;1;1799.99;1799.99;Card;2026/05/01;Emma Nkosi
T04436;S003;Rosebank;C0022;Member;P0021;Cushion Set;Home & Decor;4;299.99;1199.96;Bank Transfer;2026/06/05;Jessica Naidoo
T04437;S003;Rosebank;C0999;Member;P0020;Table Lamp;Home & Decor;4;699.99;2799.96;Cash;2026/04/23;Daniel Smith
T04438;S003;Rosebank;C0855;Guest;P0001;Wireless Headphones;Electronics;5;899.99;4499.95;Bank Transfer;2026/03/02;Noah Pillay
T04439;S003;Rosebank;C2490;Guest;P0023;Dinner Plate Set;Kitchen;2;499.99;999.98;Card;2026/02/11;Jessica Naidoo
T04440;S003;Rosebank;C2917;Member;P0002;Bluetooth Speaker;Electronics;1;649.99;649.99;Mobile Pay;2026/06/12;Olivia Dlamini
T04441;S003;Rosebank;C2765;Member;P0003;Smart Watch;Electronics;5;1299.99;6499.95;Card;2026/05/09;James Botha
T04442;S003;Rosebank;C0147;Guest;P0024;Storage Container Set;Kitchen;1;349.99;349.99;Card;2026/05/18;Emma Nkosi
T04443;S003;Rosebank;C1841;Member;P0010;Cotton T-Shirt;Clothing;5;249.99;1249.95;Mobile Pay;2026/01/10;Liam Jacobs
T04444;S003;Rosebank;C0414;Member;P0023;Dinner Plate Set;Kitchen;6;499.99;2999.94;Mobile Pay;2026/01/04;Jessica Naidoo
T04445;S003;Rosebank;C1080;Member;P0002;Bluetooth Speaker;Electronics;5;649.99;3249.95;Bank Transfer;2026/03/18;Liam Jacobs
T04446;S003;Rosebank;C0203;Member;P0021;Cushion Set;Home & Decor;6;299.99;1799.94;Bank Transfer;2026/03/26;Daniel Smith
T04447;S003;Rosebank;C2411;Guest;P0013;Running Shoes;Sportswear;5;1499.5;7497.5;Bank Transfer;2026/01/29;Olivia Dlamini
T04448;S003;Rosebank;C1978;Member;P0006;Coffee Maker;Appliances;5;1299.99;6499.95;Mobile Pay;2026/06/01;James Botha
T04449;S003;Rosebank;C0621;Guest;P0008;Blender;Appliances;5;899.99;4499.95;Mobile Pay;2026/05/20;Olivia Dlamini
T04450;S003;Rosebank;C0929;Guest;P0003;Smart Watch;Electronics;5;1299.99;6499.95;Mobile Pay;2026/01/20;Olivia Dlamini
T04451;S003;Rosebank;C0273;Member;P0016;Skincare Set;Beauty;5;599.99;2999.95;Card;2026/03/05;Sarah Mokoena
T04452;S003;Rosebank;C1298;Guest;P0002;Bluetooth Speaker;Electronics;4;649.99;2599.96;Bank Transfer;2026/04/25;Olivia Dlamini
T04453;S003;Rosebank;C1143;Member;P0012;Hooded Sweatshirt;Clothing;5;599.99;2999.95;Mobile Pay;2026/02/28;Noah Pillay
T04454;S003;Rosebank;C0740;Member;P0024;Storage Container Set;Kitchen;2;349.99;699.98;Bank Transfer;2026/02/28;Olivia Dlamini
T04455;S003;Rosebank;C0004;Guest;P0023;Dinner Plate Set;Kitchen;2;499.99;999.98;Cash;2026/06/13;Sarah Mokoena
T04456;S003;Rosebank;C1353;Member;P0015;Sports Bottle;Sportswear;4;199.99;799.96;Mobile Pay;2026/06/16;Michael Williams
T04457;S003;Rosebank;C1487;Member;P0022;Cookware Set;Kitchen;5;1599.99;7999.95;Cash;2026/01/11;Emma Nkosi
T04458;S003;Rosebank;C2256;Guest;P0019;Throw Blanket;Home & Decor;1;449.99;449.99;Bank Transfer;2026/01/17;Sophie Mthembu
T04459;S003;Rosebank;C2318;Member;P0010;Cotton T-Shirt;Clothing;1;249.99;249.99;Bank Transfer;2026/06/18;Noah Pillay
T04460;S003;Rosebank;C2920;Member;P0021;Cushion Set;Home & Decor;1;299.99;299.99;Bank Transfer;2026/05/12;Daniel Smith
T04461;S003;Rosebank;C1242;Guest;P0012;Hooded Sweatshirt;Clothing;3;599.99;1799.97;Card;2026/01/03;Sarah Mokoena
T04462;S003;Rosebank;C0328;Guest;P0025;Novel Book;Books;5;199.99;999.95;Mobile Pay;2026/04/14;Emma Nkosi
T04463;S003;Rosebank;C2451;Member;P0007;Air Fryer;Appliances;3;1799.99;5399.97;Cash;2026/01/09;Jessica Naidoo
T04464;S003;Rosebank;C1995;Member;P0020;Table Lamp;Home & Decor;2;699.99;1399.98;Bank Transfer;2026/03/17;Sophie Mthembu
T04465;S003;Rosebank;C0836;Guest;P0002;Bluetooth Speaker;Electronics;3;649.99;1949.97;Card;2026/05/16;Olivia Dlamini
T04466;S003;Rosebank;C2005;Member;P0020;Table Lamp;Home & Decor;3;699.99;2099.97;Cash;2026/05/17;Sarah Mokoena
T04467;S003;Rosebank;C0972;Guest;P0013;Running Shoes;Sportswear;4;1499.5;5998.0;Card;2026/03/19;Emma Nkosi
T04468;S003;Rosebank;C0019;Member;P0018;Perfume;Beauty;5;899.99;4499.95;Cash;2026/04/17;Sophie Mthembu
T04469;S003;Rosebank;C1497;Member;P0021;Cushion Set;Home & Decor;4;299.99;1199.96;Cash;2026/01/05;Olivia Dlamini
T04470;S003;Rosebank;C1588;Member;P0010;Cotton T-Shirt;Clothing;6;249.99;1499.94;Bank Transfer;2026/03/20;Liam Jacobs
T04471;S003;Rosebank;C2579;Member;P0012;Hooded Sweatshirt;Clothing;1;599.99;599.99;Bank Transfer;2026/03/17;Emma Nkosi
T04472;S003;Rosebank;C1349;Guest;P0012;Hooded Sweatshirt;Clothing;4;599.99;2399.96;Bank Transfer;2026/05/08;James Botha
T04473;S003;Rosebank;C1416;Member;P0009;Electric Kettle;Appliances;5;499.99;2499.95;Bank Transfer;2026/03/30;Olivia Dlamini
T04474;S003;Rosebank;C2734;Member;P0024;Storage Container Set;Kitchen;6;349.99;2099.94;Mobile Pay;2026/03/15;James Botha
T04475;S003;Rosebank;C2192;Member;P0001;Wireless Headphones;Electronics;2;899.99;1799.98;Card;2026/02/04;Daniel Smith
T04476;S003;Rosebank;C0659;Guest;P0004;USB-C Charger;Electronics;1;299.99;299.99;Mobile Pay;2026/03/31;James Botha
T04477;S003;Rosebank;C2048;Guest;P0024;Storage Container Set;Kitchen;4;349.99;1399.96;Card;2026/04/07;Emma Nkosi
T04478;S003;Rosebank;C1842;Member;P0020;Table Lamp;Home & Decor;6;699.99;4199.94;Bank Transfer;2026/02/07;Sophie Mthembu
T04479;S003;Rosebank;C0939;Member;P0015;Sports Bottle;Sportswear;2;199.99;399.98;Cash;2026/05/01;Noah Pillay
T04480;S003;Rosebank;C1457;Member;P0019;Throw Blanket;Home & Decor;4;449.99;1799.96;Bank Transfer;2026/01/25;Liam Jacobs
T04481;S003;Rosebank;C2042;Member;P0023;Dinner Plate Set;Kitchen;5;499.99;2499.95;Bank Transfer;2026/05/04;Noah Pillay
T04482;S003;Rosebank;C1303;Member;P0010;Cotton T-Shirt;Clothing;6;249.99;1499.94;Card;2026/01/31;Noah Pillay
T04483;S003;Rosebank;C2603;Member;P0008;Blender;Appliances;1;899.99;899.99;Cash;2026/01/07;Liam Jacobs
T04484;S003;Rosebank;C0473;Member;P0001;Wireless Headphones;Electronics;2;899.99;1799.98;Cash;2026/06/05;Daniel Smith
T04485;S003;Rosebank;C2483;Member;P0018;Perfume;Beauty;2;899.99;1799.98;Cash;2026/02/14;Michael Williams
T04486;S003;Rosebank;C0123;Guest;P0001;Wireless Headphones;Electronics;1;899.99;899.99;Card;2026/02/28;Sarah Mokoena
T04487;S003;Rosebank;C2756;Guest;P0016;Skincare Set;Beauty;6;599.99;3599.94;Cash;2026/05/07;Michael Williams
T04488;S003;Rosebank;C2999;Member;P0013;Running Shoes;Sportswear;4;1499.5;5998.0;Cash;2026/03/13;Noah Pillay
T04489;S003;Rosebank;C2602;Member;P0024;Storage Container Set;Kitchen;4;349.99;1399.96;Mobile Pay;2026/04/28;Daniel Smith
T04490;S003;Rosebank;C0875;Member;P0011;Denim Jeans;Clothing;3;799.99;2399.97;Mobile Pay;2026/05/30;Sarah Mokoena
T04491;S003;Rosebank;C2029;Member;P0019;Throw Blanket;Home & Decor;4;449.99;1799.96;Bank Transfer;2026/06/20;Emma Nkosi
T04492;S003;Rosebank;C0020;Guest;P0022;Cookware Set;Kitchen;5;1599.99;7999.95;Bank Transfer;2026/06/11;Daniel Smith
T04493;S003;Rosebank;C2714;Guest;P0016;Skincare Set;Beauty;1;599.99;599.99;Bank Transfer;2026/01/25;Emma Nkosi
T04494;S003;Rosebank;C0245;Member;P0005;Laptop Backpack;Accessories;5;549.99;2749.95;Card;2026/03/11;Sophie Mthembu
T04495;S003;Rosebank;C2388;Guest;P0003;Smart Watch;Electronics;3;1299.99;3899.97;Bank Transfer;2026/02/04;Emma Nkosi
T04496;S003;Rosebank;C1910;Member;P0012;Hooded Sweatshirt;Clothing;6;599.99;3599.94;Card;2026/01/15;Daniel Smith
T04497;S003;Rosebank;C2979;Member;P0006;Coffee Maker;Appliances;3;1299.99;3899.97;Bank Transfer;2026/01/31;Jessica Naidoo
T04498;S003;Rosebank;C1411;Guest;P0017;Face Moisturiser;Beauty;6;249.99;1499.94;Cash;2026/05/14;Daniel Smith
T04499;S003;Rosebank;C0461;Member;P0021;Cushion Set;Home & Decor;4;299.99;1199.96;Bank Transfer;2026/05/06;Daniel Smith
T04500;S003;Rosebank;C0224;Guest;P0021;Cushion Set;Home & Decor;4;299.99;1199.96;Card;2026/02/12;James Botha
T04501;S003;Rosebank;C1620;Member;P0018;Perfume;Beauty;2;899.99;1799.98;Card;2026/01/16;Sophie Mthembu
T04502;S003;Rosebank;C1491;Guest;P0011;Denim Jeans;Clothing;4;799.99;3199.96;Bank Transfer;2026/05/28;Liam Jacobs
T04503;S003;Rosebank;C0734;Member;P0002;Bluetooth Speaker;Electronics;1;649.99;649.99;Mobile Pay;2026/04/09;Daniel Smith
T04504;S003;Rosebank;C0139;Guest;P0024;Storage Container Set;Kitchen;2;349.99;699.98;Cash;2026/05/04;Liam Jacobs
T04505;S003;Rosebank;C1722;Member;P0025;Novel Book;Books;6;199.99;1199.94;Mobile Pay;2026/01/04;Sarah Mokoena
T04506;S003;Rosebank;C2913;Member;P0004;USB-C Charger;Electronics;3;299.99;899.97;Cash;2026/05/24;Daniel Smith
T04507;S003;Rosebank;C1549;Member;P0007;Air Fryer;Appliances;1;1799.99;1799.99;Bank Transfer;2026/03/25;Liam Jacobs
T04508;S003;Rosebank;C0092;Member;P0017;Face Moisturiser;Beauty;6;249.99;1499.94;Card;2026/01/07;Daniel Smith
T04509;S003;Rosebank;C2771;Member;P0008;Blender;Appliances;3;899.99;2699.97;Card;2026/03/17;Sarah Mokoena
T04510;S003;Rosebank;C2206;Guest;P0024;Storage Container Set;Kitchen;6;349.99;2099.94;Cash;2026/02/18;Noah Pillay
T04511;S003;Rosebank;C0287;Member;P0024;Storage Container Set;Kitchen;4;349.99;1399.96;Cash;2026/06/10;Sarah Mokoena
T04512;S003;Rosebank;C0965;Guest;P0003;Smart Watch;Electronics;3;1299.99;3899.97;Bank Transfer;2026/04/23;James Botha
T04513;S003;Rosebank;C1729;Member;P0019;Throw Blanket;Home & Decor;6;449.99;2699.94;Card;2026/04/14;Sophie Mthembu
T04514;S003;Rosebank;C1692;Member;P0020;Table Lamp;Home & Decor;3;699.99;2099.97;Cash;2026/03/15;Sophie Mthembu
T04515;S003;Rosebank;C1556;Member;P0002;Bluetooth Speaker;Electronics;3;649.99;1949.97;Bank Transfer;2026/05/12;Sophie Mthembu
T04516;S003;Rosebank;C0552;Guest;P0024;Storage Container Set;Kitchen;2;349.99;699.98;Card;2026/06/17;Jessica Naidoo
T04517;S003;Rosebank;C2634;Member;P0021;Cushion Set;Home & Decor;3;299.99;899.97;Bank Transfer;2026/04/07;Noah Pillay
T04518;S003;Rosebank;C1714;Guest;P0021;Cushion Set;Home & Decor;4;299.99;1199.96;Bank Transfer;2026/04/09;Michael Williams
T04519;S003;Rosebank;C2060;Guest;P0005;Laptop Backpack;Accessories;1;549.99;549.99;Card;2026/06/25;Noah Pillay
T04520;S003;Rosebank;C2589;Member;P0004;USB-C Charger;Electronics;3;299.99;899.97;Cash;2026/05/04;Daniel Smith
T04521;S003;Rosebank;C0085;Guest;P0023;Dinner Plate Set;Kitchen;2;499.99;999.98;Bank Transfer;2026/03/07;Emma Nkosi
T04522;S003;Rosebank;C2704;Member;P0013;Running Shoes;Sportswear;3;1499.5;4498.5;Mobile Pay;2026/06/02;Sophie Mthembu
T04523;S003;Rosebank;C0718;Member;P0016;Skincare Set;Beauty;4;599.99;2399.96;Cash;2026/02/20;Liam Jacobs
T04524;S003;Rosebank;C2936;Guest;P0011;Denim Jeans;Clothing;2;799.99;1599.98;Cash;2026/03/07;Olivia Dlamini
T04525;S003;Rosebank;C1768;Member;P0015;Sports Bottle;Sportswear;2;199.99;399.98;Bank Transfer;2026/02/20;Olivia Dlamini
T04526;S003;Rosebank;C2577;Guest;P0015;Sports Bottle;Sportswear;5;199.99;999.95;Cash;2026/04/02;Emma Nkosi
T04527;S003;Rosebank;C2927;Member;P0008;Blender;Appliances;2;899.99;1799.98;Mobile Pay;2026/05/10;Liam Jacobs
T04528;S003;Rosebank;C1084;Member;P0010;Cotton T-Shirt;Clothing;6;249.99;1499.94;Bank Transfer;2026/03/20;Noah Pillay
T04529;S003;Rosebank;C2459;Member;P0002;Bluetooth Speaker;Electronics;1;649.99;649.99;Card;2026/03/28;Sarah Mokoena
T04530;S003;Rosebank;C0733;Guest;P0015;Sports Bottle;Sportswear;5;199.99;999.95;Bank Transfer;2026/01/31;Jessica Naidoo
T04531;S003;Rosebank;C0858;Member;P0014;Yoga Mat;Sportswear;3;399.99;1199.97;Mobile Pay;2026/02/07;Jessica Naidoo
T04532;S003;Rosebank;C0165;Member;P0004;USB-C Charger;Electronics;3;299.99;899.97;Cash;2026/05/12;James Botha
T04533;S003;Rosebank;C1529;Guest;P0012;Hooded Sweatshirt;Clothing;2;599.99;1199.98;Cash;2026/01/15;Liam Jacobs
T04534;S003;Rosebank;C1840;Member;P0025;Novel Book;Books;5;199.99;999.95;Card;2026/04/19;Sophie Mthembu
T04535;S003;Rosebank;C0362;Guest;P0017;Face Moisturiser;Beauty;4;249.99;999.96;Card;2026/06/08;Daniel Smith
T04536;S003;Rosebank;C2371;Member;P0024;Storage Container Set;Kitchen;6;349.99;2099.94;Mobile Pay;2026/05/22;Jessica Naidoo
T04537;S003;Rosebank;C2595;Member;P0003;Smart Watch;Electronics;5;1299.99;6499.95;Cash;2026/05/15;Michael Williams
T04538;S003;Rosebank;C1222;Member;P0020;Table Lamp;Home & Decor;6;699.99;4199.94;Bank Transfer;2026/05/10;Emma Nkosi
T04539;S003;Rosebank;C0738;Guest;P0011;Denim Jeans;Clothing;6;799.99;4799.94;Mobile Pay;2026/01/31;Sarah Mokoena
T04540;S003;Rosebank;C2314;Member;P0025;Novel Book;Books;6;199.99;1199.94;Bank Transfer;2026/01/28;Michael Williams
T04541;S003;Rosebank;C1331;Member;P0018;Perfume;Beauty;2;899.99;1799.98;Mobile Pay;2026/06/20;Jessica Naidoo
T04542;S003;Rosebank;C0302;Member;P0021;Cushion Set;Home & Decor;2;299.99;599.98;Bank Transfer;2026/02/03;Olivia Dlamini
T04543;S003;Rosebank;C1559;Guest;P0021;Cushion Set;Home & Decor;1;299.99;299.99;Card;2026/01/14;Michael Williams
T04544;S003;Rosebank;C1237;Guest;P0019;Throw Blanket;Home & Decor;2;449.99;899.98;Mobile Pay;2026/03/13;Sophie Mthembu
T04545;S003;Rosebank;C0872;Guest;P0015;Sports Bottle;Sportswear;2;199.99;399.98;Mobile Pay;2026/05/03;Emma Nkosi
T04546;S003;Rosebank;C0608;Guest;P0014;Yoga Mat;Sportswear;1;399.99;399.99;Card;2026/02/23;Michael Williams
T04547;S003;Rosebank;C2849;Guest;P0020;Table Lamp;Home & Decor;1;699.99;699.99;Cash;2026/02/10;James Botha
T04548;S003;Rosebank;C0786;Member;P0024;Storage Container Set;Kitchen;3;349.99;1049.97;Cash;2026/05/10;Daniel Smith
T04549;S003;Rosebank;C0681;Guest;P0012;Hooded Sweatshirt;Clothing;4;599.99;2399.96;Card;2026/03/16;Sarah Mokoena
T04550;S003;Rosebank;C1957;Guest;P0016;Skincare Set;Beauty;6;599.99;3599.94;Bank Transfer;2026/04/10;Daniel Smith
T04551;S003;Rosebank;C0849;Guest;P0018;Perfume;Beauty;6;899.99;5399.94;Cash;2026/06/09;Michael Williams
T04552;S003;Rosebank;C2214;Member;P0022;Cookware Set;Kitchen;3;1599.99;4799.97;Bank Transfer;2026/02/16;Sophie Mthembu
T04553;S003;Rosebank;C1275;Member;P0020;Table Lamp;Home & Decor;5;699.99;3499.95;Cash;2026/03/28;Liam Jacobs
T04554;S003;Rosebank;C2402;Guest;P0010;Cotton T-Shirt;Clothing;2;249.99;499.98;Cash;2026/03/15;Sophie Mthembu
T04555;S003;Rosebank;C1925;Member;P0014;Yoga Mat;Sportswear;4;399.99;1599.96;Cash;2026/01/30;Michael Williams
T04556;S003;Rosebank;C0879;Member;P0004;USB-C Charger;Electronics;1;299.99;299.99;Bank Transfer;2026/03/07;Jessica Naidoo
T04557;S003;Rosebank;C2374;Guest;P0001;Wireless Headphones;Electronics;4;899.99;3599.96;Cash;2026/05/20;Olivia Dlamini
T04558;S003;Rosebank;C2408;Guest;P0006;Coffee Maker;Appliances;2;1299.99;2599.98;Card;2026/01/24;Michael Williams
T04559;S003;Rosebank;C2217;Member;P0023;Dinner Plate Set;Kitchen;6;499.99;2999.94;Card;2026/03/06;Jessica Naidoo
T04560;S003;Rosebank;C2378;Guest;P0009;Electric Kettle;Appliances;1;499.99;499.99;Card;2026/04/18;Jessica Naidoo
T04561;S003;Rosebank;C2787;Guest;P0006;Coffee Maker;Appliances;4;1299.99;5199.96;Card;2026/05/25;Emma Nkosi
T04562;S003;Rosebank;C0096;Member;P0007;Air Fryer;Appliances;4;1799.99;7199.96;Bank Transfer;2026/01/26;Emma Nkosi
T04563;S003;Rosebank;C0821;Guest;P0025;Novel Book;Books;2;199.99;399.98;Mobile Pay;2026/06/10;Daniel Smith
T04564;S003;Rosebank;C2801;Guest;P0001;Wireless Headphones;Electronics;5;899.99;4499.95;Card;2026/03/20;Emma Nkosi
T04565;S003;Rosebank;C0252;Guest;P0017;Face Moisturiser;Beauty;2;249.99;499.98;Bank Transfer;2026/06/28;Olivia Dlamini
T04566;S003;Rosebank;C0609;Member;P0002;Bluetooth Speaker;Electronics;6;649.99;3899.94;Mobile Pay;2026/06/23;Sophie Mthembu
T04567;S003;Rosebank;C0834;Member;P0013;Running Shoes;Sportswear;1;1499.5;1499.5;Cash;2026/03/23;Olivia Dlamini
T04568;S003;Rosebank;C2613;Member;P0022;Cookware Set;Kitchen;2;1599.99;3199.98;Card;2026/03/27;Emma Nkosi
T04569;S003;Rosebank;C0314;Member;P0022;Cookware Set;Kitchen;6;1599.99;9599.94;Card;2026/02/19;Sarah Mokoena
T04570;S003;Rosebank;C1824;Guest;P0022;Cookware Set;Kitchen;6;1599.99;9599.94;Cash;2026/01/31;Jessica Naidoo
T04571;S003;Rosebank;C2676;Member;P0012;Hooded Sweatshirt;Clothing;3;599.99;1799.97;Cash;2026/01/20;Sophie Mthembu
T04572;S003;Rosebank;C2754;Guest;P0025;Novel Book;Books;1;199.99;199.99;Bank Transfer;2026/03/03;Jessica Naidoo
T04573;S003;Rosebank;C0974;Member;P0025;Novel Book;Books;3;199.99;599.97;Bank Transfer;2026/06/27;Daniel Smith
T04574;S003;Rosebank;C1455;Member;P0015;Sports Bottle;Sportswear;3;199.99;599.97;Bank Transfer;2026/05/30;Sophie Mthembu
T04575;S003;Rosebank;C2154;Member;P0013;Running Shoes;Sportswear;3;1499.5;4498.5;Card;2026/06/25;Emma Nkosi
T04576;S003;Rosebank;C1463;Member;P0018;Perfume;Beauty;3;899.99;2699.97;Cash;2026/04/06;Sarah Mokoena
T04577;S003;Rosebank;C2771;Member;P0014;Yoga Mat;Sportswear;5;399.99;1999.95;Cash;2026/04/03;James Botha
T04578;S003;Rosebank;C1307;Member;P0018;Perfume;Beauty;2;899.99;1799.98;Mobile Pay;2026/06/11;Daniel Smith
T04579;S003;Rosebank;C2444;Member;P0008;Blender;Appliances;5;899.99;4499.95;Card;2026/06/19;Sarah Mokoena
T04580;S003;Rosebank;C0390;Member;P0023;Dinner Plate Set;Kitchen;4;499.99;1999.96;Card;2026/04/09;James Botha
T04581;S003;Rosebank;C2014;Member;P0002;Bluetooth Speaker;Electronics;3;649.99;1949.97;Bank Transfer;2026/05/12;Liam Jacobs
T04582;S003;Rosebank;C0516;Member;P0022;Cookware Set;Kitchen;1;1599.99;1599.99;Card;2026/03/12;Sophie Mthembu
T04583;S003;Rosebank;C2726;Member;P0003;Smart Watch;Electronics;5;1299.99;6499.95;Cash;2026/02/09;Emma Nkosi
T04584;S003;Rosebank;C1542;Member;P0011;Denim Jeans;Clothing;6;799.99;4799.94;Mobile Pay;2026/03/07;Jessica Naidoo
T04585;S003;Rosebank;C2112;Member;P0019;Throw Blanket;Home & Decor;4;449.99;1799.96;Cash;2026/04/11;Michael Williams
T04586;S003;Rosebank;C1036;Member;P0025;Novel Book;Books;3;199.99;599.97;Bank Transfer;2026/05/14;James Botha
T04587;S003;Rosebank;C0448;Member;P0005;Laptop Backpack;Accessories;5;549.99;2749.95;Mobile Pay;2026/01/11;Noah Pillay
T04588;S003;Rosebank;C1096;Guest;P0003;Smart Watch;Electronics;3;1299.99;3899.97;Card;2026/03/23;Sophie Mthembu
T04589;S003;Rosebank;C0078;Guest;P0008;Blender;Appliances;1;899.99;899.99;Card;2026/03/13;Liam Jacobs
T04590;S003;Rosebank;C1808;Guest;P0002;Bluetooth Speaker;Electronics;5;649.99;3249.95;Mobile Pay;2026/02/16;Michael Williams
T04591;S003;Rosebank;C2962;Guest;P0015;Sports Bottle;Sportswear;5;199.99;999.95;Mobile Pay;2026/02/23;Liam Jacobs
T04592;S003;Rosebank;C2767;Member;P0025;Novel Book;Books;5;199.99;999.95;Cash;2026/03/24;Sophie Mthembu
T04593;S003;Rosebank;C0098;Guest;P0012;Hooded Sweatshirt;Clothing;4;599.99;2399.96;Mobile Pay;2026/06/05;Michael Williams
T04594;S003;Rosebank;C0934;Member;P0022;Cookware Set;Kitchen;1;1599.99;1599.99;Mobile Pay;2026/01/11;Jessica Naidoo
T04595;S003;Rosebank;C2839;Member;P0006;Coffee Maker;Appliances;6;1299.99;7799.94;Card;2026/02/12;Sophie Mthembu
T04596;S003;Rosebank;C0346;Member;P0025;Novel Book;Books;5;199.99;999.95;Mobile Pay;2026/04/06;Daniel Smith
T04597;S003;Rosebank;C1971;Member;P0024;Storage Container Set;Kitchen;5;349.99;1749.95;Mobile Pay;2026/03/10;Noah Pillay
T04598;S003;Rosebank;C1905;Member;P0007;Air Fryer;Appliances;1;1799.99;1799.99;Card;2026/01/27;Sophie Mthembu
T04599;S003;Rosebank;C0498;Guest;P0014;Yoga Mat;Sportswear;2;399.99;799.98;Card;2026/05/04;Emma Nkosi
T04600;S003;Rosebank;C1115;Guest;P0014;Yoga Mat;Sportswear;6;399.99;2399.94;Bank Transfer;2026/06/17;Emma Nkosi
T04601;S003;Rosebank;C1754;Guest;P0005;Laptop Backpack;Accessories;1;549.99;549.99;Cash;2026/03/26;Emma Nkosi
T04602;S003;Rosebank;C0033;Guest;P0010;Cotton T-Shirt;Clothing;6;249.99;1499.94;Bank Transfer;2026/02/11;Jessica Naidoo
T04603;S003;Rosebank;C2713;Member;P0018;Perfume;Beauty;3;899.99;2699.97;Card;2026/05/13;Sarah Mokoena
T04604;S003;Rosebank;C1909;Member;P0003;Smart Watch;Electronics;3;1299.99;3899.97;Cash;2026/03/20;Liam Jacobs
T04605;S003;Rosebank;C2964;Guest;P0010;Cotton T-Shirt;Clothing;1;249.99;249.99;Card;2026/06/06;Sarah Mokoena
T04606;S003;Rosebank;C2974;Guest;P0019;Throw Blanket;Home & Decor;5;449.99;2249.95;Cash;2026/03/23;Noah Pillay
T04607;S003;Rosebank;C1786;Member;P0017;Face Moisturiser;Beauty;3;249.99;749.97;Cash;2026/06/22;Sarah Mokoena
T04608;S003;Rosebank;C2434;Guest;P0021;Cushion Set;Home & Decor;3;299.99;899.97;Mobile Pay;2026/01/14;Olivia Dlamini
T04609;S003;Rosebank;C1543;Guest;P0017;Face Moisturiser;Beauty;6;249.99;1499.94;Mobile Pay;2026/04/08;Noah Pillay
T04610;S003;Rosebank;C0043;Guest;P0004;USB-C Charger;Electronics;4;299.99;1199.96;Mobile Pay;2026/05/09;Olivia Dlamini
T04611;S003;Rosebank;C2004;Member;P0007;Air Fryer;Appliances;3;1799.99;5399.97;Bank Transfer;2026/05/16;Daniel Smith
T04612;S003;Rosebank;C2424;Member;P0020;Table Lamp;Home & Decor;5;699.99;3499.95;Card;2026/04/24;Michael Williams
T04613;S003;Rosebank;C2976;Member;P0016;Skincare Set;Beauty;4;599.99;2399.96;Bank Transfer;2026/01/05;Noah Pillay
T04614;S003;Rosebank;C0661;Guest;P0009;Electric Kettle;Appliances;6;499.99;2999.94;Bank Transfer;2026/06/13;Sophie Mthembu
T04615;S003;Rosebank;C1550;Member;P0011;Denim Jeans;Clothing;1;799.99;799.99;Mobile Pay;2026/01/04;Emma Nkosi
T04616;S003;Rosebank;C2968;Guest;P0008;Blender;Appliances;4;899.99;3599.96;Cash;2026/03/11;Emma Nkosi
T04617;S003;Rosebank;C2144;Member;P0004;USB-C Charger;Electronics;4;299.99;1199.96;Card;2026/05/26;Noah Pillay
T04618;S003;Rosebank;C0898;Member;P0014;Yoga Mat;Sportswear;4;399.99;1599.96;Bank Transfer;2026/04/27;Emma Nkosi
T04619;S003;Rosebank;C2094;Member;P0018;Perfume;Beauty;6;899.99;5399.94;Bank Transfer;2026/04/14;Noah Pillay
T04620;S003;Rosebank;C1565;Guest;P0009;Electric Kettle;Appliances;4;499.99;1999.96;Bank Transfer;2026/04/10;Michael Williams
T04621;S003;Rosebank;C2226;Member;P0016;Skincare Set;Beauty;6;599.99;3599.94;Bank Transfer;2026/01/05;Daniel Smith
T04622;S003;Rosebank;C1608;Member;P0016;Skincare Set;Beauty;1;599.99;599.99;Card;2026/05/14;Sarah Mokoena
T04623;S003;Rosebank;C2390;Member;P0018;Perfume;Beauty;1;899.99;899.99;Bank Transfer;2026/02/06;Noah Pillay
T04624;S003;Rosebank;C1935;Member;P0018;Perfume;Beauty;5;899.99;4499.95;Cash;2026/06/05;Sophie Mthembu
T04625;S003;Rosebank;C1633;Guest;P0016;Skincare Set;Beauty;6;599.99;3599.94;Mobile Pay;2026/01/10;Olivia Dlamini
T04626;S003;Rosebank;C2853;Member;P0023;Dinner Plate Set;Kitchen;4;499.99;1999.96;Card;2026/04/16;Noah Pillay
T04627;S003;Rosebank;C1712;Member;P0004;USB-C Charger;Electronics;5;299.99;1499.95;Card;2026/03/24;Michael Williams
T04628;S003;Rosebank;C2098;Member;P0015;Sports Bottle;Sportswear;5;199.99;999.95;Card;2026/05/17;Daniel Smith
T04629;S003;Rosebank;C1621;Member;P0018;Perfume;Beauty;4;899.99;3599.96;Mobile Pay;2026/05/30;James Botha
T04630;S003;Rosebank;C2800;Member;P0005;Laptop Backpack;Accessories;5;549.99;2749.95;Bank Transfer;2026/01/22;Emma Nkosi
T04631;S003;Rosebank;C1741;Member;P0024;Storage Container Set;Kitchen;6;349.99;2099.94;Card;2026/02/04;Liam Jacobs
T04632;S003;Rosebank;C0611;Member;P0005;Laptop Backpack;Accessories;5;549.99;2749.95;Mobile Pay;2026/02/07;Jessica Naidoo
T04633;S003;Rosebank;C2035;Member;P0010;Cotton T-Shirt;Clothing;6;249.99;1499.94;Cash;2026/06/26;Michael Williams
T04634;S003;Rosebank;C0435;Member;P0006;Coffee Maker;Appliances;2;1299.99;2599.98;Card;2026/03/28;Olivia Dlamini
T04635;S003;Rosebank;C2181;Member;P0012;Hooded Sweatshirt;Clothing;4;599.99;2399.96;Bank Transfer;2026/04/20;Noah Pillay
T04636;S003;Rosebank;C2996;Guest;P0010;Cotton T-Shirt;Clothing;1;249.99;249.99;Cash;2026/05/29;Daniel Smith
T04637;S003;Rosebank;C1096;Member;P0013;Running Shoes;Sportswear;3;1499.5;4498.5;Mobile Pay;2026/03/12;Sophie Mthembu
T04638;S003;Rosebank;C0216;Guest;P0008;Blender;Appliances;3;899.99;2699.97;Mobile Pay;2026/04/19;Jessica Naidoo
T04639;S003;Rosebank;C1962;Member;P0022;Cookware Set;Kitchen;3;1599.99;4799.97;Bank Transfer;2026/04/02;Jessica Naidoo
T04640;S003;Rosebank;C1673;Guest;P0017;Face Moisturiser;Beauty;2;249.99;499.98;Mobile Pay;2026/06/09;Liam Jacobs
T04641;S003;Rosebank;C2845;Member;P0014;Yoga Mat;Sportswear;6;399.99;2399.94;Bank Transfer;2026/03/28;Liam Jacobs
T04642;S003;Rosebank;C0142;Member;P0011;Denim Jeans;Clothing;3;799.99;2399.97;Mobile Pay;2026/01/21;Sarah Mokoena
T04643;S003;Rosebank;C1745;Member;P0017;Face Moisturiser;Beauty;4;249.99;999.96;Card;2026/02/27;James Botha
T04644;S003;Rosebank;C1845;Member;P0006;Coffee Maker;Appliances;6;1299.99;7799.94;Mobile Pay;2026/04/16;Emma Nkosi
T04645;S003;Rosebank;C2105;Member;P0021;Cushion Set;Home & Decor;3;299.99;899.97;Cash;2026/02/22;Sarah Mokoena
T04646;S003;Rosebank;C1930;Guest;P0014;Yoga Mat;Sportswear;6;399.99;2399.94;Cash;2026/04/13;Olivia Dlamini
T04647;S003;Rosebank;C2842;Member;P0018;Perfume;Beauty;2;899.99;1799.98;Card;2026/06/10;Daniel Smith
T04648;S003;Rosebank;C0379;Member;P0011;Denim Jeans;Clothing;1;799.99;799.99;Cash;2026/04/03;Jessica Naidoo
T04649;S003;Rosebank;C2555;Member;P0024;Storage Container Set;Kitchen;3;349.99;1049.97;Bank Transfer;2026/04/16;Michael Williams
T04650;S003;Rosebank;C0649;Member;P0011;Denim Jeans;Clothing;5;799.99;3999.95;Cash;2026/05/25;Liam Jacobs
T04651;S003;Rosebank;C0294;Guest;P0006;Coffee Maker;Appliances;3;1299.99;3899.97;Bank Transfer;2026/01/29;Jessica Naidoo
T04652;S003;Rosebank;C2392;Member;P0014;Yoga Mat;Sportswear;1;399.99;399.99;Mobile Pay;2026/06/20;Olivia Dlamini
T04653;S003;Rosebank;C0965;Member;P0019;Throw Blanket;Home & Decor;6;449.99;2699.94;Bank Transfer;2026/01/11;Olivia Dlamini
T04654;S003;Rosebank;C2658;Member;P0008;Blender;Appliances;1;899.99;899.99;Cash;2026/02/28;Noah Pillay
T04655;S003;Rosebank;C1047;Member;P0011;Denim Jeans;Clothing;3;799.99;2399.97;Bank Transfer;2026/06/14;Olivia Dlamini
T04656;S003;Rosebank;C2061;Guest;P0013;Running Shoes;Sportswear;2;1499.5;2999.0;Mobile Pay;2026/02/12;Michael Williams
T04657;S003;Rosebank;C0526;Guest;P0024;Storage Container Set;Kitchen;4;349.99;1399.96;Mobile Pay;2026/06/03;Sarah Mokoena
T04658;S003;Rosebank;C2257;Member;P0001;Wireless Headphones;Electronics;3;899.99;2699.97;Bank Transfer;2026/03/25;Sarah Mokoena
T04659;S003;Rosebank;C0166;Guest;P0001;Wireless Headphones;Electronics;6;899.99;5399.94;Card;2026/05/01;Noah Pillay
T04660;S003;Rosebank;C0909;Member;P0002;Bluetooth Speaker;Electronics;1;649.99;649.99;Card;2026/01/24;James Botha
T04661;S003;Rosebank;C2370;Guest;P0010;Cotton T-Shirt;Clothing;5;249.99;1249.95;Mobile Pay;2026/04/06;Sarah Mokoena
T04662;S003;Rosebank;C1097;Guest;P0002;Bluetooth Speaker;Electronics;4;649.99;2599.96;Card;2026/02/14;Olivia Dlamini
T04663;S003;Rosebank;C0912;Member;P0008;Blender;Appliances;1;899.99;899.99;Bank Transfer;2026/03/24;Liam Jacobs
T04664;S003;Rosebank;C0698;Member;P0005;Laptop Backpack;Accessories;4;549.99;2199.96;Mobile Pay;2026/06/19;Emma Nkosi
T04665;S003;Rosebank;C0804;Member;P0003;Smart Watch;Electronics;5;1299.99;6499.95;Bank Transfer;2026/04/28;Olivia Dlamini
T04666;S003;Rosebank;C2374;Guest;P0022;Cookware Set;Kitchen;2;1599.99;3199.98;Card;2026/01/21;Emma Nkosi
T04667;S003;Rosebank;C0463;Member;P0004;USB-C Charger;Electronics;1;299.99;299.99;Card;2026/05/25;Daniel Smith
T04668;S003;Rosebank;C0670;Guest;P0008;Blender;Appliances;5;899.99;4499.95;Bank Transfer;2026/05/18;Emma Nkosi
T04669;S003;Rosebank;C1447;Guest;P0020;Table Lamp;Home & Decor;2;699.99;1399.98;Card;2026/04/11;Daniel Smith
T04670;S003;Rosebank;C1712;Guest;P0005;Laptop Backpack;Accessories;6;549.99;3299.94;Cash;2026/01/09;Emma Nkosi
T04671;S003;Rosebank;C1467;Member;P0011;Denim Jeans;Clothing;1;799.99;799.99;Mobile Pay;2026/05/17;Emma Nkosi
T04672;S003;Rosebank;C2374;Guest;P0018;Perfume;Beauty;1;899.99;899.99;Card;2026/04/05;James Botha
T04673;S003;Rosebank;C2592;Member;P0025;Novel Book;Books;1;199.99;199.99;Card;2026/05/26;Michael Williams
T04674;S003;Rosebank;C1228;Member;P0003;Smart Watch;Electronics;2;1299.99;2599.98;Card;2026/04/26;Noah Pillay
T04675;S003;Rosebank;C2401;Guest;P0018;Perfume;Beauty;5;899.99;4499.95;Bank Transfer;2026/01/02;Jessica Naidoo
T04676;S003;Rosebank;C0854;Guest;P0001;Wireless Headphones;Electronics;2;899.99;1799.98;Mobile Pay;2026/02/10;James Botha
T04677;S003;Rosebank;C2223;Member;P0002;Bluetooth Speaker;Electronics;6;649.99;3899.94;Cash;2026/03/09;Sarah Mokoena
T04678;S003;Rosebank;C2155;Member;P0009;Electric Kettle;Appliances;2;499.99;999.98;Cash;2026/03/19;Liam Jacobs
T04679;S003;Rosebank;C1467;Member;P0014;Yoga Mat;Sportswear;3;399.99;1199.97;Card;2026/05/23;Olivia Dlamini
T04680;S003;Rosebank;C0944;Member;P0012;Hooded Sweatshirt;Clothing;6;599.99;3599.94;Mobile Pay;2026/03/27;James Botha
T04681;S003;Rosebank;C2689;Guest;P0023;Dinner Plate Set;Kitchen;3;499.99;1499.97;Card;2026/06/03;Olivia Dlamini
T04682;S003;Rosebank;C2002;Guest;P0004;USB-C Charger;Electronics;6;299.99;1799.94;Card;2026/06/13;Liam Jacobs
T04683;S003;Rosebank;C0615;Guest;P0020;Table Lamp;Home & Decor;1;699.99;699.99;Mobile Pay;2026/03/13;Michael Williams
T04684;S003;Rosebank;C1461;Guest;P0022;Cookware Set;Kitchen;3;1599.99;4799.97;Card;2026/03/11;Daniel Smith
T04685;S003;Rosebank;C2236;Member;P0016;Skincare Set;Beauty;6;599.99;3599.94;Mobile Pay;2026/03/20;Liam Jacobs
T04686;S003;Rosebank;C0910;Member;P0013;Running Shoes;Sportswear;3;1499.5;4498.5;Cash;2026/01/21;Michael Williams
T04687;S003;Rosebank;C0129;Member;P0016;Skincare Set;Beauty;2;599.99;1199.98;Mobile Pay;2026/05/11;Liam Jacobs
T04688;S003;Rosebank;C1713;Member;P0015;Sports Bottle;Sportswear;4;199.99;799.96;Mobile Pay;2026/03/01;Sarah Mokoena
T04689;S003;Rosebank;C2692;Member;P0017;Face Moisturiser;Beauty;3;249.99;749.97;Cash;2026/05/06;Sarah Mokoena
T04690;S003;Rosebank;C0841;Member;P0002;Bluetooth Speaker;Electronics;1;649.99;649.99;Card;2026/02/23;James Botha
T04691;S003;Rosebank;C1340;Member;P0023;Dinner Plate Set;Kitchen;6;499.99;2999.94;Mobile Pay;2026/06/27;Noah Pillay
T04692;S003;Rosebank;C0815;Guest;P0001;Wireless Headphones;Electronics;4;899.99;3599.96;Mobile Pay;2026/03/29;Liam Jacobs
T04693;S003;Rosebank;C2495;Member;P0022;Cookware Set;Kitchen;5;1599.99;7999.95;Mobile Pay;2026/01/04;Noah Pillay
T04694;S003;Rosebank;C2351;Guest;P0012;Hooded Sweatshirt;Clothing;4;599.99;2399.96;Card;2026/01/16;Daniel Smith
T04695;S003;Rosebank;C1356;Member;P0006;Coffee Maker;Appliances;3;1299.99;3899.97;Bank Transfer;2026/01/10;Michael Williams
T04696;S003;Rosebank;C0715;Member;P0006;Coffee Maker;Appliances;2;1299.99;2599.98;Card;2026/05/05;Emma Nkosi
T04697;S003;Rosebank;C1332;Guest;P0011;Denim Jeans;Clothing;1;799.99;799.99;Mobile Pay;2026/02/21;Sarah Mokoena
T04698;S003;Rosebank;C1915;Member;P0017;Face Moisturiser;Beauty;3;249.99;749.97;Mobile Pay;2026/03/26;Daniel Smith
T04699;S003;Rosebank;C0185;Member;P0025;Novel Book;Books;4;199.99;799.96;Cash;2026/04/09;Liam Jacobs
T04700;S003;Rosebank;C0130;Member;P0008;Blender;Appliances;1;899.99;899.99;Mobile Pay;2026/05/28;James Botha
T04701;S003;Rosebank;C1065;Guest;P0015;Sports Bottle;Sportswear;5;199.99;999.95;Mobile Pay;2026/04/18;Daniel Smith
T04702;S003;Rosebank;C0218;Member;P0017;Face Moisturiser;Beauty;4;249.99;999.96;Cash;2026/06/04;Emma Nkosi
T04703;S003;Rosebank;C0100;Guest;P0008;Blender;Appliances;2;899.99;1799.98;Cash;2026/06/11;Liam Jacobs
T04704;S003;Rosebank;C0984;Guest;P0022;Cookware Set;Kitchen;4;1599.99;6399.96;Mobile Pay;2026/06/12;Sarah Mokoena
T04705;S003;Rosebank;C2233;Member;P0022;Cookware Set;Kitchen;2;1599.99;3199.98;Card;2026/01/06;Liam Jacobs
T04706;S003;Rosebank;C1657;Member;P0001;Wireless Headphones;Electronics;5;899.99;4499.95;Card;2026/01/31;Michael Williams
T04707;S003;Rosebank;C0504;Member;P0022;Cookware Set;Kitchen;2;1599.99;3199.98;Mobile Pay;2026/01/31;Jessica Naidoo
T04708;S003;Rosebank;C2430;Member;P0012;Hooded Sweatshirt;Clothing;6;599.99;3599.94;Card;2026/01/06;Daniel Smith
T04709;S003;Rosebank;C1110;Member;P0012;Hooded Sweatshirt;Clothing;5;599.99;2999.95;Cash;2026/06/14;Michael Williams
T04710;S003;Rosebank;C1912;Guest;P0014;Yoga Mat;Sportswear;1;399.99;399.99;Bank Transfer;2026/06/04;Sarah Mokoena
T04711;S003;Rosebank;C2299;Guest;P0008;Blender;Appliances;5;899.99;4499.95;Mobile Pay;2026/04/25;Sarah Mokoena
T04712;S003;Rosebank;C0040;Member;P0013;Running Shoes;Sportswear;6;1499.5;8997.0;Bank Transfer;2026/02/08;Sophie Mthembu
T04713;S003;Rosebank;C0681;Member;P0004;USB-C Charger;Electronics;2;299.99;599.98;Mobile Pay;2026/06/22;Emma Nkosi
T04714;S003;Rosebank;C2983;Member;P0022;Cookware Set;Kitchen;3;1599.99;4799.97;Card;2026/04/24;James Botha
T04715;S003;Rosebank;C1317;Guest;P0007;Air Fryer;Appliances;3;1799.99;5399.97;Bank Transfer;2026/02/15;Daniel Smith
T04716;S003;Rosebank;C0839;Guest;P0016;Skincare Set;Beauty;4;599.99;2399.96;Card;2026/02/24;James Botha
T04717;S003;Rosebank;C0545;Guest;P0005;Laptop Backpack;Accessories;6;549.99;3299.94;Card;2026/04/26;Sarah Mokoena
T04718;S003;Rosebank;C1069;Member;P0023;Dinner Plate Set;Kitchen;2;499.99;999.98;Bank Transfer;2026/01/01;Olivia Dlamini
T04719;S003;Rosebank;C2246;Member;P0002;Bluetooth Speaker;Electronics;2;649.99;1299.98;Card;2026/03/18;Olivia Dlamini
T04720;S003;Rosebank;C1920;Member;P0002;Bluetooth Speaker;Electronics;6;649.99;3899.94;Cash;2026/01/19;Michael Williams
T04721;S003;Rosebank;C2283;Guest;P0012;Hooded Sweatshirt;Clothing;5;599.99;2999.95;Card;2026/01/11;Jessica Naidoo
T04722;S003;Rosebank;C0381;Member;P0020;Table Lamp;Home & Decor;2;699.99;1399.98;Mobile Pay;2026/04/24;Daniel Smith
T04723;S003;Rosebank;C0718;Guest;P0016;Skincare Set;Beauty;2;599.99;1199.98;Mobile Pay;2026/05/15;James Botha
T04724;S003;Rosebank;C0489;Guest;P0017;Face Moisturiser;Beauty;3;249.99;749.97;Cash;2026/06/26;Michael Williams
T04725;S003;Rosebank;C1471;Guest;P0020;Table Lamp;Home & Decor;3;699.99;2099.97;Bank Transfer;2026/05/12;Jessica Naidoo
T04726;S003;Rosebank;C2812;Member;P0023;Dinner Plate Set;Kitchen;3;499.99;1499.97;Bank Transfer;2026/03/06;James Botha
T04727;S003;Rosebank;C0322;Member;P0003;Smart Watch;Electronics;4;1299.99;5199.96;Card;2026/01/31;Daniel Smith
T04728;S003;Rosebank;C1150;Guest;P0021;Cushion Set;Home & Decor;1;299.99;299.99;Bank Transfer;2026/05/04;Jessica Naidoo
T04729;S003;Rosebank;C1327;Member;P0023;Dinner Plate Set;Kitchen;6;499.99;2999.94;Bank Transfer;2026/03/09;Noah Pillay
T04730;S003;Rosebank;C0361;Guest;P0024;Storage Container Set;Kitchen;3;349.99;1049.97;Mobile Pay;2026/05/25;Jessica Naidoo
T04731;S003;Rosebank;C1281;Member;P0002;Bluetooth Speaker;Electronics;6;649.99;3899.94;Card;2026/06/23;Sophie Mthembu
T04732;S003;Rosebank;C2355;Member;P0009;Electric Kettle;Appliances;3;499.99;1499.97;Mobile Pay;2026/06/30;Sophie Mthembu
T04733;S003;Rosebank;C2346;Member;P0014;Yoga Mat;Sportswear;6;399.99;2399.94;Mobile Pay;2026/02/17;Jessica Naidoo
T04734;S003;Rosebank;C2698;Guest;P0014;Yoga Mat;Sportswear;4;399.99;1599.96;Card;2026/03/26;Jessica Naidoo
T04735;S003;Rosebank;C2830;Member;P0006;Coffee Maker;Appliances;1;1299.99;1299.99;Card;2026/06/22;Sarah Mokoena
T04736;S003;Rosebank;C1298;Member;P0004;USB-C Charger;Electronics;1;299.99;299.99;Card;2026/03/11;Daniel Smith
T04737;S003;Rosebank;C1837;Guest;P0018;Perfume;Beauty;5;899.99;4499.95;Card;2026/02/22;Emma Nkosi
T04738;S003;Rosebank;C0155;Member;P0025;Novel Book;Books;3;199.99;599.97;Mobile Pay;2026/01/08;Noah Pillay
T04739;S003;Rosebank;C2223;Guest;P0001;Wireless Headphones;Electronics;1;899.99;899.99;Card;2026/01/07;Sarah Mokoena
T04740;S003;Rosebank;C2717;Member;P0018;Perfume;Beauty;4;899.99;3599.96;Cash;2026/05/14;Emma Nkosi
T04741;S003;Rosebank;C0232;Member;P0008;Blender;Appliances;5;899.99;4499.95;Card;2026/04/04;Michael Williams
T04742;S003;Rosebank;C0347;Member;P0025;Novel Book;Books;2;199.99;399.98;Card;2026/01/01;Michael Williams
T04743;S003;Rosebank;C2039;Guest;P0016;Skincare Set;Beauty;4;599.99;2399.96;Bank Transfer;2026/06/26;Sophie Mthembu
T04744;S003;Rosebank;C1429;Guest;P0025;Novel Book;Books;2;199.99;399.98;Cash;2026/02/17;Daniel Smith
T04745;S003;Rosebank;C0093;Member;P0019;Throw Blanket;Home & Decor;1;449.99;449.99;Cash;2026/04/05;Daniel Smith
T04746;S003;Rosebank;C0264;Guest;P0025;Novel Book;Books;1;199.99;199.99;Mobile Pay;2026/02/11;Sophie Mthembu
T04747;S003;Rosebank;C1462;Guest;P0015;Sports Bottle;Sportswear;6;199.99;1199.94;Cash;2026/04/28;Michael Williams
T04748;S003;Rosebank;C1315;Guest;P0021;Cushion Set;Home & Decor;5;299.99;1499.95;Bank Transfer;2026/05/13;Noah Pillay
T04749;S003;Rosebank;C2638;Guest;P0014;Yoga Mat;Sportswear;3;399.99;1199.97;Cash;2026/01/20;Daniel Smith
T04750;S003;Rosebank;C0487;Member;P0005;Laptop Backpack;Accessories;4;549.99;2199.96;Mobile Pay;2026/05/07;Michael Williams
T04751;S003;Rosebank;C2431;Member;P0006;Coffee Maker;Appliances;3;1299.99;3899.97;Cash;2026/02/02;Emma Nkosi
T04752;S003;Rosebank;C0213;Member;P0016;Skincare Set;Beauty;1;599.99;599.99;Card;2026/02/09;Noah Pillay
T04753;S003;Rosebank;C2497;Member;P0018;Perfume;Beauty;5;899.99;4499.95;Cash;2026/01/30;Emma Nkosi
T04754;S003;Rosebank;C0793;Guest;P0010;Cotton T-Shirt;Clothing;1;249.99;249.99;Mobile Pay;2026/02/09;Noah Pillay
T04755;S003;Rosebank;C2776;Member;P0005;Laptop Backpack;Accessories;3;549.99;1649.97;Card;2026/03/19;Noah Pillay
T04756;S003;Rosebank;C0822;Guest;P0006;Coffee Maker;Appliances;5;1299.99;6499.95;Card;2026/01/08;Olivia Dlamini
T04757;S003;Rosebank;C1143;Member;P0009;Electric Kettle;Appliances;4;499.99;1999.96;Cash;2026/02/16;Jessica Naidoo
T04758;S003;Rosebank;C0265;Member;P0012;Hooded Sweatshirt;Clothing;3;599.99;1799.97;Bank Transfer;2026/06/21;Michael Williams
T04759;S003;Rosebank;C0506;Member;P0021;Cushion Set;Home & Decor;1;299.99;299.99;Card;2026/03/17;Sarah Mokoena
T04760;S003;Rosebank;C1369;Member;P0015;Sports Bottle;Sportswear;3;199.99;599.97;Mobile Pay;2026/01/17;Sophie Mthembu
T04761;S003;Rosebank;C1665;Member;P0009;Electric Kettle;Appliances;1;499.99;499.99;Cash;2026/05/16;Emma Nkosi
T04762;S003;Rosebank;C0754;Member;P0021;Cushion Set;Home & Decor;3;299.99;899.97;Cash;2026/04/15;Daniel Smith
T04763;S003;Rosebank;C2240;Member;P0005;Laptop Backpack;Accessories;3;549.99;1649.97;Bank Transfer;2026/02/15;Olivia Dlamini
T04764;S003;Rosebank;C1764;Member;P0009;Electric Kettle;Appliances;5;499.99;2499.95;Bank Transfer;2026/01/28;Sophie Mthembu
T04765;S003;Rosebank;C0428;Member;P0021;Cushion Set;Home & Decor;1;299.99;299.99;Cash;2026/04/26;Michael Williams
T04766;S003;Rosebank;C0056;Guest;P0024;Storage Container Set;Kitchen;6;349.99;2099.94;Cash;2026/06/09;Jessica Naidoo
T04767;S003;Rosebank;C0510;Guest;P0016;Skincare Set;Beauty;5;599.99;2999.95;Bank Transfer;2026/02/09;Noah Pillay
T04768;S003;Rosebank;C2981;Member;P0013;Running Shoes;Sportswear;5;1499.5;7497.5;Card;2026/03/29;James Botha
T04769;S003;Rosebank;C2910;Guest;P0015;Sports Bottle;Sportswear;4;199.99;799.96;Cash;2026/05/14;Noah Pillay
T04770;S003;Rosebank;C1001;Member;P0014;Yoga Mat;Sportswear;4;399.99;1599.96;Bank Transfer;2026/03/07;Sophie Mthembu
T04771;S003;Rosebank;C1526;Member;P0004;USB-C Charger;Electronics;5;299.99;1499.95;Cash;2026/01/26;James Botha
T04772;S003;Rosebank;C1069;Member;P0010;Cotton T-Shirt;Clothing;3;249.99;749.97;Bank Transfer;2026/02/27;James Botha
T04773;S003;Rosebank;C2832;Member;P0017;Face Moisturiser;Beauty;4;249.99;999.96;Mobile Pay;2026/02/22;Jessica Naidoo
T04774;S003;Rosebank;C1971;Member;P0021;Cushion Set;Home & Decor;6;299.99;1799.94;Bank Transfer;2026/01/30;James Botha
T04775;S003;Rosebank;C0155;Guest;P0025;Novel Book;Books;5;199.99;999.95;Card;2026/02/15;James Botha
T04776;S003;Rosebank;C0983;Member;P0012;Hooded Sweatshirt;Clothing;6;599.99;3599.94;Card;2026/01/23;Michael Williams
T04777;S003;Rosebank;C1557;Guest;P0020;Table Lamp;Home & Decor;6;699.99;4199.94;Card;2026/04/17;Noah Pillay
T04778;S003;Rosebank;C0633;Member;P0025;Novel Book;Books;5;199.99;999.95;Mobile Pay;2026/04/21;Olivia Dlamini
T04779;S003;Rosebank;C0824;Member;P0018;Perfume;Beauty;5;899.99;4499.95;Mobile Pay;2026/05/25;Emma Nkosi
T04780;S003;Rosebank;C2180;Member;P0022;Cookware Set;Kitchen;2;1599.99;3199.98;Bank Transfer;2026/01/13;Olivia Dlamini
T04781;S003;Rosebank;C0457;Guest;P0011;Denim Jeans;Clothing;6;799.99;4799.94;Mobile Pay;2026/06/29;Daniel Smith
T04782;S003;Rosebank;C1617;Guest;P0023;Dinner Plate Set;Kitchen;4;499.99;1999.96;Cash;2026/01/13;Emma Nkosi
T04783;S003;Rosebank;C0466;Member;P0005;Laptop Backpack;Accessories;3;549.99;1649.97;Cash;2026/04/18;Daniel Smith
T04784;S003;Rosebank;C0474;Guest;P0025;Novel Book;Books;1;199.99;199.99;Mobile Pay;2026/03/07;Jessica Naidoo
T04785;S003;Rosebank;C0660;Member;P0005;Laptop Backpack;Accessories;6;549.99;3299.94;Cash;2026/06/28;Olivia Dlamini
T04786;S003;Rosebank;C2977;Member;P0025;Novel Book;Books;4;199.99;799.96;Cash;2026/02/25;James Botha
T04787;S003;Rosebank;C2675;Member;P0018;Perfume;Beauty;4;899.99;3599.96;Mobile Pay;2026/04/04;Daniel Smith
T04788;S003;Rosebank;C0872;Member;P0006;Coffee Maker;Appliances;6;1299.99;7799.94;Mobile Pay;2026/02/18;Sophie Mthembu
T04789;S003;Rosebank;C0456;Member;P0001;Wireless Headphones;Electronics;3;899.99;2699.97;Bank Transfer;2026/06/15;Sarah Mokoena
T04790;S003;Rosebank;C2803;Member;P0001;Wireless Headphones;Electronics;6;899.99;5399.94;Bank Transfer;2026/05/15;Noah Pillay
T04791;S003;Rosebank;C2846;Member;P0012;Hooded Sweatshirt;Clothing;5;599.99;2999.95;Cash;2026/01/21;Olivia Dlamini
T04792;S003;Rosebank;C0183;Member;P0019;Throw Blanket;Home & Decor;5;449.99;2249.95;Mobile Pay;2026/05/25;Jessica Naidoo
T04793;S003;Rosebank;C0437;Member;P0002;Bluetooth Speaker;Electronics;5;649.99;3249.95;Card;2026/06/29;James Botha
T04794;S003;Rosebank;C2353;Member;P0019;Throw Blanket;Home & Decor;4;449.99;1799.96;Mobile Pay;2026/05/13;Sarah Mokoena
T04795;S003;Rosebank;C0388;Member;P0007;Air Fryer;Appliances;6;1799.99;10799.94;Mobile Pay;2026/06/19;James Botha
T04796;S003;Rosebank;C0244;Member;P0006;Coffee Maker;Appliances;1;1299.99;1299.99;Bank Transfer;2026/02/07;James Botha
T04797;S003;Rosebank;C0435;Guest;P0009;Electric Kettle;Appliances;3;499.99;1499.97;Bank Transfer;2026/06/06;Michael Williams
T04798;S003;Rosebank;C0694;Member;P0024;Storage Container Set;Kitchen;4;349.99;1399.96;Mobile Pay;2026/04/23;Emma Nkosi
T04799;S003;Rosebank;C2023;Member;P0021;Cushion Set;Home & Decor;5;299.99;1499.95;Mobile Pay;2026/02/26;Michael Williams
T04800;S003;Rosebank;C1500;Guest;P0008;Blender;Appliances;3;899.99;2699.97;Mobile Pay;2026/03/20;Sophie Mthembu
T04801;S003;Rosebank;C2838;Member;P0012;Hooded Sweatshirt;Clothing;6;599.99;3599.94;Card;2026/02/07;Liam Jacobs
T04802;S003;Rosebank;C0775;Member;P0021;Cushion Set;Home & Decor;6;299.99;1799.94;Mobile Pay;2026/05/15;Sarah Mokoena
T04803;S003;Rosebank;C0408;Guest;P0003;Smart Watch;Electronics;1;1299.99;1299.99;Card;2026/05/31;James Botha
T04804;S003;Rosebank;C1420;Member;P0012;Hooded Sweatshirt;Clothing;6;599.99;3599.94;Bank Transfer;2026/02/20;Noah Pillay
T04805;S003;Rosebank;C0648;Member;P0017;Face Moisturiser;Beauty;6;249.99;1499.94;Bank Transfer;2026/04/06;James Botha
T04806;S003;Rosebank;C0775;Guest;P0001;Wireless Headphones;Electronics;2;899.99;1799.98;Mobile Pay;2026/05/09;Sarah Mokoena
T04807;S003;Rosebank;C1357;Member;P0016;Skincare Set;Beauty;6;599.99;3599.94;Cash;2026/06/27;James Botha
T04808;S003;Rosebank;C0797;Guest;P0020;Table Lamp;Home & Decor;5;699.99;3499.95;Mobile Pay;2026/06/30;Jessica Naidoo
T04809;S003;Rosebank;C2648;Guest;P0020;Table Lamp;Home & Decor;6;699.99;4199.94;Card;2026/04/30;Liam Jacobs
T04810;S003;Rosebank;C1003;Member;P0006;Coffee Maker;Appliances;6;1299.99;7799.94;Mobile Pay;2026/04/21;James Botha
T04811;S003;Rosebank;C1246;Guest;P0021;Cushion Set;Home & Decor;3;299.99;899.97;Cash;2026/06/14;Olivia Dlamini
T04812;S003;Rosebank;C2769;Guest;P0023;Dinner Plate Set;Kitchen;2;499.99;999.98;Bank Transfer;2026/03/23;Jessica Naidoo
T04813;S003;Rosebank;C0653;Guest;P0014;Yoga Mat;Sportswear;4;399.99;1599.96;Mobile Pay;2026/06/15;Olivia Dlamini
T04814;S003;Rosebank;C0577;Guest;P0016;Skincare Set;Beauty;5;599.99;2999.95;Bank Transfer;2026/02/10;Sarah Mokoena
T04815;S003;Rosebank;C0128;Guest;P0016;Skincare Set;Beauty;5;599.99;2999.95;Card;2026/04/12;Daniel Smith
T04816;S003;Rosebank;C2538;Guest;P0020;Table Lamp;Home & Decor;2;699.99;1399.98;Card;2026/06/13;Sarah Mokoena
T04817;S003;Rosebank;C1114;Guest;P0014;Yoga Mat;Sportswear;5;399.99;1999.95;Cash;2026/01/22;James Botha
T04818;S003;Rosebank;C2476;Member;P0009;Electric Kettle;Appliances;3;499.99;1499.97;Card;2026/01/22;James Botha
T04819;S003;Rosebank;C0749;Member;P0009;Electric Kettle;Appliances;5;499.99;2499.95;Bank Transfer;2026/02/26;Liam Jacobs
T04820;S003;Rosebank;C1281;Member;P0022;Cookware Set;Kitchen;3;1599.99;4799.97;Mobile Pay;2026/06/10;Daniel Smith
T04821;S003;Rosebank;C0494;Member;P0001;Wireless Headphones;Electronics;5;899.99;4499.95;Mobile Pay;2026/01/15;Sarah Mokoena
T04822;S003;Rosebank;C2552;Member;P0006;Coffee Maker;Appliances;3;1299.99;3899.97;Card;2026/06/11;Daniel Smith
T04823;S003;Rosebank;C1422;Member;P0005;Laptop Backpack;Accessories;2;549.99;1099.98;Card;2026/04/05;Michael Williams
T04824;S003;Rosebank;C0380;Member;P0014;Yoga Mat;Sportswear;4;399.99;1599.96;Card;2026/02/23;Olivia Dlamini
T04825;S003;Rosebank;C2045;Member;P0004;USB-C Charger;Electronics;4;299.99;1199.96;Mobile Pay;2026/04/08;Daniel Smith
T04826;S003;Rosebank;C0325;Guest;P0017;Face Moisturiser;Beauty;1;249.99;249.99;Bank Transfer;2026/04/09;Olivia Dlamini
T04827;S003;Rosebank;C1612;Member;P0022;Cookware Set;Kitchen;2;1599.99;3199.98;Bank Transfer;2026/02/20;Sarah Mokoena
T04828;S003;Rosebank;C2826;Member;P0017;Face Moisturiser;Beauty;6;249.99;1499.94;Card;2026/06/21;Olivia Dlamini
T04829;S003;Rosebank;C0818;Member;P0013;Running Shoes;Sportswear;3;1499.5;4498.5;Cash;2026/03/28;Emma Nkosi
T04830;S003;Rosebank;C2849;Member;P0021;Cushion Set;Home & Decor;4;299.99;1199.96;Card;2026/01/06;Noah Pillay
T04831;S003;Rosebank;C1597;Member;P0023;Dinner Plate Set;Kitchen;2;499.99;999.98;Mobile Pay;2026/01/06;Jessica Naidoo
T04832;S003;Rosebank;C0293;Guest;P0010;Cotton T-Shirt;Clothing;5;249.99;1249.95;Bank Transfer;2026/04/06;Emma Nkosi
T04833;S003;Rosebank;C1505;Guest;P0006;Coffee Maker;Appliances;6;1299.99;7799.94;Card;2026/03/16;Liam Jacobs
T04834;S003;Rosebank;C0261;Guest;P0007;Air Fryer;Appliances;5;1799.99;8999.95;Cash;2026/05/14;Emma Nkosi
T04835;S003;Rosebank;C0106;Guest;P0015;Sports Bottle;Sportswear;2;199.99;399.98;Card;2026/04/28;Daniel Smith
T04836;S003;Rosebank;C0691;Guest;P0010;Cotton T-Shirt;Clothing;6;249.99;1499.94;Bank Transfer;2026/04/12;James Botha
T04837;S003;Rosebank;C1807;Member;P0009;Electric Kettle;Appliances;1;499.99;499.99;Card;2026/04/16;Emma Nkosi
T04838;S003;Rosebank;C0150;Guest;P0014;Yoga Mat;Sportswear;6;399.99;2399.94;Card;2026/05/13;Daniel Smith
T04839;S003;Rosebank;C0691;Member;P0008;Blender;Appliances;3;899.99;2699.97;Mobile Pay;2026/06/24;Sarah Mokoena
T04840;S003;Rosebank;C2380;Guest;P0018;Perfume;Beauty;2;899.99;1799.98;Cash;2026/04/01;James Botha
T04841;S003;Rosebank;C1706;Member;P0011;Denim Jeans;Clothing;1;799.99;799.99;Cash;2026/02/28;Olivia Dlamini
T04842;S003;Rosebank;C2086;Member;P0023;Dinner Plate Set;Kitchen;1;499.99;499.99;Card;2026/02/10;Jessica Naidoo
T04843;S003;Rosebank;C0063;Guest;P0014;Yoga Mat;Sportswear;3;399.99;1199.97;Cash;2026/06/04;Liam Jacobs
T04844;S003;Rosebank;C1364;Member;P0004;USB-C Charger;Electronics;5;299.99;1499.95;Bank Transfer;2026/02/05;Jessica Naidoo
T04845;S003;Rosebank;C1572;Member;P0002;Bluetooth Speaker;Electronics;4;649.99;2599.96;Bank Transfer;2026/01/08;Sarah Mokoena
T04846;S003;Rosebank;C0290;Member;P0008;Blender;Appliances;4;899.99;3599.96;Mobile Pay;2026/01/29;Emma Nkosi
T04847;S003;Rosebank;C2866;Guest;P0001;Wireless Headphones;Electronics;5;899.99;4499.95;Card;2026/04/20;Emma Nkosi
T04848;S003;Rosebank;C2504;Member;P0020;Table Lamp;Home & Decor;1;699.99;699.99;Cash;2026/03/10;Sarah Mokoena
T04849;S003;Rosebank;C2346;Guest;P0006;Coffee Maker;Appliances;1;1299.99;1299.99;Bank Transfer;2026/03/29;Michael Williams
T04850;S003;Rosebank;C2803;Guest;P0007;Air Fryer;Appliances;2;1799.99;3599.98;Cash;2026/03/30;Noah Pillay
T04851;S003;Rosebank;C1339;Member;P0014;Yoga Mat;Sportswear;1;399.99;399.99;Mobile Pay;2026/03/25;Michael Williams
T04852;S003;Rosebank;C0364;Member;P0024;Storage Container Set;Kitchen;6;349.99;2099.94;Mobile Pay;2026/04/09;James Botha
T04853;S003;Rosebank;C2911;Member;P0008;Blender;Appliances;1;899.99;899.99;Bank Transfer;2026/05/21;Emma Nkosi
T04854;S003;Rosebank;C0122;Guest;P0018;Perfume;Beauty;4;899.99;3599.96;Bank Transfer;2026/01/21;Michael Williams
T04855;S003;Rosebank;C2281;Guest;P0009;Electric Kettle;Appliances;2;499.99;999.98;Mobile Pay;2026/03/21;Daniel Smith
T04856;S003;Rosebank;C2354;Member;P0012;Hooded Sweatshirt;Clothing;5;599.99;2999.95;Cash;2026/06/29;Liam Jacobs
T04857;S003;Rosebank;C1587;Member;P0003;Smart Watch;Electronics;4;1299.99;5199.96;Cash;2026/05/13;Daniel Smith
T04858;S003;Rosebank;C2893;Member;P0021;Cushion Set;Home & Decor;6;299.99;1799.94;Cash;2026/05/27;James Botha
T04859;S003;Rosebank;C1429;Guest;P0009;Electric Kettle;Appliances;5;499.99;2499.95;Cash;2026/01/22;Sarah Mokoena
T04860;S003;Rosebank;C1875;Member;P0025;Novel Book;Books;1;199.99;199.99;Cash;2026/01/22;Noah Pillay
T04861;S003;Rosebank;C2861;Guest;P0002;Bluetooth Speaker;Electronics;4;649.99;2599.96;Cash;2026/03/12;James Botha
T04862;S003;Rosebank;C0969;Guest;P0003;Smart Watch;Electronics;2;1299.99;2599.98;Card;2026/03/24;Sarah Mokoena
T04863;S003;Rosebank;C0938;Member;P0007;Air Fryer;Appliances;3;1799.99;5399.97;Card;2026/01/10;Emma Nkosi
T04864;S003;Rosebank;C1681;Member;P0017;Face Moisturiser;Beauty;6;249.99;1499.94;Bank Transfer;2026/01/16;Michael Williams
T04865;S003;Rosebank;C1259;Member;P0025;Novel Book;Books;4;199.99;799.96;Card;2026/06/28;Olivia Dlamini
T04866;S003;Rosebank;C2692;Member;P0007;Air Fryer;Appliances;4;1799.99;7199.96;Mobile Pay;2026/03/14;James Botha
T04867;S003;Rosebank;C2645;Member;P0006;Coffee Maker;Appliances;1;1299.99;1299.99;Cash;2026/04/10;Olivia Dlamini
T04868;S003;Rosebank;C1478;Guest;P0012;Hooded Sweatshirt;Clothing;2;599.99;1199.98;Card;2026/04/28;Olivia Dlamini
T04869;S003;Rosebank;C0892;Member;P0016;Skincare Set;Beauty;6;599.99;3599.94;Cash;2026/01/24;James Botha
T04870;S003;Rosebank;C2351;Member;P0019;Throw Blanket;Home & Decor;2;449.99;899.98;Card;2026/01/28;Daniel Smith
T04871;S003;Rosebank;C1241;Member;P0012;Hooded Sweatshirt;Clothing;6;599.99;3599.94;Card;2026/06/10;Sarah Mokoena
T04872;S003;Rosebank;C0366;Member;P0020;Table Lamp;Home & Decor;5;699.99;3499.95;Cash;2026/03/27;Jessica Naidoo
T04873;S003;Rosebank;C2588;Member;P0017;Face Moisturiser;Beauty;2;249.99;499.98;Bank Transfer;2026/02/25;James Botha
T04874;S003;Rosebank;C2136;Member;P0020;Table Lamp;Home & Decor;4;699.99;2799.96;Mobile Pay;2026/03/26;James Botha
T04875;S003;Rosebank;C2291;Member;P0014;Yoga Mat;Sportswear;6;399.99;2399.94;Card;2026/06/29;Sophie Mthembu
T04876;S003;Rosebank;C2226;Member;P0022;Cookware Set;Kitchen;4;1599.99;6399.96;Bank Transfer;2026/03/16;James Botha
T04877;S003;Rosebank;C1437;Guest;P0024;Storage Container Set;Kitchen;3;349.99;1049.97;Card;2026/04/08;Jessica Naidoo
T04878;S003;Rosebank;C1825;Member;P0013;Running Shoes;Sportswear;4;1499.5;5998.0;Bank Transfer;2026/03/03;Olivia Dlamini
T04879;S003;Rosebank;C2623;Member;P0006;Coffee Maker;Appliances;2;1299.99;2599.98;Bank Transfer;2026/01/07;Emma Nkosi
T04880;S003;Rosebank;C0839;Member;P0008;Blender;Appliances;1;899.99;899.99;Mobile Pay;2026/03/30;Emma Nkosi
T04881;S003;Rosebank;C0193;Member;P0015;Sports Bottle;Sportswear;1;199.99;199.99;Card;2026/02/06;Sophie Mthembu
T04882;S003;Rosebank;C1500;Member;P0023;Dinner Plate Set;Kitchen;4;499.99;1999.96;Mobile Pay;2026/04/28;Daniel Smith
T04883;S003;Rosebank;C1914;Member;P0004;USB-C Charger;Electronics;1;299.99;299.99;Mobile Pay;2026/04/16;Sophie Mthembu
T04884;S003;Rosebank;C1642;Guest;P0002;Bluetooth Speaker;Electronics;3;649.99;1949.97;Cash;2026/01/12;Daniel Smith
T04885;S003;Rosebank;C2713;Member;P0017;Face Moisturiser;Beauty;3;249.99;749.97;Mobile Pay;2026/04/26;Jessica Naidoo
T04886;S003;Rosebank;C1639;Guest;P0004;USB-C Charger;Electronics;6;299.99;1799.94;Mobile Pay;2026/01/25;Michael Williams
T04887;S003;Rosebank;C0626;Member;P0017;Face Moisturiser;Beauty;3;249.99;749.97;Bank Transfer;2026/06/03;Noah Pillay
T04888;S003;Rosebank;C2270;Guest;P0004;USB-C Charger;Electronics;5;299.99;1499.95;Cash;2026/03/07;James Botha
T04889;S003;Rosebank;C2053;Member;P0008;Blender;Appliances;5;899.99;4499.95;Card;2026/04/06;Emma Nkosi
T04890;S003;Rosebank;C0656;Member;P0009;Electric Kettle;Appliances;1;499.99;499.99;Bank Transfer;2026/03/24;Michael Williams
T04891;S003;Rosebank;C0058;Guest;P0015;Sports Bottle;Sportswear;3;199.99;599.97;Mobile Pay;2026/04/27;Emma Nkosi
T04892;S003;Rosebank;C2743;Guest;P0004;USB-C Charger;Electronics;5;299.99;1499.95;Card;2026/06/13;Noah Pillay
T04893;S003;Rosebank;C2612;Member;P0020;Table Lamp;Home & Decor;1;699.99;699.99;Cash;2026/03/31;Emma Nkosi
T04894;S003;Rosebank;C2932;Member;P0020;Table Lamp;Home & Decor;3;699.99;2099.97;Bank Transfer;2026/01/06;Sarah Mokoena
T04895;S003;Rosebank;C1291;Guest;P0017;Face Moisturiser;Beauty;4;249.99;999.96;Mobile Pay;2026/04/28;Jessica Naidoo
T04896;S003;Rosebank;C1861;Member;P0015;Sports Bottle;Sportswear;3;199.99;599.97;Card;2026/04/13;Emma Nkosi
T04897;S003;Rosebank;C0737;Member;P0010;Cotton T-Shirt;Clothing;3;249.99;749.97;Cash;2026/02/08;Sophie Mthembu
T04898;S003;Rosebank;C0241;Member;P0003;Smart Watch;Electronics;1;1299.99;1299.99;Mobile Pay;2026/06/07;Olivia Dlamini
T04899;S003;Rosebank;C2931;Member;P0020;Table Lamp;Home & Decor;6;699.99;4199.94;Cash;2026/03/26;Liam Jacobs
T04900;S003;Rosebank;C0427;Guest;P0009;Electric Kettle;Appliances;2;499.99;999.98;Card;2026/05/17;Jessica Naidoo
T04901;S003;Rosebank;C0206;Member;P0025;Novel Book;Books;5;199.99;999.95;Card;2026/05/25;Olivia Dlamini
T04902;S003;Rosebank;C0149;Member;P0025;Novel Book;Books;1;199.99;199.99;Cash;2026/03/07;Noah Pillay
T04903;S003;Rosebank;C1562;Member;P0008;Blender;Appliances;4;899.99;3599.96;Cash;2026/04/01;Sarah Mokoena
T04904;S003;Rosebank;C2151;Member;P0022;Cookware Set;Kitchen;2;1599.99;3199.98;Mobile Pay;2026/01/22;Sarah Mokoena
T04905;S003;Rosebank;C1678;Guest;P0004;USB-C Charger;Electronics;5;299.99;1499.95;Mobile Pay;2026/05/30;Liam Jacobs
T04906;S003;Rosebank;C1600;Guest;P0013;Running Shoes;Sportswear;3;1499.5;4498.5;Mobile Pay;2026/05/06;James Botha
T04907;S003;Rosebank;C1199;Guest;P0007;Air Fryer;Appliances;2;1799.99;3599.98;Card;2026/01/19;James Botha
T04908;S003;Rosebank;C2327;Member;P0025;Novel Book;Books;3;199.99;599.97;Mobile Pay;2026/04/30;Noah Pillay
T04909;S003;Rosebank;C2062;Guest;P0023;Dinner Plate Set;Kitchen;5;499.99;2499.95;Bank Transfer;2026/03/07;Emma Nkosi
T04910;S003;Rosebank;C0893;Member;P0012;Hooded Sweatshirt;Clothing;5;599.99;2999.95;Cash;2026/01/21;Liam Jacobs
T04911;S003;Rosebank;C2506;Guest;P0015;Sports Bottle;Sportswear;4;199.99;799.96;Bank Transfer;2026/06/29;James Botha
T04912;S003;Rosebank;C0867;Member;P0019;Throw Blanket;Home & Decor;3;449.99;1349.97;Bank Transfer;2026/05/01;James Botha
T04913;S003;Rosebank;C0964;Member;P0002;Bluetooth Speaker;Electronics;1;649.99;649.99;Bank Transfer;2026/03/03;Noah Pillay
T04914;S003;Rosebank;C1712;Guest;P0012;Hooded Sweatshirt;Clothing;6;599.99;3599.94;Bank Transfer;2026/02/02;Liam Jacobs
T04915;S003;Rosebank;C2204;Member;P0019;Throw Blanket;Home & Decor;3;449.99;1349.97;Cash;2026/06/26;Jessica Naidoo
T04916;S003;Rosebank;C0794;Member;P0001;Wireless Headphones;Electronics;2;899.99;1799.98;Bank Transfer;2026/01/18;Sarah Mokoena
T04917;S003;Rosebank;C0752;Member;P0016;Skincare Set;Beauty;1;599.99;599.99;Bank Transfer;2026/06/28;Liam Jacobs
T04918;S003;Rosebank;C0977;Member;P0002;Bluetooth Speaker;Electronics;4;649.99;2599.96;Cash;2026/02/13;Michael Williams
T04919;S003;Rosebank;C0615;Member;P0023;Dinner Plate Set;Kitchen;3;499.99;1499.97;Card;2026/03/01;Daniel Smith
T04920;S003;Rosebank;C2040;Guest;P0022;Cookware Set;Kitchen;5;1599.99;7999.95;Card;2026/02/09;Sarah Mokoena
T04921;S003;Rosebank;C0102;Member;P0021;Cushion Set;Home & Decor;2;299.99;599.98;Cash;2026/03/02;Sophie Mthembu
T04922;S003;Rosebank;C1593;Member;P0019;Throw Blanket;Home & Decor;6;449.99;2699.94;Card;2026/05/13;Olivia Dlamini
T04923;S003;Rosebank;C0950;Member;P0022;Cookware Set;Kitchen;5;1599.99;7999.95;Card;2026/01/30;Michael Williams
T04924;S003;Rosebank;C1114;Guest;P0006;Coffee Maker;Appliances;1;1299.99;1299.99;Bank Transfer;2026/03/21;Emma Nkosi
T04925;S003;Rosebank;C2409;Guest;P0016;Skincare Set;Beauty;4;599.99;2399.96;Mobile Pay;2026/04/06;Olivia Dlamini
T04926;S003;Rosebank;C2694;Member;P0021;Cushion Set;Home & Decor;3;299.99;899.97;Cash;2026/06/19;Emma Nkosi
T04927;S003;Rosebank;C1920;Member;P0014;Yoga Mat;Sportswear;2;399.99;799.98;Cash;2026/03/25;Sarah Mokoena
T04928;S003;Rosebank;C1491;Member;P0022;Cookware Set;Kitchen;3;1599.99;4799.97;Bank Transfer;2026/04/05;Sophie Mthembu
T04929;S003;Rosebank;C1689;Member;P0019;Throw Blanket;Home & Decor;4;449.99;1799.96;Bank Transfer;2026/01/26;Liam Jacobs
T04930;S003;Rosebank;C2281;Guest;P0014;Yoga Mat;Sportswear;2;399.99;799.98;Mobile Pay;2026/03/16;Sarah Mokoena
T04931;S003;Rosebank;C0289;Member;P0008;Blender;Appliances;5;899.99;4499.95;Mobile Pay;2026/03/16;Emma Nkosi
T04932;S003;Rosebank;C2527;Member;P0022;Cookware Set;Kitchen;6;1599.99;9599.94;Mobile Pay;2026/06/27;Noah Pillay
T04933;S003;Rosebank;C2214;Guest;P0015;Sports Bottle;Sportswear;3;199.99;599.97;Card;2026/03/20;James Botha
T04934;S003;Rosebank;C2022;Guest;P0006;Coffee Maker;Appliances;2;1299.99;2599.98;Card;2026/06/20;Jessica Naidoo
T04935;S003;Rosebank;C0163;Member;P0004;USB-C Charger;Electronics;4;299.99;1199.96;Card;2026/04/08;Emma Nkosi
T04936;S003;Rosebank;C0388;Member;P0020;Table Lamp;Home & Decor;1;699.99;699.99;Bank Transfer;2026/06/05;Liam Jacobs
T04937;S003;Rosebank;C0143;Guest;P0016;Skincare Set;Beauty;1;599.99;599.99;Cash;2026/06/04;Daniel Smith
T04938;S003;Rosebank;C0854;Member;P0010;Cotton T-Shirt;Clothing;4;249.99;999.96;Card;2026/04/12;Sophie Mthembu
T04939;S003;Rosebank;C2816;Member;P0015;Sports Bottle;Sportswear;6;199.99;1199.94;Mobile Pay;2026/06/10;Daniel Smith
T04940;S003;Rosebank;C2806;Member;P0014;Yoga Mat;Sportswear;1;399.99;399.99;Bank Transfer;2026/01/13;Michael Williams
T04941;S003;Rosebank;C2371;Member;P0022;Cookware Set;Kitchen;1;1599.99;1599.99;Cash;2026/05/02;Noah Pillay
T04942;S003;Rosebank;C0207;Member;P0009;Electric Kettle;Appliances;6;499.99;2999.94;Cash;2026/03/05;Daniel Smith
T04943;S003;Rosebank;C0656;Member;P0008;Blender;Appliances;2;899.99;1799.98;Cash;2026/03/12;Daniel Smith
T04944;S003;Rosebank;C2983;Member;P0020;Table Lamp;Home & Decor;4;699.99;2799.96;Card;2026/02/15;Emma Nkosi
T04945;S003;Rosebank;C0229;Guest;P0010;Cotton T-Shirt;Clothing;3;249.99;749.97;Card;2026/04/23;James Botha
T04946;S003;Rosebank;C1704;Guest;P0012;Hooded Sweatshirt;Clothing;3;599.99;1799.97;Mobile Pay;2026/04/11;Daniel Smith
T04947;S003;Rosebank;C2475;Member;P0024;Storage Container Set;Kitchen;4;349.99;1399.96;Cash;2026/05/23;James Botha
T04948;S003;Rosebank;C2802;Member;P0010;Cotton T-Shirt;Clothing;3;249.99;749.97;Mobile Pay;2026/01/31;Daniel Smith
T04949;S003;Rosebank;C2962;Member;P0012;Hooded Sweatshirt;Clothing;6;599.99;3599.94;Mobile Pay;2026/05/30;Sophie Mthembu
T04950;S003;Rosebank;C1305;Member;P0025;Novel Book;Books;2;199.99;399.98;Mobile Pay;2026/05/31;Noah Pillay
T04951;S003;Rosebank;C0594;Member;P0021;Cushion Set;Home & Decor;6;299.99;1799.94;Cash;2026/03/29;Olivia Dlamini
T04952;S003;Rosebank;C0625;Guest;P0015;Sports Bottle;Sportswear;1;199.99;199.99;Card;2026/03/28;Sophie Mthembu
T04953;S003;Rosebank;C1940;Member;P0006;Coffee Maker;Appliances;3;1299.99;3899.97;Bank Transfer;2026/05/22;Olivia Dlamini
T04954;S003;Rosebank;C2494;Member;P0010;Cotton T-Shirt;Clothing;3;249.99;749.97;Card;2026/06/24;Michael Williams
T04955;S003;Rosebank;C1172;Member;P0011;Denim Jeans;Clothing;6;799.99;4799.94;Bank Transfer;2026/03/02;Emma Nkosi
T04956;S003;Rosebank;C2815;Guest;P0014;Yoga Mat;Sportswear;6;399.99;2399.94;Mobile Pay;2026/02/28;Olivia Dlamini
T04957;S003;Rosebank;C1364;Member;P0004;USB-C Charger;Electronics;2;299.99;599.98;Mobile Pay;2026/04/23;Olivia Dlamini
T04958;S003;Rosebank;C0200;Member;P0025;Novel Book;Books;3;199.99;599.97;Mobile Pay;2026/03/01;Sophie Mthembu
T04959;S003;Rosebank;C1053;Guest;P0021;Cushion Set;Home & Decor;5;299.99;1499.95;Mobile Pay;2026/03/21;Sarah Mokoena
T04960;S003;Rosebank;C1194;Guest;P0017;Face Moisturiser;Beauty;6;249.99;1499.94;Bank Transfer;2026/02/02;Noah Pillay
T04961;S003;Rosebank;C1289;Member;P0019;Throw Blanket;Home & Decor;6;449.99;2699.94;Mobile Pay;2026/04/16;Jessica Naidoo
T04962;S003;Rosebank;C1668;Guest;P0024;Storage Container Set;Kitchen;5;349.99;1749.95;Cash;2026/06/29;Sarah Mokoena
T04963;S003;Rosebank;C0481;Member;P0014;Yoga Mat;Sportswear;6;399.99;2399.94;Card;2026/06/13;James Botha
T04964;S003;Rosebank;C1485;Member;P0010;Cotton T-Shirt;Clothing;5;249.99;1249.95;Bank Transfer;2026/04/23;Noah Pillay
T04965;S003;Rosebank;C1144;Guest;P0007;Air Fryer;Appliances;5;1799.99;8999.95;Mobile Pay;2026/05/18;Sarah Mokoena
T04966;S003;Rosebank;C2452;Guest;P0006;Coffee Maker;Appliances;5;1299.99;6499.95;Mobile Pay;2026/03/28;Sophie Mthembu
T04967;S003;Rosebank;C2111;Member;P0002;Bluetooth Speaker;Electronics;1;649.99;649.99;Bank Transfer;2026/05/09;Daniel Smith
T04968;S003;Rosebank;C2027;Member;P0020;Table Lamp;Home & Decor;2;699.99;1399.98;Mobile Pay;2026/03/18;Sophie Mthembu
T04969;S003;Rosebank;C1801;Member;P0020;Table Lamp;Home & Decor;1;699.99;699.99;Cash;2026/01/04;Olivia Dlamini
T04970;S003;Rosebank;C2920;Member;P0001;Wireless Headphones;Electronics;6;899.99;5399.94;Card;2026/04/30;Jessica Naidoo
T04971;S003;Rosebank;C0707;Guest;P0025;Novel Book;Books;2;199.99;399.98;Card;2026/03/18;Sophie Mthembu
T04972;S003;Rosebank;C0524;Guest;P0016;Skincare Set;Beauty;3;599.99;1799.97;Bank Transfer;2026/05/29;James Botha
T04973;S003;Rosebank;C0980;Member;P0017;Face Moisturiser;Beauty;2;249.99;499.98;Mobile Pay;2026/04/21;Liam Jacobs
T04974;S003;Rosebank;C2710;Member;P0005;Laptop Backpack;Accessories;6;549.99;3299.94;Bank Transfer;2026/05/10;Jessica Naidoo
T04975;S003;Rosebank;C1438;Member;P0002;Bluetooth Speaker;Electronics;4;649.99;2599.96;Card;2026/02/13;Emma Nkosi
T04976;S003;Rosebank;C1275;Member;P0012;Hooded Sweatshirt;Clothing;2;599.99;1199.98;Card;2026/05/03;Michael Williams
T04977;S003;Rosebank;C0143;Guest;P0019;Throw Blanket;Home & Decor;2;449.99;899.98;Cash;2026/01/24;Sophie Mthembu
T04978;S003;Rosebank;C0029;Member;P0020;Table Lamp;Home & Decor;4;699.99;2799.96;Card;2026/02/27;Noah Pillay
T04979;S003;Rosebank;C2558;Member;P0001;Wireless Headphones;Electronics;4;899.99;3599.96;Card;2026/02/14;James Botha
T04980;S003;Rosebank;C0570;Member;P0016;Skincare Set;Beauty;1;599.99;599.99;Bank Transfer;2026/04/27;Sarah Mokoena
T04981;S003;Rosebank;C1156;Member;P0020;Table Lamp;Home & Decor;1;699.99;699.99;Cash;2026/01/21;Daniel Smith
T04982;S003;Rosebank;C2837;Guest;P0021;Cushion Set;Home & Decor;3;299.99;899.97;Bank Transfer;2026/01/03;Jessica Naidoo
T04983;S003;Rosebank;C1009;Member;P0018;Perfume;Beauty;6;899.99;5399.94;Mobile Pay;2026/01/26;Michael Williams
T04984;S003;Rosebank;C1495;Member;P0007;Air Fryer;Appliances;3;1799.99;5399.97;Cash;2026/02/25;James Botha
T04985;S003;Rosebank;C2117;Guest;P0010;Cotton T-Shirt;Clothing;2;249.99;499.98;Bank Transfer;2026/06/22;Jessica Naidoo
T04986;S003;Rosebank;C2592;Member;P0004;USB-C Charger;Electronics;1;299.99;299.99;Card;2026/06/25;James Botha
T04987;S003;Rosebank;C2276;Member;P0018;Perfume;Beauty;2;899.99;1799.98;Card;2026/03/22;Sarah Mokoena
T04988;S003;Rosebank;C1970;Guest;P0023;Dinner Plate Set;Kitchen;1;499.99;499.99;Mobile Pay;2026/04/02;Emma Nkosi
T04989;S003;Rosebank;C0479;Member;P0007;Air Fryer;Appliances;2;1799.99;3599.98;Bank Transfer;2026/01/15;Sarah Mokoena
T04990;S003;Rosebank;C2432;Guest;P0003;Smart Watch;Electronics;4;1299.99;5199.96;Cash;2026/02/01;Sophie Mthembu
T04991;S003;Rosebank;C2524;Member;P0008;Blender;Appliances;3;899.99;2699.97;Mobile Pay;2026/05/17;Liam Jacobs
T04992;S003;Rosebank;C1769;Member;P0021;Cushion Set;Home & Decor;4;299.99;1199.96;Bank Transfer;2026/02/19;Liam Jacobs
T04993;S003;Rosebank;C1508;Member;P0004;USB-C Charger;Electronics;6;299.99;1799.94;Mobile Pay;2026/03/03;Sophie Mthembu
T04994;S003;Rosebank;C1755;Member;P0015;Sports Bottle;Sportswear;5;199.99;999.95;Cash;2026/03/31;Olivia Dlamini
T04995;S003;Rosebank;C1837;Member;P0022;Cookware Set;Kitchen;2;1599.99;3199.98;Card;2026/02/09;Emma Nkosi
T04996;S003;Rosebank;C0903;Guest;P0005;Laptop Backpack;Accessories;3;549.99;1649.97;Bank Transfer;2026/03/27;Sarah Mokoena
T04997;S003;Rosebank;C1585;Guest;P0015;Sports Bottle;Sportswear;5;199.99;999.95;Card;2026/05/15;Jessica Naidoo
T04998;S003;Rosebank;C1230;Guest;P0015;Sports Bottle;Sportswear;6;199.99;1199.94;Mobile Pay;2026/03/20;James Botha
T04999;S003;Rosebank;C0208;Member;P0001;Wireless Headphones;Electronics;3;899.99;2699.97;Mobile Pay;2026/04/27;Noah Pillay
T05000;S003;Rosebank;C0079;Member;P0009;Electric Kettle;Appliances;6;499.99;2999.94;Mobile Pay;2026/06/12;James Botha
T05001;S003;Rosebank;C1776;Member;P0006;Coffee Maker;Appliances;4;1299.99;5199.96;Mobile Pay;2026/01/19;Daniel Smith
T05002;S003;Rosebank;C2469;Guest;P0007;Air Fryer;Appliances;6;1799.99;10799.94;Card;2026/04/08;James Botha
T05003;S003;Rosebank;C2627;Member;P0011;Denim Jeans;Clothing;3;799.99;2399.97;Mobile Pay;2026/01/02;Olivia Dlamini
T05004;S003;Rosebank;C0939;Guest;P0005;Laptop Backpack;Accessories;1;549.99;549.99;Mobile Pay;2026/06/10;Emma Nkosi
T05005;S003;Rosebank;C0613;Guest;P0025;Novel Book;Books;6;199.99;1199.94;Card;2026/06/23;Olivia Dlamini
T05006;S003;Rosebank;C1235;Guest;P0020;Table Lamp;Home & Decor;6;699.99;4199.94;Cash;2026/02/01;Sarah Mokoena
T05007;S003;Rosebank;C1490;Member;P0020;Table Lamp;Home & Decor;2;699.99;1399.98;Cash;2026/03/28;Emma Nkosi
T05008;S003;Rosebank;C1518;Guest;P0007;Air Fryer;Appliances;6;1799.99;10799.94;Bank Transfer;2026/05/15;Daniel Smith
T05009;S003;Rosebank;C2067;Guest;P0004;USB-C Charger;Electronics;6;299.99;1799.94;Card;2026/03/05;Noah Pillay
T05010;S003;Rosebank;C2287;Member;P0005;Laptop Backpack;Accessories;1;549.99;549.99;Card;2026/05/14;Jessica Naidoo
T05011;S003;Rosebank;C0454;Guest;P0022;Cookware Set;Kitchen;3;1599.99;4799.97;Mobile Pay;2026/03/11;Emma Nkosi
T05012;S003;Rosebank;C1507;Guest;P0005;Laptop Backpack;Accessories;4;549.99;2199.96;Cash;2026/04/29;Olivia Dlamini
T05013;S003;Rosebank;C2865;Member;P0016;Skincare Set;Beauty;5;599.99;2999.95;Cash;2026/01/30;Michael Williams
T05014;S003;Rosebank;C0796;Guest;P0005;Laptop Backpack;Accessories;6;549.99;3299.94;Cash;2026/05/26;Liam Jacobs
T05015;S003;Rosebank;C2631;Member;P0024;Storage Container Set;Kitchen;1;349.99;349.99;Card;2026/04/07;Michael Williams
T05016;S003;Rosebank;C0840;Member;P0013;Running Shoes;Sportswear;4;1499.5;5998.0;Cash;2026/02/19;Sarah Mokoena
T05017;S003;Rosebank;C2606;Member;P0013;Running Shoes;Sportswear;2;1499.5;2999.0;Cash;2026/01/25;Olivia Dlamini
T05018;S003;Rosebank;C1077;Guest;P0017;Face Moisturiser;Beauty;1;249.99;249.99;Cash;2026/02/24;Emma Nkosi
T05019;S003;Rosebank;C0158;Member;P0025;Novel Book;Books;4;199.99;799.96;Mobile Pay;2026/05/29;Olivia Dlamini
T05020;S003;Rosebank;C1582;Guest;P0023;Dinner Plate Set;Kitchen;5;499.99;2499.95;Bank Transfer;2026/04/06;Daniel Smith
T05021;S003;Rosebank;C0554;Member;P0017;Face Moisturiser;Beauty;3;249.99;749.97;Bank Transfer;2026/01/09;Olivia Dlamini
T05022;S003;Rosebank;C1015;Member;P0023;Dinner Plate Set;Kitchen;5;499.99;2499.95;Bank Transfer;2026/01/25;Olivia Dlamini
T05023;S003;Rosebank;C0446;Member;P0015;Sports Bottle;Sportswear;4;199.99;799.96;Card;2026/03/13;Jessica Naidoo
T05024;S003;Rosebank;C1736;Guest;P0005;Laptop Backpack;Accessories;2;549.99;1099.98;Card;2026/03/16;Jessica Naidoo
T05025;S003;Rosebank;C0248;Guest;P0008;Blender;Appliances;6;899.99;5399.94;Cash;2026/04/07;Daniel Smith
T05026;S003;Rosebank;C0147;Guest;P0004;USB-C Charger;Electronics;1;299.99;299.99;Bank Transfer;2026/04/17;Olivia Dlamini
T05027;S003;Rosebank;C1354;Member;P0008;Blender;Appliances;3;899.99;2699.97;Card;2026/06/15;Sarah Mokoena
T05028;S003;Rosebank;C0298;Member;P0018;Perfume;Beauty;1;899.99;899.99;Cash;2026/01/03;Michael Williams
T05029;S003;Rosebank;C1073;Guest;P0007;Air Fryer;Appliances;1;1799.99;1799.99;Cash;2026/02/28;Sophie Mthembu
T05030;S003;Rosebank;C2941;Guest;P0002;Bluetooth Speaker;Electronics;4;649.99;2599.96;Bank Transfer;2026/05/08;Liam Jacobs
T05031;S003;Rosebank;C1092;Member;P0011;Denim Jeans;Clothing;1;799.99;799.99;Mobile Pay;2026/01/08;Noah Pillay
T05032;S003;Rosebank;C0303;Member;P0009;Electric Kettle;Appliances;5;499.99;2499.95;Cash;2026/05/12;Olivia Dlamini
T05033;S003;Rosebank;C0368;Member;P0014;Yoga Mat;Sportswear;6;399.99;2399.94;Cash;2026/05/21;Noah Pillay
T05034;S003;Rosebank;C2082;Member;P0008;Blender;Appliances;5;899.99;4499.95;Card;2026/05/23;Michael Williams
T05035;S003;Rosebank;C0529;Member;P0012;Hooded Sweatshirt;Clothing;1;599.99;599.99;Mobile Pay;2026/05/23;Daniel Smith
T05036;S003;Rosebank;C2678;Member;P0022;Cookware Set;Kitchen;5;1599.99;7999.95;Card;2026/01/17;Michael Williams
T05037;S003;Rosebank;C2445;Member;P0015;Sports Bottle;Sportswear;3;199.99;599.97;Mobile Pay;2026/02/08;Emma Nkosi
T05038;S003;Rosebank;C2943;Guest;P0017;Face Moisturiser;Beauty;2;249.99;499.98;Bank Transfer;2026/04/01;Olivia Dlamini
T05039;S003;Rosebank;C1412;Member;P0018;Perfume;Beauty;4;899.99;3599.96;Mobile Pay;2026/01/28;Emma Nkosi
T05040;S003;Rosebank;C0786;Member;P0016;Skincare Set;Beauty;4;599.99;2399.96;Mobile Pay;2026/04/04;Liam Jacobs
T05041;S003;Rosebank;C2372;Member;P0009;Electric Kettle;Appliances;1;499.99;499.99;Card;2026/06/09;Sophie Mthembu
T05042;S003;Rosebank;C1126;Member;P0022;Cookware Set;Kitchen;6;1599.99;9599.94;Card;2026/06/12;James Botha
T05043;S003;Rosebank;C2412;Member;P0022;Cookware Set;Kitchen;3;1599.99;4799.97;Cash;2026/06/19;Jessica Naidoo
T05044;S003;Rosebank;C2415;Member;P0010;Cotton T-Shirt;Clothing;3;249.99;749.97;Bank Transfer;2026/06/10;Daniel Smith
T05045;S003;Rosebank;C1798;Guest;P0005;Laptop Backpack;Accessories;4;549.99;2199.96;Card;2026/05/09;Liam Jacobs
T05046;S003;Rosebank;C2646;Guest;P0015;Sports Bottle;Sportswear;4;199.99;799.96;Card;2026/05/21;Liam Jacobs
T05047;S003;Rosebank;C1324;Member;P0008;Blender;Appliances;3;899.99;2699.97;Card;2026/04/10;Michael Williams
T05048;S003;Rosebank;C2233;Member;P0001;Wireless Headphones;Electronics;4;899.99;3599.96;Bank Transfer;2026/03/08;Sarah Mokoena
T05049;S003;Rosebank;C2958;Member;P0021;Cushion Set;Home & Decor;6;299.99;1799.94;Bank Transfer;2026/05/13;Emma Nkosi
T05050;S003;Rosebank;C2240;Member;P0014;Yoga Mat;Sportswear;5;399.99;1999.95;Bank Transfer;2026/03/05;James Botha
T05051;S003;Rosebank;C2588;Member;P0023;Dinner Plate Set;Kitchen;6;499.99;2999.94;Bank Transfer;2026/04/09;Daniel Smith
T05052;S003;Rosebank;C2215;Member;P0007;Air Fryer;Appliances;2;1799.99;3599.98;Cash;2026/01/27;Jessica Naidoo
T05053;S003;Rosebank;C1410;Member;P0023;Dinner Plate Set;Kitchen;1;499.99;499.99;Bank Transfer;2026/01/14;Sophie Mthembu
T05054;S003;Rosebank;C0820;Member;P0016;Skincare Set;Beauty;3;599.99;1799.97;Card;2026/06/12;Sophie Mthembu
T05055;S003;Rosebank;C1947;Member;P0008;Blender;Appliances;5;899.99;4499.95;Bank Transfer;2026/01/17;Sarah Mokoena
T05056;S003;Rosebank;C0008;Guest;P0021;Cushion Set;Home & Decor;2;299.99;599.98;Card;2026/05/18;Michael Williams
T05057;S003;Rosebank;C1249;Member;P0006;Coffee Maker;Appliances;5;1299.99;6499.95;Card;2026/03/12;Sarah Mokoena
T05058;S003;Rosebank;C2142;Guest;P0002;Bluetooth Speaker;Electronics;4;649.99;2599.96;Card;2026/05/08;Noah Pillay
T05059;S003;Rosebank;C2549;Member;P0020;Table Lamp;Home & Decor;3;699.99;2099.97;Bank Transfer;2026/05/10;Sophie Mthembu
T05060;S003;Rosebank;C1120;Member;P0025;Novel Book;Books;3;199.99;599.97;Cash;2026/04/02;Liam Jacobs
T05061;S003;Rosebank;C0800;Member;P0022;Cookware Set;Kitchen;2;1599.99;3199.98;Card;2026/06/26;Sophie Mthembu
T05062;S003;Rosebank;C2051;Member;P0008;Blender;Appliances;1;899.99;899.99;Cash;2026/04/15;Michael Williams
T05063;S003;Rosebank;C0702;Member;P0015;Sports Bottle;Sportswear;1;199.99;199.99;Mobile Pay;2026/03/25;Sophie Mthembu
T05064;S003;Rosebank;C1190;Member;P0007;Air Fryer;Appliances;6;1799.99;10799.94;Cash;2026/01/05;Michael Williams
T05065;S003;Rosebank;C0843;Member;P0004;USB-C Charger;Electronics;1;299.99;299.99;Mobile Pay;2026/06/13;Sophie Mthembu
T05066;S003;Rosebank;C1975;Guest;P0018;Perfume;Beauty;4;899.99;3599.96;Mobile Pay;2026/05/18;Liam Jacobs
T05067;S003;Rosebank;C1801;Member;P0011;Denim Jeans;Clothing;4;799.99;3199.96;Cash;2026/02/18;James Botha
T05068;S003;Rosebank;C2035;Member;P0007;Air Fryer;Appliances;4;1799.99;7199.96;Mobile Pay;2026/04/13;Sarah Mokoena
T05069;S003;Rosebank;C2473;Guest;P0009;Electric Kettle;Appliances;6;499.99;2999.94;Bank Transfer;2026/02/17;Emma Nkosi
T05070;S003;Rosebank;C1585;Member;P0013;Running Shoes;Sportswear;4;1499.5;5998.0;Bank Transfer;2026/04/02;Sarah Mokoena
T05071;S003;Rosebank;C2035;Member;P0010;Cotton T-Shirt;Clothing;5;249.99;1249.95;Bank Transfer;2026/02/11;Emma Nkosi
T05072;S003;Rosebank;C0408;Member;P0024;Storage Container Set;Kitchen;1;349.99;349.99;Card;2026/03/08;Liam Jacobs
T05073;S003;Rosebank;C1998;Member;P0005;Laptop Backpack;Accessories;1;549.99;549.99;Cash;2026/05/28;Olivia Dlamini
T05074;S003;Rosebank;C1881;Member;P0003;Smart Watch;Electronics;1;1299.99;1299.99;Card;2026/06/07;Emma Nkosi
T05075;S003;Rosebank;C2220;Member;P0001;Wireless Headphones;Electronics;5;899.99;4499.95;Cash;2026/06/14;Emma Nkosi
T05076;S003;Rosebank;C2411;Member;P0003;Smart Watch;Electronics;3;1299.99;3899.97;Card;2026/05/06;Daniel Smith
T05077;S003;Rosebank;C0141;Member;P0018;Perfume;Beauty;5;899.99;4499.95;Mobile Pay;2026/01/16;Daniel Smith
T05078;S003;Rosebank;C1038;Guest;P0024;Storage Container Set;Kitchen;1;349.99;349.99;Cash;2026/05/16;Sarah Mokoena
T05079;S003;Rosebank;C0744;Member;P0003;Smart Watch;Electronics;4;1299.99;5199.96;Mobile Pay;2026/05/23;Daniel Smith
T05080;S003;Rosebank;C0065;Guest;P0008;Blender;Appliances;5;899.99;4499.95;Cash;2026/04/21;Sophie Mthembu
T05081;S003;Rosebank;C1228;Member;P0004;USB-C Charger;Electronics;6;299.99;1799.94;Card;2026/06/09;Olivia Dlamini
T05082;S003;Rosebank;C2229;Member;P0002;Bluetooth Speaker;Electronics;5;649.99;3249.95;Cash;2026/05/19;Sophie Mthembu
T05083;S003;Rosebank;C1245;Member;P0024;Storage Container Set;Kitchen;5;349.99;1749.95;Mobile Pay;2026/04/07;Jessica Naidoo
T05084;S003;Rosebank;C1007;Guest;P0004;USB-C Charger;Electronics;5;299.99;1499.95;Card;2026/06/25;Michael Williams
T05085;S003;Rosebank;C2603;Guest;P0002;Bluetooth Speaker;Electronics;5;649.99;3249.95;Mobile Pay;2026/04/22;Liam Jacobs
T05086;S003;Rosebank;C2913;Guest;P0023;Dinner Plate Set;Kitchen;1;499.99;499.99;Bank Transfer;2026/06/14;Jessica Naidoo
T05087;S003;Rosebank;C2411;Member;P0018;Perfume;Beauty;6;899.99;5399.94;Card;2026/05/01;Michael Williams
T05088;S003;Rosebank;C0703;Guest;P0004;USB-C Charger;Electronics;6;299.99;1799.94;Bank Transfer;2026/06/29;Sophie Mthembu
T05089;S003;Rosebank;C2924;Member;P0020;Table Lamp;Home & Decor;5;699.99;3499.95;Bank Transfer;2026/02/14;Emma Nkosi
T05090;S003;Rosebank;C1779;Guest;P0022;Cookware Set;Kitchen;4;1599.99;6399.96;Mobile Pay;2026/01/28;Sarah Mokoena
T05091;S003;Rosebank;C1302;Guest;P0018;Perfume;Beauty;1;899.99;899.99;Card;2026/01/24;James Botha
T05092;S003;Rosebank;C0180;Member;P0022;Cookware Set;Kitchen;4;1599.99;6399.96;Card;2026/06/15;James Botha
T05093;S003;Rosebank;C2153;Guest;P0003;Smart Watch;Electronics;6;1299.99;7799.94;Cash;2026/01/01;Emma Nkosi
T05094;S003;Rosebank;C0208;Member;P0015;Sports Bottle;Sportswear;6;199.99;1199.94;Card;2026/03/26;Michael Williams
T05095;S003;Rosebank;C1594;Member;P0023;Dinner Plate Set;Kitchen;3;499.99;1499.97;Bank Transfer;2026/05/27;James Botha
T05096;S003;Rosebank;C2525;Member;P0021;Cushion Set;Home & Decor;2;299.99;599.98;Card;2026/04/28;Liam Jacobs
T05097;S003;Rosebank;C2861;Guest;P0001;Wireless Headphones;Electronics;4;899.99;3599.96;Cash;2026/02/16;Emma Nkosi
T05098;S003;Rosebank;C1674;Guest;P0009;Electric Kettle;Appliances;3;499.99;1499.97;Mobile Pay;2026/05/16;Olivia Dlamini
T05099;S003;Rosebank;C1461;Member;P0023;Dinner Plate Set;Kitchen;4;499.99;1999.96;Cash;2026/01/12;Sophie Mthembu
T05100;S003;Rosebank;C2368;Member;P0007;Air Fryer;Appliances;5;1799.99;8999.95;Card;2026/01/22;Daniel Smith
T05101;S003;Rosebank;C0371;Member;P0002;Bluetooth Speaker;Electronics;2;649.99;1299.98;Bank Transfer;2026/04/04;Sarah Mokoena
T05102;S003;Rosebank;C1510;Guest;P0023;Dinner Plate Set;Kitchen;4;499.99;1999.96;Bank Transfer;2026/05/09;Liam Jacobs
T05103;S003;Rosebank;C0623;Guest;P0018;Perfume;Beauty;1;899.99;899.99;Cash;2026/03/06;Sarah Mokoena
T05104;S003;Rosebank;C2248;Guest;P0021;Cushion Set;Home & Decor;1;299.99;299.99;Card;2026/04/20;Jessica Naidoo
T05105;S003;Rosebank;C2274;Member;P0011;Denim Jeans;Clothing;5;799.99;3999.95;Mobile Pay;2026/05/23;Michael Williams
T05106;S003;Rosebank;C1348;Guest;P0008;Blender;Appliances;2;899.99;1799.98;Mobile Pay;2026/02/17;Michael Williams
T05107;S003;Rosebank;C1524;Guest;P0013;Running Shoes;Sportswear;1;1499.5;1499.5;Mobile Pay;2026/04/05;Olivia Dlamini
T05108;S003;Rosebank;C0277;Member;P0014;Yoga Mat;Sportswear;4;399.99;1599.96;Bank Transfer;2026/03/13;Olivia Dlamini
T05109;S003;Rosebank;C1046;Member;P0003;Smart Watch;Electronics;2;1299.99;2599.98;Cash;2026/04/21;Jessica Naidoo
T05110;S003;Rosebank;C1745;Member;P0014;Yoga Mat;Sportswear;1;399.99;399.99;Mobile Pay;2026/05/05;Sophie Mthembu
T05111;S003;Rosebank;C1713;Member;P0020;Table Lamp;Home & Decor;4;699.99;2799.96;Bank Transfer;2026/03/20;James Botha
T05112;S003;Rosebank;C2696;Member;P0025;Novel Book;Books;5;199.99;999.95;Bank Transfer;2026/04/18;Sophie Mthembu
T05113;S003;Rosebank;C0589;Guest;P0010;Cotton T-Shirt;Clothing;1;249.99;249.99;Card;2026/01/03;Olivia Dlamini
T05114;S003;Rosebank;C0946;Member;P0011;Denim Jeans;Clothing;6;799.99;4799.94;Bank Transfer;2026/06/12;Emma Nkosi
T05115;S003;Rosebank;C1623;Guest;P0014;Yoga Mat;Sportswear;5;399.99;1999.95;Card;2026/05/29;Sophie Mthembu
T05116;S003;Rosebank;C2504;Member;P0017;Face Moisturiser;Beauty;5;249.99;1249.95;Cash;2026/06/08;Noah Pillay
T05117;S003;Rosebank;C0896;Member;P0005;Laptop Backpack;Accessories;4;549.99;2199.96;Mobile Pay;2026/04/15;Olivia Dlamini
T05118;S003;Rosebank;C2789;Member;P0002;Bluetooth Speaker;Electronics;1;649.99;649.99;Cash;2026/06/25;Sarah Mokoena
T05119;S003;Rosebank;C0075;Member;P0011;Denim Jeans;Clothing;1;799.99;799.99;Mobile Pay;2026/05/24;Olivia Dlamini
T05120;S003;Rosebank;C1024;Member;P0009;Electric Kettle;Appliances;4;499.99;1999.96;Bank Transfer;2026/04/07;Michael Williams
T05121;S003;Rosebank;C0709;Guest;P0006;Coffee Maker;Appliances;6;1299.99;7799.94;Cash;2026/06/04;James Botha
T05122;S003;Rosebank;C1531;Guest;P0011;Denim Jeans;Clothing;4;799.99;3199.96;Bank Transfer;2026/01/25;Liam Jacobs
T05123;S003;Rosebank;C1582;Member;P0018;Perfume;Beauty;5;899.99;4499.95;Cash;2026/02/08;Michael Williams
T05124;S003;Rosebank;C2946;Guest;P0018;Perfume;Beauty;4;899.99;3599.96;Cash;2026/02/21;Noah Pillay
T05125;S003;Rosebank;C0060;Member;P0017;Face Moisturiser;Beauty;4;249.99;999.96;Card;2026/03/21;Noah Pillay
T05126;S003;Rosebank;C1872;Member;P0025;Novel Book;Books;2;199.99;399.98;Cash;2026/04/18;Sarah Mokoena
T05127;S003;Rosebank;C1745;Member;P0015;Sports Bottle;Sportswear;6;199.99;1199.94;Mobile Pay;2026/04/11;Sophie Mthembu
T05128;S003;Rosebank;C0856;Guest;P0021;Cushion Set;Home & Decor;2;299.99;599.98;Card;2026/05/12;Sophie Mthembu
T05129;S003;Rosebank;C1251;Member;P0004;USB-C Charger;Electronics;1;299.99;299.99;Cash;2026/02/01;Liam Jacobs
T05130;S003;Rosebank;C2558;Member;P0004;USB-C Charger;Electronics;1;299.99;299.99;Card;2026/01/16;Daniel Smith
T05131;S003;Rosebank;C1859;Member;P0025;Novel Book;Books;2;199.99;399.98;Mobile Pay;2026/03/20;Sophie Mthembu
T05132;S003;Rosebank;C2763;Guest;P0016;Skincare Set;Beauty;6;599.99;3599.94;Cash;2026/04/20;Liam Jacobs
T05133;S003;Rosebank;C1819;Member;P0016;Skincare Set;Beauty;4;599.99;2399.96;Mobile Pay;2026/04/15;Olivia Dlamini
T05134;S003;Rosebank;C2929;Guest;P0017;Face Moisturiser;Beauty;3;249.99;749.97;Bank Transfer;2026/01/08;Olivia Dlamini
T05135;S003;Rosebank;C0867;Member;P0010;Cotton T-Shirt;Clothing;1;249.99;249.99;Cash;2026/01/19;Jessica Naidoo
T05136;S003;Rosebank;C0789;Member;P0025;Novel Book;Books;1;199.99;199.99;Mobile Pay;2026/02/17;James Botha
T05137;S003;Rosebank;C2573;Guest;P0013;Running Shoes;Sportswear;3;1499.5;4498.5;Cash;2026/04/03;Sarah Mokoena
T05138;S003;Rosebank;C0088;Member;P0025;Novel Book;Books;3;199.99;599.97;Bank Transfer;2026/01/21;Noah Pillay
T05139;S003;Rosebank;C2302;Member;P0015;Sports Bottle;Sportswear;1;199.99;199.99;Card;2026/03/08;James Botha
T05140;S003;Rosebank;C2878;Guest;P0009;Electric Kettle;Appliances;4;499.99;1999.96;Card;2026/02/21;Jessica Naidoo
T05141;S003;Rosebank;C1392;Member;P0008;Blender;Appliances;3;899.99;2699.97;Cash;2026/02/08;Sophie Mthembu
T05142;S003;Rosebank;C2156;Member;P0001;Wireless Headphones;Electronics;4;899.99;3599.96;Mobile Pay;2026/01/09;Emma Nkosi
T05143;S003;Rosebank;C1912;Member;P0004;USB-C Charger;Electronics;4;299.99;1199.96;Mobile Pay;2026/03/20;Liam Jacobs
T05144;S003;Rosebank;C2232;Member;P0008;Blender;Appliances;4;899.99;3599.96;Bank Transfer;2026/05/06;James Botha
T05145;S003;Rosebank;C0795;Member;P0016;Skincare Set;Beauty;2;599.99;1199.98;Cash;2026/04/18;James Botha
T05146;S003;Rosebank;C1173;Member;P0019;Throw Blanket;Home & Decor;2;449.99;899.98;Card;2026/03/12;Sophie Mthembu
T05147;S003;Rosebank;C2314;Guest;P0015;Sports Bottle;Sportswear;2;199.99;399.98;Card;2026/04/07;Daniel Smith
T05148;S003;Rosebank;C2721;Member;P0013;Running Shoes;Sportswear;1;1499.5;1499.5;Card;2026/05/30;Emma Nkosi
T05149;S003;Rosebank;C0759;Guest;P0014;Yoga Mat;Sportswear;6;399.99;2399.94;Card;2026/06/13;Sarah Mokoena
T05150;S003;Rosebank;C0077;Guest;P0005;Laptop Backpack;Accessories;5;549.99;2749.95;Cash;2026/02/19;Noah Pillay
T05151;S003;Rosebank;C0631;Guest;P0012;Hooded Sweatshirt;Clothing;6;599.99;3599.94;Mobile Pay;2026/02/08;Sophie Mthembu
T05152;S003;Rosebank;C1848;Member;P0014;Yoga Mat;Sportswear;5;399.99;1999.95;Cash;2026/04/09;Liam Jacobs
T05153;S003;Rosebank;C1208;Member;P0008;Blender;Appliances;5;899.99;4499.95;Card;2026/02/06;Noah Pillay
T05154;S003;Rosebank;C2716;Member;P0017;Face Moisturiser;Beauty;1;249.99;249.99;Cash;2026/05/24;Liam Jacobs
T05155;S003;Rosebank;C2317;Guest;P0022;Cookware Set;Kitchen;2;1599.99;3199.98;Card;2026/04/14;Sophie Mthembu
T05156;S003;Rosebank;C0922;Guest;P0019;Throw Blanket;Home & Decor;1;449.99;449.99;Bank Transfer;2026/04/05;Noah Pillay
T05157;S003;Rosebank;C1447;Member;P0017;Face Moisturiser;Beauty;4;249.99;999.96;Card;2026/03/25;James Botha
T05158;S003;Rosebank;C1340;Guest;P0024;Storage Container Set;Kitchen;2;349.99;699.98;Bank Transfer;2026/04/11;Liam Jacobs
T05159;S003;Rosebank;C0106;Member;P0016;Skincare Set;Beauty;4;599.99;2399.96;Bank Transfer;2026/04/24;Noah Pillay
T05160;S003;Rosebank;C2257;Guest;P0013;Running Shoes;Sportswear;5;1499.5;7497.5;Cash;2026/04/30;Olivia Dlamini
T05161;S003;Rosebank;C0295;Member;P0013;Running Shoes;Sportswear;5;1499.5;7497.5;Card;2026/05/24;Noah Pillay
T05162;S003;Rosebank;C0818;Guest;P0006;Coffee Maker;Appliances;1;1299.99;1299.99;Bank Transfer;2026/03/02;Noah Pillay
T05163;S003;Rosebank;C0160;Guest;P0016;Skincare Set;Beauty;3;599.99;1799.97;Cash;2026/01/02;Michael Williams
T05164;S003;Rosebank;C0669;Guest;P0019;Throw Blanket;Home & Decor;5;449.99;2249.95;Cash;2026/05/14;Jessica Naidoo
T05165;S003;Rosebank;C1729;Guest;P0003;Smart Watch;Electronics;5;1299.99;6499.95;Mobile Pay;2026/04/13;Sophie Mthembu
T05166;S003;Rosebank;C0125;Guest;P0017;Face Moisturiser;Beauty;4;249.99;999.96;Card;2026/01/06;Sarah Mokoena
T05167;S003;Rosebank;C1311;Guest;P0024;Storage Container Set;Kitchen;6;349.99;2099.94;Cash;2026/06/07;Liam Jacobs
T05168;S003;Rosebank;C1260;Member;P0006;Coffee Maker;Appliances;4;1299.99;5199.96;Card;2026/04/11;Daniel Smith
T05169;S003;Rosebank;C1772;Member;P0010;Cotton T-Shirt;Clothing;6;249.99;1499.94;Cash;2026/03/08;Noah Pillay
T05170;S003;Rosebank;C0700;Member;P0012;Hooded Sweatshirt;Clothing;2;599.99;1199.98;Mobile Pay;2026/01/04;Daniel Smith
T05171;S003;Rosebank;C1892;Member;P0015;Sports Bottle;Sportswear;2;199.99;399.98;Card;2026/02/05;Noah Pillay
T05172;S003;Rosebank;C2778;Member;P0014;Yoga Mat;Sportswear;5;399.99;1999.95;Bank Transfer;2026/04/25;Daniel Smith
T05173;S003;Rosebank;C2203;Member;P0012;Hooded Sweatshirt;Clothing;2;599.99;1199.98;Mobile Pay;2026/04/08;Noah Pillay
T05174;S003;Rosebank;C0111;Member;P0013;Running Shoes;Sportswear;5;1499.5;7497.5;Bank Transfer;2026/05/08;Daniel Smith
T05175;S003;Rosebank;C2543;Member;P0003;Smart Watch;Electronics;6;1299.99;7799.94;Cash;2026/06/29;Emma Nkosi
T05176;S003;Rosebank;C0270;Member;P0005;Laptop Backpack;Accessories;3;549.99;1649.97;Bank Transfer;2026/02/08;Daniel Smith
T05177;S003;Rosebank;C2884;Member;P0001;Wireless Headphones;Electronics;2;899.99;1799.98;Mobile Pay;2026/05/04;Liam Jacobs
T05178;S003;Rosebank;C0421;Guest;P0022;Cookware Set;Kitchen;6;1599.99;9599.94;Mobile Pay;2026/06/02;Jessica Naidoo
T05179;S003;Rosebank;C0989;Guest;P0024;Storage Container Set;Kitchen;6;349.99;2099.94;Bank Transfer;2026/03/10;Daniel Smith
T05180;S003;Rosebank;C0195;Member;P0001;Wireless Headphones;Electronics;6;899.99;5399.94;Bank Transfer;2026/03/27;Michael Williams
T05181;S003;Rosebank;C1572;Member;P0001;Wireless Headphones;Electronics;2;899.99;1799.98;Bank Transfer;2026/04/04;Daniel Smith
T05182;S003;Rosebank;C2387;Member;P0012;Hooded Sweatshirt;Clothing;5;599.99;2999.95;Bank Transfer;2026/06/07;Sarah Mokoena
T05183;S003;Rosebank;C2313;Member;P0014;Yoga Mat;Sportswear;5;399.99;1999.95;Cash;2026/02/27;Jessica Naidoo
T05184;S003;Rosebank;C1798;Member;P0018;Perfume;Beauty;6;899.99;5399.94;Bank Transfer;2026/04/17;Sarah Mokoena
T05185;S003;Rosebank;C2962;Member;P0001;Wireless Headphones;Electronics;5;899.99;4499.95;Bank Transfer;2026/02/09;Liam Jacobs
T05186;S003;Rosebank;C1474;Guest;P0015;Sports Bottle;Sportswear;3;199.99;599.97;Card;2026/01/26;Noah Pillay
T05187;S003;Rosebank;C2872;Member;P0006;Coffee Maker;Appliances;2;1299.99;2599.98;Mobile Pay;2026/02/23;Sophie Mthembu
T05188;S003;Rosebank;C0002;Member;P0021;Cushion Set;Home & Decor;3;299.99;899.97;Mobile Pay;2026/05/21;Noah Pillay
T05189;S003;Rosebank;C2462;Member;P0008;Blender;Appliances;1;899.99;899.99;Bank Transfer;2026/04/17;Emma Nkosi
T05190;S003;Rosebank;C0484;Member;P0025;Novel Book;Books;2;199.99;399.98;Mobile Pay;2026/04/18;James Botha
T05191;S003;Rosebank;C1625;Member;P0008;Blender;Appliances;5;899.99;4499.95;Card;2026/03/26;James Botha
T05192;S003;Rosebank;C2323;Member;P0022;Cookware Set;Kitchen;6;1599.99;9599.94;Mobile Pay;2026/02/05;Sophie Mthembu
T05193;S003;Rosebank;C1691;Guest;P0017;Face Moisturiser;Beauty;3;249.99;749.97;Bank Transfer;2026/03/13;Daniel Smith
T05194;S003;Rosebank;C2634;Guest;P0010;Cotton T-Shirt;Clothing;1;249.99;249.99;Mobile Pay;2026/01/14;James Botha
T05195;S003;Rosebank;C0709;Member;P0005;Laptop Backpack;Accessories;1;549.99;549.99;Mobile Pay;2026/03/22;Michael Williams
T05196;S003;Rosebank;C2839;Member;P0006;Coffee Maker;Appliances;6;1299.99;7799.94;Cash;2026/03/11;Daniel Smith
T05197;S003;Rosebank;C0355;Member;P0025;Novel Book;Books;4;199.99;799.96;Bank Transfer;2026/01/01;Olivia Dlamini
T05198;S003;Rosebank;C1950;Member;P0019;Throw Blanket;Home & Decor;2;449.99;899.98;Mobile Pay;2026/06/06;James Botha
T05199;S003;Rosebank;C2323;Member;P0023;Dinner Plate Set;Kitchen;5;499.99;2499.95;Mobile Pay;2026/04/29;Noah Pillay
T05200;S003;Rosebank;C0627;Member;P0003;Smart Watch;Electronics;5;1299.99;6499.95;Bank Transfer;2026/04/11;Sophie Mthembu
T05201;S003;Rosebank;C1905;Member;P0010;Cotton T-Shirt;Clothing;3;249.99;749.97;Mobile Pay;2026/02/14;Olivia Dlamini
T05202;S003;Rosebank;C1052;Guest;P0025;Novel Book;Books;4;199.99;799.96;Cash;2026/04/30;Sophie Mthembu
T05203;S003;Rosebank;C1129;Member;P0022;Cookware Set;Kitchen;3;1599.99;4799.97;Bank Transfer;2026/01/28;Michael Williams
T05204;S003;Rosebank;C0946;Member;P0022;Cookware Set;Kitchen;5;1599.99;7999.95;Card;2026/01/06;Noah Pillay
T05205;S003;Rosebank;C2576;Member;P0016;Skincare Set;Beauty;2;599.99;1199.98;Cash;2026/06/05;Emma Nkosi
T05206;S003;Rosebank;C0006;Guest;P0022;Cookware Set;Kitchen;4;1599.99;6399.96;Mobile Pay;2026/06/06;James Botha
T05207;S003;Rosebank;C0775;Guest;P0019;Throw Blanket;Home & Decor;5;449.99;2249.95;Mobile Pay;2026/02/01;Daniel Smith
T05208;S003;Rosebank;C2581;Member;P0022;Cookware Set;Kitchen;3;1599.99;4799.97;Card;2026/03/18;Liam Jacobs
T05209;S003;Rosebank;C0791;Member;P0016;Skincare Set;Beauty;2;599.99;1199.98;Cash;2026/03/03;Olivia Dlamini
T05210;S003;Rosebank;C1378;Guest;P0008;Blender;Appliances;6;899.99;5399.94;Card;2026/05/24;Jessica Naidoo
T05211;S003;Rosebank;C1429;Member;P0023;Dinner Plate Set;Kitchen;1;499.99;499.99;Card;2026/06/25;Sophie Mthembu
T05212;S003;Rosebank;C1038;Guest;P0002;Bluetooth Speaker;Electronics;1;649.99;649.99;Mobile Pay;2026/01/06;Jessica Naidoo
T05213;S003;Rosebank;C2527;Member;P0020;Table Lamp;Home & Decor;6;699.99;4199.94;Bank Transfer;2026/04/26;Michael Williams
T05214;S003;Rosebank;C2553;Guest;P0023;Dinner Plate Set;Kitchen;3;499.99;1499.97;Bank Transfer;2026/03/27;Jessica Naidoo
T05215;S003;Rosebank;C1447;Member;P0022;Cookware Set;Kitchen;2;1599.99;3199.98;Cash;2026/01/19;Noah Pillay
T05216;S003;Rosebank;C2192;Guest;P0004;USB-C Charger;Electronics;6;299.99;1799.94;Bank Transfer;2026/03/17;Sarah Mokoena
T05217;S003;Rosebank;C0776;Member;P0001;Wireless Headphones;Electronics;2;899.99;1799.98;Card;2026/05/26;Noah Pillay
T05218;S003;Rosebank;C1930;Guest;P0015;Sports Bottle;Sportswear;6;199.99;1199.94;Card;2026/02/03;Sarah Mokoena
T05219;S003;Rosebank;C2146;Member;P0012;Hooded Sweatshirt;Clothing;6;599.99;3599.94;Card;2026/06/01;Emma Nkosi
T05220;S003;Rosebank;C0788;Member;P0016;Skincare Set;Beauty;3;599.99;1799.97;Card;2026/01/11;Sophie Mthembu
T05221;S003;Rosebank;C2248;Member;P0020;Table Lamp;Home & Decor;2;699.99;1399.98;Mobile Pay;2026/05/23;Michael Williams
T05222;S003;Rosebank;C2741;Guest;P0008;Blender;Appliances;6;899.99;5399.94;Card;2026/05/05;Sarah Mokoena
T05223;S003;Rosebank;C0545;Guest;P0001;Wireless Headphones;Electronics;5;899.99;4499.95;Card;2026/03/30;Noah Pillay
T05224;S003;Rosebank;C0684;Member;P0011;Denim Jeans;Clothing;6;799.99;4799.94;Mobile Pay;2026/05/30;Liam Jacobs
T05225;S003;Rosebank;C2960;Member;P0003;Smart Watch;Electronics;6;1299.99;7799.94;Bank Transfer;2026/03/18;James Botha
T05226;S003;Rosebank;C1643;Member;P0008;Blender;Appliances;1;899.99;899.99;Cash;2026/01/29;Michael Williams
T05227;S003;Rosebank;C1353;Member;P0001;Wireless Headphones;Electronics;6;899.99;5399.94;Cash;2026/03/28;Liam Jacobs
T05228;S003;Rosebank;C2388;Member;P0008;Blender;Appliances;5;899.99;4499.95;Card;2026/03/17;Emma Nkosi
T05229;S003;Rosebank;C2082;Member;P0003;Smart Watch;Electronics;2;1299.99;2599.98;Bank Transfer;2026/02/16;Noah Pillay
T05230;S003;Rosebank;C0537;Member;P0007;Air Fryer;Appliances;4;1799.99;7199.96;Mobile Pay;2026/03/04;Liam Jacobs
T05231;S003;Rosebank;C1592;Guest;P0022;Cookware Set;Kitchen;5;1599.99;7999.95;Cash;2026/01/24;Jessica Naidoo
T05232;S003;Rosebank;C2810;Member;P0003;Smart Watch;Electronics;1;1299.99;1299.99;Bank Transfer;2026/01/08;Liam Jacobs
T05233;S003;Rosebank;C0078;Member;P0014;Yoga Mat;Sportswear;4;399.99;1599.96;Cash;2026/06/08;Sarah Mokoena
T05234;S003;Rosebank;C1222;Guest;P0014;Yoga Mat;Sportswear;4;399.99;1599.96;Card;2026/05/23;Olivia Dlamini
T05235;S003;Rosebank;C0767;Member;P0023;Dinner Plate Set;Kitchen;3;499.99;1499.97;Mobile Pay;2026/01/16;Michael Williams
T05236;S003;Rosebank;C0628;Guest;P0015;Sports Bottle;Sportswear;1;199.99;199.99;Bank Transfer;2026/04/08;Jessica Naidoo
T05237;S003;Rosebank;C1921;Member;P0016;Skincare Set;Beauty;3;599.99;1799.97;Bank Transfer;2026/01/03;Jessica Naidoo
T05238;S003;Rosebank;C0321;Guest;P0011;Denim Jeans;Clothing;3;799.99;2399.97;Bank Transfer;2026/05/23;Michael Williams
T05239;S003;Rosebank;C1053;Guest;P0009;Electric Kettle;Appliances;4;499.99;1999.96;Bank Transfer;2026/04/23;Noah Pillay
T05240;S003;Rosebank;C0541;Guest;P0011;Denim Jeans;Clothing;4;799.99;3199.96;Mobile Pay;2026/05/20;Sophie Mthembu
T05241;S003;Rosebank;C0755;Member;P0009;Electric Kettle;Appliances;5;499.99;2499.95;Mobile Pay;2026/03/05;Daniel Smith
T05242;S003;Rosebank;C0327;Guest;P0004;USB-C Charger;Electronics;3;299.99;899.97;Card;2026/03/27;James Botha
T05243;S003;Rosebank;C0171;Member;P0005;Laptop Backpack;Accessories;3;549.99;1649.97;Cash;2026/01/31;James Botha
T05244;S003;Rosebank;C1014;Member;P0006;Coffee Maker;Appliances;2;1299.99;2599.98;Mobile Pay;2026/02/15;Sarah Mokoena
T05245;S003;Rosebank;C1605;Member;P0010;Cotton T-Shirt;Clothing;2;249.99;499.98;Mobile Pay;2026/02/07;Jessica Naidoo
T05246;S003;Rosebank;C2017;Member;P0010;Cotton T-Shirt;Clothing;3;249.99;749.97;Bank Transfer;2026/05/24;Liam Jacobs
T05247;S003;Rosebank;C2666;Member;P0008;Blender;Appliances;5;899.99;4499.95;Bank Transfer;2026/01/18;Olivia Dlamini
T05248;S003;Rosebank;C1186;Member;P0021;Cushion Set;Home & Decor;3;299.99;899.97;Bank Transfer;2026/02/03;Sophie Mthembu
T05249;S003;Rosebank;C0241;Member;P0020;Table Lamp;Home & Decor;4;699.99;2799.96;Card;2026/02/17;Sarah Mokoena
T05250;S003;Rosebank;C0674;Guest;P0022;Cookware Set;Kitchen;2;1599.99;3199.98;Bank Transfer;2026/06/07;Emma Nkosi
T05251;S003;Rosebank;C2527;Member;P0011;Denim Jeans;Clothing;5;799.99;3999.95;Mobile Pay;2026/06/25;Liam Jacobs
T05252;S003;Rosebank;C0302;Member;P0005;Laptop Backpack;Accessories;4;549.99;2199.96;Card;2026/06/04;Michael Williams
T05253;S003;Rosebank;C2350;Guest;P0022;Cookware Set;Kitchen;2;1599.99;3199.98;Mobile Pay;2026/01/31;Michael Williams
T05254;S003;Rosebank;C1793;Guest;P0017;Face Moisturiser;Beauty;1;249.99;249.99;Bank Transfer;2026/04/04;Sarah Mokoena
T05255;S003;Rosebank;C1611;Member;P0002;Bluetooth Speaker;Electronics;5;649.99;3249.95;Bank Transfer;2026/06/13;Daniel Smith
T05256;S003;Rosebank;C2693;Guest;P0021;Cushion Set;Home & Decor;4;299.99;1199.96;Card;2026/04/11;Sophie Mthembu
T05257;S003;Rosebank;C0467;Member;P0012;Hooded Sweatshirt;Clothing;6;599.99;3599.94;Bank Transfer;2026/03/14;James Botha
T05258;S003;Rosebank;C0152;Guest;P0020;Table Lamp;Home & Decor;4;699.99;2799.96;Mobile Pay;2026/06/05;Sarah Mokoena
T05259;S003;Rosebank;C1086;Member;P0010;Cotton T-Shirt;Clothing;6;249.99;1499.94;Card;2026/04/01;Jessica Naidoo
T05260;S003;Rosebank;C1611;Member;P0005;Laptop Backpack;Accessories;2;549.99;1099.98;Mobile Pay;2026/06/30;Emma Nkosi
T05261;S003;Rosebank;C1397;Guest;P0008;Blender;Appliances;4;899.99;3599.96;Cash;2026/06/26;Olivia Dlamini
T05262;S003;Rosebank;C1851;Guest;P0001;Wireless Headphones;Electronics;3;899.99;2699.97;Card;2026/04/07;Liam Jacobs
T05263;S003;Rosebank;C0148;Member;P0017;Face Moisturiser;Beauty;2;249.99;499.98;Card;2026/01/16;James Botha
T05264;S003;Rosebank;C0439;Member;P0007;Air Fryer;Appliances;4;1799.99;7199.96;Card;2026/03/20;James Botha
T05265;S003;Rosebank;C2653;Member;P0010;Cotton T-Shirt;Clothing;4;249.99;999.96;Card;2026/05/30;Daniel Smith
T05266;S003;Rosebank;C0927;Member;P0017;Face Moisturiser;Beauty;4;249.99;999.96;Cash;2026/02/26;Olivia Dlamini
T05267;S003;Rosebank;C2329;Guest;P0018;Perfume;Beauty;5;899.99;4499.95;Card;2026/06/16;Sarah Mokoena
T05268;S003;Rosebank;C2156;Guest;P0020;Table Lamp;Home & Decor;4;699.99;2799.96;Cash;2026/03/20;James Botha
T05269;S003;Rosebank;C2946;Member;P0002;Bluetooth Speaker;Electronics;4;649.99;2599.96;Card;2026/05/24;Jessica Naidoo
T05270;S003;Rosebank;C2068;Guest;P0001;Wireless Headphones;Electronics;5;899.99;4499.95;Cash;2026/03/16;Noah Pillay
T05271;S003;Rosebank;C2697;Member;P0010;Cotton T-Shirt;Clothing;4;249.99;999.96;Cash;2026/03/17;Jessica Naidoo
T05272;S003;Rosebank;C1388;Member;P0023;Dinner Plate Set;Kitchen;2;499.99;999.98;Card;2026/03/30;James Botha
T05273;S003;Rosebank;C0394;Member;P0010;Cotton T-Shirt;Clothing;1;249.99;249.99;Card;2026/03/04;Sarah Mokoena
T05274;S003;Rosebank;C1240;Member;P0023;Dinner Plate Set;Kitchen;5;499.99;2499.95;Mobile Pay;2026/03/07;Emma Nkosi
T05275;S003;Rosebank;C2621;Member;P0005;Laptop Backpack;Accessories;3;549.99;1649.97;Cash;2026/03/18;Michael Williams
T05276;S003;Rosebank;C0685;Member;P0008;Blender;Appliances;4;899.99;3599.96;Cash;2026/05/15;Sophie Mthembu
T05277;S003;Rosebank;C1062;Member;P0003;Smart Watch;Electronics;4;1299.99;5199.96;Card;2026/06/14;Michael Williams
T05278;S003;Rosebank;C1718;Guest;P0012;Hooded Sweatshirt;Clothing;6;599.99;3599.94;Mobile Pay;2026/01/08;Sarah Mokoena
T05279;S003;Rosebank;C1570;Guest;P0003;Smart Watch;Electronics;5;1299.99;6499.95;Cash;2026/06/17;Sophie Mthembu
T05280;S003;Rosebank;C1952;Guest;P0021;Cushion Set;Home & Decor;5;299.99;1499.95;Bank Transfer;2026/02/11;Noah Pillay
T05281;S003;Rosebank;C1376;Guest;P0007;Air Fryer;Appliances;3;1799.99;5399.97;Bank Transfer;2026/01/08;Noah Pillay
T05282;S003;Rosebank;C1953;Member;P0019;Throw Blanket;Home & Decor;5;449.99;2249.95;Mobile Pay;2026/02/02;Liam Jacobs
T05283;S003;Rosebank;C2253;Guest;P0018;Perfume;Beauty;5;899.99;4499.95;Cash;2026/06/10;Emma Nkosi
T05284;S003;Rosebank;C1657;Guest;P0004;USB-C Charger;Electronics;3;299.99;899.97;Card;2026/01/11;Jessica Naidoo
T05285;S003;Rosebank;C1120;Member;P0004;USB-C Charger;Electronics;2;299.99;599.98;Mobile Pay;2026/06/04;Noah Pillay
T05286;S003;Rosebank;C2523;Member;P0001;Wireless Headphones;Electronics;1;899.99;899.99;Bank Transfer;2026/04/29;Michael Williams
T05287;S003;Rosebank;C2584;Guest;P0003;Smart Watch;Electronics;4;1299.99;5199.96;Mobile Pay;2026/03/29;Michael Williams
T05288;S003;Rosebank;C0646;Guest;P0025;Novel Book;Books;4;199.99;799.96;Cash;2026/06/16;Emma Nkosi
T05289;S003;Rosebank;C2242;Member;P0009;Electric Kettle;Appliances;2;499.99;999.98;Bank Transfer;2026/03/15;Olivia Dlamini
T05290;S003;Rosebank;C1828;Member;P0017;Face Moisturiser;Beauty;2;249.99;499.98;Bank Transfer;2026/05/28;Noah Pillay
T05291;S003;Rosebank;C1937;Member;P0012;Hooded Sweatshirt;Clothing;5;599.99;2999.95;Mobile Pay;2026/02/24;Daniel Smith
T05292;S003;Rosebank;C2322;Member;P0023;Dinner Plate Set;Kitchen;6;499.99;2999.94;Card;2026/05/22;Emma Nkosi
T05293;S003;Rosebank;C2157;Member;P0009;Electric Kettle;Appliances;6;499.99;2999.94;Bank Transfer;2026/02/16;Jessica Naidoo
T05294;S003;Rosebank;C0027;Member;P0009;Electric Kettle;Appliances;2;499.99;999.98;Cash;2026/06/27;James Botha
T05295;S003;Rosebank;C2374;Member;P0002;Bluetooth Speaker;Electronics;6;649.99;3899.94;Bank Transfer;2026/04/16;Olivia Dlamini
T05296;S003;Rosebank;C1127;Guest;P0019;Throw Blanket;Home & Decor;1;449.99;449.99;Card;2026/05/18;Sophie Mthembu
T05297;S003;Rosebank;C0197;Member;P0008;Blender;Appliances;4;899.99;3599.96;Cash;2026/03/05;Sarah Mokoena
T05298;S003;Rosebank;C1574;Member;P0001;Wireless Headphones;Electronics;3;899.99;2699.97;Cash;2026/01/29;Sarah Mokoena
T05299;S003;Rosebank;C2354;Guest;P0025;Novel Book;Books;5;199.99;999.95;Card;2026/06/05;Jessica Naidoo
T05300;S003;Rosebank;C2889;Member;P0006;Coffee Maker;Appliances;2;1299.99;2599.98;Bank Transfer;2026/01/15;Liam Jacobs
T05301;S003;Rosebank;C0651;Guest;P0001;Wireless Headphones;Electronics;5;899.99;4499.95;Mobile Pay;2026/03/06;Daniel Smith
T05302;S003;Rosebank;C1502;Guest;P0014;Yoga Mat;Sportswear;3;399.99;1199.97;Mobile Pay;2026/03/21;James Botha
T05303;S003;Rosebank;C0025;Guest;P0012;Hooded Sweatshirt;Clothing;3;599.99;1799.97;Bank Transfer;2026/04/09;Olivia Dlamini
T05304;S003;Rosebank;C2691;Guest;P0011;Denim Jeans;Clothing;5;799.99;3999.95;Bank Transfer;2026/04/30;Sophie Mthembu
T05305;S003;Rosebank;C0680;Guest;P0004;USB-C Charger;Electronics;2;299.99;599.98;Bank Transfer;2026/01/04;Olivia Dlamini
T05306;S003;Rosebank;C2434;Member;P0019;Throw Blanket;Home & Decor;2;449.99;899.98;Mobile Pay;2026/01/30;Olivia Dlamini
T05307;S003;Rosebank;C1335;Member;P0020;Table Lamp;Home & Decor;4;699.99;2799.96;Card;2026/04/26;Jessica Naidoo
T05308;S003;Rosebank;C1505;Guest;P0008;Blender;Appliances;2;899.99;1799.98;Cash;2026/05/30;Sarah Mokoena
T05309;S003;Rosebank;C1846;Member;P0024;Storage Container Set;Kitchen;2;349.99;699.98;Mobile Pay;2026/06/16;Michael Williams
T05310;S003;Rosebank;C1152;Guest;P0020;Table Lamp;Home & Decor;4;699.99;2799.96;Mobile Pay;2026/01/06;James Botha
T05311;S003;Rosebank;C1699;Member;P0024;Storage Container Set;Kitchen;2;349.99;699.98;Bank Transfer;2026/03/27;James Botha
T05312;S003;Rosebank;C1564;Member;P0007;Air Fryer;Appliances;2;1799.99;3599.98;Card;2026/06/26;Jessica Naidoo
T05313;S003;Rosebank;C1972;Member;P0020;Table Lamp;Home & Decor;6;699.99;4199.94;Card;2026/01/29;Noah Pillay
T05314;S003;Rosebank;C2921;Member;P0006;Coffee Maker;Appliances;3;1299.99;3899.97;Card;2026/05/02;Olivia Dlamini
T05315;S003;Rosebank;C0110;Guest;P0003;Smart Watch;Electronics;2;1299.99;2599.98;Card;2026/05/07;Liam Jacobs
T05316;S003;Rosebank;C1684;Member;P0020;Table Lamp;Home & Decor;5;699.99;3499.95;Cash;2026/05/14;Liam Jacobs
T05317;S003;Rosebank;C1845;Member;P0012;Hooded Sweatshirt;Clothing;2;599.99;1199.98;Cash;2026/06/11;Jessica Naidoo
T05318;S003;Rosebank;C1959;Member;P0007;Air Fryer;Appliances;3;1799.99;5399.97;Cash;2026/01/26;James Botha
T05319;S003;Rosebank;C2217;Guest;P0009;Electric Kettle;Appliances;3;499.99;1499.97;Bank Transfer;2026/06/14;Noah Pillay
T05320;S003;Rosebank;C1210;Member;P0012;Hooded Sweatshirt;Clothing;5;599.99;2999.95;Bank Transfer;2026/03/20;Olivia Dlamini
T05321;S003;Rosebank;C0727;Member;P0017;Face Moisturiser;Beauty;3;249.99;749.97;Card;2026/03/27;Daniel Smith
T05322;S003;Rosebank;C1268;Member;P0017;Face Moisturiser;Beauty;5;249.99;1249.95;Cash;2026/03/25;Jessica Naidoo
T05323;S003;Rosebank;C0697;Member;P0017;Face Moisturiser;Beauty;2;249.99;499.98;Mobile Pay;2026/04/23;James Botha
T05324;S003;Rosebank;C0328;Member;P0007;Air Fryer;Appliances;1;1799.99;1799.99;Cash;2026/01/12;Daniel Smith
T05325;S003;Rosebank;C1478;Member;P0006;Coffee Maker;Appliances;2;1299.99;2599.98;Cash;2026/01/24;Jessica Naidoo
T05326;S003;Rosebank;C0221;Guest;P0006;Coffee Maker;Appliances;5;1299.99;6499.95;Card;2026/06/14;Jessica Naidoo
T05327;S003;Rosebank;C1570;Member;P0024;Storage Container Set;Kitchen;5;349.99;1749.95;Card;2026/02/27;Noah Pillay
T05328;S003;Rosebank;C1720;Guest;P0010;Cotton T-Shirt;Clothing;3;249.99;749.97;Bank Transfer;2026/06/17;Michael Williams
T05329;S003;Rosebank;C1509;Member;P0001;Wireless Headphones;Electronics;1;899.99;899.99;Bank Transfer;2026/06/14;Jessica Naidoo
T05330;S003;Rosebank;C1650;Member;P0005;Laptop Backpack;Accessories;3;549.99;1649.97;Card;2026/02/13;Olivia Dlamini
T05331;S003;Rosebank;C0180;Member;P0004;USB-C Charger;Electronics;1;299.99;299.99;Card;2026/05/22;Sophie Mthembu
T05332;S003;Rosebank;C2214;Member;P0020;Table Lamp;Home & Decor;6;699.99;4199.94;Cash;2026/06/03;James Botha
T05333;S003;Rosebank;C2090;Member;P0025;Novel Book;Books;4;199.99;799.96;Cash;2026/03/20;Emma Nkosi
T05334;S003;Rosebank;C0485;Guest;P0001;Wireless Headphones;Electronics;1;899.99;899.99;Bank Transfer;2026/01/23;Jessica Naidoo
T05335;S003;Rosebank;C0081;Member;P0001;Wireless Headphones;Electronics;3;899.99;2699.97;Bank Transfer;2026/01/05;Daniel Smith
T05336;S003;Rosebank;C2109;Guest;P0020;Table Lamp;Home & Decor;2;699.99;1399.98;Bank Transfer;2026/03/29;Michael Williams
T05337;S003;Rosebank;C1675;Guest;P0008;Blender;Appliances;6;899.99;5399.94;Card;2026/06/24;Sarah Mokoena
T05338;S003;Rosebank;C0305;Member;P0023;Dinner Plate Set;Kitchen;4;499.99;1999.96;Mobile Pay;2026/03/23;Sarah Mokoena
T05339;S003;Rosebank;C1496;Guest;P0024;Storage Container Set;Kitchen;5;349.99;1749.95;Bank Transfer;2026/04/08;Sarah Mokoena
T05340;S003;Rosebank;C2970;Guest;P0006;Coffee Maker;Appliances;5;1299.99;6499.95;Cash;2026/05/16;Daniel Smith
T05341;S003;Rosebank;C2834;Member;P0013;Running Shoes;Sportswear;3;1499.5;4498.5;Cash;2026/04/26;Emma Nkosi
T05342;S003;Rosebank;C2877;Member;P0020;Table Lamp;Home & Decor;4;699.99;2799.96;Cash;2026/06/28;Sophie Mthembu
T05343;S003;Rosebank;C2232;Member;P0002;Bluetooth Speaker;Electronics;6;649.99;3899.94;Bank Transfer;2026/01/14;Emma Nkosi
T05344;S003;Rosebank;C0317;Member;P0001;Wireless Headphones;Electronics;4;899.99;3599.96;Bank Transfer;2026/03/26;Noah Pillay
T05345;S003;Rosebank;C1416;Member;P0012;Hooded Sweatshirt;Clothing;2;599.99;1199.98;Card;2026/03/31;Sophie Mthembu
T05346;S003;Rosebank;C1577;Guest;P0016;Skincare Set;Beauty;5;599.99;2999.95;Card;2026/05/25;Jessica Naidoo
T05347;S003;Rosebank;C1088;Member;P0020;Table Lamp;Home & Decor;5;699.99;3499.95;Bank Transfer;2026/03/29;Noah Pillay
T05348;S003;Rosebank;C0322;Member;P0003;Smart Watch;Electronics;3;1299.99;3899.97;Mobile Pay;2026/02/16;James Botha
T05349;S003;Rosebank;C1676;Guest;P0018;Perfume;Beauty;4;899.99;3599.96;Cash;2026/02/19;Michael Williams
T05350;S003;Rosebank;C2468;Member;P0022;Cookware Set;Kitchen;3;1599.99;4799.97;Cash;2026/05/04;Sarah Mokoena
T05351;S003;Rosebank;C2954;Guest;P0009;Electric Kettle;Appliances;2;499.99;999.98;Card;2026/01/08;Noah Pillay
T05352;S003;Rosebank;C0200;Guest;P0001;Wireless Headphones;Electronics;2;899.99;1799.98;Bank Transfer;2026/03/12;Jessica Naidoo
T05353;S003;Rosebank;C0612;Guest;P0005;Laptop Backpack;Accessories;6;549.99;3299.94;Mobile Pay;2026/04/02;Liam Jacobs
T05354;S003;Rosebank;C2681;Guest;P0025;Novel Book;Books;5;199.99;999.95;Mobile Pay;2026/03/31;Olivia Dlamini
T05355;S003;Rosebank;C2997;Member;P0006;Coffee Maker;Appliances;6;1299.99;7799.94;Card;2026/06/05;Emma Nkosi
T05356;S003;Rosebank;C2317;Guest;P0014;Yoga Mat;Sportswear;3;399.99;1199.97;Bank Transfer;2026/04/18;Emma Nkosi
T05357;S003;Rosebank;C0520;Member;P0025;Novel Book;Books;6;199.99;1199.94;Cash;2026/03/22;Michael Williams
T05358;S003;Rosebank;C1111;Guest;P0010;Cotton T-Shirt;Clothing;3;249.99;749.97;Card;2026/05/13;Liam Jacobs
T05359;S003;Rosebank;C1816;Member;P0003;Smart Watch;Electronics;4;1299.99;5199.96;Card;2026/02/16;Jessica Naidoo
T05360;S003;Rosebank;C0643;Member;P0011;Denim Jeans;Clothing;5;799.99;3999.95;Card;2026/03/28;Sarah Mokoena
T05361;S003;Rosebank;C2299;Guest;P0025;Novel Book;Books;4;199.99;799.96;Bank Transfer;2026/02/21;Noah Pillay
T05362;S003;Rosebank;C2586;Member;P0003;Smart Watch;Electronics;3;1299.99;3899.97;Mobile Pay;2026/03/16;Sarah Mokoena
T05363;S003;Rosebank;C1458;Member;P0010;Cotton T-Shirt;Clothing;1;249.99;249.99;Card;2026/05/03;Liam Jacobs
T05364;S003;Rosebank;C2113;Member;P0007;Air Fryer;Appliances;1;1799.99;1799.99;Mobile Pay;2026/03/16;Olivia Dlamini
T05365;S003;Rosebank;C1607;Member;P0008;Blender;Appliances;4;899.99;3599.96;Cash;2026/04/16;Olivia Dlamini
T05366;S003;Rosebank;C2485;Member;P0015;Sports Bottle;Sportswear;4;199.99;799.96;Mobile Pay;2026/03/18;Jessica Naidoo
T05367;S003;Rosebank;C2864;Guest;P0024;Storage Container Set;Kitchen;4;349.99;1399.96;Bank Transfer;2026/01/05;Sophie Mthembu
T05368;S003;Rosebank;C1372;Member;P0007;Air Fryer;Appliances;2;1799.99;3599.98;Mobile Pay;2026/04/30;Jessica Naidoo
T05369;S003;Rosebank;C0718;Member;P0006;Coffee Maker;Appliances;6;1299.99;7799.94;Mobile Pay;2026/04/19;Olivia Dlamini
T05370;S003;Rosebank;C0702;Guest;P0020;Table Lamp;Home & Decor;1;699.99;699.99;Card;2026/06/21;Jessica Naidoo
T05371;S003;Rosebank;C2732;Member;P0022;Cookware Set;Kitchen;4;1599.99;6399.96;Mobile Pay;2026/01/11;Daniel Smith
T05372;S003;Rosebank;C2901;Guest;P0021;Cushion Set;Home & Decor;2;299.99;599.98;Mobile Pay;2026/03/03;Sophie Mthembu
T05373;S003;Rosebank;C1416;Member;P0008;Blender;Appliances;6;899.99;5399.94;Cash;2026/06/08;Sophie Mthembu
T05374;S003;Rosebank;C1200;Member;P0014;Yoga Mat;Sportswear;3;399.99;1199.97;Mobile Pay;2026/06/05;James Botha
T05375;S003;Rosebank;C1586;Member;P0022;Cookware Set;Kitchen;1;1599.99;1599.99;Card;2026/01/13;Jessica Naidoo
T05376;S003;Rosebank;C0690;Guest;P0006;Coffee Maker;Appliances;5;1299.99;6499.95;Bank Transfer;2026/02/23;Michael Williams
T05377;S003;Rosebank;C0161;Guest;P0013;Running Shoes;Sportswear;2;1499.5;2999.0;Card;2026/03/24;Michael Williams
T05378;S003;Rosebank;C0837;Guest;P0018;Perfume;Beauty;5;899.99;4499.95;Bank Transfer;2026/04/02;Olivia Dlamini
T05379;S003;Rosebank;C0903;Guest;P0017;Face Moisturiser;Beauty;3;249.99;749.97;Card;2026/01/20;Noah Pillay
T05380;S003;Rosebank;C1634;Member;P0005;Laptop Backpack;Accessories;2;549.99;1099.98;Bank Transfer;2026/05/07;James Botha
T05381;S003;Rosebank;C1410;Guest;P0022;Cookware Set;Kitchen;6;1599.99;9599.94;Cash;2026/05/26;Sophie Mthembu
T05382;S003;Rosebank;C0453;Guest;P0004;USB-C Charger;Electronics;3;299.99;899.97;Card;2026/04/19;Emma Nkosi
T05383;S003;Rosebank;C2007;Member;P0001;Wireless Headphones;Electronics;6;899.99;5399.94;Cash;2026/06/03;Sophie Mthembu
T05384;S003;Rosebank;C2628;Member;P0003;Smart Watch;Electronics;6;1299.99;7799.94;Card;2026/04/12;James Botha
T05385;S003;Rosebank;C0954;Member;P0024;Storage Container Set;Kitchen;4;349.99;1399.96;Card;2026/04/03;Michael Williams
T05386;S003;Rosebank;C2765;Guest;P0001;Wireless Headphones;Electronics;3;899.99;2699.97;Card;2026/01/21;Michael Williams
T05387;S003;Rosebank;C0768;Member;P0002;Bluetooth Speaker;Electronics;1;649.99;649.99;Card;2026/05/15;Sarah Mokoena
T05388;S003;Rosebank;C1919;Guest;P0024;Storage Container Set;Kitchen;5;349.99;1749.95;Cash;2026/06/19;Liam Jacobs
T05389;S003;Rosebank;C0316;Member;P0004;USB-C Charger;Electronics;2;299.99;599.98;Bank Transfer;2026/05/13;Sophie Mthembu
T05390;S003;Rosebank;C0678;Member;P0025;Novel Book;Books;3;199.99;599.97;Card;2026/02/19;Sarah Mokoena
T05391;S003;Rosebank;C1450;Member;P0003;Smart Watch;Electronics;1;1299.99;1299.99;Mobile Pay;2026/05/16;James Botha
T05392;S003;Rosebank;C1634;Guest;P0012;Hooded Sweatshirt;Clothing;4;599.99;2399.96;Bank Transfer;2026/01/26;Sophie Mthembu
T05393;S003;Rosebank;C1978;Guest;P0012;Hooded Sweatshirt;Clothing;5;599.99;2999.95;Bank Transfer;2026/02/26;Olivia Dlamini
T05394;S003;Rosebank;C0078;Guest;P0014;Yoga Mat;Sportswear;6;399.99;2399.94;Mobile Pay;2026/01/28;Liam Jacobs
T05395;S003;Rosebank;C0797;Member;P0008;Blender;Appliances;6;899.99;5399.94;Cash;2026/06/16;Emma Nkosi
T05396;S003;Rosebank;C2421;Member;P0004;USB-C Charger;Electronics;1;299.99;299.99;Card;2026/03/07;James Botha
T05397;S003;Rosebank;C2816;Guest;P0017;Face Moisturiser;Beauty;5;249.99;1249.95;Mobile Pay;2026/03/21;Olivia Dlamini
T05398;S003;Rosebank;C0281;Member;P0017;Face Moisturiser;Beauty;3;249.99;749.97;Bank Transfer;2026/05/04;Olivia Dlamini
T05399;S003;Rosebank;C1984;Guest;P0017;Face Moisturiser;Beauty;1;249.99;249.99;Card;2026/03/25;Michael Williams
T05400;S003;Rosebank;C2229;Member;P0015;Sports Bottle;Sportswear;3;199.99;599.97;Card;2026/03/12;Sophie Mthembu
T05401;S003;Rosebank;C0158;Member;P0018;Perfume;Beauty;5;899.99;4499.95;Mobile Pay;2026/03/18;James Botha
T05402;S003;Rosebank;C2244;Member;P0022;Cookware Set;Kitchen;6;1599.99;9599.94;Card;2026/06/22;Daniel Smith
T05403;S003;Rosebank;C0195;Member;P0004;USB-C Charger;Electronics;4;299.99;1199.96;Bank Transfer;2026/05/08;James Botha
T05404;S003;Rosebank;C0482;Member;P0019;Throw Blanket;Home & Decor;2;449.99;899.98;Mobile Pay;2026/04/26;Jessica Naidoo
T05405;S003;Rosebank;C0759;Member;P0025;Novel Book;Books;4;199.99;799.96;Bank Transfer;2026/02/18;James Botha
T05406;S003;Rosebank;C2852;Member;P0017;Face Moisturiser;Beauty;4;249.99;999.96;Bank Transfer;2026/05/10;Liam Jacobs
T05407;S003;Rosebank;C2781;Member;P0021;Cushion Set;Home & Decor;6;299.99;1799.94;Bank Transfer;2026/04/05;Jessica Naidoo
T05408;S003;Rosebank;C1434;Member;P0025;Novel Book;Books;3;199.99;599.97;Cash;2026/04/09;Liam Jacobs
T05409;S003;Rosebank;C2774;Guest;P0003;Smart Watch;Electronics;4;1299.99;5199.96;Card;2026/03/30;Jessica Naidoo
T05410;S003;Rosebank;C0448;Member;P0006;Coffee Maker;Appliances;3;1299.99;3899.97;Mobile Pay;2026/04/21;Daniel Smith
T05411;S003;Rosebank;C1104;Member;P0025;Novel Book;Books;1;199.99;199.99;Bank Transfer;2026/01/28;Sophie Mthembu
T05412;S003;Rosebank;C0889;Member;P0011;Denim Jeans;Clothing;1;799.99;799.99;Cash;2026/03/28;Sarah Mokoena
T05413;S003;Rosebank;C2463;Guest;P0019;Throw Blanket;Home & Decor;3;449.99;1349.97;Cash;2026/01/13;Michael Williams
T05414;S003;Rosebank;C0902;Member;P0011;Denim Jeans;Clothing;2;799.99;1599.98;Mobile Pay;2026/06/16;Emma Nkosi
T05415;S003;Rosebank;C1952;Member;P0013;Running Shoes;Sportswear;2;1499.5;2999.0;Cash;2026/01/26;James Botha
T05416;S003;Rosebank;C2976;Member;P0010;Cotton T-Shirt;Clothing;2;249.99;499.98;Cash;2026/05/01;Emma Nkosi
T05417;S003;Rosebank;C0516;Member;P0016;Skincare Set;Beauty;5;599.99;2999.95;Bank Transfer;2026/05/27;Emma Nkosi
T05418;S003;Rosebank;C0266;Member;P0008;Blender;Appliances;2;899.99;1799.98;Card;2026/03/14;Emma Nkosi
T05419;S003;Rosebank;C0228;Guest;P0019;Throw Blanket;Home & Decor;1;449.99;449.99;Bank Transfer;2026/01/12;Olivia Dlamini
T05420;S003;Rosebank;C2982;Member;P0020;Table Lamp;Home & Decor;5;699.99;3499.95;Cash;2026/06/05;Olivia Dlamini
T05421;S003;Rosebank;C2561;Member;P0008;Blender;Appliances;1;899.99;899.99;Mobile Pay;2026/02/18;Sarah Mokoena
T05422;S003;Rosebank;C1278;Guest;P0015;Sports Bottle;Sportswear;6;199.99;1199.94;Cash;2026/03/04;Jessica Naidoo
T05423;S003;Rosebank;C0888;Member;P0013;Running Shoes;Sportswear;5;1499.5;7497.5;Mobile Pay;2026/05/09;Olivia Dlamini
T05424;S003;Rosebank;C0131;Member;P0010;Cotton T-Shirt;Clothing;3;249.99;749.97;Mobile Pay;2026/05/02;Sarah Mokoena
T05425;S003;Rosebank;C1940;Member;P0006;Coffee Maker;Appliances;3;1299.99;3899.97;Cash;2026/01/15;Daniel Smith
T05426;S003;Rosebank;C2546;Member;P0007;Air Fryer;Appliances;5;1799.99;8999.95;Card;2026/01/12;Liam Jacobs
T05427;S003;Rosebank;C1735;Guest;P0015;Sports Bottle;Sportswear;1;199.99;199.99;Cash;2026/04/26;Jessica Naidoo
T05428;S003;Rosebank;C1216;Member;P0013;Running Shoes;Sportswear;3;1499.5;4498.5;Cash;2026/06/29;Sarah Mokoena
T05429;S003;Rosebank;C0573;Member;P0013;Running Shoes;Sportswear;1;1499.5;1499.5;Mobile Pay;2026/04/19;Liam Jacobs
T05430;S003;Rosebank;C1840;Member;P0022;Cookware Set;Kitchen;3;1599.99;4799.97;Mobile Pay;2026/02/18;Noah Pillay
T05431;S003;Rosebank;C1466;Guest;P0024;Storage Container Set;Kitchen;2;349.99;699.98;Bank Transfer;2026/04/27;Daniel Smith
T05432;S003;Rosebank;C2719;Guest;P0023;Dinner Plate Set;Kitchen;2;499.99;999.98;Bank Transfer;2026/05/08;Emma Nkosi
T05433;S003;Rosebank;C0601;Member;P0020;Table Lamp;Home & Decor;4;699.99;2799.96;Mobile Pay;2026/05/01;Sarah Mokoena
T05434;S003;Rosebank;C2502;Member;P0007;Air Fryer;Appliances;3;1799.99;5399.97;Card;2026/05/05;Jessica Naidoo
T05435;S003;Rosebank;C2893;Member;P0012;Hooded Sweatshirt;Clothing;1;599.99;599.99;Bank Transfer;2026/04/15;Jessica Naidoo
T05436;S003;Rosebank;C0894;Member;P0021;Cushion Set;Home & Decor;1;299.99;299.99;Bank Transfer;2026/03/13;Sophie Mthembu
T05437;S003;Rosebank;C0759;Member;P0023;Dinner Plate Set;Kitchen;1;499.99;499.99;Bank Transfer;2026/02/22;Sophie Mthembu
T05438;S003;Rosebank;C2767;Member;P0010;Cotton T-Shirt;Clothing;6;249.99;1499.94;Bank Transfer;2026/01/01;Daniel Smith
T05439;S003;Rosebank;C2084;Member;P0012;Hooded Sweatshirt;Clothing;2;599.99;1199.98;Mobile Pay;2026/01/07;Olivia Dlamini
T05440;S003;Rosebank;C1689;Guest;P0022;Cookware Set;Kitchen;4;1599.99;6399.96;Mobile Pay;2026/01/16;Michael Williams
T05441;S003;Rosebank;C2929;Guest;P0003;Smart Watch;Electronics;1;1299.99;1299.99;Bank Transfer;2026/04/25;Michael Williams
T05442;S003;Rosebank;C1874;Guest;P0023;Dinner Plate Set;Kitchen;2;499.99;999.98;Cash;2026/02/22;Michael Williams
T05443;S003;Rosebank;C2162;Member;P0023;Dinner Plate Set;Kitchen;4;499.99;1999.96;Cash;2026/02/12;Noah Pillay
T05444;S003;Rosebank;C0226;Member;P0007;Air Fryer;Appliances;2;1799.99;3599.98;Card;2026/04/07;Michael Williams
T05445;S003;Rosebank;C1129;Member;P0023;Dinner Plate Set;Kitchen;4;499.99;1999.96;Card;2026/04/18;Daniel Smith
T05446;S003;Rosebank;C0419;Member;P0013;Running Shoes;Sportswear;5;1499.5;7497.5;Bank Transfer;2026/04/22;Emma Nkosi
T05447;S003;Rosebank;C2249;Member;P0011;Denim Jeans;Clothing;4;799.99;3199.96;Bank Transfer;2026/01/24;Liam Jacobs
T05448;S003;Rosebank;C2206;Member;P0016;Skincare Set;Beauty;1;599.99;599.99;Mobile Pay;2026/01/09;Olivia Dlamini
T05449;S003;Rosebank;C2703;Member;P0017;Face Moisturiser;Beauty;1;249.99;249.99;Mobile Pay;2026/06/16;Sophie Mthembu
T05450;S003;Rosebank;C0770;Guest;P0024;Storage Container Set;Kitchen;3;349.99;1049.97;Card;2026/02/28;Jessica Naidoo
T05451;S003;Rosebank;C1434;Guest;P0010;Cotton T-Shirt;Clothing;6;249.99;1499.94;Mobile Pay;2026/03/30;Michael Williams
T05452;S003;Rosebank;C1483;Guest;P0014;Yoga Mat;Sportswear;6;399.99;2399.94;Cash;2026/06/10;Liam Jacobs
T05453;S003;Rosebank;C2443;Member;P0017;Face Moisturiser;Beauty;5;249.99;1249.95;Card;2026/01/21;Noah Pillay
T05454;S003;Rosebank;C1040;Guest;P0001;Wireless Headphones;Electronics;2;899.99;1799.98;Card;2026/05/05;Jessica Naidoo
T05455;S003;Rosebank;C1655;Member;P0025;Novel Book;Books;2;199.99;399.98;Card;2026/03/31;James Botha
T05456;S003;Rosebank;C0971;Guest;P0017;Face Moisturiser;Beauty;3;249.99;749.97;Card;2026/05/09;Liam Jacobs
T05457;S003;Rosebank;C1692;Guest;P0011;Denim Jeans;Clothing;1;799.99;799.99;Cash;2026/02/09;Emma Nkosi
T05458;S003;Rosebank;C1896;Member;P0018;Perfume;Beauty;2;899.99;1799.98;Bank Transfer;2026/02/13;Sarah Mokoena
T05459;S003;Rosebank;C2180;Guest;P0025;Novel Book;Books;2;199.99;399.98;Mobile Pay;2026/06/12;Michael Williams
T05460;S003;Rosebank;C1336;Guest;P0002;Bluetooth Speaker;Electronics;1;649.99;649.99;Bank Transfer;2026/01/05;Jessica Naidoo
T05461;S003;Rosebank;C2170;Guest;P0020;Table Lamp;Home & Decor;5;699.99;3499.95;Card;2026/06/14;James Botha
T05462;S003;Rosebank;C0241;Guest;P0005;Laptop Backpack;Accessories;4;549.99;2199.96;Bank Transfer;2026/03/16;Sarah Mokoena
T05463;S003;Rosebank;C0474;Guest;P0002;Bluetooth Speaker;Electronics;3;649.99;1949.97;Bank Transfer;2026/04/07;Emma Nkosi
T05464;S003;Rosebank;C0983;Guest;P0007;Air Fryer;Appliances;2;1799.99;3599.98;Bank Transfer;2026/06/04;Jessica Naidoo
T05465;S003;Rosebank;C0830;Member;P0011;Denim Jeans;Clothing;2;799.99;1599.98;Mobile Pay;2026/03/27;Noah Pillay
T05466;S003;Rosebank;C1120;Member;P0025;Novel Book;Books;3;199.99;599.97;Card;2026/01/05;Emma Nkosi
T05467;S003;Rosebank;C0960;Member;P0022;Cookware Set;Kitchen;5;1599.99;7999.95;Cash;2026/03/03;James Botha
T05468;S003;Rosebank;C2625;Member;P0025;Novel Book;Books;5;199.99;999.95;Bank Transfer;2026/03/07;Michael Williams
T05469;S003;Rosebank;C0329;Member;P0007;Air Fryer;Appliances;2;1799.99;3599.98;Cash;2026/02/14;Daniel Smith
T05470;S003;Rosebank;C0496;Member;P0019;Throw Blanket;Home & Decor;5;449.99;2249.95;Mobile Pay;2026/04/19;Jessica Naidoo
T05471;S003;Rosebank;C0350;Guest;P0009;Electric Kettle;Appliances;3;499.99;1499.97;Mobile Pay;2026/04/01;Daniel Smith
T05472;S003;Rosebank;C2142;Member;P0004;USB-C Charger;Electronics;5;299.99;1499.95;Card;2026/05/21;Michael Williams
T05473;S003;Rosebank;C0324;Member;P0002;Bluetooth Speaker;Electronics;6;649.99;3899.94;Cash;2026/05/22;Emma Nkosi
T05474;S003;Rosebank;C1193;Member;P0024;Storage Container Set;Kitchen;4;349.99;1399.96;Mobile Pay;2026/05/04;Emma Nkosi
T05475;S003;Rosebank;C0285;Member;P0017;Face Moisturiser;Beauty;5;249.99;1249.95;Cash;2026/03/28;Sarah Mokoena
T05476;S003;Rosebank;C1399;Member;P0025;Novel Book;Books;5;199.99;999.95;Bank Transfer;2026/05/18;Jessica Naidoo
T05477;S003;Rosebank;C0706;Member;P0016;Skincare Set;Beauty;3;599.99;1799.97;Card;2026/01/15;Sarah Mokoena
T05478;S003;Rosebank;C2604;Guest;P0017;Face Moisturiser;Beauty;2;249.99;499.98;Bank Transfer;2026/02/07;Jessica Naidoo
T05479;S003;Rosebank;C0607;Member;P0005;Laptop Backpack;Accessories;3;549.99;1649.97;Mobile Pay;2026/02/14;Jessica Naidoo
T05480;S003;Rosebank;C1961;Member;P0018;Perfume;Beauty;6;899.99;5399.94;Cash;2026/01/15;Olivia Dlamini
T05481;S003;Rosebank;C0698;Guest;P0014;Yoga Mat;Sportswear;1;399.99;399.99;Card;2026/05/14;Noah Pillay
T05482;S003;Rosebank;C1491;Guest;P0013;Running Shoes;Sportswear;3;1499.5;4498.5;Bank Transfer;2026/01/15;Liam Jacobs
T05483;S003;Rosebank;C1665;Guest;P0012;Hooded Sweatshirt;Clothing;3;599.99;1799.97;Cash;2026/05/07;Emma Nkosi
T05484;S003;Rosebank;C1614;Guest;P0007;Air Fryer;Appliances;2;1799.99;3599.98;Mobile Pay;2026/05/10;Michael Williams
T05485;S003;Rosebank;C0461;Guest;P0001;Wireless Headphones;Electronics;4;899.99;3599.96;Card;2026/01/18;Liam Jacobs
T05486;S003;Rosebank;C1323;Member;P0021;Cushion Set;Home & Decor;4;299.99;1199.96;Card;2026/03/30;Liam Jacobs
T05487;S003;Rosebank;C1878;Member;P0006;Coffee Maker;Appliances;4;1299.99;5199.96;Card;2026/06/12;Jessica Naidoo
T05488;S003;Rosebank;C1043;Guest;P0004;USB-C Charger;Electronics;2;299.99;599.98;Cash;2026/01/11;Jessica Naidoo
T05489;S003;Rosebank;C1019;Member;P0014;Yoga Mat;Sportswear;3;399.99;1199.97;Card;2026/02/07;James Botha
T05490;S003;Rosebank;C0587;Guest;P0007;Air Fryer;Appliances;6;1799.99;10799.94;Bank Transfer;2026/01/21;Sarah Mokoena
T05491;S003;Rosebank;C1250;Member;P0015;Sports Bottle;Sportswear;1;199.99;199.99;Cash;2026/03/04;Sophie Mthembu
T05492;S003;Rosebank;C0857;Member;P0006;Coffee Maker;Appliances;3;1299.99;3899.97;Cash;2026/06/15;Sarah Mokoena
T05493;S003;Rosebank;C2706;Member;P0013;Running Shoes;Sportswear;2;1499.5;2999.0;Cash;2026/02/28;Liam Jacobs
T05494;S003;Rosebank;C2397;Guest;P0014;Yoga Mat;Sportswear;6;399.99;2399.94;Cash;2026/06/14;Michael Williams
T05495;S003;Rosebank;C0954;Member;P0017;Face Moisturiser;Beauty;4;249.99;999.96;Cash;2026/03/22;Olivia Dlamini
T05496;S003;Rosebank;C2582;Member;P0006;Coffee Maker;Appliances;2;1299.99;2599.98;Cash;2026/06/16;Daniel Smith
T05497;S003;Rosebank;C2279;Member;P0010;Cotton T-Shirt;Clothing;6;249.99;1499.94;Mobile Pay;2026/05/20;Noah Pillay
T05498;S003;Rosebank;C2893;Guest;P0016;Skincare Set;Beauty;2;599.99;1199.98;Bank Transfer;2026/06/29;Olivia Dlamini
T05499;S003;Rosebank;C1255;Guest;P0014;Yoga Mat;Sportswear;3;399.99;1199.97;Mobile Pay;2026/03/20;Michael Williams
T05500;S003;Rosebank;C1765;Member;P0001;Wireless Headphones;Electronics;2;899.99;1799.98;Bank Transfer;2026/04/12;Noah Pillay
T05501;S003;Rosebank;C1075;Member;P0013;Running Shoes;Sportswear;6;1499.5;8997.0;Mobile Pay;2026/03/27;James Botha
T05502;S003;Rosebank;C2776;Member;P0004;USB-C Charger;Electronics;6;299.99;1799.94;Cash;2026/02/27;Liam Jacobs
T05503;S003;Rosebank;C1099;Guest;P0010;Cotton T-Shirt;Clothing;6;249.99;1499.94;Mobile Pay;2026/01/01;Emma Nkosi
T05504;S003;Rosebank;C0435;Guest;P0014;Yoga Mat;Sportswear;1;399.99;399.99;Card;2026/02/13;Noah Pillay
T05505;S003;Rosebank;C0732;Guest;P0011;Denim Jeans;Clothing;1;799.99;799.99;Mobile Pay;2026/03/24;Liam Jacobs
T05506;S003;Rosebank;C1723;Member;P0018;Perfume;Beauty;5;899.99;4499.95;Card;2026/01/07;Michael Williams
T05507;S003;Rosebank;C2291;Member;P0025;Novel Book;Books;2;199.99;399.98;Mobile Pay;2026/01/04;Sarah Mokoena
T05508;S003;Rosebank;C0013;Member;P0024;Storage Container Set;Kitchen;5;349.99;1749.95;Bank Transfer;2026/02/07;Noah Pillay
T05509;S003;Rosebank;C1671;Member;P0010;Cotton T-Shirt;Clothing;2;249.99;499.98;Cash;2026/05/01;Emma Nkosi
T05510;S003;Rosebank;C1424;Member;P0014;Yoga Mat;Sportswear;5;399.99;1999.95;Mobile Pay;2026/01/26;Liam Jacobs
T05511;S003;Rosebank;C1486;Member;P0015;Sports Bottle;Sportswear;3;199.99;599.97;Cash;2026/04/20;Sarah Mokoena
T05512;S003;Rosebank;C2423;Guest;P0009;Electric Kettle;Appliances;5;499.99;2499.95;Mobile Pay;2026/06/24;Michael Williams
T05513;S003;Rosebank;C0825;Member;P0003;Smart Watch;Electronics;4;1299.99;5199.96;Bank Transfer;2026/06/17;Jessica Naidoo
T05514;S003;Rosebank;C0380;Member;P0007;Air Fryer;Appliances;1;1799.99;1799.99;Card;2026/04/11;Emma Nkosi
T05515;S003;Rosebank;C0597;Guest;P0012;Hooded Sweatshirt;Clothing;5;599.99;2999.95;Bank Transfer;2026/05/11;Olivia Dlamini
T05516;S003;Rosebank;C0452;Member;P0001;Wireless Headphones;Electronics;1;899.99;899.99;Bank Transfer;2026/05/26;James Botha
T05517;S003;Rosebank;C0288;Member;P0024;Storage Container Set;Kitchen;1;349.99;349.99;Bank Transfer;2026/06/18;Sarah Mokoena
T05518;S003;Rosebank;C2711;Member;P0016;Skincare Set;Beauty;3;599.99;1799.97;Card;2026/06/08;Liam Jacobs
T05519;S003;Rosebank;C1735;Member;P0001;Wireless Headphones;Electronics;3;899.99;2699.97;Cash;2026/02/09;Noah Pillay
T05520;S003;Rosebank;C2250;Guest;P0003;Smart Watch;Electronics;2;1299.99;2599.98;Bank Transfer;2026/02/05;Emma Nkosi
T05521;S003;Rosebank;C0870;Member;P0004;USB-C Charger;Electronics;3;299.99;899.97;Bank Transfer;2026/05/31;Michael Williams
T05522;S003;Rosebank;C2390;Guest;P0012;Hooded Sweatshirt;Clothing;6;599.99;3599.94;Bank Transfer;2026/03/11;Sophie Mthembu
T05523;S003;Rosebank;C2145;Guest;P0024;Storage Container Set;Kitchen;2;349.99;699.98;Cash;2026/01/25;James Botha
T05524;S003;Rosebank;C2380;Guest;P0016;Skincare Set;Beauty;2;599.99;1199.98;Card;2026/01/27;Sophie Mthembu
T05525;S003;Rosebank;C0021;Guest;P0013;Running Shoes;Sportswear;3;1499.5;4498.5;Mobile Pay;2026/03/16;Michael Williams
T05526;S003;Rosebank;C0814;Guest;P0021;Cushion Set;Home & Decor;2;299.99;599.98;Bank Transfer;2026/05/18;Noah Pillay
T05527;S003;Rosebank;C1351;Member;P0022;Cookware Set;Kitchen;5;1599.99;7999.95;Mobile Pay;2026/03/24;Emma Nkosi
T05528;S003;Rosebank;C2838;Guest;P0017;Face Moisturiser;Beauty;6;249.99;1499.94;Card;2026/04/21;Liam Jacobs
T05529;S003;Rosebank;C1695;Member;P0014;Yoga Mat;Sportswear;3;399.99;1199.97;Mobile Pay;2026/06/06;Daniel Smith
T05530;S003;Rosebank;C2751;Guest;P0013;Running Shoes;Sportswear;1;1499.5;1499.5;Card;2026/02/03;Daniel Smith
T05531;S003;Rosebank;C1098;Guest;P0021;Cushion Set;Home & Decor;3;299.99;899.97;Card;2026/03/01;Liam Jacobs
T05532;S003;Rosebank;C0872;Member;P0001;Wireless Headphones;Electronics;4;899.99;3599.96;Bank Transfer;2026/03/22;Jessica Naidoo
T05533;S003;Rosebank;C1066;Member;P0022;Cookware Set;Kitchen;3;1599.99;4799.97;Card;2026/01/07;Emma Nkosi
T05534;S003;Rosebank;C2032;Member;P0008;Blender;Appliances;3;899.99;2699.97;Mobile Pay;2026/01/15;Jessica Naidoo
T05535;S003;Rosebank;C0939;Member;P0017;Face Moisturiser;Beauty;3;249.99;749.97;Cash;2026/06/25;Michael Williams
T05536;S003;Rosebank;C1714;Guest;P0024;Storage Container Set;Kitchen;1;349.99;349.99;Cash;2026/03/10;Emma Nkosi
T05537;S003;Rosebank;C1562;Member;P0019;Throw Blanket;Home & Decor;4;449.99;1799.96;Card;2026/02/26;Liam Jacobs
T05538;S003;Rosebank;C2534;Member;P0018;Perfume;Beauty;2;899.99;1799.98;Bank Transfer;2026/03/17;Noah Pillay
T05539;S003;Rosebank;C1383;Member;P0003;Smart Watch;Electronics;3;1299.99;3899.97;Bank Transfer;2026/04/27;Emma Nkosi
T05540;S003;Rosebank;C1177;Guest;P0012;Hooded Sweatshirt;Clothing;4;599.99;2399.96;Bank Transfer;2026/01/27;James Botha
T05541;S003;Rosebank;C1485;Guest;P0011;Denim Jeans;Clothing;2;799.99;1599.98;Bank Transfer;2026/05/13;Daniel Smith
T05542;S003;Rosebank;C1678;Member;P0020;Table Lamp;Home & Decor;6;699.99;4199.94;Cash;2026/06/22;Noah Pillay
T05543;S003;Rosebank;C1901;Member;P0015;Sports Bottle;Sportswear;4;199.99;799.96;Cash;2026/06/28;Sophie Mthembu
T05544;S003;Rosebank;C0300;Member;P0004;USB-C Charger;Electronics;2;299.99;599.98;Card;2026/03/04;Sophie Mthembu
T05545;S003;Rosebank;C2443;Member;P0014;Yoga Mat;Sportswear;4;399.99;1599.96;Mobile Pay;2026/06/10;Sophie Mthembu
T05546;S003;Rosebank;C2187;Guest;P0006;Coffee Maker;Appliances;1;1299.99;1299.99;Mobile Pay;2026/03/28;Emma Nkosi
T05547;S003;Rosebank;C1823;Member;P0025;Novel Book;Books;3;199.99;599.97;Bank Transfer;2026/02/18;Daniel Smith
T05548;S003;Rosebank;C2796;Guest;P0015;Sports Bottle;Sportswear;2;199.99;399.98;Card;2026/05/22;Daniel Smith
T05549;S003;Rosebank;C2168;Guest;P0020;Table Lamp;Home & Decor;5;699.99;3499.95;Card;2026/02/17;Sarah Mokoena
T05550;S003;Rosebank;C1459;Member;P0008;Blender;Appliances;2;899.99;1799.98;Card;2026/05/23;Sophie Mthembu
T05551;S003;Rosebank;C0215;Member;P0003;Smart Watch;Electronics;3;1299.99;3899.97;Mobile Pay;2026/01/10;Sophie Mthembu
T05552;S003;Rosebank;C0035;Guest;P0024;Storage Container Set;Kitchen;5;349.99;1749.95;Mobile Pay;2026/04/27;Michael Williams
T05553;S003;Rosebank;C2310;Member;P0008;Blender;Appliances;6;899.99;5399.94;Cash;2026/04/18;Daniel Smith
T05554;S003;Rosebank;C1262;Member;P0015;Sports Bottle;Sportswear;1;199.99;199.99;Bank Transfer;2026/06/21;Liam Jacobs
T05555;S003;Rosebank;C0812;Member;P0019;Throw Blanket;Home & Decor;1;449.99;449.99;Cash;2026/05/27;Sarah Mokoena
T05556;S003;Rosebank;C2876;Member;P0008;Blender;Appliances;6;899.99;5399.94;Bank Transfer;2026/03/11;Michael Williams
T05557;S003;Rosebank;C2581;Member;P0002;Bluetooth Speaker;Electronics;4;649.99;2599.96;Cash;2026/03/07;James Botha
T05558;S003;Rosebank;C2347;Member;P0013;Running Shoes;Sportswear;4;1499.5;5998.0;Bank Transfer;2026/01/19;James Botha
T05559;S003;Rosebank;C0230;Guest;P0013;Running Shoes;Sportswear;2;1499.5;2999.0;Mobile Pay;2026/03/24;Daniel Smith
T05560;S003;Rosebank;C1726;Member;P0019;Throw Blanket;Home & Decor;3;449.99;1349.97;Mobile Pay;2026/06/05;Jessica Naidoo
T05561;S003;Rosebank;C0953;Guest;P0009;Electric Kettle;Appliances;2;499.99;999.98;Bank Transfer;2026/05/08;Sophie Mthembu
T05562;S003;Rosebank;C1189;Guest;P0015;Sports Bottle;Sportswear;6;199.99;1199.94;Card;2026/06/27;Michael Williams
T05563;S003;Rosebank;C0373;Member;P0002;Bluetooth Speaker;Electronics;5;649.99;3249.95;Card;2026/04/29;Sarah Mokoena
T05564;S003;Rosebank;C2718;Guest;P0002;Bluetooth Speaker;Electronics;5;649.99;3249.95;Card;2026/05/14;Sarah Mokoena
T05565;S003;Rosebank;C0661;Guest;P0007;Air Fryer;Appliances;4;1799.99;7199.96;Mobile Pay;2026/03/22;Emma Nkosi
T05566;S003;Rosebank;C1757;Guest;P0024;Storage Container Set;Kitchen;3;349.99;1049.97;Mobile Pay;2026/02/02;Michael Williams
T05567;S003;Rosebank;C2631;Guest;P0024;Storage Container Set;Kitchen;4;349.99;1399.96;Mobile Pay;2026/02/04;Liam Jacobs
T05568;S003;Rosebank;C2021;Member;P0004;USB-C Charger;Electronics;4;299.99;1199.96;Cash;2026/03/15;Olivia Dlamini
T05569;S003;Rosebank;C2555;Guest;P0013;Running Shoes;Sportswear;2;1499.5;2999.0;Card;2026/06/15;Jessica Naidoo
T05570;S003;Rosebank;C0073;Member;P0025;Novel Book;Books;2;199.99;399.98;Cash;2026/04/28;Michael Williams
T05571;S003;Rosebank;C1097;Member;P0002;Bluetooth Speaker;Electronics;3;649.99;1949.97;Mobile Pay;2026/02/10;Emma Nkosi
T05572;S003;Rosebank;C2744;Guest;P0007;Air Fryer;Appliances;4;1799.99;7199.96;Bank Transfer;2026/02/21;Sophie Mthembu
T05573;S003;Rosebank;C0314;Member;P0025;Novel Book;Books;4;199.99;799.96;Mobile Pay;2026/05/23;Daniel Smith
T05574;S003;Rosebank;C2059;Member;P0010;Cotton T-Shirt;Clothing;1;249.99;249.99;Bank Transfer;2026/05/11;Emma Nkosi
T05575;S003;Rosebank;C0892;Guest;P0003;Smart Watch;Electronics;4;1299.99;5199.96;Mobile Pay;2026/05/18;Noah Pillay
T05576;S003;Rosebank;C1894;Guest;P0004;USB-C Charger;Electronics;5;299.99;1499.95;Cash;2026/05/24;Olivia Dlamini
T05577;S003;Rosebank;C2052;Member;P0007;Air Fryer;Appliances;1;1799.99;1799.99;Card;2026/02/17;Emma Nkosi
T05578;S003;Rosebank;C1763;Member;P0022;Cookware Set;Kitchen;2;1599.99;3199.98;Card;2026/06/12;Michael Williams
T05579;S003;Rosebank;C1337;Member;P0006;Coffee Maker;Appliances;3;1299.99;3899.97;Mobile Pay;2026/04/13;Daniel Smith
T05580;S003;Rosebank;C2983;Guest;P0014;Yoga Mat;Sportswear;1;399.99;399.99;Card;2026/01/08;Liam Jacobs
T05581;S003;Rosebank;C2994;Member;P0011;Denim Jeans;Clothing;6;799.99;4799.94;Mobile Pay;2026/01/20;Sophie Mthembu
T05582;S003;Rosebank;C1764;Guest;P0020;Table Lamp;Home & Decor;3;699.99;2099.97;Mobile Pay;2026/06/10;Liam Jacobs
T05583;S003;Rosebank;C0568;Member;P0023;Dinner Plate Set;Kitchen;1;499.99;499.99;Bank Transfer;2026/03/27;Sophie Mthembu
T05584;S003;Rosebank;C2120;Member;P0012;Hooded Sweatshirt;Clothing;1;599.99;599.99;Bank Transfer;2026/05/09;James Botha
T05585;S003;Rosebank;C0757;Member;P0022;Cookware Set;Kitchen;6;1599.99;9599.94;Mobile Pay;2026/01/11;Sophie Mthembu
T05586;S003;Rosebank;C1864;Member;P0025;Novel Book;Books;1;199.99;199.99;Bank Transfer;2026/03/22;Daniel Smith
T05587;S003;Rosebank;C1416;Guest;P0001;Wireless Headphones;Electronics;1;899.99;899.99;Bank Transfer;2026/02/24;Emma Nkosi
T05588;S003;Rosebank;C1266;Member;P0008;Blender;Appliances;1;899.99;899.99;Cash;2026/05/12;James Botha
T05589;S003;Rosebank;C2777;Member;P0010;Cotton T-Shirt;Clothing;1;249.99;249.99;Cash;2026/02/20;Michael Williams
T05590;S003;Rosebank;C2780;Guest;P0016;Skincare Set;Beauty;6;599.99;3599.94;Mobile Pay;2026/05/12;James Botha
T05591;S003;Rosebank;C1410;Guest;P0009;Electric Kettle;Appliances;4;499.99;1999.96;Card;2026/05/08;Sarah Mokoena
T05592;S003;Rosebank;C1002;Guest;P0014;Yoga Mat;Sportswear;2;399.99;799.98;Cash;2026/06/28;Emma Nkosi
T05593;S003;Rosebank;C0637;Member;P0008;Blender;Appliances;2;899.99;1799.98;Card;2026/03/06;Daniel Smith
T05594;S003;Rosebank;C2715;Member;P0020;Table Lamp;Home & Decor;5;699.99;3499.95;Cash;2026/03/29;Olivia Dlamini
T05595;S003;Rosebank;C2898;Member;P0017;Face Moisturiser;Beauty;1;249.99;249.99;Bank Transfer;2026/05/30;Sarah Mokoena
T05596;S003;Rosebank;C1195;Guest;P0017;Face Moisturiser;Beauty;4;249.99;999.96;Card;2026/04/17;Jessica Naidoo
T05597;S003;Rosebank;C1337;Member;P0020;Table Lamp;Home & Decor;4;699.99;2799.96;Cash;2026/04/10;James Botha
T05598;S003;Rosebank;C1724;Member;P0024;Storage Container Set;Kitchen;4;349.99;1399.96;Bank Transfer;2026/05/17;Olivia Dlamini
T05599;S003;Rosebank;C1812;Guest;P0025;Novel Book;Books;2;199.99;399.98;Mobile Pay;2026/05/29;Daniel Smith
T05600;S003;Rosebank;C0274;Member;P0008;Blender;Appliances;2;899.99;1799.98;Mobile Pay;2026/04/11;Emma Nkosi
T05601;S003;Rosebank;C0258;Guest;P0023;Dinner Plate Set;Kitchen;1;499.99;499.99;Bank Transfer;2026/06/09;Liam Jacobs
T05602;S003;Rosebank;C0899;Member;P0011;Denim Jeans;Clothing;3;799.99;2399.97;Mobile Pay;2026/03/28;Liam Jacobs
T05603;S003;Rosebank;C1675;Member;P0019;Throw Blanket;Home & Decor;3;449.99;1349.97;Card;2026/02/24;Noah Pillay
T05604;S003;Rosebank;C0420;Guest;P0019;Throw Blanket;Home & Decor;4;449.99;1799.96;Cash;2026/03/06;Daniel Smith
T05605;S003;Rosebank;C2033;Member;P0003;Smart Watch;Electronics;1;1299.99;1299.99;Cash;2026/05/15;Emma Nkosi
T05606;S003;Rosebank;C2867;Guest;P0020;Table Lamp;Home & Decor;4;699.99;2799.96;Mobile Pay;2026/02/07;Noah Pillay
T05607;S003;Rosebank;C2165;Guest;P0021;Cushion Set;Home & Decor;1;299.99;299.99;Mobile Pay;2026/05/15;Sophie Mthembu
T05608;S003;Rosebank;C2118;Member;P0006;Coffee Maker;Appliances;5;1299.99;6499.95;Cash;2026/05/29;Daniel Smith
T05609;S003;Rosebank;C0461;Member;P0008;Blender;Appliances;4;899.99;3599.96;Cash;2026/01/18;Michael Williams
T05610;S003;Rosebank;C0399;Member;P0023;Dinner Plate Set;Kitchen;1;499.99;499.99;Bank Transfer;2026/01/29;Michael Williams
T05611;S003;Rosebank;C2345;Member;P0016;Skincare Set;Beauty;5;599.99;2999.95;Mobile Pay;2026/05/24;Daniel Smith
T05612;S003;Rosebank;C2066;Member;P0021;Cushion Set;Home & Decor;3;299.99;899.97;Mobile Pay;2026/03/26;James Botha
T05613;S003;Rosebank;C0189;Member;P0014;Yoga Mat;Sportswear;3;399.99;1199.97;Card;2026/03/16;Sophie Mthembu
T05614;S003;Rosebank;C0658;Member;P0004;USB-C Charger;Electronics;3;299.99;899.97;Bank Transfer;2026/05/14;Daniel Smith
T05615;S003;Rosebank;C2282;Member;P0003;Smart Watch;Electronics;2;1299.99;2599.98;Cash;2026/05/11;Sarah Mokoena
T05616;S003;Rosebank;C0494;Member;P0016;Skincare Set;Beauty;4;599.99;2399.96;Cash;2026/06/04;Emma Nkosi
T05617;S003;Rosebank;C0166;Guest;P0024;Storage Container Set;Kitchen;5;349.99;1749.95;Card;2026/05/02;Sophie Mthembu
T05618;S003;Rosebank;C1352;Guest;P0022;Cookware Set;Kitchen;4;1599.99;6399.96;Mobile Pay;2026/06/26;Emma Nkosi
T05619;S003;Rosebank;C0364;Member;P0024;Storage Container Set;Kitchen;2;349.99;699.98;Cash;2026/03/19;Michael Williams
T05620;S003;Rosebank;C1068;Member;P0010;Cotton T-Shirt;Clothing;1;249.99;249.99;Card;2026/06/24;Sarah Mokoena
T05621;S003;Rosebank;C0954;Member;P0020;Table Lamp;Home & Decor;6;699.99;4199.94;Cash;2026/02/26;James Botha
T05622;S003;Rosebank;C1503;Member;P0018;Perfume;Beauty;1;899.99;899.99;Cash;2026/01/15;Liam Jacobs
T05623;S003;Rosebank;C0757;Member;P0015;Sports Bottle;Sportswear;1;199.99;199.99;Cash;2026/01/21;Sophie Mthembu
T05624;S003;Rosebank;C1246;Guest;P0002;Bluetooth Speaker;Electronics;2;649.99;1299.98;Bank Transfer;2026/03/29;Liam Jacobs
T05625;S003;Rosebank;C2964;Member;P0001;Wireless Headphones;Electronics;3;899.99;2699.97;Card;2026/04/25;Sophie Mthembu
T05626;S003;Rosebank;C2862;Member;P0009;Electric Kettle;Appliances;6;499.99;2999.94;Bank Transfer;2026/02/26;Jessica Naidoo
T05627;S003;Rosebank;C1139;Member;P0025;Novel Book;Books;6;199.99;1199.94;Cash;2026/02/03;Liam Jacobs
T05628;S003;Rosebank;C2533;Member;P0016;Skincare Set;Beauty;5;599.99;2999.95;Bank Transfer;2026/03/04;Jessica Naidoo
T05629;S003;Rosebank;C1988;Guest;P0001;Wireless Headphones;Electronics;1;899.99;899.99;Bank Transfer;2026/04/15;Sarah Mokoena
T05630;S003;Rosebank;C2601;Guest;P0021;Cushion Set;Home & Decor;5;299.99;1499.95;Cash;2026/06/24;Emma Nkosi
T05631;S003;Rosebank;C1184;Member;P0019;Throw Blanket;Home & Decor;1;449.99;449.99;Card;2026/04/22;Daniel Smith
T05632;S003;Rosebank;C2835;Guest;P0018;Perfume;Beauty;3;899.99;2699.97;Bank Transfer;2026/04/08;Liam Jacobs
T05633;S003;Rosebank;C2286;Member;P0014;Yoga Mat;Sportswear;6;399.99;2399.94;Bank Transfer;2026/02/26;Olivia Dlamini
T05634;S003;Rosebank;C2523;Member;P0012;Hooded Sweatshirt;Clothing;3;599.99;1799.97;Bank Transfer;2026/05/02;Michael Williams
T05635;S003;Rosebank;C2223;Member;P0017;Face Moisturiser;Beauty;3;249.99;749.97;Mobile Pay;2026/02/06;Noah Pillay
T05636;S003;Rosebank;C2033;Guest;P0020;Table Lamp;Home & Decor;4;699.99;2799.96;Mobile Pay;2026/06/11;Sophie Mthembu
T05637;S003;Rosebank;C0984;Guest;P0019;Throw Blanket;Home & Decor;1;449.99;449.99;Cash;2026/04/15;Olivia Dlamini
T05638;S003;Rosebank;C2479;Member;P0013;Running Shoes;Sportswear;5;1499.5;7497.5;Cash;2026/05/16;James Botha
T05639;S003;Rosebank;C0345;Guest;P0010;Cotton T-Shirt;Clothing;6;249.99;1499.94;Card;2026/01/08;James Botha
T05640;S003;Rosebank;C2404;Member;P0010;Cotton T-Shirt;Clothing;3;249.99;749.97;Mobile Pay;2026/01/12;Emma Nkosi
T05641;S003;Rosebank;C2798;Member;P0007;Air Fryer;Appliances;6;1799.99;10799.94;Card;2026/03/21;Sophie Mthembu
T05642;S003;Rosebank;C1290;Member;P0003;Smart Watch;Electronics;3;1299.99;3899.97;Mobile Pay;2026/06/27;James Botha
T05643;S003;Rosebank;C0944;Guest;P0014;Yoga Mat;Sportswear;1;399.99;399.99;Bank Transfer;2026/06/20;Noah Pillay
T05644;S003;Rosebank;C2406;Guest;P0010;Cotton T-Shirt;Clothing;6;249.99;1499.94;Card;2026/02/22;Liam Jacobs
T05645;S003;Rosebank;C1974;Member;P0001;Wireless Headphones;Electronics;4;899.99;3599.96;Cash;2026/06/08;Noah Pillay
T05646;S003;Rosebank;C2982;Guest;P0022;Cookware Set;Kitchen;6;1599.99;9599.94;Card;2026/03/28;Olivia Dlamini
T05647;S003;Rosebank;C2403;Guest;P0023;Dinner Plate Set;Kitchen;1;499.99;499.99;Mobile Pay;2026/05/01;Noah Pillay
T05648;S003;Rosebank;C0299;Member;P0007;Air Fryer;Appliances;2;1799.99;3599.98;Mobile Pay;2026/04/10;Liam Jacobs
T05649;S003;Rosebank;C1291;Member;P0011;Denim Jeans;Clothing;4;799.99;3199.96;Bank Transfer;2026/06/24;Daniel Smith
T05650;S003;Rosebank;C1488;Member;P0009;Electric Kettle;Appliances;6;499.99;2999.94;Card;2026/02/13;Noah Pillay
T05651;S003;Rosebank;C2144;Guest;P0021;Cushion Set;Home & Decor;6;299.99;1799.94;Card;2026/01/28;Sarah Mokoena
T05652;S003;Rosebank;C1479;Member;P0025;Novel Book;Books;4;199.99;799.96;Bank Transfer;2026/04/15;Olivia Dlamini
T05653;S003;Rosebank;C0542;Guest;P0019;Throw Blanket;Home & Decor;4;449.99;1799.96;Cash;2026/05/13;Michael Williams
T05654;S003;Rosebank;C0974;Member;P0008;Blender;Appliances;3;899.99;2699.97;Cash;2026/04/04;Michael Williams
T05655;S003;Rosebank;C2743;Guest;P0004;USB-C Charger;Electronics;3;299.99;899.97;Bank Transfer;2026/05/07;Daniel Smith
T05656;S003;Rosebank;C2930;Member;P0014;Yoga Mat;Sportswear;6;399.99;2399.94;Card;2026/01/08;Olivia Dlamini
T05657;S003;Rosebank;C1952;Member;P0022;Cookware Set;Kitchen;4;1599.99;6399.96;Bank Transfer;2026/03/13;Jessica Naidoo
T05658;S003;Rosebank;C1518;Member;P0018;Perfume;Beauty;5;899.99;4499.95;Mobile Pay;2026/05/29;Emma Nkosi
T05659;S003;Rosebank;C0965;Member;P0020;Table Lamp;Home & Decor;3;699.99;2099.97;Cash;2026/06/18;Liam Jacobs
T05660;S003;Rosebank;C2575;Member;P0001;Wireless Headphones;Electronics;5;899.99;4499.95;Bank Transfer;2026/04/11;Daniel Smith
T05661;S003;Rosebank;C1891;Member;P0015;Sports Bottle;Sportswear;2;199.99;399.98;Cash;2026/03/02;Daniel Smith
T05662;S003;Rosebank;C1715;Guest;P0016;Skincare Set;Beauty;6;599.99;3599.94;Mobile Pay;2026/04/13;Sophie Mthembu
T05663;S003;Rosebank;C1219;Guest;P0021;Cushion Set;Home & Decor;1;299.99;299.99;Bank Transfer;2026/01/25;Liam Jacobs
T05664;S003;Rosebank;C1475;Member;P0003;Smart Watch;Electronics;2;1299.99;2599.98;Card;2026/03/19;Sarah Mokoena
T05665;S003;Rosebank;C2493;Member;P0018;Perfume;Beauty;3;899.99;2699.97;Cash;2026/05/23;James Botha
T05666;S003;Rosebank;C0457;Guest;P0008;Blender;Appliances;5;899.99;4499.95;Mobile Pay;2026/04/07;Liam Jacobs
T05667;S003;Rosebank;C2561;Member;P0017;Face Moisturiser;Beauty;1;249.99;249.99;Card;2026/05/20;Jessica Naidoo
T05668;S003;Rosebank;C0217;Guest;P0005;Laptop Backpack;Accessories;6;549.99;3299.94;Mobile Pay;2026/02/05;Sophie Mthembu
T05669;S003;Rosebank;C0131;Member;P0014;Yoga Mat;Sportswear;6;399.99;2399.94;Cash;2026/06/23;Emma Nkosi
T05670;S003;Rosebank;C2408;Member;P0007;Air Fryer;Appliances;4;1799.99;7199.96;Card;2026/02/12;Olivia Dlamini
T05671;S003;Rosebank;C2218;Member;P0017;Face Moisturiser;Beauty;4;249.99;999.96;Mobile Pay;2026/06/20;Olivia Dlamini
T05672;S003;Rosebank;C2290;Member;P0021;Cushion Set;Home & Decor;2;299.99;599.98;Cash;2026/04/05;Sophie Mthembu
T05673;S003;Rosebank;C1321;Member;P0003;Smart Watch;Electronics;3;1299.99;3899.97;Bank Transfer;2026/06/16;Olivia Dlamini
T05674;S003;Rosebank;C2363;Member;P0011;Denim Jeans;Clothing;4;799.99;3199.96;Cash;2026/04/28;Daniel Smith
T05675;S003;Rosebank;C2545;Guest;P0002;Bluetooth Speaker;Electronics;4;649.99;2599.96;Bank Transfer;2026/06/21;Emma Nkosi
T05676;S003;Rosebank;C0451;Member;P0013;Running Shoes;Sportswear;1;1499.5;1499.5;Card;2026/03/02;Sarah Mokoena
T05677;S003;Rosebank;C2150;Member;P0005;Laptop Backpack;Accessories;2;549.99;1099.98;Cash;2026/03/07;Noah Pillay
T05678;S003;Rosebank;C0886;Guest;P0012;Hooded Sweatshirt;Clothing;1;599.99;599.99;Bank Transfer;2026/03/28;Emma Nkosi
T05679;S003;Rosebank;C1786;Guest;P0003;Smart Watch;Electronics;5;1299.99;6499.95;Cash;2026/05/17;Michael Williams
T05680;S003;Rosebank;C0718;Guest;P0017;Face Moisturiser;Beauty;4;249.99;999.96;Card;2026/03/22;Daniel Smith
T05681;S003;Rosebank;C2355;Guest;P0013;Running Shoes;Sportswear;2;1499.5;2999.0;Cash;2026/04/07;Liam Jacobs
T05682;S003;Rosebank;C2706;Guest;P0013;Running Shoes;Sportswear;3;1499.5;4498.5;Bank Transfer;2026/03/23;Liam Jacobs
T05683;S003;Rosebank;C0787;Member;P0011;Denim Jeans;Clothing;1;799.99;799.99;Card;2026/02/11;Sophie Mthembu
T05684;S003;Rosebank;C1987;Member;P0013;Running Shoes;Sportswear;6;1499.5;8997.0;Mobile Pay;2026/01/14;Sarah Mokoena
T05685;S003;Rosebank;C2279;Member;P0023;Dinner Plate Set;Kitchen;2;499.99;999.98;Bank Transfer;2026/03/16;Jessica Naidoo
T05686;S003;Rosebank;C0909;Member;P0024;Storage Container Set;Kitchen;1;349.99;349.99;Card;2026/06/18;Sarah Mokoena
T05687;S003;Rosebank;C1027;Member;P0020;Table Lamp;Home & Decor;3;699.99;2099.97;Mobile Pay;2026/06/11;Noah Pillay
T05688;S003;Rosebank;C1640;Guest;P0004;USB-C Charger;Electronics;1;299.99;299.99;Card;2026/03/02;Olivia Dlamini
T05689;S003;Rosebank;C2720;Guest;P0010;Cotton T-Shirt;Clothing;2;249.99;499.98;Cash;2026/02/20;Jessica Naidoo
T05690;S003;Rosebank;C1199;Guest;P0018;Perfume;Beauty;3;899.99;2699.97;Bank Transfer;2026/05/01;Olivia Dlamini
T05691;S003;Rosebank;C1937;Guest;P0018;Perfume;Beauty;5;899.99;4499.95;Cash;2026/04/12;Michael Williams
T05692;S003;Rosebank;C1209;Member;P0003;Smart Watch;Electronics;6;1299.99;7799.94;Bank Transfer;2026/01/17;Noah Pillay
T05693;S003;Rosebank;C2942;Member;P0002;Bluetooth Speaker;Electronics;4;649.99;2599.96;Bank Transfer;2026/01/26;Daniel Smith
T05694;S003;Rosebank;C0565;Guest;P0016;Skincare Set;Beauty;1;599.99;599.99;Card;2026/02/19;Michael Williams
T05695;S003;Rosebank;C1519;Member;P0015;Sports Bottle;Sportswear;6;199.99;1199.94;Cash;2026/02/05;Sophie Mthembu
T05696;S003;Rosebank;C0535;Member;P0016;Skincare Set;Beauty;5;599.99;2999.95;Bank Transfer;2026/03/30;Olivia Dlamini
T05697;S003;Rosebank;C2457;Member;P0013;Running Shoes;Sportswear;4;1499.5;5998.0;Bank Transfer;2026/04/13;Michael Williams
T05698;S003;Rosebank;C0045;Member;P0007;Air Fryer;Appliances;5;1799.99;8999.95;Bank Transfer;2026/01/10;Michael Williams
T05699;S003;Rosebank;C2878;Member;P0014;Yoga Mat;Sportswear;3;399.99;1199.97;Mobile Pay;2026/03/28;Sophie Mthembu
T05700;S003;Rosebank;C2315;Guest;P0016;Skincare Set;Beauty;2;599.99;1199.98;Card;2026/04/22;Michael Williams
T05701;S003;Rosebank;C0367;Guest;P0001;Wireless Headphones;Electronics;2;899.99;1799.98;Mobile Pay;2026/03/03;Noah Pillay
T05702;S003;Rosebank;C2284;Member;P0017;Face Moisturiser;Beauty;6;249.99;1499.94;Cash;2026/02/16;Sarah Mokoena
T05703;S003;Rosebank;C0763;Member;P0002;Bluetooth Speaker;Electronics;3;649.99;1949.97;Mobile Pay;2026/05/01;James Botha
T05704;S003;Rosebank;C0125;Member;P0018;Perfume;Beauty;1;899.99;899.99;Mobile Pay;2026/04/20;Daniel Smith
T05705;S003;Rosebank;C1882;Member;P0007;Air Fryer;Appliances;3;1799.99;5399.97;Cash;2026/06/04;Daniel Smith
T05706;S003;Rosebank;C2535;Member;P0006;Coffee Maker;Appliances;2;1299.99;2599.98;Cash;2026/04/13;Jessica Naidoo
T05707;S003;Rosebank;C1491;Guest;P0021;Cushion Set;Home & Decor;1;299.99;299.99;Mobile Pay;2026/03/04;Daniel Smith
T05708;S003;Rosebank;C2743;Member;P0022;Cookware Set;Kitchen;5;1599.99;7999.95;Cash;2026/01/19;Liam Jacobs
T05709;S003;Rosebank;C0785;Guest;P0016;Skincare Set;Beauty;3;599.99;1799.97;Mobile Pay;2026/02/22;Jessica Naidoo
T05710;S003;Rosebank;C0962;Member;P0024;Storage Container Set;Kitchen;5;349.99;1749.95;Mobile Pay;2026/01/21;Olivia Dlamini
T05711;S003;Rosebank;C1134;Guest;P0010;Cotton T-Shirt;Clothing;6;249.99;1499.94;Mobile Pay;2026/04/06;Sarah Mokoena
T05712;S003;Rosebank;C1236;Member;P0018;Perfume;Beauty;5;899.99;4499.95;Bank Transfer;2026/02/03;Noah Pillay
T05713;S003;Rosebank;C1056;Guest;P0025;Novel Book;Books;5;199.99;999.95;Mobile Pay;2026/05/03;Jessica Naidoo
T05714;S003;Rosebank;C1678;Guest;P0004;USB-C Charger;Electronics;6;299.99;1799.94;Bank Transfer;2026/02/06;Emma Nkosi
T05715;S003;Rosebank;C1989;Guest;P0021;Cushion Set;Home & Decor;4;299.99;1199.96;Card;2026/03/07;Emma Nkosi
T05716;S003;Rosebank;C2173;Guest;P0016;Skincare Set;Beauty;6;599.99;3599.94;Bank Transfer;2026/06/20;Emma Nkosi
T05717;S003;Rosebank;C1875;Member;P0006;Coffee Maker;Appliances;2;1299.99;2599.98;Mobile Pay;2026/05/27;James Botha
T05718;S003;Rosebank;C2220;Guest;P0001;Wireless Headphones;Electronics;4;899.99;3599.96;Mobile Pay;2026/02/19;Emma Nkosi
T05719;S003;Rosebank;C0073;Member;P0010;Cotton T-Shirt;Clothing;4;249.99;999.96;Cash;2026/02/05;Emma Nkosi
T05720;S003;Rosebank;C2087;Guest;P0004;USB-C Charger;Electronics;1;299.99;299.99;Mobile Pay;2026/01/14;Sarah Mokoena
T05721;S003;Rosebank;C2252;Member;P0005;Laptop Backpack;Accessories;5;549.99;2749.95;Bank Transfer;2026/02/20;Emma Nkosi
T05722;S003;Rosebank;C2835;Guest;P0014;Yoga Mat;Sportswear;5;399.99;1999.95;Bank Transfer;2026/06/27;Emma Nkosi
T05723;S003;Rosebank;C1737;Member;P0022;Cookware Set;Kitchen;3;1599.99;4799.97;Card;2026/05/04;Jessica Naidoo
T05724;S003;Rosebank;C2049;Member;P0025;Novel Book;Books;1;199.99;199.99;Mobile Pay;2026/05/17;Liam Jacobs
T05725;S003;Rosebank;C0751;Member;P0025;Novel Book;Books;6;199.99;1199.94;Cash;2026/04/01;Sophie Mthembu
T05726;S003;Rosebank;C2346;Guest;P0010;Cotton T-Shirt;Clothing;5;249.99;1249.95;Card;2026/03/22;James Botha
T05727;S003;Rosebank;C0415;Guest;P0013;Running Shoes;Sportswear;4;1499.5;5998.0;Mobile Pay;2026/02/28;Jessica Naidoo
T05728;S003;Rosebank;C1354;Member;P0021;Cushion Set;Home & Decor;6;299.99;1799.94;Card;2026/01/19;Emma Nkosi
T05729;S003;Rosebank;C2739;Member;P0023;Dinner Plate Set;Kitchen;1;499.99;499.99;Cash;2026/04/30;Noah Pillay
T05730;S003;Rosebank;C1605;Member;P0019;Throw Blanket;Home & Decor;5;449.99;2249.95;Mobile Pay;2026/06/07;Sarah Mokoena
T05731;S003;Rosebank;C0319;Guest;P0008;Blender;Appliances;5;899.99;4499.95;Card;2026/02/16;Daniel Smith
T05732;S003;Rosebank;C2012;Member;P0018;Perfume;Beauty;4;899.99;3599.96;Cash;2026/02/13;Olivia Dlamini
T05733;S003;Rosebank;C1193;Member;P0012;Hooded Sweatshirt;Clothing;6;599.99;3599.94;Bank Transfer;2026/04/15;James Botha
T05734;S003;Rosebank;C2064;Guest;P0013;Running Shoes;Sportswear;2;1499.5;2999.0;Mobile Pay;2026/03/30;Emma Nkosi
T05735;S003;Rosebank;C1731;Member;P0010;Cotton T-Shirt;Clothing;5;249.99;1249.95;Mobile Pay;2026/06/24;Noah Pillay
T05736;S003;Rosebank;C1432;Member;P0002;Bluetooth Speaker;Electronics;2;649.99;1299.98;Bank Transfer;2026/06/28;James Botha
T05737;S003;Rosebank;C2016;Member;P0008;Blender;Appliances;2;899.99;1799.98;Bank Transfer;2026/05/06;Liam Jacobs
T05738;S003;Rosebank;C0351;Member;P0019;Throw Blanket;Home & Decor;4;449.99;1799.96;Cash;2026/04/29;Michael Williams
T05739;S003;Rosebank;C0392;Member;P0005;Laptop Backpack;Accessories;4;549.99;2199.96;Mobile Pay;2026/04/11;Emma Nkosi
T05740;S003;Rosebank;C1651;Member;P0003;Smart Watch;Electronics;1;1299.99;1299.99;Card;2026/03/27;Jessica Naidoo
T05741;S003;Rosebank;C1189;Member;P0003;Smart Watch;Electronics;2;1299.99;2599.98;Cash;2026/04/19;Sophie Mthembu
T05742;S003;Rosebank;C2705;Guest;P0014;Yoga Mat;Sportswear;4;399.99;1599.96;Card;2026/02/18;Jessica Naidoo
T05743;S003;Rosebank;C0161;Member;P0011;Denim Jeans;Clothing;3;799.99;2399.97;Mobile Pay;2026/01/27;Noah Pillay
T05744;S003;Rosebank;C2471;Member;P0016;Skincare Set;Beauty;5;599.99;2999.95;Mobile Pay;2026/01/10;Sophie Mthembu
T05745;S003;Rosebank;C0128;Member;P0012;Hooded Sweatshirt;Clothing;3;599.99;1799.97;Mobile Pay;2026/01/18;Sophie Mthembu
T05746;S003;Rosebank;C2438;Member;P0017;Face Moisturiser;Beauty;3;249.99;749.97;Bank Transfer;2026/02/11;Daniel Smith
T05747;S003;Rosebank;C0589;Member;P0010;Cotton T-Shirt;Clothing;5;249.99;1249.95;Card;2026/01/20;Olivia Dlamini
T05748;S003;Rosebank;C0827;Member;P0010;Cotton T-Shirt;Clothing;2;249.99;499.98;Mobile Pay;2026/02/17;Olivia Dlamini
T05749;S003;Rosebank;C1093;Guest;P0022;Cookware Set;Kitchen;6;1599.99;9599.94;Card;2026/06/05;Liam Jacobs
T05750;S003;Rosebank;C2245;Member;P0024;Storage Container Set;Kitchen;3;349.99;1049.97;Card;2026/06/24;Liam Jacobs
T05751;S003;Rosebank;C0661;Member;P0017;Face Moisturiser;Beauty;1;249.99;249.99;Bank Transfer;2026/04/28;Daniel Smith
T05752;S003;Rosebank;C0193;Member;P0020;Table Lamp;Home & Decor;5;699.99;3499.95;Bank Transfer;2026/01/11;Sophie Mthembu
T05753;S003;Rosebank;C2514;Guest;P0020;Table Lamp;Home & Decor;2;699.99;1399.98;Mobile Pay;2026/02/14;Olivia Dlamini
T05754;S003;Rosebank;C2873;Member;P0005;Laptop Backpack;Accessories;2;549.99;1099.98;Mobile Pay;2026/01/23;Noah Pillay
T05755;S003;Rosebank;C1544;Member;P0001;Wireless Headphones;Electronics;5;899.99;4499.95;Bank Transfer;2026/03/28;Sarah Mokoena
T05756;S003;Rosebank;C1572;Member;P0002;Bluetooth Speaker;Electronics;6;649.99;3899.94;Bank Transfer;2026/01/12;Liam Jacobs
T05757;S003;Rosebank;C0264;Member;P0001;Wireless Headphones;Electronics;3;899.99;2699.97;Bank Transfer;2026/04/07;Sophie Mthembu
T05758;S003;Rosebank;C2332;Guest;P0008;Blender;Appliances;4;899.99;3599.96;Mobile Pay;2026/04/12;Jessica Naidoo
T05759;S003;Rosebank;C0258;Member;P0015;Sports Bottle;Sportswear;3;199.99;599.97;Cash;2026/04/10;Emma Nkosi
T05760;S003;Rosebank;C2130;Guest;P0022;Cookware Set;Kitchen;6;1599.99;9599.94;Cash;2026/04/16;Michael Williams
T05761;S003;Rosebank;C0864;Guest;P0006;Coffee Maker;Appliances;3;1299.99;3899.97;Mobile Pay;2026/06/10;Michael Williams
T05762;S003;Rosebank;C0589;Member;P0004;USB-C Charger;Electronics;6;299.99;1799.94;Card;2026/02/04;Olivia Dlamini
T05763;S003;Rosebank;C2099;Member;P0015;Sports Bottle;Sportswear;2;199.99;399.98;Bank Transfer;2026/04/21;Olivia Dlamini
T05764;S003;Rosebank;C0595;Member;P0001;Wireless Headphones;Electronics;2;899.99;1799.98;Bank Transfer;2026/03/21;Daniel Smith
T05765;S003;Rosebank;C2183;Member;P0023;Dinner Plate Set;Kitchen;4;499.99;1999.96;Card;2026/02/13;Emma Nkosi
T05766;S003;Rosebank;C1736;Guest;P0020;Table Lamp;Home & Decor;3;699.99;2099.97;Bank Transfer;2026/05/03;Emma Nkosi
T05767;S003;Rosebank;C1825;Guest;P0013;Running Shoes;Sportswear;2;1499.5;2999.0;Bank Transfer;2026/01/15;Noah Pillay
T05768;S003;Rosebank;C0343;Member;P0008;Blender;Appliances;3;899.99;2699.97;Bank Transfer;2026/01/05;Liam Jacobs
T05769;S003;Rosebank;C0941;Guest;P0008;Blender;Appliances;2;899.99;1799.98;Mobile Pay;2026/06/22;Jessica Naidoo
T05770;S003;Rosebank;C1059;Guest;P0005;Laptop Backpack;Accessories;6;549.99;3299.94;Card;2026/01/11;Olivia Dlamini
T05771;S003;Rosebank;C1072;Member;P0022;Cookware Set;Kitchen;2;1599.99;3199.98;Bank Transfer;2026/02/15;Olivia Dlamini
T05772;S003;Rosebank;C2786;Member;P0017;Face Moisturiser;Beauty;3;249.99;749.97;Cash;2026/06/03;Jessica Naidoo
T05773;S003;Rosebank;C2366;Guest;P0007;Air Fryer;Appliances;1;1799.99;1799.99;Card;2026/01/21;Michael Williams
T05774;S003;Rosebank;C0055;Member;P0006;Coffee Maker;Appliances;3;1299.99;3899.97;Mobile Pay;2026/05/29;Emma Nkosi
T05775;S003;Rosebank;C1282;Member;P0009;Electric Kettle;Appliances;3;499.99;1499.97;Bank Transfer;2026/03/24;Noah Pillay
T05776;S003;Rosebank;C2792;Guest;P0021;Cushion Set;Home & Decor;2;299.99;599.98;Cash;2026/01/03;Olivia Dlamini
T05777;S003;Rosebank;C2341;Guest;P0011;Denim Jeans;Clothing;4;799.99;3199.96;Mobile Pay;2026/05/24;Daniel Smith
T05778;S003;Rosebank;C2537;Member;P0019;Throw Blanket;Home & Decor;1;449.99;449.99;Bank Transfer;2026/06/27;Noah Pillay
T05779;S003;Rosebank;C0755;Member;P0002;Bluetooth Speaker;Electronics;4;649.99;2599.96;Mobile Pay;2026/01/19;Sophie Mthembu
T05780;S003;Rosebank;C0014;Member;P0009;Electric Kettle;Appliances;3;499.99;1499.97;Card;2026/03/29;Emma Nkosi
T05781;S003;Rosebank;C1646;Member;P0004;USB-C Charger;Electronics;4;299.99;1199.96;Bank Transfer;2026/03/09;Michael Williams
T05782;S003;Rosebank;C2801;Member;P0005;Laptop Backpack;Accessories;4;549.99;2199.96;Cash;2026/06/21;Liam Jacobs
T05783;S003;Rosebank;C1716;Member;P0001;Wireless Headphones;Electronics;2;899.99;1799.98;Card;2026/01/02;Sophie Mthembu
T05784;S003;Rosebank;C2893;Member;P0024;Storage Container Set;Kitchen;6;349.99;2099.94;Card;2026/03/25;Sarah Mokoena
T05785;S003;Rosebank;C0665;Member;P0024;Storage Container Set;Kitchen;6;349.99;2099.94;Cash;2026/05/15;Sophie Mthembu
T05786;S003;Rosebank;C1057;Member;P0019;Throw Blanket;Home & Decor;6;449.99;2699.94;Bank Transfer;2026/06/23;Daniel Smith
T05787;S003;Rosebank;C0746;Member;P0006;Coffee Maker;Appliances;2;1299.99;2599.98;Card;2026/03/13;Noah Pillay
T05788;S003;Rosebank;C2176;Member;P0025;Novel Book;Books;1;199.99;199.99;Bank Transfer;2026/02/14;Noah Pillay
T05789;S003;Rosebank;C0036;Guest;P0003;Smart Watch;Electronics;4;1299.99;5199.96;Card;2026/06/30;Noah Pillay
T05790;S003;Rosebank;C2554;Member;P0006;Coffee Maker;Appliances;6;1299.99;7799.94;Card;2026/05/22;Sophie Mthembu
T05791;S003;Rosebank;C0980;Member;P0014;Yoga Mat;Sportswear;1;399.99;399.99;Card;2026/04/11;Sarah Mokoena
T05792;S003;Rosebank;C0138;Member;P0003;Smart Watch;Electronics;3;1299.99;3899.97;Card;2026/01/27;Daniel Smith
T05793;S003;Rosebank;C2794;Member;P0008;Blender;Appliances;6;899.99;5399.94;Mobile Pay;2026/06/29;Jessica Naidoo
T05794;S003;Rosebank;C1577;Guest;P0015;Sports Bottle;Sportswear;3;199.99;599.97;Cash;2026/05/11;Emma Nkosi
T05795;S003;Rosebank;C0542;Member;P0024;Storage Container Set;Kitchen;6;349.99;2099.94;Mobile Pay;2026/01/13;Liam Jacobs
T05796;S003;Rosebank;C0107;Member;P0025;Novel Book;Books;4;199.99;799.96;Card;2026/03/06;Sarah Mokoena
T05797;S003;Rosebank;C0096;Member;P0018;Perfume;Beauty;2;899.99;1799.98;Mobile Pay;2026/04/27;Olivia Dlamini
T05798;S003;Rosebank;C1366;Member;P0005;Laptop Backpack;Accessories;5;549.99;2749.95;Cash;2026/02/22;Daniel Smith
T05799;S003;Rosebank;C2110;Member;P0012;Hooded Sweatshirt;Clothing;1;599.99;599.99;Cash;2026/06/12;Sarah Mokoena
T05800;S003;Rosebank;C0401;Member;P0001;Wireless Headphones;Electronics;5;899.99;4499.95;Card;2026/03/01;Michael Williams
T05801;S003;Rosebank;C0986;Guest;P0011;Denim Jeans;Clothing;5;799.99;3999.95;Cash;2026/05/26;James Botha
T05802;S003;Rosebank;C0638;Member;P0017;Face Moisturiser;Beauty;2;249.99;499.98;Bank Transfer;2026/04/13;Olivia Dlamini
T05803;S003;Rosebank;C0166;Member;P0007;Air Fryer;Appliances;5;1799.99;8999.95;Card;2026/04/08;Sophie Mthembu
T05804;S003;Rosebank;C2901;Member;P0012;Hooded Sweatshirt;Clothing;6;599.99;3599.94;Bank Transfer;2026/04/26;Sophie Mthembu
T05805;S003;Rosebank;C0577;Guest;P0020;Table Lamp;Home & Decor;3;699.99;2099.97;Cash;2026/06/16;Michael Williams
T05806;S003;Rosebank;C2407;Guest;P0024;Storage Container Set;Kitchen;2;349.99;699.98;Cash;2026/02/25;Daniel Smith
T05807;S003;Rosebank;C2433;Member;P0019;Throw Blanket;Home & Decor;4;449.99;1799.96;Mobile Pay;2026/04/08;Jessica Naidoo
T05808;S003;Rosebank;C0229;Member;P0001;Wireless Headphones;Electronics;6;899.99;5399.94;Card;2026/03/03;Jessica Naidoo
T05809;S003;Rosebank;C0239;Member;P0020;Table Lamp;Home & Decor;2;699.99;1399.98;Card;2026/05/26;James Botha
T05810;S003;Rosebank;C0268;Member;P0016;Skincare Set;Beauty;4;599.99;2399.96;Mobile Pay;2026/03/25;Olivia Dlamini
T05811;S003;Rosebank;C2044;Member;P0019;Throw Blanket;Home & Decor;1;449.99;449.99;Bank Transfer;2026/05/15;James Botha
T05812;S003;Rosebank;C1964;Member;P0002;Bluetooth Speaker;Electronics;1;649.99;649.99;Mobile Pay;2026/03/27;Noah Pillay
T05813;S003;Rosebank;C0641;Member;P0011;Denim Jeans;Clothing;3;799.99;2399.97;Bank Transfer;2026/03/19;Noah Pillay
T05814;S003;Rosebank;C1018;Member;P0014;Yoga Mat;Sportswear;1;399.99;399.99;Mobile Pay;2026/05/18;Noah Pillay
T05815;S003;Rosebank;C0536;Member;P0001;Wireless Headphones;Electronics;3;899.99;2699.97;Bank Transfer;2026/06/18;Sarah Mokoena
T05816;S003;Rosebank;C2241;Member;P0024;Storage Container Set;Kitchen;2;349.99;699.98;Mobile Pay;2026/04/27;Michael Williams
T05817;S003;Rosebank;C2591;Guest;P0013;Running Shoes;Sportswear;3;1499.5;4498.5;Mobile Pay;2026/05/20;James Botha
T05818;S003;Rosebank;C2310;Guest;P0002;Bluetooth Speaker;Electronics;3;649.99;1949.97;Cash;2026/04/11;Daniel Smith
T05819;S003;Rosebank;C2166;Member;P0007;Air Fryer;Appliances;5;1799.99;8999.95;Cash;2026/04/03;James Botha
T05820;S003;Rosebank;C1139;Member;P0018;Perfume;Beauty;4;899.99;3599.96;Card;2026/04/04;Jessica Naidoo
T05821;S003;Rosebank;C0808;Guest;P0011;Denim Jeans;Clothing;2;799.99;1599.98;Cash;2026/02/13;Jessica Naidoo
T05822;S003;Rosebank;C0564;Member;P0002;Bluetooth Speaker;Electronics;1;649.99;649.99;Mobile Pay;2026/05/05;Michael Williams
T05823;S003;Rosebank;C2426;Member;P0017;Face Moisturiser;Beauty;5;249.99;1249.95;Cash;2026/03/07;Emma Nkosi
T05824;S003;Rosebank;C2127;Member;P0009;Electric Kettle;Appliances;3;499.99;1499.97;Mobile Pay;2026/05/29;Olivia Dlamini
T05825;S003;Rosebank;C2350;Guest;P0021;Cushion Set;Home & Decor;1;299.99;299.99;Bank Transfer;2026/03/25;Emma Nkosi
T05826;S003;Rosebank;C1969;Member;P0007;Air Fryer;Appliances;5;1799.99;8999.95;Mobile Pay;2026/02/28;Olivia Dlamini
T05827;S003;Rosebank;C1366;Member;P0021;Cushion Set;Home & Decor;6;299.99;1799.94;Mobile Pay;2026/02/28;Olivia Dlamini
T05828;S003;Rosebank;C0377;Member;P0004;USB-C Charger;Electronics;4;299.99;1199.96;Bank Transfer;2026/02/01;Noah Pillay
T05829;S003;Rosebank;C0524;Guest;P0001;Wireless Headphones;Electronics;4;899.99;3599.96;Card;2026/03/05;Sarah Mokoena
T05830;S003;Rosebank;C1161;Guest;P0022;Cookware Set;Kitchen;6;1599.99;9599.94;Bank Transfer;2026/06/18;Daniel Smith
T05831;S003;Rosebank;C1263;Member;P0018;Perfume;Beauty;4;899.99;3599.96;Cash;2026/02/12;Michael Williams
T05832;S003;Rosebank;C1344;Guest;P0005;Laptop Backpack;Accessories;4;549.99;2199.96;Mobile Pay;2026/05/19;Emma Nkosi
T05833;S003;Rosebank;C0454;Member;P0020;Table Lamp;Home & Decor;6;699.99;4199.94;Cash;2026/06/29;James Botha
T05834;S003;Rosebank;C1436;Member;P0020;Table Lamp;Home & Decor;2;699.99;1399.98;Cash;2026/03/23;Olivia Dlamini
T05835;S003;Rosebank;C0519;Member;P0001;Wireless Headphones;Electronics;4;899.99;3599.96;Mobile Pay;2026/05/12;Sophie Mthembu
T05836;S003;Rosebank;C0691;Member;P0014;Yoga Mat;Sportswear;1;399.99;399.99;Card;2026/02/25;Sophie Mthembu
T05837;S003;Rosebank;C0771;Member;P0025;Novel Book;Books;2;199.99;399.98;Card;2026/01/21;Jessica Naidoo
T05838;S003;Rosebank;C0509;Member;P0022;Cookware Set;Kitchen;6;1599.99;9599.94;Cash;2026/06/01;Michael Williams
T05839;S003;Rosebank;C2436;Member;P0006;Coffee Maker;Appliances;6;1299.99;7799.94;Card;2026/04/13;Jessica Naidoo
T05840;S003;Rosebank;C2171;Member;P0016;Skincare Set;Beauty;3;599.99;1799.97;Card;2026/04/11;Olivia Dlamini
T05841;S003;Rosebank;C0595;Member;P0016;Skincare Set;Beauty;6;599.99;3599.94;Card;2026/01/14;Liam Jacobs
T05842;S003;Rosebank;C2853;Member;P0014;Yoga Mat;Sportswear;2;399.99;799.98;Card;2026/04/12;Liam Jacobs
T05843;S003;Rosebank;C2693;Guest;P0010;Cotton T-Shirt;Clothing;5;249.99;1249.95;Mobile Pay;2026/02/03;Noah Pillay
T05844;S003;Rosebank;C2802;Member;P0021;Cushion Set;Home & Decor;2;299.99;599.98;Card;2026/06/18;Olivia Dlamini
T05845;S003;Rosebank;C1294;Member;P0011;Denim Jeans;Clothing;2;799.99;1599.98;Cash;2026/05/13;Emma Nkosi
T05846;S003;Rosebank;C2370;Member;P0021;Cushion Set;Home & Decor;4;299.99;1199.96;Bank Transfer;2026/02/13;Emma Nkosi
T05847;S003;Rosebank;C2634;Member;P0023;Dinner Plate Set;Kitchen;6;499.99;2999.94;Bank Transfer;2026/03/09;James Botha
T05848;S003;Rosebank;C1240;Member;P0021;Cushion Set;Home & Decor;3;299.99;899.97;Cash;2026/01/17;Olivia Dlamini
T05849;S003;Rosebank;C1455;Guest;P0017;Face Moisturiser;Beauty;6;249.99;1499.94;Cash;2026/06/22;Noah Pillay
T05850;S003;Rosebank;C2642;Member;P0015;Sports Bottle;Sportswear;2;199.99;399.98;Cash;2026/06/07;Michael Williams
T05851;S003;Rosebank;C0766;Guest;P0004;USB-C Charger;Electronics;6;299.99;1799.94;Bank Transfer;2026/06/03;Jessica Naidoo
T05852;S003;Rosebank;C0324;Guest;P0014;Yoga Mat;Sportswear;3;399.99;1199.97;Bank Transfer;2026/04/02;James Botha
T05853;S003;Rosebank;C0702;Guest;P0017;Face Moisturiser;Beauty;3;249.99;749.97;Card;2026/02/20;Sarah Mokoena
T05854;S003;Rosebank;C2432;Guest;P0015;Sports Bottle;Sportswear;1;199.99;199.99;Mobile Pay;2026/04/21;Liam Jacobs
T05855;S003;Rosebank;C1037;Guest;P0005;Laptop Backpack;Accessories;5;549.99;2749.95;Card;2026/06/25;Olivia Dlamini
T05856;S003;Rosebank;C2761;Guest;P0004;USB-C Charger;Electronics;4;299.99;1199.96;Card;2026/03/22;Noah Pillay
T05857;S003;Rosebank;C0821;Member;P0023;Dinner Plate Set;Kitchen;5;499.99;2499.95;Card;2026/05/14;Liam Jacobs
T05858;S003;Rosebank;C1340;Member;P0012;Hooded Sweatshirt;Clothing;1;599.99;599.99;Cash;2026/03/05;Noah Pillay
T05859;S003;Rosebank;C1290;Member;P0011;Denim Jeans;Clothing;4;799.99;3199.96;Card;2026/04/18;Sarah Mokoena
T05860;S003;Rosebank;C2892;Member;P0020;Table Lamp;Home & Decor;1;699.99;699.99;Mobile Pay;2026/03/13;Jessica Naidoo
T05861;S003;Rosebank;C0132;Guest;P0021;Cushion Set;Home & Decor;4;299.99;1199.96;Bank Transfer;2026/06/07;James Botha
T05862;S003;Rosebank;C1980;Guest;P0022;Cookware Set;Kitchen;1;1599.99;1599.99;Card;2026/05/27;Daniel Smith
T05863;S003;Rosebank;C1892;Member;P0016;Skincare Set;Beauty;2;599.99;1199.98;Cash;2026/03/19;Sophie Mthembu
T05864;S003;Rosebank;C2659;Member;P0009;Electric Kettle;Appliances;4;499.99;1999.96;Cash;2026/04/06;Sarah Mokoena
T05865;S003;Rosebank;C2534;Member;P0010;Cotton T-Shirt;Clothing;1;249.99;249.99;Mobile Pay;2026/05/21;Olivia Dlamini
T05866;S003;Rosebank;C0847;Member;P0002;Bluetooth Speaker;Electronics;4;649.99;2599.96;Bank Transfer;2026/03/26;Noah Pillay
T05867;S003;Rosebank;C1450;Guest;P0023;Dinner Plate Set;Kitchen;2;499.99;999.98;Card;2026/03/11;Sarah Mokoena
T05868;S003;Rosebank;C2975;Guest;P0002;Bluetooth Speaker;Electronics;6;649.99;3899.94;Card;2026/03/11;Sarah Mokoena
T05869;S003;Rosebank;C0728;Member;P0006;Coffee Maker;Appliances;4;1299.99;5199.96;Card;2026/03/22;James Botha
T05870;S003;Rosebank;C2393;Guest;P0005;Laptop Backpack;Accessories;6;549.99;3299.94;Bank Transfer;2026/02/18;Jessica Naidoo
T05871;S003;Rosebank;C0347;Guest;P0008;Blender;Appliances;6;899.99;5399.94;Card;2026/01/18;Olivia Dlamini
T05872;S003;Rosebank;C1739;Guest;P0001;Wireless Headphones;Electronics;5;899.99;4499.95;Mobile Pay;2026/01/13;Michael Williams
T05873;S003;Rosebank;C2818;Guest;P0018;Perfume;Beauty;1;899.99;899.99;Cash;2026/03/05;Sophie Mthembu
T05874;S003;Rosebank;C2904;Guest;P0021;Cushion Set;Home & Decor;4;299.99;1199.96;Card;2026/03/01;Jessica Naidoo
T05875;S003;Rosebank;C2307;Member;P0004;USB-C Charger;Electronics;6;299.99;1799.94;Cash;2026/05/03;Liam Jacobs
T05876;S003;Rosebank;C0588;Member;P0004;USB-C Charger;Electronics;1;299.99;299.99;Cash;2026/04/21;Jessica Naidoo
T05877;S003;Rosebank;C2918;Member;P0011;Denim Jeans;Clothing;6;799.99;4799.94;Mobile Pay;2026/04/05;Jessica Naidoo
T05878;S003;Rosebank;C0164;Member;P0002;Bluetooth Speaker;Electronics;6;649.99;3899.94;Cash;2026/03/20;Emma Nkosi
T05879;S003;Rosebank;C1505;Member;P0012;Hooded Sweatshirt;Clothing;6;599.99;3599.94;Card;2026/04/08;Sarah Mokoena
T05880;S003;Rosebank;C1964;Guest;P0012;Hooded Sweatshirt;Clothing;6;599.99;3599.94;Cash;2026/05/02;James Botha
T05881;S003;Rosebank;C1455;Member;P0018;Perfume;Beauty;2;899.99;1799.98;Bank Transfer;2026/03/11;Jessica Naidoo
T05882;S003;Rosebank;C1121;Guest;P0020;Table Lamp;Home & Decor;1;699.99;699.99;Card;2026/05/17;Sarah Mokoena
T05883;S003;Rosebank;C1494;Guest;P0018;Perfume;Beauty;1;899.99;899.99;Mobile Pay;2026/05/03;Sarah Mokoena
T05884;S003;Rosebank;C2759;Guest;P0014;Yoga Mat;Sportswear;3;399.99;1199.97;Mobile Pay;2026/01/10;Noah Pillay
T05885;S003;Rosebank;C0379;Member;P0004;USB-C Charger;Electronics;6;299.99;1799.94;Card;2026/01/22;James Botha
T05886;S003;Rosebank;C2165;Member;P0020;Table Lamp;Home & Decor;3;699.99;2099.97;Card;2026/01/20;Jessica Naidoo
T05887;S003;Rosebank;C0073;Guest;P0017;Face Moisturiser;Beauty;2;249.99;499.98;Bank Transfer;2026/02/10;Noah Pillay
T05888;S003;Rosebank;C2562;Member;P0008;Blender;Appliances;2;899.99;1799.98;Cash;2026/05/17;Liam Jacobs
T05889;S003;Rosebank;C1404;Guest;P0020;Table Lamp;Home & Decor;2;699.99;1399.98;Bank Transfer;2026/03/05;Sarah Mokoena
T05890;S003;Rosebank;C0864;Guest;P0011;Denim Jeans;Clothing;4;799.99;3199.96;Bank Transfer;2026/06/16;James Botha
T05891;S003;Rosebank;C0885;Member;P0011;Denim Jeans;Clothing;3;799.99;2399.97;Card;2026/05/25;Daniel Smith
T05892;S003;Rosebank;C2230;Member;P0001;Wireless Headphones;Electronics;2;899.99;1799.98;Bank Transfer;2026/04/14;Michael Williams
T05893;S003;Rosebank;C0136;Member;P0008;Blender;Appliances;6;899.99;5399.94;Card;2026/06/02;Olivia Dlamini
T05894;S003;Rosebank;C2151;Guest;P0010;Cotton T-Shirt;Clothing;6;249.99;1499.94;Cash;2026/05/16;Sophie Mthembu
T05895;S003;Rosebank;C1382;Guest;P0004;USB-C Charger;Electronics;2;299.99;599.98;Mobile Pay;2026/03/16;Michael Williams
T05896;S003;Rosebank;C0059;Member;P0016;Skincare Set;Beauty;4;599.99;2399.96;Card;2026/03/17;Noah Pillay
T05897;S003;Rosebank;C2667;Guest;P0003;Smart Watch;Electronics;6;1299.99;7799.94;Cash;2026/05/21;Sarah Mokoena
T05898;S003;Rosebank;C0661;Guest;P0012;Hooded Sweatshirt;Clothing;6;599.99;3599.94;Cash;2026/04/24;Liam Jacobs
T05899;S003;Rosebank;C2540;Member;P0008;Blender;Appliances;6;899.99;5399.94;Card;2026/03/15;Jessica Naidoo
T05900;S003;Rosebank;C1203;Member;P0005;Laptop Backpack;Accessories;1;549.99;549.99;Cash;2026/05/08;Jessica Naidoo
T05901;S003;Rosebank;C0619;Member;P0011;Denim Jeans;Clothing;4;799.99;3199.96;Bank Transfer;2026/03/22;Emma Nkosi
T05902;S003;Rosebank;C0455;Guest;P0023;Dinner Plate Set;Kitchen;6;499.99;2999.94;Cash;2026/05/14;Emma Nkosi
T05903;S003;Rosebank;C1953;Member;P0008;Blender;Appliances;3;899.99;2699.97;Card;2026/03/31;James Botha
T05904;S003;Rosebank;C0832;Member;P0020;Table Lamp;Home & Decor;6;699.99;4199.94;Card;2026/04/21;Liam Jacobs
T05905;S003;Rosebank;C2357;Member;P0005;Laptop Backpack;Accessories;1;549.99;549.99;Bank Transfer;2026/05/15;Jessica Naidoo
T05906;S003;Rosebank;C2897;Member;P0024;Storage Container Set;Kitchen;4;349.99;1399.96;Bank Transfer;2026/05/17;James Botha
T05907;S003;Rosebank;C1036;Member;P0012;Hooded Sweatshirt;Clothing;1;599.99;599.99;Cash;2026/05/22;Sophie Mthembu
T05908;S003;Rosebank;C0817;Guest;P0004;USB-C Charger;Electronics;4;299.99;1199.96;Bank Transfer;2026/05/16;Michael Williams
T05909;S003;Rosebank;C0553;Guest;P0006;Coffee Maker;Appliances;6;1299.99;7799.94;Bank Transfer;2026/06/12;Sarah Mokoena
T05910;S003;Rosebank;C1851;Member;P0004;USB-C Charger;Electronics;1;299.99;299.99;Mobile Pay;2026/05/01;Sophie Mthembu
T05911;S003;Rosebank;C1050;Member;P0011;Denim Jeans;Clothing;1;799.99;799.99;Cash;2026/02/17;Olivia Dlamini
T05912;S003;Rosebank;C2366;Guest;P0008;Blender;Appliances;2;899.99;1799.98;Bank Transfer;2026/02/09;Liam Jacobs
T05913;S003;Rosebank;C1982;Member;P0007;Air Fryer;Appliances;4;1799.99;7199.96;Cash;2026/01/16;Sophie Mthembu
T05914;S003;Rosebank;C1893;Member;P0006;Coffee Maker;Appliances;2;1299.99;2599.98;Cash;2026/05/08;Daniel Smith
T05915;S003;Rosebank;C0853;Member;P0018;Perfume;Beauty;1;899.99;899.99;Cash;2026/02/02;Michael Williams
T05916;S003;Rosebank;C2027;Member;P0018;Perfume;Beauty;2;899.99;1799.98;Mobile Pay;2026/02/23;James Botha
T05917;S003;Rosebank;C1549;Member;P0009;Electric Kettle;Appliances;4;499.99;1999.96;Bank Transfer;2026/03/05;Sarah Mokoena
T05918;S003;Rosebank;C2428;Guest;P0023;Dinner Plate Set;Kitchen;5;499.99;2499.95;Card;2026/05/17;James Botha
T05919;S003;Rosebank;C1083;Member;P0012;Hooded Sweatshirt;Clothing;1;599.99;599.99;Cash;2026/01/15;Noah Pillay
T05920;S003;Rosebank;C0225;Member;P0020;Table Lamp;Home & Decor;5;699.99;3499.95;Card;2026/03/16;Sophie Mthembu
T05921;S003;Rosebank;C0948;Member;P0001;Wireless Headphones;Electronics;1;899.99;899.99;Bank Transfer;2026/04/07;Sarah Mokoena
T05922;S003;Rosebank;C2397;Member;P0006;Coffee Maker;Appliances;3;1299.99;3899.97;Bank Transfer;2026/02/05;Liam Jacobs
T05923;S003;Rosebank;C2232;Guest;P0021;Cushion Set;Home & Decor;6;299.99;1799.94;Cash;2026/03/20;Michael Williams
T05924;S003;Rosebank;C1233;Guest;P0002;Bluetooth Speaker;Electronics;6;649.99;3899.94;Bank Transfer;2026/06/04;Noah Pillay
T05925;S003;Rosebank;C0016;Member;P0011;Denim Jeans;Clothing;4;799.99;3199.96;Bank Transfer;2026/06/09;Olivia Dlamini
T05926;S003;Rosebank;C0878;Guest;P0001;Wireless Headphones;Electronics;1;899.99;899.99;Mobile Pay;2026/03/23;Jessica Naidoo
T05927;S003;Rosebank;C2232;Member;P0021;Cushion Set;Home & Decor;1;299.99;299.99;Bank Transfer;2026/06/30;Jessica Naidoo
T05928;S003;Rosebank;C2261;Member;P0001;Wireless Headphones;Electronics;3;899.99;2699.97;Cash;2026/03/27;Sophie Mthembu
T05929;S003;Rosebank;C2953;Member;P0017;Face Moisturiser;Beauty;2;249.99;499.98;Cash;2026/06/11;Michael Williams
T05930;S003;Rosebank;C2517;Member;P0017;Face Moisturiser;Beauty;3;249.99;749.97;Mobile Pay;2026/06/20;Olivia Dlamini
T05931;S003;Rosebank;C2308;Member;P0006;Coffee Maker;Appliances;4;1299.99;5199.96;Cash;2026/02/02;Sarah Mokoena
T05932;S003;Rosebank;C0701;Member;P0017;Face Moisturiser;Beauty;4;249.99;999.96;Card;2026/04/04;James Botha
T05933;S003;Rosebank;C1257;Member;P0019;Throw Blanket;Home & Decor;3;449.99;1349.97;Card;2026/01/07;Noah Pillay
T05934;S003;Rosebank;C1311;Guest;P0020;Table Lamp;Home & Decor;5;699.99;3499.95;Bank Transfer;2026/04/16;Sarah Mokoena
T05935;S003;Rosebank;C0886;Member;P0009;Electric Kettle;Appliances;3;499.99;1499.97;Cash;2026/03/11;Noah Pillay
T05936;S003;Rosebank;C2332;Member;P0020;Table Lamp;Home & Decor;4;699.99;2799.96;Card;2026/06/11;Emma Nkosi
T05937;S003;Rosebank;C0425;Member;P0003;Smart Watch;Electronics;3;1299.99;3899.97;Card;2026/04/08;Sophie Mthembu
T05938;S003;Rosebank;C2927;Member;P0021;Cushion Set;Home & Decor;4;299.99;1199.96;Bank Transfer;2026/04/10;James Botha
T05939;S003;Rosebank;C1004;Member;P0004;USB-C Charger;Electronics;1;299.99;299.99;Cash;2026/04/14;Sarah Mokoena
T05940;S003;Rosebank;C2200;Guest;P0011;Denim Jeans;Clothing;2;799.99;1599.98;Mobile Pay;2026/05/06;Jessica Naidoo
T05941;S003;Rosebank;C1614;Member;P0014;Yoga Mat;Sportswear;3;399.99;1199.97;Bank Transfer;2026/05/26;Michael Williams
T05942;S003;Rosebank;C0442;Member;P0001;Wireless Headphones;Electronics;4;899.99;3599.96;Card;2026/02/05;Sophie Mthembu
T05943;S003;Rosebank;C1168;Member;P0022;Cookware Set;Kitchen;5;1599.99;7999.95;Card;2026/01/19;Jessica Naidoo
T05944;S003;Rosebank;C2000;Member;P0024;Storage Container Set;Kitchen;3;349.99;1049.97;Cash;2026/01/18;Michael Williams
T05945;S003;Rosebank;C0548;Member;P0001;Wireless Headphones;Electronics;4;899.99;3599.96;Bank Transfer;2026/03/20;Emma Nkosi
T05946;S003;Rosebank;C0687;Member;P0019;Throw Blanket;Home & Decor;1;449.99;449.99;Card;2026/05/18;Michael Williams
T05947;S003;Rosebank;C2403;Member;P0024;Storage Container Set;Kitchen;5;349.99;1749.95;Cash;2026/04/20;Noah Pillay
T05948;S003;Rosebank;C2351;Guest;P0024;Storage Container Set;Kitchen;5;349.99;1749.95;Cash;2026/06/28;Jessica Naidoo
T05949;S003;Rosebank;C2767;Member;P0024;Storage Container Set;Kitchen;5;349.99;1749.95;Cash;2026/04/30;Michael Williams
T05950;S003;Rosebank;C1265;Member;P0018;Perfume;Beauty;2;899.99;1799.98;Cash;2026/05/30;Sarah Mokoena
T05951;S003;Rosebank;C0663;Member;P0005;Laptop Backpack;Accessories;3;549.99;1649.97;Cash;2026/06/30;Noah Pillay
T05952;S003;Rosebank;C1114;Guest;P0002;Bluetooth Speaker;Electronics;6;649.99;3899.94;Bank Transfer;2026/06/18;Emma Nkosi
T05953;S003;Rosebank;C0647;Member;P0016;Skincare Set;Beauty;3;599.99;1799.97;Bank Transfer;2026/03/16;Emma Nkosi
T05954;S003;Rosebank;C1695;Member;P0025;Novel Book;Books;2;199.99;399.98;Card;2026/05/02;Liam Jacobs
T05955;S003;Rosebank;C2641;Guest;P0009;Electric Kettle;Appliances;1;499.99;499.99;Cash;2026/02/03;Michael Williams
T05956;S003;Rosebank;C1795;Guest;P0024;Storage Container Set;Kitchen;4;349.99;1399.96;Bank Transfer;2026/06/04;Daniel Smith
T05957;S003;Rosebank;C0444;Guest;P0007;Air Fryer;Appliances;5;1799.99;8999.95;Bank Transfer;2026/05/27;Sarah Mokoena
T05958;S003;Rosebank;C0025;Guest;P0012;Hooded Sweatshirt;Clothing;2;599.99;1199.98;Bank Transfer;2026/05/16;Sarah Mokoena
T05959;S003;Rosebank;C1678;Member;P0002;Bluetooth Speaker;Electronics;5;649.99;3249.95;Card;2026/02/27;Jessica Naidoo
T05960;S003;Rosebank;C2297;Guest;P0007;Air Fryer;Appliances;6;1799.99;10799.94;Card;2026/05/02;Sophie Mthembu
T05961;S003;Rosebank;C1059;Guest;P0021;Cushion Set;Home & Decor;2;299.99;599.98;Cash;2026/06/14;Olivia Dlamini
T05962;S003;Rosebank;C0141;Guest;P0004;USB-C Charger;Electronics;4;299.99;1199.96;Cash;2026/06/28;Jessica Naidoo
T05963;S003;Rosebank;C2256;Guest;P0014;Yoga Mat;Sportswear;3;399.99;1199.97;Card;2026/04/13;Emma Nkosi
T05964;S003;Rosebank;C1089;Member;P0001;Wireless Headphones;Electronics;3;899.99;2699.97;Bank Transfer;2026/06/02;Sophie Mthembu
T05965;S003;Rosebank;C0265;Guest;P0003;Smart Watch;Electronics;3;1299.99;3899.97;Cash;2026/06/16;Olivia Dlamini
T05966;S003;Rosebank;C0741;Member;P0014;Yoga Mat;Sportswear;6;399.99;2399.94;Card;2026/05/26;Jessica Naidoo
T05967;S003;Rosebank;C1914;Member;P0002;Bluetooth Speaker;Electronics;6;649.99;3899.94;Bank Transfer;2026/01/18;Jessica Naidoo
T05968;S003;Rosebank;C0796;Guest;P0014;Yoga Mat;Sportswear;6;399.99;2399.94;Cash;2026/01/01;Sarah Mokoena
T05969;S003;Rosebank;C2115;Guest;P0015;Sports Bottle;Sportswear;2;199.99;399.98;Card;2026/06/22;Michael Williams
T05970;S003;Rosebank;C2248;Guest;P0006;Coffee Maker;Appliances;3;1299.99;3899.97;Mobile Pay;2026/01/14;Liam Jacobs
T05971;S003;Rosebank;C0270;Member;P0008;Blender;Appliances;2;899.99;1799.98;Card;2026/05/30;Michael Williams
T05972;S003;Rosebank;C1892;Guest;P0005;Laptop Backpack;Accessories;4;549.99;2199.96;Cash;2026/06/01;James Botha
T05973;S003;Rosebank;C2610;Guest;P0018;Perfume;Beauty;5;899.99;4499.95;Card;2026/05/18;James Botha
T05974;S003;Rosebank;C0847;Guest;P0020;Table Lamp;Home & Decor;2;699.99;1399.98;Bank Transfer;2026/02/04;Sarah Mokoena
T05975;S003;Rosebank;C2055;Member;P0003;Smart Watch;Electronics;4;1299.99;5199.96;Card;2026/03/15;Daniel Smith
T05976;S003;Rosebank;C1653;Guest;P0011;Denim Jeans;Clothing;1;799.99;799.99;Cash;2026/05/16;Sarah Mokoena
T05977;S003;Rosebank;C2175;Member;P0016;Skincare Set;Beauty;3;599.99;1799.97;Cash;2026/06/30;Sophie Mthembu
T05978;S003;Rosebank;C2801;Member;P0008;Blender;Appliances;3;899.99;2699.97;Cash;2026/04/16;Jessica Naidoo
T05979;S003;Rosebank;C1171;Member;P0001;Wireless Headphones;Electronics;1;899.99;899.99;Cash;2026/03/14;Jessica Naidoo
T05980;S003;Rosebank;C0788;Member;P0002;Bluetooth Speaker;Electronics;4;649.99;2599.96;Mobile Pay;2026/03/27;Sarah Mokoena
T05981;S003;Rosebank;C1653;Member;P0017;Face Moisturiser;Beauty;3;249.99;749.97;Mobile Pay;2026/01/24;Emma Nkosi
T05982;S003;Rosebank;C2599;Member;P0005;Laptop Backpack;Accessories;4;549.99;2199.96;Mobile Pay;2026/06/22;Noah Pillay
T05983;S003;Rosebank;C0715;Guest;P0016;Skincare Set;Beauty;2;599.99;1199.98;Card;2026/05/06;Sophie Mthembu
T05984;S003;Rosebank;C1626;Member;P0021;Cushion Set;Home & Decor;1;299.99;299.99;Mobile Pay;2026/01/25;Emma Nkosi
T05985;S003;Rosebank;C0855;Member;P0023;Dinner Plate Set;Kitchen;2;499.99;999.98;Card;2026/04/15;Liam Jacobs
T05986;S003;Rosebank;C2614;Member;P0021;Cushion Set;Home & Decor;2;299.99;599.98;Bank Transfer;2026/03/03;Sarah Mokoena
T05987;S003;Rosebank;C1502;Guest;P0008;Blender;Appliances;2;899.99;1799.98;Bank Transfer;2026/05/06;Daniel Smith
T05988;S003;Rosebank;C0523;Member;P0003;Smart Watch;Electronics;2;1299.99;2599.98;Cash;2026/01/04;Olivia Dlamini
T05989;S003;Rosebank;C0912;Member;P0011;Denim Jeans;Clothing;3;799.99;2399.97;Card;2026/06/21;Jessica Naidoo
T05990;S003;Rosebank;C0192;Guest;P0005;Laptop Backpack;Accessories;5;549.99;2749.95;Card;2026/06/24;Emma Nkosi
T05991;S003;Rosebank;C0362;Member;P0007;Air Fryer;Appliances;3;1799.99;5399.97;Card;2026/05/26;Emma Nkosi
T05992;S003;Rosebank;C0641;Member;P0005;Laptop Backpack;Accessories;1;549.99;549.99;Card;2026/06/03;Daniel Smith
T05993;S003;Rosebank;C0061;Guest;P0011;Denim Jeans;Clothing;1;799.99;799.99;Mobile Pay;2026/04/10;Noah Pillay
T05994;S003;Rosebank;C0273;Member;P0009;Electric Kettle;Appliances;1;499.99;499.99;Cash;2026/01/09;Daniel Smith
T05995;S003;Rosebank;C0359;Member;P0022;Cookware Set;Kitchen;5;1599.99;7999.95;Cash;2026/06/25;Olivia Dlamini
T05996;S003;Rosebank;C2913;Member;P0003;Smart Watch;Electronics;5;1299.99;6499.95;Bank Transfer;2026/02/07;James Botha
T05997;S003;Rosebank;C0421;Member;P0012;Hooded Sweatshirt;Clothing;3;599.99;1799.97;Card;2026/02/24;James Botha
T05998;S003;Rosebank;C1697;Member;P0023;Dinner Plate Set;Kitchen;2;499.99;999.98;Card;2026/04/25;Sarah Mokoena
T05999;S003;Rosebank;C1248;Member;P0009;Electric Kettle;Appliances;6;499.99;2999.94;Cash;2026/04/07;Noah Pillay
T06000;S003;Rosebank;C0318;Member;P0019;Throw Blanket;Home & Decor;4;449.99;1799.96;Mobile Pay;2026/03/11;Emma Nkosi
