TransactionID;StoreID;StoreLocation;CustomerID;CustomerType;ProductID;ProductName;Category;Quantity;UnitPrice;TotalAmount;PaymentMethod;SalesDate;Salesperson
T06001;S004;Fourways;C2774;Guest;P0002;Bluetooth Speaker;Electronics;6;649.99;3899.94;Cash;2026/02/11;Liam Jacobs
T06002;S004;Fourways;C1277;Member;P0020;Table Lamp;Home & Decor;1;699.99;699.99;Cash;2026/03/24;Sophie Mthembu
T06003;S004;Fourways;C0148;Member;P0014;Yoga Mat;Sportswear;6;399.99;2399.94;Card;2026/05/14;Olivia Dlamini
T06004;S004;Fourways;C2482;Member;P0014;Yoga Mat;Sportswear;6;399.99;2399.94;Card;2026/05/04;Olivia Dlamini
T06005;S004;Fourways;C2574;Guest;P0013;Running Shoes;Sportswear;4;1499.5;5998.0;Mobile Pay;2026/06/11;Sarah Mokoena
T06006;S004;Fourways;C0189;Guest;P0005;Laptop Backpack;Accessories;2;549.99;1099.98;Card;2026/04/03;Emma Nkosi
T06007;S004;Fourways;C0568;Member;P0013;Running Shoes;Sportswear;3;1499.5;4498.5;Bank Transfer;2026/03/26;James Botha
T06008;S004;Fourways;C0310;Member;P0009;Electric Kettle;Appliances;5;499.99;2499.95;Bank Transfer;2026/06/25;Emma Nkosi
T06009;S004;Fourways;C1749;Guest;P0002;Bluetooth Speaker;Electronics;1;649.99;649.99;Mobile Pay;2026/05/02;Emma Nkosi
T06010;S004;Fourways;C1528;Guest;P0024;Storage Container Set;Kitchen;4;349.99;1399.96;Bank Transfer;2026/06/10;Michael Williams
T06011;S004;Fourways;C2674;Member;P0011;Denim Jeans;Clothing;1;799.99;799.99;Cash;2026/01/16;Jessica Naidoo
T06012;S004;Fourways;C2276;Guest;P0017;Face Moisturiser;Beauty;5;249.99;1249.95;Mobile Pay;2026/04/25;James Botha
T06013;S004;Fourways;C1294;Guest;P0025;Novel Book;Books;4;199.99;799.96;Cash;2026/05/16;Emma Nkosi
T06014;S004;Fourways;C0515;Guest;P0005;Laptop Backpack;Accessories;4;549.99;2199.96;Card;2026/03/22;Daniel Smith
T06015;S004;Fourways;C0029;Member;P0006;Coffee Maker;Appliances;5;1299.99;6499.95;Mobile Pay;2026/02/21;Noah Pillay
T06016;S004;Fourways;C1142;Member;P0018;Perfume;Beauty;4;899.99;3599.96;Bank Transfer;2026/05/29;Sarah Mokoena
T06017;S004;Fourways;C2930;Member;P0007;Air Fryer;Appliances;2;1799.99;3599.98;Card;2026/06/18;Sarah Mokoena
T06018;S004;Fourways;C2363;Member;P0010;Cotton T-Shirt;Clothing;1;249.99;249.99;Bank Transfer;2026/05/23;Emma Nkosi
T06019;S004;Fourways;C0793;Member;P0004;USB-C Charger;Electronics;1;299.99;299.99;Card;2026/01/24;Liam Jacobs
T06020;S004;Fourways;C1339;Member;P0019;Throw Blanket;Home & Decor;2;449.99;899.98;Cash;2026/03/06;Sarah Mokoena
T06021;S004;Fourways;C1750;Member;P0013;Running Shoes;Sportswear;4;1499.5;5998.0;Mobile Pay;2026/03/02;Olivia Dlamini
T06022;S004;Fourways;C0041;Member;P0003;Smart Watch;Electronics;3;1299.99;3899.97;Mobile Pay;2026/03/05;Sarah Mokoena
T06023;S004;Fourways;C2563;Member;P0013;Running Shoes;Sportswear;5;1499.5;7497.5;Bank Transfer;2026/02/18;Daniel Smith
T06024;S004;Fourways;C0708;Guest;P0005;Laptop Backpack;Accessories;5;549.99;2749.95;Mobile Pay;2026/05/27;Michael Williams
T06025;S004;Fourways;C2127;Member;P0016;Skincare Set;Beauty;4;599.99;2399.96;Card;2026/05/17;Daniel Smith
T06026;S004;Fourways;C0494;Member;P0013;Running Shoes;Sportswear;1;1499.5;1499.5;Cash;2026/01/22;Daniel Smith
T06027;S004;Fourways;C0332;Guest;P0018;Perfume;Beauty;2;899.99;1799.98;Card;2026/05/31;Sophie Mthembu
T06028;S004;Fourways;C1498;Member;P0016;Skincare Set;Beauty;5;599.99;2999.95;Cash;2026/02/25;Emma Nkosi
T06029;S004;Fourways;C0974;Member;P0007;Air Fryer;Appliances;1;1799.99;1799.99;Card;2026/02/20;Michael Williams
T06030;S004;Fourways;C2133;Guest;P0018;Perfume;Beauty;3;899.99;2699.97;Bank Transfer;2026/02/25;Daniel Smith
T06031;S004;Fourways;C2895;Guest;P0011;Denim Jeans;Clothing;2;799.99;1599.98;Card;2026/05/15;Daniel Smith
T06032;S004;Fourways;C0733;Member;P0019;Throw Blanket;Home & Decor;6;449.99;2699.94;Bank Transfer;2026/03/14;Liam Jacobs
T06033;S004;Fourways;C2589;Guest;P0018;Perfume;Beauty;1;899.99;899.99;Card;2026/06/29;Liam Jacobs
T06034;S004;Fourways;C1281;Member;P0012;Hooded Sweatshirt;Clothing;4;599.99;2399.96;Card;2026/01/02;Sophie Mthembu
T06035;S004;Fourways;C0942;Member;P0013;Running Shoes;Sportswear;3;1499.5;4498.5;Bank Transfer;2026/05/31;Michael Williams
T06036;S004;Fourways;C2839;Guest;P0019;Throw Blanket;Home & Decor;4;449.99;1799.96;Cash;2026/04/28;Daniel Smith
T06037;S004;Fourways;C2657;Member;P0015;Sports Bottle;Sportswear;1;199.99;199.99;Card;2026/04/28;Jessica Naidoo
T06038;S004;Fourways;C1333;Member;P0022;Cookware Set;Kitchen;4;1599.99;6399.96;Cash;2026/04/07;Noah Pillay
T06039;S004;Fourways;C1851;Member;P0005;Laptop Backpack;Accessories;3;549.99;1649.97;Card;2026/02/23;Noah Pillay
T06040;S004;Fourways;C1851;Member;P0005;Laptop Backpack;Accessories;4;549.99;2199.96;Card;2026/05/18;Liam Jacobs
T06041;S004;Fourways;C1957;Member;P0018;Perfume;Beauty;6;899.99;5399.94;Mobile Pay;2026/03/19;Noah Pillay
T06042;S004;Fourways;C1548;Member;P0004;USB-C Charger;Electronics;6;299.99;1799.94;Cash;2026/01/02;Olivia Dlamini
T06043;S004;Fourways;C2468;Guest;P0003;Smart Watch;Electronics;1;1299.99;1299.99;Card;2026/02/18;James Botha
T06044;S004;Fourways;C2302;Member;P0017;Face Moisturiser;Beauty;2;249.99;499.98;Card;2026/03/28;Liam Jacobs
T06045;S004;Fourways;C2965;Guest;P0006;Coffee Maker;Appliances;3;1299.99;3899.97;Cash;2026/03/14;Noah Pillay
T06046;S004;Fourways;C2149;Member;P0019;Throw Blanket;Home & Decor;3;449.99;1349.97;Cash;2026/01/31;Sarah Mokoena
T06047;S004;Fourways;C2559;Guest;P0007;Air Fryer;Appliances;1;1799.99;1799.99;Cash;2026/03/17;James Botha
T06048;S004;Fourways;C0674;Member;P0005;Laptop Backpack;Accessories;5;549.99;2749.95;Card;2026/05/22;Emma Nkosi
T06049;S004;Fourways;C2272;Guest;P0002;Bluetooth Speaker;Electronics;2;649.99;1299.98;Cash;2026/03/27;Noah Pillay
T06050;S004;Fourways;C2141;Member;P0008;Blender;Appliances;5;899.99;4499.95;Card;2026/03/24;Liam Jacobs
T06051;S004;Fourways;C1314;Member;P0008;Blender;Appliances;6;899.99;5399.94;Card;2026/03/01;Daniel Smith
T06052;S004;Fourways;C0953;Guest;P0020;Table Lamp;Home & Decor;6;699.99;4199.94;Mobile Pay;2026/06/06;Sarah Mokoena
T06053;S004;Fourways;C2724;Member;P0015;Sports Bottle;Sportswear;1;199.99;199.99;Cash;2026/06/16;Liam Jacobs
T06054;S004;Fourways;C2093;Guest;P0015;Sports Bottle;Sportswear;3;199.99;599.97;Cash;2026/05/24;Michael Williams
T06055;S004;Fourways;C2880;Guest;P0004;USB-C Charger;Electronics;2;299.99;599.98;Cash;2026/04/26;Sophie Mthembu
T06056;S004;Fourways;C1600;Guest;P0009;Electric Kettle;Appliances;1;499.99;499.99;Bank Transfer;2026/01/13;Sarah Mokoena
T06057;S004;Fourways;C0168;Guest;P0004;USB-C Charger;Electronics;2;299.99;599.98;Mobile Pay;2026/06/27;James Botha
T06058;S004;Fourways;C0344;Member;P0001;Wireless Headphones;Electronics;2;899.99;1799.98;Mobile Pay;2026/04/25;Olivia Dlamini
T06059;S004;Fourways;C1708;Guest;P0022;Cookware Set;Kitchen;6;1599.99;9599.94;Bank Transfer;2026/05/23;Sarah Mokoena
T06060;S004;Fourways;C2101;Member;P0015;Sports Bottle;Sportswear;3;199.99;599.97;Cash;2026/01/31;Michael Williams
T06061;S004;Fourways;C0183;Member;P0015;Sports Bottle;Sportswear;2;199.99;399.98;Card;2026/04/17;Sarah Mokoena
T06062;S004;Fourways;C0239;Member;P0015;Sports Bottle;Sportswear;5;199.99;999.95;Bank Transfer;2026/05/24;Sarah Mokoena
T06063;S004;Fourways;C2786;Member;P0011;Denim Jeans;Clothing;3;799.99;2399.97;Mobile Pay;2026/05/12;Sarah Mokoena
T06064;S004;Fourways;C2637;Guest;P0005;Laptop Backpack;Accessories;3;549.99;1649.97;Cash;2026/04/02;Jessica Naidoo
T06065;S004;Fourways;C1142;Member;P0024;Storage Container Set;Kitchen;1;349.99;349.99;Bank Transfer;2026/01/24;Olivia Dlamini
T06066;S004;Fourways;C0517;Member;P0025;Novel Book;Books;1;199.99;199.99;Mobile Pay;2026/05/22;Daniel Smith
T06067;S004;Fourways;C2785;Guest;P0014;Yoga Mat;Sportswear;6;399.99;2399.94;Card;2026/02/05;Sophie Mthembu
T06068;S004;Fourways;C0945;Guest;P0022;Cookware Set;Kitchen;4;1599.99;6399.96;Cash;2026/01/26;Olivia Dlamini
T06069;S004;Fourways;C1531;Member;P0007;Air Fryer;Appliances;4;1799.99;7199.96;Mobile Pay;2026/05/24;Daniel Smith
T06070;S004;Fourways;C0072;Member;P0006;Coffee Maker;Appliances;5;1299.99;6499.95;Card;2026/05/30;Daniel Smith
T06071;S004;Fourways;C1707;Member;P0020;Table Lamp;Home & Decor;1;699.99;699.99;Cash;2026/04/21;Sophie Mthembu
T06072;S004;Fourways;C1724;Member;P0017;Face Moisturiser;Beauty;5;249.99;1249.95;Card;2026/05/24;Sarah Mokoena
T06073;S004;Fourways;C2803;Member;P0020;Table Lamp;Home & Decor;1;699.99;699.99;Bank Transfer;2026/04/30;James Botha
T06074;S004;Fourways;C0502;Member;P0005;Laptop Backpack;Accessories;4;549.99;2199.96;Card;2026/01/07;Daniel Smith
T06075;S004;Fourways;C0170;Guest;P0012;Hooded Sweatshirt;Clothing;4;599.99;2399.96;Cash;2026/01/29;Sarah Mokoena
T06076;S004;Fourways;C0734;Guest;P0018;Perfume;Beauty;5;899.99;4499.95;Card;2026/06/13;Sarah Mokoena
T06077;S004;Fourways;C0734;Guest;P0012;Hooded Sweatshirt;Clothing;3;599.99;1799.97;Cash;2026/01/27;Noah Pillay
T06078;S004;Fourways;C0058;Guest;P0003;Smart Watch;Electronics;1;1299.99;1299.99;Card;2026/03/22;Daniel Smith
T06079;S004;Fourways;C1206;Guest;P0012;Hooded Sweatshirt;Clothing;4;599.99;2399.96;Cash;2026/01/21;James Botha
T06080;S004;Fourways;C0514;Guest;P0003;Smart Watch;Electronics;5;1299.99;6499.95;Cash;2026/04/14;Sarah Mokoena
T06081;S004;Fourways;C2200;Guest;P0007;Air Fryer;Appliances;1;1799.99;1799.99;Bank Transfer;2026/05/11;Jessica Naidoo
T06082;S004;Fourways;C1404;Guest;P0002;Bluetooth Speaker;Electronics;4;649.99;2599.96;Card;2026/02/16;Daniel Smith
T06083;S004;Fourways;C1531;Member;P0009;Electric Kettle;Appliances;6;499.99;2999.94;Cash;2026/01/18;Liam Jacobs
T06084;S004;Fourways;C2740;Guest;P0005;Laptop Backpack;Accessories;6;549.99;3299.94;Mobile Pay;2026/04/30;Michael Williams
T06085;S004;Fourways;C1900;Guest;P0025;Novel Book;Books;4;199.99;799.96;Mobile Pay;2026/02/22;Jessica Naidoo
T06086;S004;Fourways;C1114;Member;P0017;Face Moisturiser;Beauty;6;249.99;1499.94;Mobile Pay;2026/01/08;Olivia Dlamini
T06087;S004;Fourways;C2021;Member;P0020;Table Lamp;Home & Decor;2;699.99;1399.98;Cash;2026/04/01;Noah Pillay
T06088;S004;Fourways;C2690;Member;P0017;Face Moisturiser;Beauty;2;249.99;499.98;Card;2026/06/09;Michael Williams
T06089;S004;Fourways;C1290;Member;P0020;Table Lamp;Home & Decor;5;699.99;3499.95;Card;2026/03/17;Sarah Mokoena
T06090;S004;Fourways;C2444;Member;P0022;Cookware Set;Kitchen;1;1599.99;1599.99;Mobile Pay;2026/04/01;Emma Nkosi
T06091;S004;Fourways;C0647;Member;P0004;USB-C Charger;Electronics;2;299.99;599.98;Cash;2026/06/03;Daniel Smith
T06092;S004;Fourways;C2983;Member;P0012;Hooded Sweatshirt;Clothing;2;599.99;1199.98;Card;2026/04/27;Olivia Dlamini
T06093;S004;Fourways;C2170;Guest;P0023;Dinner Plate Set;Kitchen;6;499.99;2999.94;Cash;2026/01/05;James Botha
T06094;S004;Fourways;C2326;Guest;P0020;Table Lamp;Home & Decor;2;699.99;1399.98;Card;2026/06/30;Sarah Mokoena
T06095;S004;Fourways;C1420;Guest;P0024;Storage Container Set;Kitchen;6;349.99;2099.94;Bank Transfer;2026/06/12;Sophie Mthembu
T06096;S004;Fourways;C2308;Guest;P0021;Cushion Set;Home & Decor;3;299.99;899.97;Card;2026/02/20;Daniel Smith
T06097;S004;Fourways;C2938;Member;P0008;Blender;Appliances;4;899.99;3599.96;Cash;2026/04/26;Sophie Mthembu
T06098;S004;Fourways;C0703;Member;P0007;Air Fryer;Appliances;5;1799.99;8999.95;Card;2026/03/25;Olivia Dlamini
T06099;S004;Fourways;C0993;Guest;P0013;Running Shoes;Sportswear;4;1499.5;5998.0;Card;2026/05/20;Liam Jacobs
T06100;S004;Fourways;C2291;Guest;P0010;Cotton T-Shirt;Clothing;3;249.99;749.97;Bank Transfer;2026/04/22;Jessica Naidoo
T06101;S004;Fourways;C1032;Member;P0018;Perfume;Beauty;6;899.99;5399.94;Bank Transfer;2026/05/27;Sophie Mthembu
T06102;S004;Fourways;C1251;Member;P0002;Bluetooth Speaker;Electronics;1;649.99;649.99;Card;2026/06/13;Daniel Smith
T06103;S004;Fourways;C1233;Member;P0023;Dinner Plate Set;Kitchen;5;499.99;2499.95;Card;2026/01/25;Emma Nkosi
T06104;S004;Fourways;C0008;Member;P0018;Perfume;Beauty;1;899.99;899.99;Cash;2026/02/04;Olivia Dlamini
T06105;S004;Fourways;C0363;Member;P0013;Running Shoes;Sportswear;4;1499.5;5998.0;Bank Transfer;2026/02/04;Michael Williams
T06106;S004;Fourways;C2401;Guest;P0015;Sports Bottle;Sportswear;5;199.99;999.95;Mobile Pay;2026/01/19;Daniel Smith
T06107;S004;Fourways;C1387;Guest;P0011;Denim Jeans;Clothing;3;799.99;2399.97;Cash;2026/05/25;Liam Jacobs
T06108;S004;Fourways;C0839;Member;P0017;Face Moisturiser;Beauty;3;249.99;749.97;Card;2026/04/25;Liam Jacobs
T06109;S004;Fourways;C1232;Guest;P0013;Running Shoes;Sportswear;4;1499.5;5998.0;Bank Transfer;2026/03/23;Daniel Smith
T06110;S004;Fourways;C1723;Member;P0008;Blender;Appliances;3;899.99;2699.97;Cash;2026/02/06;Michael Williams
T06111;S004;Fourways;C1175;Guest;P0007;Air Fryer;Appliances;1;1799.99;1799.99;Card;2026/05/07;Olivia Dlamini
T06112;S004;Fourways;C0134;Member;P0020;Table Lamp;Home & Decor;2;699.99;1399.98;Card;2026/04/08;James Botha
T06113;S004;Fourways;C1790;Member;P0021;Cushion Set;Home & Decor;6;299.99;1799.94;Mobile Pay;2026/05/15;Emma Nkosi
T06114;S004;Fourways;C1285;Member;P0003;Smart Watch;Electronics;3;1299.99;3899.97;Bank Transfer;2026/05/12;Sophie Mthembu
T06115;S004;Fourways;C1408;Member;P0023;Dinner Plate Set;Kitchen;3;499.99;1499.97;Card;2026/05/08;Emma Nkosi
T06116;S004;Fourways;C0866;Member;P0022;Cookware Set;Kitchen;5;1599.99;7999.95;Bank Transfer;2026/06/08;Michael Williams
T06117;S004;Fourways;C0227;Guest;P0014;Yoga Mat;Sportswear;4;399.99;1599.96;Cash;2026/02/20;Sophie Mthembu
T06118;S004;Fourways;C1224;Member;P0022;Cookware Set;Kitchen;1;1599.99;1599.99;Bank Transfer;2026/05/15;Daniel Smith
T06119;S004;Fourways;C1623;Member;P0001;Wireless Headphones;Electronics;1;899.99;899.99;Bank Transfer;2026/03/10;Liam Jacobs
T06120;S004;Fourways;C2621;Member;P0001;Wireless Headphones;Electronics;6;899.99;5399.94;Cash;2026/05/26;Liam Jacobs
T06121;S004;Fourways;C1490;Guest;P0005;Laptop Backpack;Accessories;5;549.99;2749.95;Card;2026/04/29;Michael Williams
T06122;S004;Fourways;C1836;Guest;P0018;Perfume;Beauty;6;899.99;5399.94;Cash;2026/04/20;Noah Pillay
T06123;S004;Fourways;C0428;Member;P0020;Table Lamp;Home & Decor;2;699.99;1399.98;Bank Transfer;2026/04/07;Noah Pillay
T06124;S004;Fourways;C1134;Member;P0008;Blender;Appliances;5;899.99;4499.95;Card;2026/05/24;Sophie Mthembu
T06125;S004;Fourways;C0333;Guest;P0017;Face Moisturiser;Beauty;4;249.99;999.96;Mobile Pay;2026/06/09;Michael Williams
T06126;S004;Fourways;C0243;Member;P0018;Perfume;Beauty;6;899.99;5399.94;Mobile Pay;2026/06/07;Sarah Mokoena
T06127;S004;Fourways;C1157;Guest;P0024;Storage Container Set;Kitchen;5;349.99;1749.95;Cash;2026/02/22;Noah Pillay
T06128;S004;Fourways;C1334;Member;P0003;Smart Watch;Electronics;5;1299.99;6499.95;Cash;2026/06/27;Emma Nkosi
T06129;S004;Fourways;C1177;Member;P0008;Blender;Appliances;5;899.99;4499.95;Mobile Pay;2026/04/22;Daniel Smith
T06130;S004;Fourways;C2938;Guest;P0002;Bluetooth Speaker;Electronics;2;649.99;1299.98;Bank Transfer;2026/01/17;Sophie Mthembu
T06131;S004;Fourways;C1694;Guest;P0005;Laptop Backpack;Accessories;2;549.99;1099.98;Cash;2026/06/09;Sophie Mthembu
T06132;S004;Fourways;C1737;Member;P0020;Table Lamp;Home & Decor;3;699.99;2099.97;Card;2026/04/02;James Botha
T06133;S004;Fourways;C1126;Member;P0022;Cookware Set;Kitchen;6;1599.99;9599.94;Cash;2026/02/11;James Botha
T06134;S004;Fourways;C2435;Guest;P0011;Denim Jeans;Clothing;5;799.99;3999.95;Bank Transfer;2026/01/25;Olivia Dlamini
T06135;S004;Fourways;C1554;Member;P0011;Denim Jeans;Clothing;5;799.99;3999.95;Card;2026/03/26;James Botha
T06136;S004;Fourways;C2065;Guest;P0020;Table Lamp;Home & Decor;6;699.99;4199.94;Bank Transfer;2026/01/01;Noah Pillay
T06137;S004;Fourways;C1483;Member;P0022;Cookware Set;Kitchen;3;1599.99;4799.97;Cash;2026/01/04;Daniel Smith
T06138;S004;Fourways;C1390;Member;P0021;Cushion Set;Home & Decor;1;299.99;299.99;Bank Transfer;2026/03/07;Noah Pillay
T06139;S004;Fourways;C0459;Guest;P0008;Blender;Appliances;5;899.99;4499.95;Cash;2026/05/18;Jessica Naidoo
T06140;S004;Fourways;C0086;Member;P0003;Smart Watch;Electronics;4;1299.99;5199.96;Bank Transfer;2026/05/10;Emma Nkosi
T06141;S004;Fourways;C1379;Guest;P0005;Laptop Backpack;Accessories;6;549.99;3299.94;Bank Transfer;2026/01/01;Emma Nkosi
T06142;S004;Fourways;C0167;Member;P0020;Table Lamp;Home & Decor;5;699.99;3499.95;Mobile Pay;2026/03/19;James Botha
T06143;S004;Fourways;C1074;Guest;P0013;Running Shoes;Sportswear;6;1499.5;8997.0;Card;2026/04/20;Noah Pillay
T06144;S004;Fourways;C1090;Member;P0016;Skincare Set;Beauty;5;599.99;2999.95;Card;2026/06/19;Sarah Mokoena
T06145;S004;Fourways;C2870;Member;P0004;USB-C Charger;Electronics;1;299.99;299.99;Bank Transfer;2026/01/11;Michael Williams
T06146;S004;Fourways;C1253;Guest;P0016;Skincare Set;Beauty;4;599.99;2399.96;Mobile Pay;2026/06/14;Sophie Mthembu
T06147;S004;Fourways;C2443;Guest;P0024;Storage Container Set;Kitchen;6;349.99;2099.94;Mobile Pay;2026/05/03;Sarah Mokoena
T06148;S004;Fourways;C1877;Member;P0010;Cotton T-Shirt;Clothing;5;249.99;1249.95;Cash;2026/04/30;Sophie Mthembu
T06149;S004;Fourways;C0443;Guest;P0019;Throw Blanket;Home & Decor;2;449.99;899.98;Mobile Pay;2026/05/14;Michael Williams
T06150;S004;Fourways;C0123;Member;P0009;Electric Kettle;Appliances;2;499.99;999.98;Mobile Pay;2026/02/22;Sophie Mthembu
T06151;S004;Fourways;C1183;Guest;P0012;Hooded Sweatshirt;Clothing;5;599.99;2999.95;Bank Transfer;2026/04/30;Liam Jacobs
T06152;S004;Fourways;C1194;Guest;P0015;Sports Bottle;Sportswear;4;199.99;799.96;Mobile Pay;2026/02/25;James Botha
T06153;S004;Fourways;C2019;Member;P0012;Hooded Sweatshirt;Clothing;6;599.99;3599.94;Cash;2026/05/19;Daniel Smith
T06154;S004;Fourways;C2854;Member;P0024;Storage Container Set;Kitchen;1;349.99;349.99;Card;2026/06/05;Noah Pillay
T06155;S004;Fourways;C0797;Guest;P0023;Dinner Plate Set;Kitchen;2;499.99;999.98;Mobile Pay;2026/06/14;Jessica Naidoo
T06156;S004;Fourways;C0128;Member;P0005;Laptop Backpack;Accessories;6;549.99;3299.94;Mobile Pay;2026/05/25;Jessica Naidoo
T06157;S004;Fourways;C1777;Member;P0009;Electric Kettle;Appliances;3;499.99;1499.97;Card;2026/02/19;Michael Williams
T06158;S004;Fourways;C0357;Member;P0023;Dinner Plate Set;Kitchen;5;499.99;2499.95;Bank Transfer;2026/01/24;Michael Williams
T06159;S004;Fourways;C1966;Member;P0023;Dinner Plate Set;Kitchen;1;499.99;499.99;Bank Transfer;2026/05/26;Daniel Smith
T06160;S004;Fourways;C1436;Member;P0008;Blender;Appliances;2;899.99;1799.98;Card;2026/03/27;Daniel Smith
T06161;S004;Fourways;C0956;Guest;P0014;Yoga Mat;Sportswear;3;399.99;1199.97;Card;2026/03/29;Emma Nkosi
T06162;S004;Fourways;C1270;Member;P0025;Novel Book;Books;6;199.99;1199.94;Bank Transfer;2026/03/12;Sarah Mokoena
T06163;S004;Fourways;C1057;Guest;P0011;Denim Jeans;Clothing;5;799.99;3999.95;Mobile Pay;2026/02/09;Sophie Mthembu
T06164;S004;Fourways;C1861;Member;P0005;Laptop Backpack;Accessories;3;549.99;1649.97;Mobile Pay;2026/05/15;Sarah Mokoena
T06165;S004;Fourways;C1171;Member;P0019;Throw Blanket;Home & Decor;1;449.99;449.99;Mobile Pay;2026/06/17;Jessica Naidoo
T06166;S004;Fourways;C1627;Member;P0025;Novel Book;Books;3;199.99;599.97;Card;2026/02/18;Jessica Naidoo
T06167;S004;Fourways;C2817;Member;P0007;Air Fryer;Appliances;6;1799.99;10799.94;Cash;2026/04/13;Liam Jacobs
T06168;S004;Fourways;C2789;Member;P0021;Cushion Set;Home & Decor;1;299.99;299.99;Cash;2026/04/28;James Botha
T06169;S004;Fourways;C0051;Guest;P0017;Face Moisturiser;Beauty;3;249.99;749.97;Cash;2026/03/28;James Botha
T06170;S004;Fourways;C0381;Member;P0025;Novel Book;Books;1;199.99;199.99;Bank Transfer;2026/02/19;Liam Jacobs
T06171;S004;Fourways;C0259;Member;P0016;Skincare Set;Beauty;3;599.99;1799.97;Mobile Pay;2026/02/21;Jessica Naidoo
T06172;S004;Fourways;C0861;Member;P0013;Running Shoes;Sportswear;6;1499.5;8997.0;Bank Transfer;2026/03/29;Daniel Smith
T06173;S004;Fourways;C1680;Member;P0003;Smart Watch;Electronics;5;1299.99;6499.95;Card;2026/01/09;James Botha
T06174;S004;Fourways;C2674;Member;P0015;Sports Bottle;Sportswear;2;199.99;399.98;Mobile Pay;2026/01/28;Jessica Naidoo
T06175;S004;Fourways;C2590;Member;P0015;Sports Bottle;Sportswear;1;199.99;199.99;Bank Transfer;2026/02/19;Olivia Dlamini
T06176;S004;Fourways;C2658;Member;P0014;Yoga Mat;Sportswear;5;399.99;1999.95;Cash;2026/03/21;Liam Jacobs
T06177;S004;Fourways;C2787;Member;P0011;Denim Jeans;Clothing;6;799.99;4799.94;Cash;2026/01/08;Sarah Mokoena
T06178;S004;Fourways;C2555;Member;P0022;Cookware Set;Kitchen;4;1599.99;6399.96;Card;2026/03/02;Michael Williams
T06179;S004;Fourways;C1696;Member;P0017;Face Moisturiser;Beauty;1;249.99;249.99;Cash;2026/06/23;James Botha
T06180;S004;Fourways;C0077;Member;P0020;Table Lamp;Home & Decor;4;699.99;2799.96;Card;2026/04/29;Emma Nkosi
T06181;S004;Fourways;C0922;Member;P0015;Sports Bottle;Sportswear;6;199.99;1199.94;Mobile Pay;2026/06/10;Sophie Mthembu
T06182;S004;Fourways;C0379;Guest;P0010;Cotton T-Shirt;Clothing;4;249.99;999.96;Bank Transfer;2026/03/06;Emma Nkosi
T06183;S004;Fourways;C2572;Guest;P0005;Laptop Backpack;Accessories;3;549.99;1649.97;Mobile Pay;2026/02/04;Jessica Naidoo
T06184;S004;Fourways;C2795;Member;P0012;Hooded Sweatshirt;Clothing;3;599.99;1799.97;Mobile Pay;2026/01/31;Jessica Naidoo
T06185;S004;Fourways;C2125;Member;P0024;Storage Container Set;Kitchen;1;349.99;349.99;Cash;2026/02/07;Sarah Mokoena
T06186;S004;Fourways;C1762;Guest;P0007;Air Fryer;Appliances;1;1799.99;1799.99;Cash;2026/04/20;Noah Pillay
T06187;S004;Fourways;C2024;Guest;P0025;Novel Book;Books;2;199.99;399.98;Cash;2026/06/22;Olivia Dlamini
T06188;S004;Fourways;C1937;Guest;P0022;Cookware Set;Kitchen;1;1599.99;1599.99;Mobile Pay;2026/06/02;Sarah Mokoena
T06189;S004;Fourways;C1918;Member;P0024;Storage Container Set;Kitchen;1;349.99;349.99;Cash;2026/06/13;Noah Pillay
T06190;S004;Fourways;C2866;Member;P0024;Storage Container Set;Kitchen;6;349.99;2099.94;Bank Transfer;2026/05/03;Michael Williams
T06191;S004;Fourways;C0521;Member;P0018;Perfume;Beauty;6;899.99;5399.94;Mobile Pay;2026/01/20;Liam Jacobs
T06192;S004;Fourways;C0623;Member;P0015;Sports Bottle;Sportswear;4;199.99;799.96;Mobile Pay;2026/04/11;Daniel Smith
T06193;S004;Fourways;C2113;Member;P0020;Table Lamp;Home & Decor;2;699.99;1399.98;Cash;2026/06/10;James Botha
T06194;S004;Fourways;C0043;Member;P0003;Smart Watch;Electronics;3;1299.99;3899.97;Mobile Pay;2026/04/16;Sarah Mokoena
T06195;S004;Fourways;C2756;Guest;P0015;Sports Bottle;Sportswear;2;199.99;399.98;Mobile Pay;2026/05/02;Noah Pillay
T06196;S004;Fourways;C0486;Guest;P0011;Denim Jeans;Clothing;6;799.99;4799.94;Mobile Pay;2026/05/24;Noah Pillay
T06197;S004;Fourways;C1866;Member;P0006;Coffee Maker;Appliances;5;1299.99;6499.95;Card;2026/06/27;James Botha
T06198;S004;Fourways;C2653;Guest;P0005;Laptop Backpack;Accessories;1;549.99;549.99;Cash;2026/03/07;Emma Nkosi
T06199;S004;Fourways;C2869;Member;P0024;Storage Container Set;Kitchen;2;349.99;699.98;Bank Transfer;2026/01/07;Sophie Mthembu
T06200;S004;Fourways;C2630;Guest;P0016;Skincare Set;Beauty;6;599.99;3599.94;Card;2026/01/25;James Botha
T06201;S004;Fourways;C0361;Member;P0018;Perfume;Beauty;4;899.99;3599.96;Bank Transfer;2026/03/25;Olivia Dlamini
T06202;S004;Fourways;C0397;Member;P0001;Wireless Headphones;Electronics;5;899.99;4499.95;Card;2026/06/02;Noah Pillay
T06203;S004;Fourways;C2993;Member;P0003;Smart Watch;Electronics;2;1299.99;2599.98;Cash;2026/06/15;Olivia Dlamini
T06204;S004;Fourways;C0710;Member;P0005;Laptop Backpack;Accessories;5;549.99;2749.95;Mobile Pay;2026/06/29;Jessica Naidoo
T06205;S004;Fourways;C0781;Member;P0002;Bluetooth Speaker;Electronics;1;649.99;649.99;Mobile Pay;2026/03/22;Michael Williams
T06206;S004;Fourways;C2694;Member;P0012;Hooded Sweatshirt;Clothing;6;599.99;3599.94;Mobile Pay;2026/03/06;Sarah Mokoena
T06207;S004;Fourways;C1408;Member;P0017;Face Moisturiser;Beauty;5;249.99;1249.95;Card;2026/03/25;Sophie Mthembu
T06208;S004;Fourways;C2457;Member;P0022;Cookware Set;Kitchen;4;1599.99;6399.96;Card;2026/03/16;Daniel Smith
T06209;S004;Fourways;C1223;Guest;P0008;Blender;Appliances;3;899.99;2699.97;Card;2026/06/10;Noah Pillay
T06210;S004;Fourways;C1213;Guest;P0017;Face Moisturiser;Beauty;1;249.99;249.99;Cash;2026/02/02;Sarah Mokoena
T06211;S004;Fourways;C1462;Member;P0010;Cotton T-Shirt;Clothing;2;249.99;499.98;Card;2026/04/23;Sophie Mthembu
T06212;S004;Fourways;C2323;Guest;P0012;Hooded Sweatshirt;Clothing;3;599.99;1799.97;Cash;2026/03/05;Sophie Mthembu
T06213;S004;Fourways;C1275;Member;P0021;Cushion Set;Home & Decor;6;299.99;1799.94;Card;2026/01/08;Sophie Mthembu
T06214;S004;Fourways;C2802;Member;P0020;Table Lamp;Home & Decor;2;699.99;1399.98;Cash;2026/04/13;James Botha
T06215;S004;Fourways;C0198;Member;P0019;Throw Blanket;Home & Decor;6;449.99;2699.94;Card;2026/04/08;Sophie Mthembu
T06216;S004;Fourways;C1984;Member;P0003;Smart Watch;Electronics;6;1299.99;7799.94;Cash;2026/05/17;Liam Jacobs
T06217;S004;Fourways;C1951;Guest;P0021;Cushion Set;Home & Decor;4;299.99;1199.96;Mobile Pay;2026/05/17;Liam Jacobs
T06218;S004;Fourways;C2207;Member;P0015;Sports Bottle;Sportswear;6;199.99;1199.94;Card;2026/04/06;Emma Nkosi
T06219;S004;Fourways;C1302;Member;P0008;Blender;Appliances;2;899.99;1799.98;Bank Transfer;2026/04/12;Michael Williams
T06220;S004;Fourways;C1313;Member;P0012;Hooded Sweatshirt;Clothing;1;599.99;599.99;Mobile Pay;2026/03/17;Liam Jacobs
T06221;S004;Fourways;C1351;Member;P0018;Perfume;Beauty;4;899.99;3599.96;Mobile Pay;2026/05/07;James Botha
T06222;S004;Fourways;C2952;Guest;P0009;Electric Kettle;Appliances;4;499.99;1999.96;Bank Transfer;2026/05/28;Jessica Naidoo
T06223;S004;Fourways;C0462;Guest;P0022;Cookware Set;Kitchen;3;1599.99;4799.97;Mobile Pay;2026/04/17;Sarah Mokoena
T06224;S004;Fourways;C1109;Guest;P0025;Novel Book;Books;3;199.99;599.97;Card;2026/05/08;James Botha
T06225;S004;Fourways;C1432;Guest;P0017;Face Moisturiser;Beauty;3;249.99;749.97;Cash;2026/04/18;James Botha
T06226;S004;Fourways;C0221;Member;P0011;Denim Jeans;Clothing;2;799.99;1599.98;Mobile Pay;2026/02/22;Emma Nkosi
T06227;S004;Fourways;C2610;Member;P0017;Face Moisturiser;Beauty;3;249.99;749.97;Cash;2026/03/01;Michael Williams
T06228;S004;Fourways;C2086;Member;P0020;Table Lamp;Home & Decor;4;699.99;2799.96;Mobile Pay;2026/05/01;Sarah Mokoena
T06229;S004;Fourways;C2064;Member;P0009;Electric Kettle;Appliances;3;499.99;1499.97;Card;2026/03/28;Liam Jacobs
T06230;S004;Fourways;C1712;Member;P0007;Air Fryer;Appliances;3;1799.99;5399.97;Bank Transfer;2026/03/04;Daniel Smith
T06231;S004;Fourways;C1611;Member;P0013;Running Shoes;Sportswear;2;1499.5;2999.0;Cash;2026/02/12;Olivia Dlamini
T06232;S004;Fourways;C1999;Member;P0002;Bluetooth Speaker;Electronics;6;649.99;3899.94;Bank Transfer;2026/05/15;Noah Pillay
T06233;S004;Fourways;C0985;Member;P0013;Running Shoes;Sportswear;4;1499.5;5998.0;Mobile Pay;2026/04/12;Emma Nkosi
T06234;S004;Fourways;C2390;Member;P0025;Novel Book;Books;5;199.99;999.95;Cash;2026/02/15;Emma Nkosi
T06235;S004;Fourways;C0874;Member;P0006;Coffee Maker;Appliances;5;1299.99;6499.95;Card;2026/04/03;Sarah Mokoena
T06236;S004;Fourways;C0869;Member;P0014;Yoga Mat;Sportswear;5;399.99;1999.95;Mobile Pay;2026/02/13;Michael Williams
T06237;S004;Fourways;C1155;Guest;P0013;Running Shoes;Sportswear;2;1499.5;2999.0;Card;2026/05/24;Jessica Naidoo
T06238;S004;Fourways;C0851;Member;P0010;Cotton T-Shirt;Clothing;6;249.99;1499.94;Bank Transfer;2026/03/21;Liam Jacobs
T06239;S004;Fourways;C0633;Member;P0008;Blender;Appliances;2;899.99;1799.98;Card;2026/06/28;Jessica Naidoo
T06240;S004;Fourways;C1212;Member;P0021;Cushion Set;Home & Decor;4;299.99;1199.96;Bank Transfer;2026/05/17;Liam Jacobs
T06241;S004;Fourways;C1957;Member;P0009;Electric Kettle;Appliances;6;499.99;2999.94;Card;2026/01/21;Noah Pillay
T06242;S004;Fourways;C1176;Member;P0012;Hooded Sweatshirt;Clothing;4;599.99;2399.96;Mobile Pay;2026/06/22;Olivia Dlamini
T06243;S004;Fourways;C1138;Member;P0003;Smart Watch;Electronics;5;1299.99;6499.95;Mobile Pay;2026/03/29;Sophie Mthembu
T06244;S004;Fourways;C2008;Guest;P0016;Skincare Set;Beauty;5;599.99;2999.95;Mobile Pay;2026/02/26;Liam Jacobs
T06245;S004;Fourways;C2314;Guest;P0024;Storage Container Set;Kitchen;5;349.99;1749.95;Cash;2026/01/25;Sophie Mthembu
T06246;S004;Fourways;C0587;Member;P0020;Table Lamp;Home & Decor;3;699.99;2099.97;Mobile Pay;2026/03/19;Noah Pillay
T06247;S004;Fourways;C2771;Guest;P0009;Electric Kettle;Appliances;5;499.99;2499.95;Mobile Pay;2026/06/14;Liam Jacobs
T06248;S004;Fourways;C2942;Guest;P0005;Laptop Backpack;Accessories;2;549.99;1099.98;Mobile Pay;2026/03/22;Jessica Naidoo
T06249;S004;Fourways;C1451;Member;P0003;Smart Watch;Electronics;4;1299.99;5199.96;Bank Transfer;2026/03/13;Sarah Mokoena
T06250;S004;Fourways;C1076;Guest;P0020;Table Lamp;Home & Decor;5;699.99;3499.95;Cash;2026/02/26;James Botha
T06251;S004;Fourways;C2164;Guest;P0009;Electric Kettle;Appliances;1;499.99;499.99;Mobile Pay;2026/06/10;Liam Jacobs
T06252;S004;Fourways;C2616;Member;P0010;Cotton T-Shirt;Clothing;1;249.99;249.99;Cash;2026/02/07;Daniel Smith
T06253;S004;Fourways;C1164;Member;P0021;Cushion Set;Home & Decor;6;299.99;1799.94;Card;2026/06/16;Noah Pillay
T06254;S004;Fourways;C1405;Guest;P0024;Storage Container Set;Kitchen;1;349.99;349.99;Mobile Pay;2026/03/24;Daniel Smith
T06255;S004;Fourways;C2797;Member;P0015;Sports Bottle;Sportswear;2;199.99;399.98;Cash;2026/04/14;Jessica Naidoo
T06256;S004;Fourways;C1029;Guest;P0018;Perfume;Beauty;2;899.99;1799.98;Bank Transfer;2026/02/01;Liam Jacobs
T06257;S004;Fourways;C1128;Member;P0013;Running Shoes;Sportswear;3;1499.5;4498.5;Card;2026/05/20;Liam Jacobs
T06258;S004;Fourways;C1135;Member;P0001;Wireless Headphones;Electronics;4;899.99;3599.96;Card;2026/01/03;Liam Jacobs
T06259;S004;Fourways;C0283;Member;P0016;Skincare Set;Beauty;5;599.99;2999.95;Cash;2026/06/23;Jessica Naidoo
T06260;S004;Fourways;C0358;Guest;P0001;Wireless Headphones;Electronics;1;899.99;899.99;Mobile Pay;2026/03/28;Noah Pillay
T06261;S004;Fourways;C0187;Member;P0009;Electric Kettle;Appliances;6;499.99;2999.94;Mobile Pay;2026/01/08;Liam Jacobs
T06262;S004;Fourways;C0778;Guest;P0004;USB-C Charger;Electronics;1;299.99;299.99;Card;2026/03/30;Sarah Mokoena
T06263;S004;Fourways;C0853;Member;P0014;Yoga Mat;Sportswear;5;399.99;1999.95;Mobile Pay;2026/03/10;James Botha
T06264;S004;Fourways;C0820;Guest;P0015;Sports Bottle;Sportswear;6;199.99;1199.94;Cash;2026/04/01;Daniel Smith
T06265;S004;Fourways;C0089;Member;P0008;Blender;Appliances;2;899.99;1799.98;Mobile Pay;2026/03/26;Liam Jacobs
T06266;S004;Fourways;C2103;Member;P0001;Wireless Headphones;Electronics;4;899.99;3599.96;Bank Transfer;2026/02/23;Olivia Dlamini
T06267;S004;Fourways;C2291;Member;P0002;Bluetooth Speaker;Electronics;4;649.99;2599.96;Cash;2026/05/19;Sarah Mokoena
T06268;S004;Fourways;C1081;Member;P0009;Electric Kettle;Appliances;6;499.99;2999.94;Card;2026/05/18;Michael Williams
T06269;S004;Fourways;C1111;Member;P0007;Air Fryer;Appliances;2;1799.99;3599.98;Cash;2026/03/25;Jessica Naidoo
T06270;S004;Fourways;C1721;Member;P0025;Novel Book;Books;2;199.99;399.98;Bank Transfer;2026/03/20;Michael Williams
T06271;S004;Fourways;C1239;Member;P0019;Throw Blanket;Home & Decor;4;449.99;1799.96;Cash;2026/06/04;Jessica Naidoo
T06272;S004;Fourways;C0184;Guest;P0002;Bluetooth Speaker;Electronics;5;649.99;3249.95;Card;2026/06/20;Daniel Smith
T06273;S004;Fourways;C2318;Member;P0015;Sports Bottle;Sportswear;6;199.99;1199.94;Bank Transfer;2026/05/19;Sophie Mthembu
T06274;S004;Fourways;C0975;Member;P0019;Throw Blanket;Home & Decor;6;449.99;2699.94;Bank Transfer;2026/05/06;Michael Williams
T06275;S004;Fourways;C0881;Member;P0011;Denim Jeans;Clothing;6;799.99;4799.94;Mobile Pay;2026/05/11;Michael Williams
T06276;S004;Fourways;C2113;Guest;P0008;Blender;Appliances;5;899.99;4499.95;Cash;2026/06/13;Sarah Mokoena
T06277;S004;Fourways;C1314;Member;P0001;Wireless Headphones;Electronics;1;899.99;899.99;Bank Transfer;2026/01/03;Jessica Naidoo
T06278;S004;Fourways;C2657;Member;P0004;USB-C Charger;Electronics;3;299.99;899.97;Card;2026/01/03;Sarah Mokoena
T06279;S004;Fourways;C0021;Member;P0003;Smart Watch;Electronics;2;1299.99;2599.98;Mobile Pay;2026/01/05;Emma Nkosi
T06280;S004;Fourways;C2843;Guest;P0021;Cushion Set;Home & Decor;5;299.99;1499.95;Card;2026/04/10;Daniel Smith
T06281;S004;Fourways;C0100;Member;P0011;Denim Jeans;Clothing;5;799.99;3999.95;Bank Transfer;2026/05/07;Noah Pillay
T06282;S004;Fourways;C0279;Member;P0020;Table Lamp;Home & Decor;4;699.99;2799.96;Cash;2026/03/27;Olivia Dlamini
T06283;S004;Fourways;C2684;Member;P0004;USB-C Charger;Electronics;4;299.99;1199.96;Cash;2026/04/10;Emma Nkosi
T06284;S004;Fourways;C1630;Guest;P0010;Cotton T-Shirt;Clothing;1;249.99;249.99;Mobile Pay;2026/01/13;Liam Jacobs
T06285;S004;Fourways;C1917;Member;P0002;Bluetooth Speaker;Electronics;3;649.99;1949.97;Cash;2026/01/04;Olivia Dlamini
T06286;S004;Fourways;C0200;Member;P0023;Dinner Plate Set;Kitchen;4;499.99;1999.96;Mobile Pay;2026/03/10;Sarah Mokoena
T06287;S004;Fourways;C1362;Member;P0016;Skincare Set;Beauty;6;599.99;3599.94;Mobile Pay;2026/04/02;Noah Pillay
T06288;S004;Fourways;C2754;Guest;P0021;Cushion Set;Home & Decor;3;299.99;899.97;Card;2026/02/06;James Botha
T06289;S004;Fourways;C0214;Member;P0010;Cotton T-Shirt;Clothing;4;249.99;999.96;Bank Transfer;2026/05/25;Noah Pillay
T06290;S004;Fourways;C2615;Member;P0013;Running Shoes;Sportswear;1;1499.5;1499.5;Cash;2026/02/04;Sophie Mthembu
T06291;S004;Fourways;C2611;Member;P0008;Blender;Appliances;4;899.99;3599.96;Mobile Pay;2026/05/21;Liam Jacobs
T06292;S004;Fourways;C0802;Member;P0003;Smart Watch;Electronics;3;1299.99;3899.97;Mobile Pay;2026/04/09;Michael Williams
T06293;S004;Fourways;C2666;Guest;P0024;Storage Container Set;Kitchen;5;349.99;1749.95;Card;2026/06/19;Olivia Dlamini
T06294;S004;Fourways;C2308;Guest;P0005;Laptop Backpack;Accessories;5;549.99;2749.95;Cash;2026/01/31;Michael Williams
T06295;S004;Fourways;C0346;Member;P0001;Wireless Headphones;Electronics;4;899.99;3599.96;Card;2026/02/10;Jessica Naidoo
T06296;S004;Fourways;C2218;Guest;P0017;Face Moisturiser;Beauty;2;249.99;499.98;Cash;2026/03/04;James Botha
T06297;S004;Fourways;C0021;Member;P0003;Smart Watch;Electronics;6;1299.99;7799.94;Bank Transfer;2026/06/21;Sophie Mthembu
T06298;S004;Fourways;C1597;Guest;P0024;Storage Container Set;Kitchen;5;349.99;1749.95;Card;2026/03/25;Sarah Mokoena
T06299;S004;Fourways;C1582;Guest;P0003;Smart Watch;Electronics;1;1299.99;1299.99;Cash;2026/04/27;Liam Jacobs
T06300;S004;Fourways;C0739;Member;P0005;Laptop Backpack;Accessories;3;549.99;1649.97;Bank Transfer;2026/04/26;Noah Pillay
T06301;S004;Fourways;C1510;Member;P0019;Throw Blanket;Home & Decor;6;449.99;2699.94;Cash;2026/01/31;Sophie Mthembu
T06302;S004;Fourways;C1062;Member;P0014;Yoga Mat;Sportswear;4;399.99;1599.96;Cash;2026/06/16;Liam Jacobs
T06303;S004;Fourways;C0498;Guest;P0019;Throw Blanket;Home & Decor;2;449.99;899.98;Card;2026/06/19;Noah Pillay
T06304;S004;Fourways;C0045;Member;P0013;Running Shoes;Sportswear;6;1499.5;8997.0;Mobile Pay;2026/05/10;Michael Williams
T06305;S004;Fourways;C0083;Member;P0022;Cookware Set;Kitchen;2;1599.99;3199.98;Cash;2026/02/26;Liam Jacobs
T06306;S004;Fourways;C0326;Guest;P0017;Face Moisturiser;Beauty;3;249.99;749.97;Card;2026/06/17;Jessica Naidoo
T06307;S004;Fourways;C2470;Guest;P0008;Blender;Appliances;5;899.99;4499.95;Card;2026/03/21;Michael Williams
T06308;S004;Fourways;C2008;Member;P0010;Cotton T-Shirt;Clothing;5;249.99;1249.95;Mobile Pay;2026/05/11;Daniel Smith
T06309;S004;Fourways;C0730;Member;P0020;Table Lamp;Home & Decor;5;699.99;3499.95;Card;2026/02/18;Liam Jacobs
T06310;S004;Fourways;C1139;Guest;P0011;Denim Jeans;Clothing;3;799.99;2399.97;Mobile Pay;2026/06/05;James Botha
T06311;S004;Fourways;C2604;Member;P0001;Wireless Headphones;Electronics;2;899.99;1799.98;Cash;2026/01/06;Liam Jacobs
T06312;S004;Fourways;C1138;Member;P0013;Running Shoes;Sportswear;1;1499.5;1499.5;Mobile Pay;2026/01/30;Jessica Naidoo
T06313;S004;Fourways;C2356;Guest;P0008;Blender;Appliances;5;899.99;4499.95;Card;2026/06/15;Daniel Smith
T06314;S004;Fourways;C2647;Member;P0021;Cushion Set;Home & Decor;1;299.99;299.99;Cash;2026/05/19;Daniel Smith
T06315;S004;Fourways;C0113;Member;P0021;Cushion Set;Home & Decor;2;299.99;599.98;Cash;2026/01/10;James Botha
T06316;S004;Fourways;C2403;Member;P0006;Coffee Maker;Appliances;3;1299.99;3899.97;Mobile Pay;2026/06/29;Noah Pillay
T06317;S004;Fourways;C0447;Member;P0021;Cushion Set;Home & Decor;3;299.99;899.97;Bank Transfer;2026/02/18;Daniel Smith
T06318;S004;Fourways;C0962;Member;P0002;Bluetooth Speaker;Electronics;1;649.99;649.99;Mobile Pay;2026/05/08;Jessica Naidoo
T06319;S004;Fourways;C1239;Guest;P0003;Smart Watch;Electronics;1;1299.99;1299.99;Card;2026/01/21;Emma Nkosi
T06320;S004;Fourways;C2313;Member;P0003;Smart Watch;Electronics;1;1299.99;1299.99;Card;2026/05/07;Sophie Mthembu
T06321;S004;Fourways;C1266;Member;P0009;Electric Kettle;Appliances;2;499.99;999.98;Cash;2026/05/20;Daniel Smith
T06322;S004;Fourways;C2111;Member;P0012;Hooded Sweatshirt;Clothing;6;599.99;3599.94;Bank Transfer;2026/02/25;Liam Jacobs
T06323;S004;Fourways;C2508;Member;P0024;Storage Container Set;Kitchen;1;349.99;349.99;Card;2026/03/26;Jessica Naidoo
T06324;S004;Fourways;C0867;Member;P0023;Dinner Plate Set;Kitchen;5;499.99;2499.95;Card;2026/04/13;Sarah Mokoena
T06325;S004;Fourways;C0414;Member;P0021;Cushion Set;Home & Decor;4;299.99;1199.96;Cash;2026/06/05;Sarah Mokoena
T06326;S004;Fourways;C0541;Member;P0022;Cookware Set;Kitchen;6;1599.99;9599.94;Cash;2026/02/18;Jessica Naidoo
T06327;S004;Fourways;C2684;Member;P0016;Skincare Set;Beauty;3;599.99;1799.97;Mobile Pay;2026/02/13;Michael Williams
T06328;S004;Fourways;C2084;Member;P0016;Skincare Set;Beauty;6;599.99;3599.94;Mobile Pay;2026/01/20;Noah Pillay
T06329;S004;Fourways;C2304;Guest;P0019;Throw Blanket;Home & Decor;4;449.99;1799.96;Bank Transfer;2026/02/10;Daniel Smith
T06330;S004;Fourways;C0603;Guest;P0009;Electric Kettle;Appliances;2;499.99;999.98;Bank Transfer;2026/05/11;Olivia Dlamini
T06331;S004;Fourways;C0727;Guest;P0009;Electric Kettle;Appliances;3;499.99;1499.97;Cash;2026/06/10;Sarah Mokoena
T06332;S004;Fourways;C0723;Guest;P0003;Smart Watch;Electronics;6;1299.99;7799.94;Cash;2026/02/02;Michael Williams
T06333;S004;Fourways;C2179;Member;P0014;Yoga Mat;Sportswear;4;399.99;1599.96;Mobile Pay;2026/03/25;Noah Pillay
T06334;S004;Fourways;C2226;Member;P0006;Coffee Maker;Appliances;2;1299.99;2599.98;Bank Transfer;2026/06/24;Sophie Mthembu
T06335;S004;Fourways;C1681;Member;P0023;Dinner Plate Set;Kitchen;2;499.99;999.98;Cash;2026/01/06;Olivia Dlamini
T06336;S004;Fourways;C0858;Guest;P0008;Blender;Appliances;1;899.99;899.99;Bank Transfer;2026/06/04;Daniel Smith
T06337;S004;Fourways;C2033;Guest;P0013;Running Shoes;Sportswear;6;1499.5;8997.0;Bank Transfer;2026/03/30;Olivia Dlamini
T06338;S004;Fourways;C2704;Member;P0006;Coffee Maker;Appliances;4;1299.99;5199.96;Mobile Pay;2026/05/29;Sarah Mokoena
T06339;S004;Fourways;C1871;Member;P0016;Skincare Set;Beauty;3;599.99;1799.97;Bank Transfer;2026/06/08;Jessica Naidoo
T06340;S004;Fourways;C0317;Member;P0022;Cookware Set;Kitchen;5;1599.99;7999.95;Bank Transfer;2026/04/18;Daniel Smith
T06341;S004;Fourways;C2198;Member;P0018;Perfume;Beauty;3;899.99;2699.97;Mobile Pay;2026/02/05;Olivia Dlamini
T06342;S004;Fourways;C1683;Member;P0021;Cushion Set;Home & Decor;5;299.99;1499.95;Bank Transfer;2026/02/12;Sophie Mthembu
T06343;S004;Fourways;C2698;Guest;P0014;Yoga Mat;Sportswear;3;399.99;1199.97;Card;2026/03/14;Daniel Smith
T06344;S004;Fourways;C2847;Guest;P0012;Hooded Sweatshirt;Clothing;4;599.99;2399.96;Card;2026/04/14;Sarah Mokoena
T06345;S004;Fourways;C0454;Member;P0011;Denim Jeans;Clothing;4;799.99;3199.96;Cash;2026/01/26;Daniel Smith
T06346;S004;Fourways;C0362;Guest;P0011;Denim Jeans;Clothing;4;799.99;3199.96;Mobile Pay;2026/03/21;Noah Pillay
T06347;S004;Fourways;C0884;Member;P0016;Skincare Set;Beauty;1;599.99;599.99;Card;2026/03/27;James Botha
T06348;S004;Fourways;C0862;Guest;P0025;Novel Book;Books;1;199.99;199.99;Bank Transfer;2026/02/01;Jessica Naidoo
T06349;S004;Fourways;C0248;Member;P0021;Cushion Set;Home & Decor;5;299.99;1499.95;Mobile Pay;2026/02/11;Daniel Smith
T06350;S004;Fourways;C2745;Member;P0019;Throw Blanket;Home & Decor;2;449.99;899.98;Cash;2026/04/27;Emma Nkosi
T06351;S004;Fourways;C0982;Guest;P0017;Face Moisturiser;Beauty;2;249.99;499.98;Card;2026/03/11;Michael Williams
T06352;S004;Fourways;C1851;Guest;P0022;Cookware Set;Kitchen;1;1599.99;1599.99;Mobile Pay;2026/04/02;Noah Pillay
T06353;S004;Fourways;C1718;Guest;P0016;Skincare Set;Beauty;2;599.99;1199.98;Bank Transfer;2026/04/01;Michael Williams
T06354;S004;Fourways;C1305;Member;P0010;Cotton T-Shirt;Clothing;5;249.99;1249.95;Bank Transfer;2026/03/21;Liam Jacobs
T06355;S004;Fourways;C1942;Member;P0008;Blender;Appliances;6;899.99;5399.94;Bank Transfer;2026/05/13;Sophie Mthembu
T06356;S004;Fourways;C1799;Member;P0001;Wireless Headphones;Electronics;3;899.99;2699.97;Cash;2026/05/21;Emma Nkosi
T06357;S004;Fourways;C2610;Guest;P0009;Electric Kettle;Appliances;5;499.99;2499.95;Card;2026/06/08;James Botha
T06358;S004;Fourways;C0967;Guest;P0022;Cookware Set;Kitchen;6;1599.99;9599.94;Cash;2026/01/08;James Botha
T06359;S004;Fourways;C0061;Guest;P0018;Perfume;Beauty;6;899.99;5399.94;Cash;2026/02/09;James Botha
T06360;S004;Fourways;C1795;Guest;P0018;Perfume;Beauty;1;899.99;899.99;Card;2026/02/25;Emma Nkosi
T06361;S004;Fourways;C0204;Member;P0007;Air Fryer;Appliances;4;1799.99;7199.96;Bank Transfer;2026/06/03;Emma Nkosi
T06362;S004;Fourways;C2338;Guest;P0011;Denim Jeans;Clothing;3;799.99;2399.97;Bank Transfer;2026/02/03;Emma Nkosi
T06363;S004;Fourways;C0680;Guest;P0010;Cotton T-Shirt;Clothing;6;249.99;1499.94;Card;2026/03/15;Daniel Smith
T06364;S004;Fourways;C0939;Member;P0023;Dinner Plate Set;Kitchen;4;499.99;1999.96;Mobile Pay;2026/04/16;Sophie Mthembu
T06365;S004;Fourways;C0132;Guest;P0011;Denim Jeans;Clothing;6;799.99;4799.94;Mobile Pay;2026/05/12;Liam Jacobs
T06366;S004;Fourways;C1735;Member;P0019;Throw Blanket;Home & Decor;4;449.99;1799.96;Mobile Pay;2026/04/25;Sophie Mthembu
T06367;S004;Fourways;C0902;Member;P0008;Blender;Appliances;2;899.99;1799.98;Bank Transfer;2026/01/23;Michael Williams
T06368;S004;Fourways;C0067;Member;P0003;Smart Watch;Electronics;6;1299.99;7799.94;Cash;2026/02/10;James Botha
T06369;S004;Fourways;C0586;Member;P0022;Cookware Set;Kitchen;5;1599.99;7999.95;Mobile Pay;2026/04/26;Olivia Dlamini
T06370;S004;Fourways;C2674;Member;P0010;Cotton T-Shirt;Clothing;2;249.99;499.98;Mobile Pay;2026/02/06;Michael Williams
T06371;S004;Fourways;C2978;Guest;P0005;Laptop Backpack;Accessories;3;549.99;1649.97;Bank Transfer;2026/05/15;James Botha
T06372;S004;Fourways;C1937;Member;P0010;Cotton T-Shirt;Clothing;2;249.99;499.98;Card;2026/03/22;Jessica Naidoo
T06373;S004;Fourways;C1677;Guest;P0005;Laptop Backpack;Accessories;6;549.99;3299.94;Cash;2026/02/16;Emma Nkosi
T06374;S004;Fourways;C2792;Guest;P0001;Wireless Headphones;Electronics;1;899.99;899.99;Card;2026/04/16;James Botha
T06375;S004;Fourways;C1746;Guest;P0004;USB-C Charger;Electronics;5;299.99;1499.95;Card;2026/03/23;Noah Pillay
T06376;S004;Fourways;C1661;Member;P0020;Table Lamp;Home & Decor;4;699.99;2799.96;Card;2026/06/25;James Botha
T06377;S004;Fourways;C0923;Member;P0010;Cotton T-Shirt;Clothing;5;249.99;1249.95;Bank Transfer;2026/06/07;Noah Pillay
T06378;S004;Fourways;C2579;Member;P0018;Perfume;Beauty;1;899.99;899.99;Card;2026/06/06;Jessica Naidoo
T06379;S004;Fourways;C1550;Member;P0013;Running Shoes;Sportswear;6;1499.5;8997.0;Cash;2026/02/16;Jessica Naidoo
T06380;S004;Fourways;C1403;Member;P0001;Wireless Headphones;Electronics;3;899.99;2699.97;Cash;2026/06/25;Olivia Dlamini
T06381;S004;Fourways;C1474;Guest;P0004;USB-C Charger;Electronics;6;299.99;1799.94;Card;2026/01/13;Emma Nkosi
T06382;S004;Fourways;C2366;Guest;P0007;Air Fryer;Appliances;2;1799.99;3599.98;Cash;2026/04/13;Sophie Mthembu
T06383;S004;Fourways;C1713;Guest;P0008;Blender;Appliances;6;899.99;5399.94;Cash;2026/06/20;James Botha
T06384;S004;Fourways;C1897;Member;P0001;Wireless Headphones;Electronics;1;899.99;899.99;Mobile Pay;2026/06/01;Emma Nkosi
T06385;S004;Fourways;C1578;Member;P0012;Hooded Sweatshirt;Clothing;2;599.99;1199.98;Card;2026/01/15;Noah Pillay
T06386;S004;Fourways;C2948;Guest;P0001;Wireless Headphones;Electronics;6;899.99;5399.94;Mobile Pay;2026/06/26;Liam Jacobs
T06387;S004;Fourways;C2933;Guest;P0002;Bluetooth Speaker;Electronics;5;649.99;3249.95;Card;2026/04/23;Daniel Smith
T06388;S004;Fourways;C2441;Member;P0008;Blender;Appliances;1;899.99;899.99;Cash;2026/04/11;Olivia Dlamini
T06389;S004;Fourways;C0868;Member;P0024;Storage Container Set;Kitchen;3;349.99;1049.97;Bank Transfer;2026/04/03;James Botha
T06390;S004;Fourways;C2031;Member;P0016;Skincare Set;Beauty;6;599.99;3599.94;Bank Transfer;2026/01/01;Sarah Mokoena
T06391;S004;Fourways;C2769;Member;P0006;Coffee Maker;Appliances;6;1299.99;7799.94;Mobile Pay;2026/02/06;Olivia Dlamini
T06392;S004;Fourways;C0938;Guest;P0020;Table Lamp;Home & Decor;1;699.99;699.99;Mobile Pay;2026/01/15;Emma Nkosi
T06393;S004;Fourways;C0247;Member;P0021;Cushion Set;Home & Decor;2;299.99;599.98;Cash;2026/05/08;Emma Nkosi
T06394;S004;Fourways;C0540;Member;P0014;Yoga Mat;Sportswear;2;399.99;799.98;Bank Transfer;2026/01/27;Sophie Mthembu
T06395;S004;Fourways;C1688;Guest;P0019;Throw Blanket;Home & Decor;4;449.99;1799.96;Bank Transfer;2026/06/29;James Botha
T06396;S004;Fourways;C2358;Member;P0007;Air Fryer;Appliances;4;1799.99;7199.96;Bank Transfer;2026/01/27;Liam Jacobs
T06397;S004;Fourways;C1350;Member;P0003;Smart Watch;Electronics;1;1299.99;1299.99;Bank Transfer;2026/05/07;Sophie Mthembu
T06398;S004;Fourways;C2596;Guest;P0023;Dinner Plate Set;Kitchen;2;499.99;999.98;Cash;2026/02/25;Daniel Smith
T06399;S004;Fourways;C0054;Member;P0011;Denim Jeans;Clothing;1;799.99;799.99;Mobile Pay;2026/02/08;Sarah Mokoena
T06400;S004;Fourways;C1099;Member;P0017;Face Moisturiser;Beauty;4;249.99;999.96;Card;2026/02/15;Emma Nkosi
T06401;S004;Fourways;C1294;Guest;P0021;Cushion Set;Home & Decor;2;299.99;599.98;Card;2026/03/27;Daniel Smith
T06402;S004;Fourways;C1448;Guest;P0014;Yoga Mat;Sportswear;5;399.99;1999.95;Bank Transfer;2026/03/29;Michael Williams
T06403;S004;Fourways;C1087;Member;P0012;Hooded Sweatshirt;Clothing;6;599.99;3599.94;Bank Transfer;2026/04/24;Liam Jacobs
T06404;S004;Fourways;C2519;Member;P0004;USB-C Charger;Electronics;1;299.99;299.99;Cash;2026/01/31;Jessica Naidoo
T06405;S004;Fourways;C0906;Member;P0018;Perfume;Beauty;6;899.99;5399.94;Card;2026/06/02;Michael Williams
T06406;S004;Fourways;C2050;Guest;P0018;Perfume;Beauty;5;899.99;4499.95;Cash;2026/05/27;Olivia Dlamini
T06407;S004;Fourways;C0554;Member;P0018;Perfume;Beauty;4;899.99;3599.96;Card;2026/06/21;Olivia Dlamini
T06408;S004;Fourways;C0548;Member;P0014;Yoga Mat;Sportswear;6;399.99;2399.94;Cash;2026/05/21;Michael Williams
T06409;S004;Fourways;C0042;Member;P0015;Sports Bottle;Sportswear;6;199.99;1199.94;Mobile Pay;2026/04/19;Jessica Naidoo
T06410;S004;Fourways;C2517;Member;P0022;Cookware Set;Kitchen;1;1599.99;1599.99;Bank Transfer;2026/01/16;Liam Jacobs
T06411;S004;Fourways;C2486;Member;P0003;Smart Watch;Electronics;2;1299.99;2599.98;Card;2026/04/17;Sarah Mokoena
T06412;S004;Fourways;C1954;Member;P0023;Dinner Plate Set;Kitchen;2;499.99;999.98;Mobile Pay;2026/05/29;Liam Jacobs
T06413;S004;Fourways;C1793;Member;P0015;Sports Bottle;Sportswear;6;199.99;1199.94;Card;2026/05/01;James Botha
T06414;S004;Fourways;C1904;Member;P0018;Perfume;Beauty;2;899.99;1799.98;Mobile Pay;2026/02/14;Olivia Dlamini
T06415;S004;Fourways;C0426;Member;P0017;Face Moisturiser;Beauty;3;249.99;749.97;Mobile Pay;2026/01/03;Jessica Naidoo
T06416;S004;Fourways;C2617;Member;P0006;Coffee Maker;Appliances;6;1299.99;7799.94;Bank Transfer;2026/01/24;Michael Williams
T06417;S004;Fourways;C1217;Member;P0011;Denim Jeans;Clothing;3;799.99;2399.97;Card;2026/06/23;Sophie Mthembu
T06418;S004;Fourways;C1157;Guest;P0006;Coffee Maker;Appliances;6;1299.99;7799.94;Mobile Pay;2026/03/18;Michael Williams
T06419;S004;Fourways;C2273;Guest;P0021;Cushion Set;Home & Decor;3;299.99;899.97;Mobile Pay;2026/04/14;Daniel Smith
T06420;S004;Fourways;C2434;Guest;P0007;Air Fryer;Appliances;3;1799.99;5399.97;Bank Transfer;2026/02/02;Jessica Naidoo
T06421;S004;Fourways;C0472;Member;P0014;Yoga Mat;Sportswear;2;399.99;799.98;Card;2026/05/04;Olivia Dlamini
T06422;S004;Fourways;C2810;Guest;P0018;Perfume;Beauty;1;899.99;899.99;Mobile Pay;2026/02/07;Noah Pillay
T06423;S004;Fourways;C0501;Guest;P0020;Table Lamp;Home & Decor;4;699.99;2799.96;Bank Transfer;2026/06/03;Daniel Smith
T06424;S004;Fourways;C0192;Guest;P0013;Running Shoes;Sportswear;3;1499.5;4498.5;Card;2026/02/12;Emma Nkosi
T06425;S004;Fourways;C0597;Guest;P0011;Denim Jeans;Clothing;5;799.99;3999.95;Cash;2026/04/02;Noah Pillay
T06426;S004;Fourways;C1886;Member;P0002;Bluetooth Speaker;Electronics;2;649.99;1299.98;Cash;2026/02/12;James Botha
T06427;S004;Fourways;C1117;Guest;P0005;Laptop Backpack;Accessories;6;549.99;3299.94;Cash;2026/02/12;Emma Nkosi
T06428;S004;Fourways;C0583;Member;P0009;Electric Kettle;Appliances;6;499.99;2999.94;Bank Transfer;2026/03/23;Sophie Mthembu
T06429;S004;Fourways;C1745;Member;P0011;Denim Jeans;Clothing;6;799.99;4799.94;Card;2026/04/02;Sophie Mthembu
T06430;S004;Fourways;C1071;Member;P0020;Table Lamp;Home & Decor;1;699.99;699.99;Mobile Pay;2026/04/04;Daniel Smith
T06431;S004;Fourways;C1560;Member;P0021;Cushion Set;Home & Decor;1;299.99;299.99;Mobile Pay;2026/04/16;Sophie Mthembu
T06432;S004;Fourways;C0608;Guest;P0019;Throw Blanket;Home & Decor;6;449.99;2699.94;Cash;2026/04/02;Jessica Naidoo
T06433;S004;Fourways;C1777;Guest;P0014;Yoga Mat;Sportswear;6;399.99;2399.94;Card;2026/05/13;Emma Nkosi
T06434;S004;Fourways;C2428;Guest;P0012;Hooded Sweatshirt;Clothing;2;599.99;1199.98;Cash;2026/06/10;Emma Nkosi
T06435;S004;Fourways;C1228;Member;P0011;Denim Jeans;Clothing;1;799.99;799.99;Bank Transfer;2026/06/18;Liam Jacobs
T06436;S004;Fourways;C0284;Member;P0022;Cookware Set;Kitchen;1;1599.99;1599.99;Mobile Pay;2026/01/26;Emma Nkosi
T06437;S004;Fourways;C1189;Guest;P0004;USB-C Charger;Electronics;5;299.99;1499.95;Cash;2026/04/05;Daniel Smith
T06438;S004;Fourways;C1505;Member;P0013;Running Shoes;Sportswear;6;1499.5;8997.0;Bank Transfer;2026/03/13;Emma Nkosi
T06439;S004;Fourways;C0400;Member;P0009;Electric Kettle;Appliances;6;499.99;2999.94;Card;2026/05/03;Olivia Dlamini
T06440;S004;Fourways;C0540;Member;P0023;Dinner Plate Set;Kitchen;5;499.99;2499.95;Cash;2026/04/26;Jessica Naidoo
T06441;S004;Fourways;C0148;Guest;P0008;Blender;Appliances;4;899.99;3599.96;Cash;2026/05/12;Olivia Dlamini
T06442;S004;Fourways;C1427;Member;P0019;Throw Blanket;Home & Decor;4;449.99;1799.96;Bank Transfer;2026/06/11;Daniel Smith
T06443;S004;Fourways;C1512;Guest;P0009;Electric Kettle;Appliances;1;499.99;499.99;Bank Transfer;2026/02/02;Olivia Dlamini
T06444;S004;Fourways;C1078;Member;P0006;Coffee Maker;Appliances;5;1299.99;6499.95;Cash;2026/03/31;Emma Nkosi
T06445;S004;Fourways;C1119;Member;P0018;Perfume;Beauty;4;899.99;3599.96;Bank Transfer;2026/03/17;Liam Jacobs
T06446;S004;Fourways;C0739;Member;P0019;Throw Blanket;Home & Decor;4;449.99;1799.96;Cash;2026/03/27;Daniel Smith
T06447;S004;Fourways;C1777;Guest;P0009;Electric Kettle;Appliances;4;499.99;1999.96;Card;2026/03/21;Daniel Smith
T06448;S004;Fourways;C1448;Member;P0008;Blender;Appliances;4;899.99;3599.96;Cash;2026/02/12;Michael Williams
T06449;S004;Fourways;C0181;Member;P0007;Air Fryer;Appliances;3;1799.99;5399.97;Card;2026/03/31;Emma Nkosi
T06450;S004;Fourways;C0164;Member;P0019;Throw Blanket;Home & Decor;3;449.99;1349.97;Mobile Pay;2026/03/09;James Botha
T06451;S004;Fourways;C0092;Member;P0025;Novel Book;Books;1;199.99;199.99;Mobile Pay;2026/06/27;Michael Williams
T06452;S004;Fourways;C0245;Guest;P0011;Denim Jeans;Clothing;3;799.99;2399.97;Card;2026/05/26;Emma Nkosi
T06453;S004;Fourways;C2401;Member;P0007;Air Fryer;Appliances;3;1799.99;5399.97;Cash;2026/01/17;Daniel Smith
T06454;S004;Fourways;C2916;Guest;P0018;Perfume;Beauty;6;899.99;5399.94;Bank Transfer;2026/05/07;Sarah Mokoena
T06455;S004;Fourways;C2871;Guest;P0012;Hooded Sweatshirt;Clothing;5;599.99;2999.95;Mobile Pay;2026/06/30;Jessica Naidoo
T06456;S004;Fourways;C2838;Guest;P0016;Skincare Set;Beauty;1;599.99;599.99;Mobile Pay;2026/03/29;Sophie Mthembu
T06457;S004;Fourways;C2038;Guest;P0009;Electric Kettle;Appliances;2;499.99;999.98;Cash;2026/02/16;Olivia Dlamini
T06458;S004;Fourways;C2208;Member;P0005;Laptop Backpack;Accessories;5;549.99;2749.95;Card;2026/01/01;Noah Pillay
T06459;S004;Fourways;C1355;Guest;P0020;Table Lamp;Home & Decor;1;699.99;699.99;Card;2026/04/08;Sophie Mthembu
T06460;S004;Fourways;C0746;Guest;P0011;Denim Jeans;Clothing;6;799.99;4799.94;Cash;2026/06/02;Olivia Dlamini
T06461;S004;Fourways;C2792;Guest;P0016;Skincare Set;Beauty;4;599.99;2399.96;Card;2026/04/12;James Botha
T06462;S004;Fourways;C2384;Guest;P0014;Yoga Mat;Sportswear;6;399.99;2399.94;Mobile Pay;2026/03/13;Noah Pillay
T06463;S004;Fourways;C1248;Member;P0018;Perfume;Beauty;5;899.99;4499.95;Card;2026/05/10;Sophie Mthembu
T06464;S004;Fourways;C1442;Member;P0016;Skincare Set;Beauty;5;599.99;2999.95;Card;2026/03/09;Emma Nkosi
T06465;S004;Fourways;C0850;Member;P0012;Hooded Sweatshirt;Clothing;4;599.99;2399.96;Bank Transfer;2026/05/27;Liam Jacobs
T06466;S004;Fourways;C1145;Guest;P0014;Yoga Mat;Sportswear;2;399.99;799.98;Mobile Pay;2026/03/14;Jessica Naidoo
T06467;S004;Fourways;C0405;Member;P0003;Smart Watch;Electronics;5;1299.99;6499.95;Card;2026/03/16;Michael Williams
T06468;S004;Fourways;C1064;Member;P0017;Face Moisturiser;Beauty;6;249.99;1499.94;Cash;2026/03/17;Liam Jacobs
T06469;S004;Fourways;C2732;Guest;P0024;Storage Container Set;Kitchen;2;349.99;699.98;Cash;2026/02/24;Emma Nkosi
T06470;S004;Fourways;C0486;Member;P0010;Cotton T-Shirt;Clothing;5;249.99;1249.95;Card;2026/02/21;Michael Williams
T06471;S004;Fourways;C2576;Member;P0025;Novel Book;Books;6;199.99;1199.94;Mobile Pay;2026/05/25;Sophie Mthembu
T06472;S004;Fourways;C0150;Guest;P0010;Cotton T-Shirt;Clothing;2;249.99;499.98;Card;2026/05/05;Olivia Dlamini
T06473;S004;Fourways;C0974;Member;P0023;Dinner Plate Set;Kitchen;4;499.99;1999.96;Bank Transfer;2026/06/06;James Botha
T06474;S004;Fourways;C0112;Guest;P0011;Denim Jeans;Clothing;6;799.99;4799.94;Bank Transfer;2026/02/05;James Botha
T06475;S004;Fourways;C1406;Member;P0007;Air Fryer;Appliances;3;1799.99;5399.97;Mobile Pay;2026/04/26;Liam Jacobs
T06476;S004;Fourways;C0296;Member;P0012;Hooded Sweatshirt;Clothing;1;599.99;599.99;Cash;2026/03/11;James Botha
T06477;S004;Fourways;C2344;Guest;P0002;Bluetooth Speaker;Electronics;6;649.99;3899.94;Bank Transfer;2026/02/25;Michael Williams
T06478;S004;Fourways;C1674;Guest;P0006;Coffee Maker;Appliances;6;1299.99;7799.94;Cash;2026/02/18;Michael Williams
T06479;S004;Fourways;C2999;Member;P0002;Bluetooth Speaker;Electronics;1;649.99;649.99;Bank Transfer;2026/03/14;Daniel Smith
T06480;S004;Fourways;C1769;Guest;P0004;USB-C Charger;Electronics;6;299.99;1799.94;Cash;2026/02/15;Daniel Smith
T06481;S004;Fourways;C1870;Member;P0004;USB-C Charger;Electronics;1;299.99;299.99;Card;2026/04/04;James Botha
T06482;S004;Fourways;C1211;Guest;P0006;Coffee Maker;Appliances;4;1299.99;5199.96;Mobile Pay;2026/01/01;Sarah Mokoena
T06483;S004;Fourways;C2972;Guest;P0011;Denim Jeans;Clothing;1;799.99;799.99;Cash;2026/06/10;Sarah Mokoena
T06484;S004;Fourways;C0021;Guest;P0003;Smart Watch;Electronics;6;1299.99;7799.94;Mobile Pay;2026/05/22;Jessica Naidoo
T06485;S004;Fourways;C0625;Member;P0011;Denim Jeans;Clothing;3;799.99;2399.97;Card;2026/05/22;Daniel Smith
T06486;S004;Fourways;C2541;Guest;P0010;Cotton T-Shirt;Clothing;1;249.99;249.99;Cash;2026/04/30;Liam Jacobs
T06487;S004;Fourways;C1589;Guest;P0013;Running Shoes;Sportswear;6;1499.5;8997.0;Mobile Pay;2026/03/09;James Botha
T06488;S004;Fourways;C1925;Guest;P0009;Electric Kettle;Appliances;1;499.99;499.99;Card;2026/01/03;Olivia Dlamini
T06489;S004;Fourways;C0296;Member;P0004;USB-C Charger;Electronics;5;299.99;1499.95;Mobile Pay;2026/01/13;Sophie Mthembu
T06490;S004;Fourways;C1476;Guest;P0007;Air Fryer;Appliances;2;1799.99;3599.98;Bank Transfer;2026/01/16;James Botha
T06491;S004;Fourways;C2650;Member;P0024;Storage Container Set;Kitchen;1;349.99;349.99;Mobile Pay;2026/06/26;Olivia Dlamini
T06492;S004;Fourways;C0537;Member;P0001;Wireless Headphones;Electronics;2;899.99;1799.98;Mobile Pay;2026/03/02;Jessica Naidoo
T06493;S004;Fourways;C1251;Guest;P0002;Bluetooth Speaker;Electronics;2;649.99;1299.98;Card;2026/06/06;Daniel Smith
T06494;S004;Fourways;C0104;Guest;P0002;Bluetooth Speaker;Electronics;4;649.99;2599.96;Mobile Pay;2026/04/03;Sophie Mthembu
T06495;S004;Fourways;C1111;Guest;P0001;Wireless Headphones;Electronics;2;899.99;1799.98;Cash;2026/05/10;Sarah Mokoena
T06496;S004;Fourways;C0707;Member;P0020;Table Lamp;Home & Decor;6;699.99;4199.94;Card;2026/06/30;Michael Williams
T06497;S004;Fourways;C2280;Member;P0008;Blender;Appliances;1;899.99;899.99;Mobile Pay;2026/02/22;Daniel Smith
T06498;S004;Fourways;C0433;Guest;P0009;Electric Kettle;Appliances;1;499.99;499.99;Card;2026/06/08;Olivia Dlamini
T06499;S004;Fourways;C2275;Member;P0004;USB-C Charger;Electronics;3;299.99;899.97;Cash;2026/01/26;Sarah Mokoena
T06500;S004;Fourways;C2910;Member;P0014;Yoga Mat;Sportswear;3;399.99;1199.97;Card;2026/06/03;Sophie Mthembu
T06501;S004;Fourways;C0795;Member;P0018;Perfume;Beauty;5;899.99;4499.95;Bank Transfer;2026/01/02;James Botha
T06502;S004;Fourways;C1139;Guest;P0023;Dinner Plate Set;Kitchen;6;499.99;2999.94;Cash;2026/03/30;Michael Williams
T06503;S004;Fourways;C0941;Member;P0020;Table Lamp;Home & Decor;3;699.99;2099.97;Bank Transfer;2026/02/04;Emma Nkosi
T06504;S004;Fourways;C2609;Guest;P0001;Wireless Headphones;Electronics;1;899.99;899.99;Mobile Pay;2026/06/07;Noah Pillay
T06505;S004;Fourways;C0879;Guest;P0006;Coffee Maker;Appliances;6;1299.99;7799.94;Mobile Pay;2026/02/17;Sarah Mokoena
T06506;S004;Fourways;C2882;Member;P0023;Dinner Plate Set;Kitchen;6;499.99;2999.94;Cash;2026/02/13;Olivia Dlamini
T06507;S004;Fourways;C0366;Member;P0004;USB-C Charger;Electronics;2;299.99;599.98;Mobile Pay;2026/04/10;Daniel Smith
T06508;S004;Fourways;C0940;Member;P0017;Face Moisturiser;Beauty;4;249.99;999.96;Cash;2026/02/22;Michael Williams
T06509;S004;Fourways;C1961;Member;P0011;Denim Jeans;Clothing;5;799.99;3999.95;Cash;2026/05/14;Emma Nkosi
T06510;S004;Fourways;C2370;Guest;P0017;Face Moisturiser;Beauty;2;249.99;499.98;Bank Transfer;2026/05/17;Liam Jacobs
T06511;S004;Fourways;C2669;Member;P0007;Air Fryer;Appliances;5;1799.99;8999.95;Mobile Pay;2026/01/16;Liam Jacobs
T06512;S004;Fourways;C2265;Member;P0021;Cushion Set;Home & Decor;6;299.99;1799.94;Cash;2026/05/13;Sophie Mthembu
T06513;S004;Fourways;C0174;Guest;P0016;Skincare Set;Beauty;2;599.99;1199.98;Card;2026/03/28;Jessica Naidoo
T06514;S004;Fourways;C1619;Member;P0019;Throw Blanket;Home & Decor;5;449.99;2249.95;Cash;2026/06/28;Daniel Smith
T06515;S004;Fourways;C1750;Guest;P0001;Wireless Headphones;Electronics;2;899.99;1799.98;Cash;2026/05/28;Liam Jacobs
T06516;S004;Fourways;C1478;Member;P0021;Cushion Set;Home & Decor;6;299.99;1799.94;Mobile Pay;2026/05/18;Jessica Naidoo
T06517;S004;Fourways;C1118;Member;P0005;Laptop Backpack;Accessories;6;549.99;3299.94;Cash;2026/06/16;Olivia Dlamini
T06518;S004;Fourways;C1223;Member;P0024;Storage Container Set;Kitchen;6;349.99;2099.94;Bank Transfer;2026/04/24;Sophie Mthembu
T06519;S004;Fourways;C0835;Member;P0009;Electric Kettle;Appliances;4;499.99;1999.96;Cash;2026/04/15;Sarah Mokoena
T06520;S004;Fourways;C2140;Guest;P0008;Blender;Appliances;2;899.99;1799.98;Bank Transfer;2026/02/26;Sophie Mthembu
T06521;S004;Fourways;C0676;Member;P0024;Storage Container Set;Kitchen;1;349.99;349.99;Cash;2026/05/16;Liam Jacobs
T06522;S004;Fourways;C1679;Member;P0010;Cotton T-Shirt;Clothing;3;249.99;749.97;Card;2026/02/25;Jessica Naidoo
T06523;S004;Fourways;C2088;Member;P0016;Skincare Set;Beauty;2;599.99;1199.98;Mobile Pay;2026/06/09;Noah Pillay
T06524;S004;Fourways;C1133;Guest;P0005;Laptop Backpack;Accessories;2;549.99;1099.98;Cash;2026/02/01;Jessica Naidoo
T06525;S004;Fourways;C0657;Guest;P0008;Blender;Appliances;5;899.99;4499.95;Bank Transfer;2026/06/03;Sophie Mthembu
T06526;S004;Fourways;C0440;Member;P0020;Table Lamp;Home & Decor;5;699.99;3499.95;Cash;2026/01/02;Noah Pillay
T06527;S004;Fourways;C0457;Guest;P0025;Novel Book;Books;3;199.99;599.97;Cash;2026/01/28;Daniel Smith
T06528;S004;Fourways;C0338;Member;P0007;Air Fryer;Appliances;6;1799.99;10799.94;Mobile Pay;2026/01/23;Sophie Mthembu
T06529;S004;Fourways;C0398;Guest;P0007;Air Fryer;Appliances;4;1799.99;7199.96;Mobile Pay;2026/02/25;Noah Pillay
T06530;S004;Fourways;C1521;Member;P0021;Cushion Set;Home & Decor;2;299.99;599.98;Cash;2026/05/23;Daniel Smith
T06531;S004;Fourways;C2289;Member;P0025;Novel Book;Books;6;199.99;1199.94;Cash;2026/04/19;James Botha
T06532;S004;Fourways;C1995;Member;P0001;Wireless Headphones;Electronics;3;899.99;2699.97;Card;2026/03/03;Sophie Mthembu
T06533;S004;Fourways;C2215;Member;P0012;Hooded Sweatshirt;Clothing;3;599.99;1799.97;Cash;2026/01/19;Sarah Mokoena
T06534;S004;Fourways;C1300;Member;P0016;Skincare Set;Beauty;6;599.99;3599.94;Bank Transfer;2026/04/03;James Botha
T06535;S004;Fourways;C1146;Guest;P0023;Dinner Plate Set;Kitchen;1;499.99;499.99;Bank Transfer;2026/05/25;Sophie Mthembu
T06536;S004;Fourways;C1727;Guest;P0013;Running Shoes;Sportswear;6;1499.5;8997.0;Cash;2026/05/15;Michael Williams
T06537;S004;Fourways;C2848;Member;P0004;USB-C Charger;Electronics;4;299.99;1199.96;Bank Transfer;2026/05/30;Sophie Mthembu
T06538;S004;Fourways;C2801;Member;P0025;Novel Book;Books;4;199.99;799.96;Bank Transfer;2026/03/19;James Botha
T06539;S004;Fourways;C1365;Member;P0018;Perfume;Beauty;1;899.99;899.99;Card;2026/01/11;Olivia Dlamini
T06540;S004;Fourways;C2336;Guest;P0001;Wireless Headphones;Electronics;5;899.99;4499.95;Mobile Pay;2026/01/28;Michael Williams
T06541;S004;Fourways;C1099;Member;P0002;Bluetooth Speaker;Electronics;3;649.99;1949.97;Card;2026/05/27;Emma Nkosi
T06542;S004;Fourways;C0628;Guest;P0017;Face Moisturiser;Beauty;2;249.99;499.98;Card;2026/06/20;Emma Nkosi
T06543;S004;Fourways;C1101;Member;P0008;Blender;Appliances;2;899.99;1799.98;Cash;2026/03/05;Liam Jacobs
T06544;S004;Fourways;C1161;Member;P0017;Face Moisturiser;Beauty;6;249.99;1499.94;Cash;2026/05/02;Sophie Mthembu
T06545;S004;Fourways;C1594;Guest;P0011;Denim Jeans;Clothing;6;799.99;4799.94;Mobile Pay;2026/04/07;Daniel Smith
T06546;S004;Fourways;C1397;Member;P0005;Laptop Backpack;Accessories;3;549.99;1649.97;Bank Transfer;2026/04/26;Liam Jacobs
T06547;S004;Fourways;C0256;Member;P0018;Perfume;Beauty;4;899.99;3599.96;Mobile Pay;2026/06/06;Emma Nkosi
T06548;S004;Fourways;C0511;Guest;P0023;Dinner Plate Set;Kitchen;2;499.99;999.98;Mobile Pay;2026/04/27;Sophie Mthembu
T06549;S004;Fourways;C2243;Member;P0001;Wireless Headphones;Electronics;2;899.99;1799.98;Bank Transfer;2026/01/04;Michael Williams
T06550;S004;Fourways;C2340;Member;P0004;USB-C Charger;Electronics;4;299.99;1199.96;Mobile Pay;2026/02/06;Emma Nkosi
T06551;S004;Fourways;C2562;Member;P0004;USB-C Charger;Electronics;3;299.99;899.97;Mobile Pay;2026/02/03;Liam Jacobs
T06552;S004;Fourways;C0570;Guest;P0012;Hooded Sweatshirt;Clothing;4;599.99;2399.96;Cash;2026/04/28;Olivia Dlamini
T06553;S004;Fourways;C2659;Guest;P0005;Laptop Backpack;Accessories;5;549.99;2749.95;Cash;2026/02/24;James Botha
T06554;S004;Fourways;C2638;Member;P0013;Running Shoes;Sportswear;5;1499.5;7497.5;Cash;2026/05/18;Emma Nkosi
T06555;S004;Fourways;C0718;Member;P0016;Skincare Set;Beauty;5;599.99;2999.95;Mobile Pay;2026/02/14;Olivia Dlamini
T06556;S004;Fourways;C1320;Guest;P0002;Bluetooth Speaker;Electronics;3;649.99;1949.97;Cash;2026/05/12;Olivia Dlamini
T06557;S004;Fourways;C0768;Member;P0025;Novel Book;Books;6;199.99;1199.94;Bank Transfer;2026/05/02;James Botha
T06558;S004;Fourways;C0296;Member;P0018;Perfume;Beauty;6;899.99;5399.94;Bank Transfer;2026/06/29;Jessica Naidoo
T06559;S004;Fourways;C0289;Member;P0009;Electric Kettle;Appliances;2;499.99;999.98;Mobile Pay;2026/06/29;James Botha
T06560;S004;Fourways;C2739;Member;P0005;Laptop Backpack;Accessories;1;549.99;549.99;Mobile Pay;2026/03/22;Emma Nkosi
T06561;S004;Fourways;C1366;Member;P0004;USB-C Charger;Electronics;6;299.99;1799.94;Mobile Pay;2026/05/19;Jessica Naidoo
T06562;S004;Fourways;C2812;Member;P0003;Smart Watch;Electronics;4;1299.99;5199.96;Bank Transfer;2026/04/23;Michael Williams
T06563;S004;Fourways;C0886;Guest;P0018;Perfume;Beauty;6;899.99;5399.94;Cash;2026/02/13;Olivia Dlamini
T06564;S004;Fourways;C2299;Member;P0024;Storage Container Set;Kitchen;3;349.99;1049.97;Mobile Pay;2026/01/04;Emma Nkosi
T06565;S004;Fourways;C0027;Guest;P0022;Cookware Set;Kitchen;1;1599.99;1599.99;Card;2026/03/29;Emma Nkosi
T06566;S004;Fourways;C2205;Guest;P0008;Blender;Appliances;5;899.99;4499.95;Cash;2026/06/26;James Botha
T06567;S004;Fourways;C2238;Member;P0013;Running Shoes;Sportswear;6;1499.5;8997.0;Mobile Pay;2026/02/16;Michael Williams
T06568;S004;Fourways;C2241;Member;P0003;Smart Watch;Electronics;1;1299.99;1299.99;Cash;2026/02/06;Jessica Naidoo
T06569;S004;Fourways;C2196;Member;P0010;Cotton T-Shirt;Clothing;6;249.99;1499.94;Card;2026/02/13;Liam Jacobs
T06570;S004;Fourways;C0570;Member;P0021;Cushion Set;Home & Decor;6;299.99;1799.94;Card;2026/02/17;Daniel Smith
T06571;S004;Fourways;C2956;Guest;P0002;Bluetooth Speaker;Electronics;4;649.99;2599.96;Bank Transfer;2026/06/01;Olivia Dlamini
T06572;S004;Fourways;C0432;Member;P0023;Dinner Plate Set;Kitchen;1;499.99;499.99;Cash;2026/01/05;James Botha
T06573;S004;Fourways;C1444;Member;P0024;Storage Container Set;Kitchen;1;349.99;349.99;Cash;2026/01/15;Noah Pillay
T06574;S004;Fourways;C1595;Member;P0017;Face Moisturiser;Beauty;3;249.99;749.97;Mobile Pay;2026/04/02;Noah Pillay
T06575;S004;Fourways;C0865;Member;P0008;Blender;Appliances;2;899.99;1799.98;Cash;2026/01/15;Sarah Mokoena
T06576;S004;Fourways;C1496;Member;P0022;Cookware Set;Kitchen;6;1599.99;9599.94;Mobile Pay;2026/01/29;Sophie Mthembu
T06577;S004;Fourways;C1392;Guest;P0024;Storage Container Set;Kitchen;4;349.99;1399.96;Mobile Pay;2026/05/04;Sophie Mthembu
T06578;S004;Fourways;C1663;Member;P0018;Perfume;Beauty;3;899.99;2699.97;Mobile Pay;2026/02/21;Liam Jacobs
T06579;S004;Fourways;C1359;Member;P0024;Storage Container Set;Kitchen;5;349.99;1749.95;Bank Transfer;2026/06/29;Noah Pillay
T06580;S004;Fourways;C1413;Guest;P0006;Coffee Maker;Appliances;1;1299.99;1299.99;Bank Transfer;2026/05/09;Jessica Naidoo
T06581;S004;Fourways;C0041;Member;P0008;Blender;Appliances;4;899.99;3599.96;Bank Transfer;2026/04/10;Olivia Dlamini
T06582;S004;Fourways;C0739;Guest;P0019;Throw Blanket;Home & Decor;1;449.99;449.99;Bank Transfer;2026/06/13;James Botha
T06583;S004;Fourways;C2392;Member;P0012;Hooded Sweatshirt;Clothing;2;599.99;1199.98;Mobile Pay;2026/04/02;Michael Williams
T06584;S004;Fourways;C0336;Guest;P0009;Electric Kettle;Appliances;6;499.99;2999.94;Bank Transfer;2026/03/21;Sophie Mthembu
T06585;S004;Fourways;C0902;Member;P0003;Smart Watch;Electronics;6;1299.99;7799.94;Cash;2026/03/17;Liam Jacobs
T06586;S004;Fourways;C0371;Member;P0020;Table Lamp;Home & Decor;4;699.99;2799.96;Bank Transfer;2026/03/15;Noah Pillay
T06587;S004;Fourways;C2659;Member;P0025;Novel Book;Books;3;199.99;599.97;Card;2026/06/22;Noah Pillay
T06588;S004;Fourways;C2190;Guest;P0009;Electric Kettle;Appliances;5;499.99;2499.95;Cash;2026/06/08;Liam Jacobs
T06589;S004;Fourways;C0676;Member;P0015;Sports Bottle;Sportswear;6;199.99;1199.94;Cash;2026/05/12;Liam Jacobs
T06590;S004;Fourways;C0095;Member;P0012;Hooded Sweatshirt;Clothing;5;599.99;2999.95;Cash;2026/03/18;James Botha
T06591;S004;Fourways;C2395;Member;P0014;Yoga Mat;Sportswear;2;399.99;799.98;Bank Transfer;2026/04/27;Liam Jacobs
T06592;S004;Fourways;C1079;Guest;P0005;Laptop Backpack;Accessories;2;549.99;1099.98;Mobile Pay;2026/06/05;Noah Pillay
T06593;S004;Fourways;C0762;Member;P0018;Perfume;Beauty;2;899.99;1799.98;Bank Transfer;2026/05/30;Noah Pillay
T06594;S004;Fourways;C1866;Member;P0020;Table Lamp;Home & Decor;2;699.99;1399.98;Mobile Pay;2026/02/02;Daniel Smith
T06595;S004;Fourways;C2479;Member;P0018;Perfume;Beauty;5;899.99;4499.95;Bank Transfer;2026/02/01;Sarah Mokoena
T06596;S004;Fourways;C1491;Guest;P0005;Laptop Backpack;Accessories;6;549.99;3299.94;Bank Transfer;2026/02/26;Michael Williams
T06597;S004;Fourways;C2216;Member;P0010;Cotton T-Shirt;Clothing;4;249.99;999.96;Card;2026/06/01;Sarah Mokoena
T06598;S004;Fourways;C2306;Member;P0025;Novel Book;Books;4;199.99;799.96;Card;2026/06/01;Daniel Smith
T06599;S004;Fourways;C1828;Member;P0004;USB-C Charger;Electronics;1;299.99;299.99;Mobile Pay;2026/04/18;Jessica Naidoo
T06600;S004;Fourways;C2189;Member;P0009;Electric Kettle;Appliances;5;499.99;2499.95;Mobile Pay;2026/04/08;James Botha
T06601;S004;Fourways;C0287;Member;P0003;Smart Watch;Electronics;4;1299.99;5199.96;Card;2026/01/14;Michael Williams
T06602;S004;Fourways;C1247;Member;P0018;Perfume;Beauty;1;899.99;899.99;Mobile Pay;2026/06/12;Jessica Naidoo
T06603;S004;Fourways;C2377;Guest;P0008;Blender;Appliances;2;899.99;1799.98;Card;2026/06/06;Daniel Smith
T06604;S004;Fourways;C2321;Member;P0016;Skincare Set;Beauty;3;599.99;1799.97;Bank Transfer;2026/02/10;Noah Pillay
T06605;S004;Fourways;C2397;Member;P0024;Storage Container Set;Kitchen;1;349.99;349.99;Bank Transfer;2026/02/22;Liam Jacobs
T06606;S004;Fourways;C1317;Member;P0010;Cotton T-Shirt;Clothing;2;249.99;499.98;Mobile Pay;2026/05/03;James Botha
T06607;S004;Fourways;C1148;Guest;P0004;USB-C Charger;Electronics;4;299.99;1199.96;Mobile Pay;2026/05/08;Michael Williams
T06608;S004;Fourways;C1875;Member;P0010;Cotton T-Shirt;Clothing;3;249.99;749.97;Card;2026/05/02;Emma Nkosi
T06609;S004;Fourways;C0101;Member;P0007;Air Fryer;Appliances;1;1799.99;1799.99;Card;2026/01/04;Olivia Dlamini
T06610;S004;Fourways;C0477;Member;P0019;Throw Blanket;Home & Decor;2;449.99;899.98;Card;2026/01/10;James Botha
T06611;S004;Fourways;C2654;Guest;P0003;Smart Watch;Electronics;3;1299.99;3899.97;Bank Transfer;2026/01/29;Liam Jacobs
T06612;S004;Fourways;C0653;Member;P0023;Dinner Plate Set;Kitchen;3;499.99;1499.97;Cash;2026/02/10;Sarah Mokoena
T06613;S004;Fourways;C2392;Guest;P0019;Throw Blanket;Home & Decor;5;449.99;2249.95;Card;2026/02/28;Jessica Naidoo
T06614;S004;Fourways;C0636;Member;P0020;Table Lamp;Home & Decor;1;699.99;699.99;Mobile Pay;2026/05/18;Daniel Smith
T06615;S004;Fourways;C1884;Guest;P0005;Laptop Backpack;Accessories;1;549.99;549.99;Bank Transfer;2026/02/04;Jessica Naidoo
T06616;S004;Fourways;C1162;Guest;P0020;Table Lamp;Home & Decor;6;699.99;4199.94;Card;2026/02/23;Noah Pillay
T06617;S004;Fourways;C2917;Member;P0023;Dinner Plate Set;Kitchen;6;499.99;2999.94;Cash;2026/01/26;James Botha
T06618;S004;Fourways;C0176;Member;P0003;Smart Watch;Electronics;5;1299.99;6499.95;Mobile Pay;2026/03/21;Olivia Dlamini
T06619;S004;Fourways;C2916;Member;P0009;Electric Kettle;Appliances;3;499.99;1499.97;Bank Transfer;2026/03/03;Michael Williams
T06620;S004;Fourways;C1297;Guest;P0014;Yoga Mat;Sportswear;5;399.99;1999.95;Cash;2026/03/24;James Botha
T06621;S004;Fourways;C2929;Guest;P0016;Skincare Set;Beauty;2;599.99;1199.98;Cash;2026/05/21;Sophie Mthembu
T06622;S004;Fourways;C1614;Guest;P0001;Wireless Headphones;Electronics;5;899.99;4499.95;Bank Transfer;2026/05/31;Noah Pillay
T06623;S004;Fourways;C1816;Member;P0021;Cushion Set;Home & Decor;3;299.99;899.97;Bank Transfer;2026/01/28;James Botha
T06624;S004;Fourways;C0024;Guest;P0002;Bluetooth Speaker;Electronics;5;649.99;3249.95;Bank Transfer;2026/06/12;Sophie Mthembu
T06625;S004;Fourways;C2346;Member;P0019;Throw Blanket;Home & Decor;3;449.99;1349.97;Bank Transfer;2026/01/11;Michael Williams
T06626;S004;Fourways;C1015;Member;P0011;Denim Jeans;Clothing;2;799.99;1599.98;Cash;2026/06/13;James Botha
T06627;S004;Fourways;C2954;Member;P0015;Sports Bottle;Sportswear;3;199.99;599.97;Mobile Pay;2026/05/19;Michael Williams
T06628;S004;Fourways;C0058;Guest;P0022;Cookware Set;Kitchen;3;1599.99;4799.97;Mobile Pay;2026/01/03;James Botha
T06629;S004;Fourways;C0931;Guest;P0002;Bluetooth Speaker;Electronics;5;649.99;3249.95;Bank Transfer;2026/03/25;Emma Nkosi
T06630;S004;Fourways;C1726;Guest;P0006;Coffee Maker;Appliances;5;1299.99;6499.95;Cash;2026/05/23;Noah Pillay
T06631;S004;Fourways;C2420;Member;P0007;Air Fryer;Appliances;4;1799.99;7199.96;Bank Transfer;2026/01/27;Sarah Mokoena
T06632;S004;Fourways;C1215;Member;P0016;Skincare Set;Beauty;2;599.99;1199.98;Mobile Pay;2026/03/04;Emma Nkosi
T06633;S004;Fourways;C0589;Member;P0020;Table Lamp;Home & Decor;2;699.99;1399.98;Cash;2026/05/24;Sarah Mokoena
T06634;S004;Fourways;C2395;Member;P0019;Throw Blanket;Home & Decor;5;449.99;2249.95;Cash;2026/01/13;Emma Nkosi
T06635;S004;Fourways;C2335;Member;P0010;Cotton T-Shirt;Clothing;4;249.99;999.96;Cash;2026/06/14;Sarah Mokoena
T06636;S004;Fourways;C1574;Guest;P0012;Hooded Sweatshirt;Clothing;6;599.99;3599.94;Card;2026/01/30;Sophie Mthembu
T06637;S004;Fourways;C0944;Member;P0020;Table Lamp;Home & Decor;5;699.99;3499.95;Card;2026/06/25;Emma Nkosi
T06638;S004;Fourways;C2973;Member;P0014;Yoga Mat;Sportswear;3;399.99;1199.97;Card;2026/05/05;Daniel Smith
T06639;S004;Fourways;C2246;Member;P0019;Throw Blanket;Home & Decor;2;449.99;899.98;Mobile Pay;2026/04/22;Olivia Dlamini
T06640;S004;Fourways;C1307;Member;P0004;USB-C Charger;Electronics;3;299.99;899.97;Bank Transfer;2026/06/07;Emma Nkosi
T06641;S004;Fourways;C2858;Member;P0022;Cookware Set;Kitchen;4;1599.99;6399.96;Card;2026/06/24;Sophie Mthembu
T06642;S004;Fourways;C2778;Member;P0003;Smart Watch;Electronics;6;1299.99;7799.94;Bank Transfer;2026/04/24;Sarah Mokoena
T06643;S004;Fourways;C2869;Member;P0021;Cushion Set;Home & Decor;6;299.99;1799.94;Bank Transfer;2026/05/19;Jessica Naidoo
T06644;S004;Fourways;C0435;Member;P0014;Yoga Mat;Sportswear;2;399.99;799.98;Card;2026/03/05;Jessica Naidoo
T06645;S004;Fourways;C0956;Member;P0021;Cushion Set;Home & Decor;5;299.99;1499.95;Card;2026/05/07;Michael Williams
T06646;S004;Fourways;C0368;Guest;P0025;Novel Book;Books;6;199.99;1199.94;Card;2026/04/30;Noah Pillay
T06647;S004;Fourways;C2458;Member;P0006;Coffee Maker;Appliances;6;1299.99;7799.94;Mobile Pay;2026/05/03;Noah Pillay
T06648;S004;Fourways;C1427;Guest;P0013;Running Shoes;Sportswear;2;1499.5;2999.0;Mobile Pay;2026/05/28;Sarah Mokoena
T06649;S004;Fourways;C2827;Member;P0013;Running Shoes;Sportswear;2;1499.5;2999.0;Bank Transfer;2026/05/01;Daniel Smith
T06650;S004;Fourways;C2241;Guest;P0001;Wireless Headphones;Electronics;5;899.99;4499.95;Bank Transfer;2026/04/05;Sophie Mthembu
T06651;S004;Fourways;C1303;Guest;P0006;Coffee Maker;Appliances;4;1299.99;5199.96;Bank Transfer;2026/05/31;Daniel Smith
T06652;S004;Fourways;C2352;Member;P0019;Throw Blanket;Home & Decor;2;449.99;899.98;Cash;2026/03/18;Olivia Dlamini
T06653;S004;Fourways;C0660;Guest;P0010;Cotton T-Shirt;Clothing;5;249.99;1249.95;Cash;2026/02/01;Jessica Naidoo
T06654;S004;Fourways;C2709;Member;P0018;Perfume;Beauty;6;899.99;5399.94;Mobile Pay;2026/04/29;Sarah Mokoena
T06655;S004;Fourways;C2777;Member;P0009;Electric Kettle;Appliances;4;499.99;1999.96;Cash;2026/06/25;Emma Nkosi
T06656;S004;Fourways;C0233;Guest;P0023;Dinner Plate Set;Kitchen;3;499.99;1499.97;Cash;2026/02/06;Noah Pillay
T06657;S004;Fourways;C0956;Member;P0018;Perfume;Beauty;4;899.99;3599.96;Card;2026/04/15;Olivia Dlamini
T06658;S004;Fourways;C2835;Guest;P0005;Laptop Backpack;Accessories;3;549.99;1649.97;Bank Transfer;2026/02/19;Sophie Mthembu
T06659;S004;Fourways;C0777;Member;P0021;Cushion Set;Home & Decor;3;299.99;899.97;Cash;2026/03/21;Noah Pillay
T06660;S004;Fourways;C0789;Member;P0012;Hooded Sweatshirt;Clothing;6;599.99;3599.94;Bank Transfer;2026/04/16;Noah Pillay
T06661;S004;Fourways;C1809;Member;P0009;Electric Kettle;Appliances;2;499.99;999.98;Card;2026/05/23;Olivia Dlamini
T06662;S004;Fourways;C2546;Guest;P0001;Wireless Headphones;Electronics;4;899.99;3599.96;Bank Transfer;2026/02/19;Daniel Smith
T06663;S004;Fourways;C1394;Guest;P0009;Electric Kettle;Appliances;2;499.99;999.98;Card;2026/02/12;Liam Jacobs
T06664;S004;Fourways;C0608;Guest;P0022;Cookware Set;Kitchen;2;1599.99;3199.98;Mobile Pay;2026/02/18;James Botha
T06665;S004;Fourways;C0237;Member;P0025;Novel Book;Books;6;199.99;1199.94;Card;2026/06/20;Michael Williams
T06666;S004;Fourways;C2063;Member;P0018;Perfume;Beauty;1;899.99;899.99;Cash;2026/02/12;Noah Pillay
T06667;S004;Fourways;C2092;Guest;P0002;Bluetooth Speaker;Electronics;5;649.99;3249.95;Mobile Pay;2026/04/02;Sophie Mthembu
T06668;S004;Fourways;C2532;Guest;P0001;Wireless Headphones;Electronics;3;899.99;2699.97;Mobile Pay;2026/01/02;Noah Pillay
T06669;S004;Fourways;C2866;Guest;P0014;Yoga Mat;Sportswear;5;399.99;1999.95;Cash;2026/01/02;Olivia Dlamini
T06670;S004;Fourways;C1667;Member;P0018;Perfume;Beauty;6;899.99;5399.94;Card;2026/06/12;Jessica Naidoo
T06671;S004;Fourways;C0989;Guest;P0021;Cushion Set;Home & Decor;3;299.99;899.97;Bank Transfer;2026/03/31;Michael Williams
T06672;S004;Fourways;C0978;Member;P0021;Cushion Set;Home & Decor;6;299.99;1799.94;Mobile Pay;2026/03/07;Jessica Naidoo
T06673;S004;Fourways;C1313;Guest;P0004;USB-C Charger;Electronics;5;299.99;1499.95;Bank Transfer;2026/04/03;Sophie Mthembu
T06674;S004;Fourways;C0319;Member;P0024;Storage Container Set;Kitchen;2;349.99;699.98;Card;2026/04/07;Sarah Mokoena
T06675;S004;Fourways;C1254;Member;P0015;Sports Bottle;Sportswear;4;199.99;799.96;Bank Transfer;2026/02/11;Noah Pillay
T06676;S004;Fourways;C2322;Member;P0013;Running Shoes;Sportswear;5;1499.5;7497.5;Cash;2026/03/26;Olivia Dlamini
T06677;S004;Fourways;C2250;Guest;P0001;Wireless Headphones;Electronics;5;899.99;4499.95;Cash;2026/01/13;James Botha
T06678;S004;Fourways;C1296;Member;P0012;Hooded Sweatshirt;Clothing;4;599.99;2399.96;Mobile Pay;2026/02/05;Olivia Dlamini
T06679;S004;Fourways;C0985;Member;P0018;Perfume;Beauty;2;899.99;1799.98;Cash;2026/02/22;Emma Nkosi
T06680;S004;Fourways;C2298;Guest;P0001;Wireless Headphones;Electronics;5;899.99;4499.95;Card;2026/01/23;Liam Jacobs
T06681;S004;Fourways;C0701;Member;P0014;Yoga Mat;Sportswear;2;399.99;799.98;Cash;2026/03/05;Sophie Mthembu
T06682;S004;Fourways;C0319;Guest;P0006;Coffee Maker;Appliances;4;1299.99;5199.96;Mobile Pay;2026/03/05;James Botha
T06683;S004;Fourways;C1830;Guest;P0003;Smart Watch;Electronics;6;1299.99;7799.94;Mobile Pay;2026/03/07;Liam Jacobs
T06684;S004;Fourways;C0200;Guest;P0016;Skincare Set;Beauty;5;599.99;2999.95;Card;2026/03/28;Olivia Dlamini
T06685;S004;Fourways;C1915;Guest;P0016;Skincare Set;Beauty;2;599.99;1199.98;Cash;2026/05/19;James Botha
T06686;S004;Fourways;C1498;Member;P0013;Running Shoes;Sportswear;5;1499.5;7497.5;Card;2026/05/13;Michael Williams
T06687;S004;Fourways;C1621;Member;P0018;Perfume;Beauty;2;899.99;1799.98;Bank Transfer;2026/01/17;Sarah Mokoena
T06688;S004;Fourways;C2880;Member;P0012;Hooded Sweatshirt;Clothing;6;599.99;3599.94;Bank Transfer;2026/01/20;Jessica Naidoo
T06689;S004;Fourways;C1977;Member;P0016;Skincare Set;Beauty;6;599.99;3599.94;Cash;2026/01/16;Emma Nkosi
T06690;S004;Fourways;C2396;Member;P0015;Sports Bottle;Sportswear;2;199.99;399.98;Card;2026/06/22;Sarah Mokoena
T06691;S004;Fourways;C2389;Member;P0024;Storage Container Set;Kitchen;1;349.99;349.99;Cash;2026/04/23;Sophie Mthembu
T06692;S004;Fourways;C1037;Guest;P0012;Hooded Sweatshirt;Clothing;4;599.99;2399.96;Cash;2026/05/10;Daniel Smith
T06693;S004;Fourways;C2835;Member;P0004;USB-C Charger;Electronics;6;299.99;1799.94;Bank Transfer;2026/03/05;Olivia Dlamini
T06694;S004;Fourways;C2900;Guest;P0004;USB-C Charger;Electronics;6;299.99;1799.94;Bank Transfer;2026/05/30;James Botha
T06695;S004;Fourways;C2090;Guest;P0022;Cookware Set;Kitchen;1;1599.99;1599.99;Mobile Pay;2026/05/07;Daniel Smith
T06696;S004;Fourways;C0151;Member;P0016;Skincare Set;Beauty;4;599.99;2399.96;Card;2026/01/15;Liam Jacobs
T06697;S004;Fourways;C0581;Member;P0021;Cushion Set;Home & Decor;6;299.99;1799.94;Bank Transfer;2026/01/26;Olivia Dlamini
T06698;S004;Fourways;C1281;Member;P0009;Electric Kettle;Appliances;6;499.99;2999.94;Mobile Pay;2026/04/09;Noah Pillay
T06699;S004;Fourways;C2640;Member;P0022;Cookware Set;Kitchen;6;1599.99;9599.94;Card;2026/01/15;Olivia Dlamini
T06700;S004;Fourways;C2548;Member;P0009;Electric Kettle;Appliances;4;499.99;1999.96;Bank Transfer;2026/01/03;Michael Williams
T06701;S004;Fourways;C0922;Member;P0017;Face Moisturiser;Beauty;3;249.99;749.97;Bank Transfer;2026/04/10;Noah Pillay
T06702;S004;Fourways;C1488;Member;P0025;Novel Book;Books;1;199.99;199.99;Bank Transfer;2026/02/07;Emma Nkosi
T06703;S004;Fourways;C0607;Guest;P0025;Novel Book;Books;3;199.99;599.97;Card;2026/04/09;Liam Jacobs
T06704;S004;Fourways;C0890;Guest;P0021;Cushion Set;Home & Decor;6;299.99;1799.94;Cash;2026/06/30;Olivia Dlamini
T06705;S004;Fourways;C0450;Member;P0019;Throw Blanket;Home & Decor;5;449.99;2249.95;Mobile Pay;2026/01/07;Emma Nkosi
T06706;S004;Fourways;C2385;Guest;P0009;Electric Kettle;Appliances;4;499.99;1999.96;Card;2026/04/07;Jessica Naidoo
T06707;S004;Fourways;C1095;Member;P0009;Electric Kettle;Appliances;4;499.99;1999.96;Mobile Pay;2026/04/15;Olivia Dlamini
T06708;S004;Fourways;C1690;Member;P0012;Hooded Sweatshirt;Clothing;6;599.99;3599.94;Bank Transfer;2026/03/10;James Botha
T06709;S004;Fourways;C2264;Guest;P0018;Perfume;Beauty;5;899.99;4499.95;Cash;2026/04/21;Liam Jacobs
T06710;S004;Fourways;C0309;Member;P0023;Dinner Plate Set;Kitchen;3;499.99;1499.97;Cash;2026/01/26;Sarah Mokoena
T06711;S004;Fourways;C2293;Member;P0008;Blender;Appliances;6;899.99;5399.94;Mobile Pay;2026/03/12;James Botha
T06712;S004;Fourways;C0890;Member;P0009;Electric Kettle;Appliances;6;499.99;2999.94;Card;2026/06/06;Sophie Mthembu
T06713;S004;Fourways;C1845;Guest;P0004;USB-C Charger;Electronics;6;299.99;1799.94;Bank Transfer;2026/01/29;Noah Pillay
T06714;S004;Fourways;C1372;Member;P0004;USB-C Charger;Electronics;2;299.99;599.98;Card;2026/01/09;Sophie Mthembu
T06715;S004;Fourways;C1899;Guest;P0006;Coffee Maker;Appliances;3;1299.99;3899.97;Bank Transfer;2026/06/24;Sarah Mokoena
T06716;S004;Fourways;C1149;Member;P0008;Blender;Appliances;1;899.99;899.99;Cash;2026/03/04;Noah Pillay
T06717;S004;Fourways;C1681;Member;P0016;Skincare Set;Beauty;5;599.99;2999.95;Cash;2026/02/28;Emma Nkosi
T06718;S004;Fourways;C2713;Member;P0005;Laptop Backpack;Accessories;2;549.99;1099.98;Cash;2026/04/23;Sarah Mokoena
T06719;S004;Fourways;C0135;Guest;P0016;Skincare Set;Beauty;5;599.99;2999.95;Cash;2026/04/08;Michael Williams
T06720;S004;Fourways;C1789;Member;P0020;Table Lamp;Home & Decor;1;699.99;699.99;Cash;2026/04/26;James Botha
T06721;S004;Fourways;C1260;Guest;P0022;Cookware Set;Kitchen;6;1599.99;9599.94;Cash;2026/03/11;Michael Williams
T06722;S004;Fourways;C2788;Member;P0010;Cotton T-Shirt;Clothing;1;249.99;249.99;Bank Transfer;2026/05/24;Olivia Dlamini
T06723;S004;Fourways;C0634;Guest;P0021;Cushion Set;Home & Decor;4;299.99;1199.96;Cash;2026/06/06;Daniel Smith
T06724;S004;Fourways;C2279;Member;P0016;Skincare Set;Beauty;3;599.99;1799.97;Bank Transfer;2026/01/16;Daniel Smith
T06725;S004;Fourways;C2057;Guest;P0015;Sports Bottle;Sportswear;6;199.99;1199.94;Cash;2026/04/02;James Botha
T06726;S004;Fourways;C0204;Member;P0017;Face Moisturiser;Beauty;6;249.99;1499.94;Cash;2026/02/27;Sophie Mthembu
T06727;S004;Fourways;C2164;Member;P0008;Blender;Appliances;6;899.99;5399.94;Cash;2026/06/20;Sophie Mthembu
T06728;S004;Fourways;C0482;Member;P0013;Running Shoes;Sportswear;4;1499.5;5998.0;Card;2026/04/13;Michael Williams
T06729;S004;Fourways;C2995;Member;P0021;Cushion Set;Home & Decor;5;299.99;1499.95;Cash;2026/05/24;Liam Jacobs
T06730;S004;Fourways;C0666;Member;P0022;Cookware Set;Kitchen;3;1599.99;4799.97;Mobile Pay;2026/01/14;Jessica Naidoo
T06731;S004;Fourways;C1300;Guest;P0021;Cushion Set;Home & Decor;1;299.99;299.99;Mobile Pay;2026/04/06;Daniel Smith
T06732;S004;Fourways;C0446;Member;P0001;Wireless Headphones;Electronics;4;899.99;3599.96;Cash;2026/06/25;Noah Pillay
T06733;S004;Fourways;C1612;Guest;P0024;Storage Container Set;Kitchen;1;349.99;349.99;Mobile Pay;2026/01/02;James Botha
T06734;S004;Fourways;C2642;Member;P0011;Denim Jeans;Clothing;2;799.99;1599.98;Bank Transfer;2026/02/10;Daniel Smith
T06735;S004;Fourways;C1926;Member;P0014;Yoga Mat;Sportswear;3;399.99;1199.97;Cash;2026/05/29;Michael Williams
T06736;S004;Fourways;C0060;Member;P0025;Novel Book;Books;2;199.99;399.98;Bank Transfer;2026/01/16;Daniel Smith
T06737;S004;Fourways;C1287;Guest;P0003;Smart Watch;Electronics;6;1299.99;7799.94;Cash;2026/02/26;Liam Jacobs
T06738;S004;Fourways;C0963;Member;P0002;Bluetooth Speaker;Electronics;5;649.99;3249.95;Card;2026/02/08;Sarah Mokoena
T06739;S004;Fourways;C0773;Member;P0003;Smart Watch;Electronics;5;1299.99;6499.95;Mobile Pay;2026/03/13;Olivia Dlamini
T06740;S004;Fourways;C0806;Member;P0012;Hooded Sweatshirt;Clothing;6;599.99;3599.94;Cash;2026/04/01;Olivia Dlamini
T06741;S004;Fourways;C2055;Guest;P0025;Novel Book;Books;2;199.99;399.98;Cash;2026/01/01;Sophie Mthembu
T06742;S004;Fourways;C1393;Member;P0006;Coffee Maker;Appliances;2;1299.99;2599.98;Mobile Pay;2026/05/05;Emma Nkosi
T06743;S004;Fourways;C1912;Guest;P0024;Storage Container Set;Kitchen;3;349.99;1049.97;Cash;2026/02/16;Noah Pillay
T06744;S004;Fourways;C1012;Guest;P0005;Laptop Backpack;Accessories;4;549.99;2199.96;Card;2026/03/08;Emma Nkosi
T06745;S004;Fourways;C0894;Member;P0014;Yoga Mat;Sportswear;2;399.99;799.98;Cash;2026/03/27;Sarah Mokoena
T06746;S004;Fourways;C0068;Guest;P0010;Cotton T-Shirt;Clothing;3;249.99;749.97;Mobile Pay;2026/01/05;Michael Williams
T06747;S004;Fourways;C0195;Member;P0015;Sports Bottle;Sportswear;1;199.99;199.99;Mobile Pay;2026/06/04;Jessica Naidoo
T06748;S004;Fourways;C0141;Member;P0006;Coffee Maker;Appliances;6;1299.99;7799.94;Mobile Pay;2026/02/12;Sophie Mthembu
T06749;S004;Fourways;C0319;Guest;P0014;Yoga Mat;Sportswear;6;399.99;2399.94;Bank Transfer;2026/06/13;Liam Jacobs
T06750;S004;Fourways;C1428;Member;P0018;Perfume;Beauty;6;899.99;5399.94;Cash;2026/01/30;Sarah Mokoena
T06751;S004;Fourways;C1221;Member;P0003;Smart Watch;Electronics;6;1299.99;7799.94;Mobile Pay;2026/06/09;Liam Jacobs
T06752;S004;Fourways;C0041;Member;P0020;Table Lamp;Home & Decor;2;699.99;1399.98;Card;2026/05/07;Daniel Smith
T06753;S004;Fourways;C1533;Guest;P0003;Smart Watch;Electronics;1;1299.99;1299.99;Card;2026/05/26;Sophie Mthembu
T06754;S004;Fourways;C0888;Member;P0013;Running Shoes;Sportswear;4;1499.5;5998.0;Cash;2026/02/12;Sophie Mthembu
T06755;S004;Fourways;C0429;Member;P0015;Sports Bottle;Sportswear;1;199.99;199.99;Card;2026/06/27;Liam Jacobs
T06756;S004;Fourways;C2762;Member;P0017;Face Moisturiser;Beauty;1;249.99;249.99;Cash;2026/02/14;Michael Williams
T06757;S004;Fourways;C0130;Member;P0018;Perfume;Beauty;2;899.99;1799.98;Mobile Pay;2026/04/18;Daniel Smith
T06758;S004;Fourways;C1109;Guest;P0006;Coffee Maker;Appliances;3;1299.99;3899.97;Mobile Pay;2026/02/07;James Botha
T06759;S004;Fourways;C1315;Member;P0023;Dinner Plate Set;Kitchen;5;499.99;2499.95;Card;2026/02/17;Olivia Dlamini
T06760;S004;Fourways;C1389;Member;P0017;Face Moisturiser;Beauty;3;249.99;749.97;Cash;2026/04/02;Liam Jacobs
T06761;S004;Fourways;C0373;Guest;P0017;Face Moisturiser;Beauty;4;249.99;999.96;Cash;2026/02/20;Noah Pillay
T06762;S004;Fourways;C0613;Member;P0009;Electric Kettle;Appliances;1;499.99;499.99;Bank Transfer;2026/06/10;Liam Jacobs
T06763;S004;Fourways;C1860;Guest;P0004;USB-C Charger;Electronics;6;299.99;1799.94;Card;2026/03/20;Sophie Mthembu
T06764;S004;Fourways;C0158;Member;P0001;Wireless Headphones;Electronics;1;899.99;899.99;Mobile Pay;2026/03/14;James Botha
T06765;S004;Fourways;C1329;Member;P0015;Sports Bottle;Sportswear;3;199.99;599.97;Cash;2026/06/09;Daniel Smith
T06766;S004;Fourways;C1612;Member;P0019;Throw Blanket;Home & Decor;5;449.99;2249.95;Mobile Pay;2026/02/15;Noah Pillay
T06767;S004;Fourways;C0029;Guest;P0015;Sports Bottle;Sportswear;3;199.99;599.97;Cash;2026/02/22;Sophie Mthembu
T06768;S004;Fourways;C2470;Member;P0004;USB-C Charger;Electronics;4;299.99;1199.96;Bank Transfer;2026/03/23;James Botha
T06769;S004;Fourways;C1555;Member;P0019;Throw Blanket;Home & Decor;3;449.99;1349.97;Cash;2026/02/21;Sarah Mokoena
T06770;S004;Fourways;C1273;Member;P0008;Blender;Appliances;1;899.99;899.99;Cash;2026/02/02;Sophie Mthembu
T06771;S004;Fourways;C2211;Member;P0018;Perfume;Beauty;4;899.99;3599.96;Card;2026/04/29;Sophie Mthembu
T06772;S004;Fourways;C2862;Member;P0009;Electric Kettle;Appliances;6;499.99;2999.94;Cash;2026/04/01;Olivia Dlamini
T06773;S004;Fourways;C0975;Member;P0005;Laptop Backpack;Accessories;4;549.99;2199.96;Cash;2026/02/19;Noah Pillay
T06774;S004;Fourways;C1504;Member;P0001;Wireless Headphones;Electronics;3;899.99;2699.97;Mobile Pay;2026/01/02;Sarah Mokoena
T06775;S004;Fourways;C0472;Guest;P0016;Skincare Set;Beauty;1;599.99;599.99;Card;2026/01/25;James Botha
T06776;S004;Fourways;C2249;Guest;P0003;Smart Watch;Electronics;5;1299.99;6499.95;Bank Transfer;2026/06/27;Noah Pillay
T06777;S004;Fourways;C2651;Member;P0007;Air Fryer;Appliances;4;1799.99;7199.96;Bank Transfer;2026/01/05;Sarah Mokoena
T06778;S004;Fourways;C1907;Guest;P0011;Denim Jeans;Clothing;2;799.99;1599.98;Card;2026/03/13;James Botha
T06779;S004;Fourways;C0268;Member;P0007;Air Fryer;Appliances;3;1799.99;5399.97;Cash;2026/01/28;Emma Nkosi
T06780;S004;Fourways;C1475;Member;P0022;Cookware Set;Kitchen;4;1599.99;6399.96;Cash;2026/06/15;Olivia Dlamini
T06781;S004;Fourways;C1432;Member;P0003;Smart Watch;Electronics;5;1299.99;6499.95;Bank Transfer;2026/01/23;Sarah Mokoena
T06782;S004;Fourways;C2586;Guest;P0022;Cookware Set;Kitchen;4;1599.99;6399.96;Card;2026/04/07;Michael Williams
T06783;S004;Fourways;C1256;Guest;P0016;Skincare Set;Beauty;3;599.99;1799.97;Mobile Pay;2026/06/18;Sarah Mokoena
T06784;S004;Fourways;C1146;Member;P0005;Laptop Backpack;Accessories;6;549.99;3299.94;Card;2026/06/23;Emma Nkosi
T06785;S004;Fourways;C2454;Member;P0002;Bluetooth Speaker;Electronics;4;649.99;2599.96;Mobile Pay;2026/03/24;Sophie Mthembu
T06786;S004;Fourways;C2584;Member;P0012;Hooded Sweatshirt;Clothing;5;599.99;2999.95;Mobile Pay;2026/01/23;Daniel Smith
T06787;S004;Fourways;C0860;Member;P0004;USB-C Charger;Electronics;6;299.99;1799.94;Cash;2026/05/07;Sarah Mokoena
T06788;S004;Fourways;C0729;Member;P0008;Blender;Appliances;4;899.99;3599.96;Card;2026/05/24;Michael Williams
T06789;S004;Fourways;C2292;Guest;P0006;Coffee Maker;Appliances;3;1299.99;3899.97;Card;2026/06/11;Sarah Mokoena
T06790;S004;Fourways;C0198;Member;P0002;Bluetooth Speaker;Electronics;4;649.99;2599.96;Cash;2026/01/08;Olivia Dlamini
T06791;S004;Fourways;C2512;Member;P0005;Laptop Backpack;Accessories;4;549.99;2199.96;Card;2026/06/05;Jessica Naidoo
T06792;S004;Fourways;C2672;Guest;P0003;Smart Watch;Electronics;5;1299.99;6499.95;Bank Transfer;2026/06/07;Jessica Naidoo
T06793;S004;Fourways;C2288;Member;P0005;Laptop Backpack;Accessories;2;549.99;1099.98;Bank Transfer;2026/01/14;Olivia Dlamini
T06794;S004;Fourways;C0096;Member;P0016;Skincare Set;Beauty;5;599.99;2999.95;Cash;2026/02/18;James Botha
T06795;S004;Fourways;C1776;Member;P0005;Laptop Backpack;Accessories;1;549.99;549.99;Card;2026/01/27;Jessica Naidoo
T06796;S004;Fourways;C2880;Member;P0020;Table Lamp;Home & Decor;1;699.99;699.99;Bank Transfer;2026/06/06;Noah Pillay
T06797;S004;Fourways;C1625;Guest;P0019;Throw Blanket;Home & Decor;6;449.99;2699.94;Mobile Pay;2026/03/11;James Botha
T06798;S004;Fourways;C2333;Guest;P0023;Dinner Plate Set;Kitchen;5;499.99;2499.95;Mobile Pay;2026/01/19;James Botha
T06799;S004;Fourways;C2157;Member;P0003;Smart Watch;Electronics;2;1299.99;2599.98;Mobile Pay;2026/05/13;Michael Williams
T06800;S004;Fourways;C1358;Member;P0004;USB-C Charger;Electronics;1;299.99;299.99;Card;2026/05/09;Liam Jacobs
T06801;S004;Fourways;C0098;Member;P0006;Coffee Maker;Appliances;3;1299.99;3899.97;Bank Transfer;2026/02/23;Jessica Naidoo
T06802;S004;Fourways;C2725;Guest;P0025;Novel Book;Books;4;199.99;799.96;Mobile Pay;2026/05/10;Michael Williams
T06803;S004;Fourways;C0642;Member;P0006;Coffee Maker;Appliances;1;1299.99;1299.99;Bank Transfer;2026/01/23;Jessica Naidoo
T06804;S004;Fourways;C2455;Member;P0020;Table Lamp;Home & Decor;4;699.99;2799.96;Mobile Pay;2026/02/16;Daniel Smith
T06805;S004;Fourways;C2781;Member;P0024;Storage Container Set;Kitchen;2;349.99;699.98;Cash;2026/03/17;Daniel Smith
T06806;S004;Fourways;C1385;Member;P0015;Sports Bottle;Sportswear;1;199.99;199.99;Cash;2026/03/12;Sarah Mokoena
T06807;S004;Fourways;C2824;Member;P0006;Coffee Maker;Appliances;6;1299.99;7799.94;Cash;2026/02/18;Emma Nkosi
T06808;S004;Fourways;C1682;Guest;P0011;Denim Jeans;Clothing;5;799.99;3999.95;Mobile Pay;2026/04/21;Emma Nkosi
T06809;S004;Fourways;C1288;Guest;P0008;Blender;Appliances;6;899.99;5399.94;Mobile Pay;2026/06/17;Michael Williams
T06810;S004;Fourways;C0461;Guest;P0005;Laptop Backpack;Accessories;3;549.99;1649.97;Mobile Pay;2026/02/17;Noah Pillay
T06811;S004;Fourways;C1307;Member;P0022;Cookware Set;Kitchen;2;1599.99;3199.98;Card;2026/05/19;Liam Jacobs
T06812;S004;Fourways;C2734;Member;P0025;Novel Book;Books;2;199.99;399.98;Cash;2026/04/14;Sarah Mokoena
T06813;S004;Fourways;C0651;Guest;P0004;USB-C Charger;Electronics;5;299.99;1499.95;Cash;2026/02/05;Michael Williams
T06814;S004;Fourways;C0193;Member;P0001;Wireless Headphones;Electronics;2;899.99;1799.98;Bank Transfer;2026/03/21;Michael Williams
T06815;S004;Fourways;C0990;Member;P0018;Perfume;Beauty;2;899.99;1799.98;Cash;2026/03/20;Emma Nkosi
T06816;S004;Fourways;C0161;Member;P0016;Skincare Set;Beauty;2;599.99;1199.98;Mobile Pay;2026/03/13;Sophie Mthembu
T06817;S004;Fourways;C2319;Member;P0011;Denim Jeans;Clothing;1;799.99;799.99;Bank Transfer;2026/03/28;James Botha
T06818;S004;Fourways;C1984;Member;P0021;Cushion Set;Home & Decor;1;299.99;299.99;Cash;2026/04/20;Sarah Mokoena
T06819;S004;Fourways;C0703;Member;P0003;Smart Watch;Electronics;1;1299.99;1299.99;Bank Transfer;2026/06/14;Sophie Mthembu
T06820;S004;Fourways;C2096;Member;P0015;Sports Bottle;Sportswear;4;199.99;799.96;Card;2026/04/13;Sophie Mthembu
T06821;S004;Fourways;C2567;Member;P0013;Running Shoes;Sportswear;5;1499.5;7497.5;Bank Transfer;2026/03/01;Liam Jacobs
T06822;S004;Fourways;C0928;Member;P0018;Perfume;Beauty;4;899.99;3599.96;Mobile Pay;2026/01/24;Olivia Dlamini
T06823;S004;Fourways;C1335;Member;P0024;Storage Container Set;Kitchen;1;349.99;349.99;Mobile Pay;2026/06/30;Daniel Smith
T06824;S004;Fourways;C2217;Guest;P0009;Electric Kettle;Appliances;6;499.99;2999.94;Bank Transfer;2026/06/01;Noah Pillay
T06825;S004;Fourways;C0546;Member;P0014;Yoga Mat;Sportswear;3;399.99;1199.97;Bank Transfer;2026/03/21;James Botha
T06826;S004;Fourways;C0741;Member;P0018;Perfume;Beauty;6;899.99;5399.94;Bank Transfer;2026/06/10;Sophie Mthembu
T06827;S004;Fourways;C1077;Guest;P0018;Perfume;Beauty;1;899.99;899.99;Bank Transfer;2026/06/05;Jessica Naidoo
T06828;S004;Fourways;C1441;Member;P0016;Skincare Set;Beauty;5;599.99;2999.95;Bank Transfer;2026/02/16;James Botha
T06829;S004;Fourways;C2190;Member;P0011;Denim Jeans;Clothing;4;799.99;3199.96;Bank Transfer;2026/03/30;Liam Jacobs
T06830;S004;Fourways;C0218;Member;P0003;Smart Watch;Electronics;6;1299.99;7799.94;Card;2026/05/16;Sophie Mthembu
T06831;S004;Fourways;C1949;Member;P0001;Wireless Headphones;Electronics;6;899.99;5399.94;Bank Transfer;2026/06/08;Noah Pillay
T06832;S004;Fourways;C2365;Member;P0016;Skincare Set;Beauty;2;599.99;1199.98;Card;2026/04/19;Liam Jacobs
T06833;S004;Fourways;C2277;Member;P0019;Throw Blanket;Home & Decor;3;449.99;1349.97;Mobile Pay;2026/06/17;Daniel Smith
T06834;S004;Fourways;C0747;Member;P0023;Dinner Plate Set;Kitchen;5;499.99;2499.95;Cash;2026/05/18;Emma Nkosi
T06835;S004;Fourways;C0526;Member;P0023;Dinner Plate Set;Kitchen;4;499.99;1999.96;Cash;2026/01/31;Jessica Naidoo
T06836;S004;Fourways;C2696;Member;P0008;Blender;Appliances;3;899.99;2699.97;Mobile Pay;2026/06/24;Daniel Smith
T06837;S004;Fourways;C2988;Guest;P0015;Sports Bottle;Sportswear;2;199.99;399.98;Card;2026/01/25;Emma Nkosi
T06838;S004;Fourways;C0408;Member;P0019;Throw Blanket;Home & Decor;5;449.99;2249.95;Cash;2026/01/21;Michael Williams
T06839;S004;Fourways;C0478;Member;P0018;Perfume;Beauty;5;899.99;4499.95;Cash;2026/03/28;Liam Jacobs
T06840;S004;Fourways;C2446;Member;P0004;USB-C Charger;Electronics;2;299.99;599.98;Bank Transfer;2026/05/29;James Botha
T06841;S004;Fourways;C1311;Member;P0018;Perfume;Beauty;2;899.99;1799.98;Cash;2026/06/10;Noah Pillay
T06842;S004;Fourways;C0355;Member;P0020;Table Lamp;Home & Decor;2;699.99;1399.98;Bank Transfer;2026/01/03;Emma Nkosi
T06843;S004;Fourways;C0121;Guest;P0017;Face Moisturiser;Beauty;4;249.99;999.96;Card;2026/05/12;Sophie Mthembu
T06844;S004;Fourways;C1197;Member;P0017;Face Moisturiser;Beauty;6;249.99;1499.94;Mobile Pay;2026/04/27;Olivia Dlamini
T06845;S004;Fourways;C2238;Guest;P0015;Sports Bottle;Sportswear;1;199.99;199.99;Mobile Pay;2026/02/04;Liam Jacobs
T06846;S004;Fourways;C1146;Member;P0019;Throw Blanket;Home & Decor;5;449.99;2249.95;Cash;2026/01/22;Sarah Mokoena
T06847;S004;Fourways;C1617;Member;P0018;Perfume;Beauty;2;899.99;1799.98;Cash;2026/03/11;Sarah Mokoena
T06848;S004;Fourways;C1074;Guest;P0020;Table Lamp;Home & Decor;6;699.99;4199.94;Cash;2026/04/08;Emma Nkosi
T06849;S004;Fourways;C2556;Member;P0025;Novel Book;Books;4;199.99;799.96;Bank Transfer;2026/01/14;Emma Nkosi
T06850;S004;Fourways;C1381;Guest;P0013;Running Shoes;Sportswear;5;1499.5;7497.5;Bank Transfer;2026/02/08;Sophie Mthembu
T06851;S004;Fourways;C0648;Guest;P0021;Cushion Set;Home & Decor;3;299.99;899.97;Mobile Pay;2026/01/17;Daniel Smith
T06852;S004;Fourways;C0148;Guest;P0008;Blender;Appliances;5;899.99;4499.95;Cash;2026/03/18;Olivia Dlamini
T06853;S004;Fourways;C1700;Member;P0016;Skincare Set;Beauty;5;599.99;2999.95;Mobile Pay;2026/02/16;Michael Williams
T06854;S004;Fourways;C1419;Guest;P0018;Perfume;Beauty;1;899.99;899.99;Mobile Pay;2026/05/04;Noah Pillay
T06855;S004;Fourways;C2817;Member;P0005;Laptop Backpack;Accessories;6;549.99;3299.94;Cash;2026/03/04;Olivia Dlamini
T06856;S004;Fourways;C1589;Member;P0005;Laptop Backpack;Accessories;1;549.99;549.99;Mobile Pay;2026/01/13;Liam Jacobs
T06857;S004;Fourways;C0870;Guest;P0002;Bluetooth Speaker;Electronics;1;649.99;649.99;Bank Transfer;2026/03/04;Michael Williams
T06858;S004;Fourways;C2607;Guest;P0008;Blender;Appliances;2;899.99;1799.98;Bank Transfer;2026/03/16;Michael Williams
T06859;S004;Fourways;C1177;Member;P0008;Blender;Appliances;3;899.99;2699.97;Card;2026/01/31;Sarah Mokoena
T06860;S004;Fourways;C1915;Member;P0024;Storage Container Set;Kitchen;1;349.99;349.99;Card;2026/05/16;Michael Williams
T06861;S004;Fourways;C2459;Member;P0008;Blender;Appliances;5;899.99;4499.95;Card;2026/02/07;Noah Pillay
T06862;S004;Fourways;C2392;Member;P0021;Cushion Set;Home & Decor;1;299.99;299.99;Cash;2026/01/06;Daniel Smith
T06863;S004;Fourways;C1890;Member;P0025;Novel Book;Books;6;199.99;1199.94;Card;2026/05/14;Sarah Mokoena
T06864;S004;Fourways;C1693;Guest;P0011;Denim Jeans;Clothing;4;799.99;3199.96;Card;2026/04/30;Sophie Mthembu
T06865;S004;Fourways;C1264;Member;P0020;Table Lamp;Home & Decor;1;699.99;699.99;Cash;2026/03/11;Emma Nkosi
T06866;S004;Fourways;C2892;Member;P0014;Yoga Mat;Sportswear;4;399.99;1599.96;Card;2026/01/18;Sarah Mokoena
T06867;S004;Fourways;C0445;Member;P0025;Novel Book;Books;4;199.99;799.96;Card;2026/02/17;Olivia Dlamini
T06868;S004;Fourways;C0584;Guest;P0024;Storage Container Set;Kitchen;4;349.99;1399.96;Bank Transfer;2026/05/03;Sarah Mokoena
T06869;S004;Fourways;C1484;Member;P0012;Hooded Sweatshirt;Clothing;5;599.99;2999.95;Cash;2026/01/07;Olivia Dlamini
T06870;S004;Fourways;C0544;Guest;P0003;Smart Watch;Electronics;2;1299.99;2599.98;Bank Transfer;2026/02/09;Liam Jacobs
T06871;S004;Fourways;C2259;Member;P0009;Electric Kettle;Appliances;6;499.99;2999.94;Mobile Pay;2026/02/10;Sarah Mokoena
T06872;S004;Fourways;C0930;Member;P0001;Wireless Headphones;Electronics;1;899.99;899.99;Mobile Pay;2026/02/09;Olivia Dlamini
T06873;S004;Fourways;C1351;Guest;P0013;Running Shoes;Sportswear;3;1499.5;4498.5;Card;2026/03/18;James Botha
T06874;S004;Fourways;C1880;Member;P0006;Coffee Maker;Appliances;6;1299.99;7799.94;Bank Transfer;2026/05/30;Daniel Smith
T06875;S004;Fourways;C2326;Guest;P0024;Storage Container Set;Kitchen;1;349.99;349.99;Card;2026/01/16;Sarah Mokoena
T06876;S004;Fourways;C2149;Guest;P0008;Blender;Appliances;1;899.99;899.99;Bank Transfer;2026/01/24;Sarah Mokoena
T06877;S004;Fourways;C1422;Guest;P0022;Cookware Set;Kitchen;1;1599.99;1599.99;Card;2026/03/05;Emma Nkosi
T06878;S004;Fourways;C0937;Member;P0004;USB-C Charger;Electronics;5;299.99;1499.95;Mobile Pay;2026/06/19;Noah Pillay
T06879;S004;Fourways;C0339;Member;P0016;Skincare Set;Beauty;6;599.99;3599.94;Mobile Pay;2026/02/03;Noah Pillay
T06880;S004;Fourways;C2946;Guest;P0004;USB-C Charger;Electronics;3;299.99;899.97;Mobile Pay;2026/04/24;Liam Jacobs
T06881;S004;Fourways;C0965;Guest;P0010;Cotton T-Shirt;Clothing;1;249.99;249.99;Mobile Pay;2026/04/27;Sarah Mokoena
T06882;S004;Fourways;C0035;Member;P0006;Coffee Maker;Appliances;4;1299.99;5199.96;Card;2026/06/26;Daniel Smith
T06883;S004;Fourways;C2721;Member;P0022;Cookware Set;Kitchen;5;1599.99;7999.95;Mobile Pay;2026/02/21;Emma Nkosi
T06884;S004;Fourways;C1606;Member;P0005;Laptop Backpack;Accessories;1;549.99;549.99;Bank Transfer;2026/04/17;Noah Pillay
T06885;S004;Fourways;C0824;Guest;P0023;Dinner Plate Set;Kitchen;5;499.99;2499.95;Card;2026/06/18;James Botha
T06886;S004;Fourways;C1483;Member;P0003;Smart Watch;Electronics;1;1299.99;1299.99;Cash;2026/02/09;James Botha
T06887;S004;Fourways;C2105;Member;P0024;Storage Container Set;Kitchen;3;349.99;1049.97;Bank Transfer;2026/05/22;Noah Pillay
T06888;S004;Fourways;C0005;Guest;P0011;Denim Jeans;Clothing;2;799.99;1599.98;Card;2026/03/05;Olivia Dlamini
T06889;S004;Fourways;C1543;Member;P0019;Throw Blanket;Home & Decor;6;449.99;2699.94;Mobile Pay;2026/03/01;Liam Jacobs
T06890;S004;Fourways;C0739;Guest;P0017;Face Moisturiser;Beauty;5;249.99;1249.95;Card;2026/02/28;Olivia Dlamini
T06891;S004;Fourways;C2662;Guest;P0024;Storage Container Set;Kitchen;2;349.99;699.98;Mobile Pay;2026/01/28;Michael Williams
T06892;S004;Fourways;C1705;Guest;P0013;Running Shoes;Sportswear;3;1499.5;4498.5;Mobile Pay;2026/04/23;Sophie Mthembu
T06893;S004;Fourways;C2438;Member;P0003;Smart Watch;Electronics;3;1299.99;3899.97;Cash;2026/01/22;Michael Williams
T06894;S004;Fourways;C2825;Member;P0023;Dinner Plate Set;Kitchen;4;499.99;1999.96;Mobile Pay;2026/05/26;Liam Jacobs
T06895;S004;Fourways;C0063;Guest;P0023;Dinner Plate Set;Kitchen;4;499.99;1999.96;Mobile Pay;2026/02/05;Liam Jacobs
T06896;S004;Fourways;C1359;Guest;P0025;Novel Book;Books;4;199.99;799.96;Cash;2026/04/30;Sarah Mokoena
T06897;S004;Fourways;C1328;Member;P0008;Blender;Appliances;5;899.99;4499.95;Cash;2026/03/31;Sarah Mokoena
T06898;S004;Fourways;C2351;Member;P0012;Hooded Sweatshirt;Clothing;5;599.99;2999.95;Bank Transfer;2026/04/06;Olivia Dlamini
T06899;S004;Fourways;C2908;Member;P0020;Table Lamp;Home & Decor;4;699.99;2799.96;Bank Transfer;2026/06/05;Olivia Dlamini
T06900;S004;Fourways;C2862;Member;P0005;Laptop Backpack;Accessories;1;549.99;549.99;Cash;2026/04/11;James Botha
T06901;S004;Fourways;C1216;Guest;P0004;USB-C Charger;Electronics;5;299.99;1499.95;Mobile Pay;2026/06/16;Emma Nkosi
T06902;S004;Fourways;C2126;Guest;P0006;Coffee Maker;Appliances;1;1299.99;1299.99;Bank Transfer;2026/05/20;Olivia Dlamini
T06903;S004;Fourways;C2551;Member;P0009;Electric Kettle;Appliances;2;499.99;999.98;Bank Transfer;2026/01/12;Jessica Naidoo
T06904;S004;Fourways;C2770;Member;P0015;Sports Bottle;Sportswear;5;199.99;999.95;Mobile Pay;2026/02/26;Daniel Smith
T06905;S004;Fourways;C0918;Member;P0020;Table Lamp;Home & Decor;1;699.99;699.99;Bank Transfer;2026/06/07;Emma Nkosi
T06906;S004;Fourways;C2679;Guest;P0025;Novel Book;Books;4;199.99;799.96;Cash;2026/03/13;Noah Pillay
T06907;S004;Fourways;C0892;Guest;P0008;Blender;Appliances;3;899.99;2699.97;Mobile Pay;2026/06/27;Noah Pillay
T06908;S004;Fourways;C2573;Member;P0025;Novel Book;Books;3;199.99;599.97;Cash;2026/04/15;Jessica Naidoo
T06909;S004;Fourways;C0192;Member;P0019;Throw Blanket;Home & Decor;5;449.99;2249.95;Cash;2026/03/01;Jessica Naidoo
T06910;S004;Fourways;C2456;Member;P0007;Air Fryer;Appliances;3;1799.99;5399.97;Cash;2026/02/11;James Botha
T06911;S004;Fourways;C1613;Member;P0004;USB-C Charger;Electronics;3;299.99;899.97;Bank Transfer;2026/03/27;Michael Williams
T06912;S004;Fourways;C2483;Guest;P0015;Sports Bottle;Sportswear;4;199.99;799.96;Card;2026/06/21;Daniel Smith
T06913;S004;Fourways;C1350;Member;P0023;Dinner Plate Set;Kitchen;4;499.99;1999.96;Card;2026/02/13;Olivia Dlamini
T06914;S004;Fourways;C2922;Guest;P0006;Coffee Maker;Appliances;6;1299.99;7799.94;Cash;2026/03/02;Daniel Smith
T06915;S004;Fourways;C1398;Member;P0010;Cotton T-Shirt;Clothing;3;249.99;749.97;Mobile Pay;2026/05/10;Sarah Mokoena
T06916;S004;Fourways;C2323;Guest;P0009;Electric Kettle;Appliances;1;499.99;499.99;Cash;2026/03/30;Sarah Mokoena
T06917;S004;Fourways;C1515;Member;P0007;Air Fryer;Appliances;1;1799.99;1799.99;Cash;2026/03/13;Michael Williams
T06918;S004;Fourways;C0104;Guest;P0007;Air Fryer;Appliances;2;1799.99;3599.98;Cash;2026/04/27;Michael Williams
T06919;S004;Fourways;C1861;Member;P0003;Smart Watch;Electronics;4;1299.99;5199.96;Bank Transfer;2026/04/12;Emma Nkosi
T06920;S004;Fourways;C1711;Member;P0010;Cotton T-Shirt;Clothing;3;249.99;749.97;Cash;2026/02/06;Emma Nkosi
T06921;S004;Fourways;C0275;Member;P0010;Cotton T-Shirt;Clothing;5;249.99;1249.95;Cash;2026/02/23;Olivia Dlamini
T06922;S004;Fourways;C2605;Member;P0010;Cotton T-Shirt;Clothing;6;249.99;1499.94;Mobile Pay;2026/05/30;Sarah Mokoena
T06923;S004;Fourways;C1748;Guest;P0015;Sports Bottle;Sportswear;4;199.99;799.96;Mobile Pay;2026/01/31;Noah Pillay
T06924;S004;Fourways;C1491;Member;P0006;Coffee Maker;Appliances;3;1299.99;3899.97;Card;2026/05/08;Michael Williams
T06925;S004;Fourways;C1426;Guest;P0003;Smart Watch;Electronics;3;1299.99;3899.97;Mobile Pay;2026/05/17;Noah Pillay
T06926;S004;Fourways;C2915;Member;P0023;Dinner Plate Set;Kitchen;4;499.99;1999.96;Card;2026/06/25;Sarah Mokoena
T06927;S004;Fourways;C0442;Member;P0008;Blender;Appliances;1;899.99;899.99;Card;2026/05/09;Sophie Mthembu
T06928;S004;Fourways;C0006;Guest;P0003;Smart Watch;Electronics;2;1299.99;2599.98;Card;2026/05/02;Emma Nkosi
T06929;S004;Fourways;C0767;Member;P0020;Table Lamp;Home & Decor;3;699.99;2099.97;Cash;2026/03/14;Daniel Smith
T06930;S004;Fourways;C2793;Guest;P0021;Cushion Set;Home & Decor;3;299.99;899.97;Bank Transfer;2026/06/16;Emma Nkosi
T06931;S004;Fourways;C1788;Member;P0010;Cotton T-Shirt;Clothing;6;249.99;1499.94;Mobile Pay;2026/05/08;Liam Jacobs
T06932;S004;Fourways;C2454;Member;P0009;Electric Kettle;Appliances;2;499.99;999.98;Card;2026/04/28;James Botha
T06933;S004;Fourways;C0056;Member;P0012;Hooded Sweatshirt;Clothing;6;599.99;3599.94;Bank Transfer;2026/02/06;Michael Williams
T06934;S004;Fourways;C0910;Guest;P0014;Yoga Mat;Sportswear;1;399.99;399.99;Bank Transfer;2026/06/06;Sophie Mthembu
T06935;S004;Fourways;C0644;Guest;P0014;Yoga Mat;Sportswear;1;399.99;399.99;Cash;2026/02/14;Liam Jacobs
T06936;S004;Fourways;C2697;Guest;P0007;Air Fryer;Appliances;4;1799.99;7199.96;Mobile Pay;2026/06/29;Sophie Mthembu
T06937;S004;Fourways;C0688;Member;P0004;USB-C Charger;Electronics;3;299.99;899.97;Card;2026/03/16;Emma Nkosi
T06938;S004;Fourways;C0947;Guest;P0023;Dinner Plate Set;Kitchen;1;499.99;499.99;Cash;2026/06/25;Jessica Naidoo
T06939;S004;Fourways;C0332;Member;P0004;USB-C Charger;Electronics;6;299.99;1799.94;Bank Transfer;2026/01/29;Daniel Smith
T06940;S004;Fourways;C0806;Guest;P0020;Table Lamp;Home & Decor;2;699.99;1399.98;Bank Transfer;2026/03/11;Olivia Dlamini
T06941;S004;Fourways;C0818;Member;P0011;Denim Jeans;Clothing;5;799.99;3999.95;Mobile Pay;2026/02/20;Olivia Dlamini
T06942;S004;Fourways;C2887;Guest;P0021;Cushion Set;Home & Decor;5;299.99;1499.95;Mobile Pay;2026/04/03;Michael Williams
T06943;S004;Fourways;C0175;Guest;P0012;Hooded Sweatshirt;Clothing;1;599.99;599.99;Cash;2026/01/23;Noah Pillay
T06944;S004;Fourways;C0270;Guest;P0024;Storage Container Set;Kitchen;4;349.99;1399.96;Cash;2026/06/06;Jessica Naidoo
T06945;S004;Fourways;C1856;Member;P0021;Cushion Set;Home & Decor;6;299.99;1799.94;Mobile Pay;2026/02/26;Michael Williams
T06946;S004;Fourways;C1069;Member;P0020;Table Lamp;Home & Decor;4;699.99;2799.96;Cash;2026/03/26;Michael Williams
T06947;S004;Fourways;C2120;Guest;P0022;Cookware Set;Kitchen;5;1599.99;7999.95;Mobile Pay;2026/06/10;Noah Pillay
T06948;S004;Fourways;C0900;Member;P0004;USB-C Charger;Electronics;4;299.99;1199.96;Cash;2026/01/04;Daniel Smith
T06949;S004;Fourways;C2294;Member;P0001;Wireless Headphones;Electronics;3;899.99;2699.97;Mobile Pay;2026/04/06;James Botha
T06950;S004;Fourways;C0438;Guest;P0025;Novel Book;Books;1;199.99;199.99;Mobile Pay;2026/04/06;Michael Williams
T06951;S004;Fourways;C2888;Member;P0010;Cotton T-Shirt;Clothing;2;249.99;499.98;Mobile Pay;2026/05/09;Michael Williams
T06952;S004;Fourways;C0137;Member;P0013;Running Shoes;Sportswear;2;1499.5;2999.0;Cash;2026/06/18;Jessica Naidoo
T06953;S004;Fourways;C0973;Member;P0017;Face Moisturiser;Beauty;3;249.99;749.97;Cash;2026/01/12;Jessica Naidoo
T06954;S004;Fourways;C2200;Guest;P0014;Yoga Mat;Sportswear;3;399.99;1199.97;Cash;2026/05/09;Olivia Dlamini
T06955;S004;Fourways;C1208;Member;P0004;USB-C Charger;Electronics;2;299.99;599.98;Cash;2026/05/30;Emma Nkosi
T06956;S004;Fourways;C0553;Guest;P0007;Air Fryer;Appliances;2;1799.99;3599.98;Card;2026/03/12;James Botha
T06957;S004;Fourways;C2819;Guest;P0016;Skincare Set;Beauty;3;599.99;1799.97;Card;2026/02/13;Olivia Dlamini
T06958;S004;Fourways;C0082;Member;P0014;Yoga Mat;Sportswear;6;399.99;2399.94;Bank Transfer;2026/06/29;Sarah Mokoena
T06959;S004;Fourways;C0348;Guest;P0010;Cotton T-Shirt;Clothing;5;249.99;1249.95;Bank Transfer;2026/06/27;Daniel Smith
T06960;S004;Fourways;C0411;Member;P0011;Denim Jeans;Clothing;3;799.99;2399.97;Mobile Pay;2026/06/10;Noah Pillay
T06961;S004;Fourways;C2863;Member;P0025;Novel Book;Books;3;199.99;599.97;Card;2026/03/19;Michael Williams
T06962;S004;Fourways;C2545;Guest;P0003;Smart Watch;Electronics;4;1299.99;5199.96;Cash;2026/03/30;Sarah Mokoena
T06963;S004;Fourways;C1356;Guest;P0019;Throw Blanket;Home & Decor;5;449.99;2249.95;Mobile Pay;2026/03/13;Liam Jacobs
T06964;S004;Fourways;C1016;Guest;P0013;Running Shoes;Sportswear;6;1499.5;8997.0;Mobile Pay;2026/03/13;Jessica Naidoo
T06965;S004;Fourways;C2485;Member;P0006;Coffee Maker;Appliances;5;1299.99;6499.95;Mobile Pay;2026/05/07;Daniel Smith
T06966;S004;Fourways;C2255;Member;P0017;Face Moisturiser;Beauty;6;249.99;1499.94;Mobile Pay;2026/06/21;Noah Pillay
T06967;S004;Fourways;C0746;Member;P0003;Smart Watch;Electronics;5;1299.99;6499.95;Card;2026/06/22;Sophie Mthembu
T06968;S004;Fourways;C0912;Guest;P0002;Bluetooth Speaker;Electronics;1;649.99;649.99;Cash;2026/05/12;Michael Williams
T06969;S004;Fourways;C1161;Guest;P0014;Yoga Mat;Sportswear;3;399.99;1199.97;Cash;2026/01/21;Sarah Mokoena
T06970;S004;Fourways;C1043;Guest;P0023;Dinner Plate Set;Kitchen;5;499.99;2499.95;Cash;2026/03/07;Jessica Naidoo
T06971;S004;Fourways;C2505;Guest;P0023;Dinner Plate Set;Kitchen;2;499.99;999.98;Bank Transfer;2026/03/09;James Botha
T06972;S004;Fourways;C0647;Member;P0021;Cushion Set;Home & Decor;6;299.99;1799.94;Cash;2026/06/04;Michael Williams
T06973;S004;Fourways;C1732;Member;P0002;Bluetooth Speaker;Electronics;3;649.99;1949.97;Mobile Pay;2026/01/22;Daniel Smith
T06974;S004;Fourways;C2388;Member;P0012;Hooded Sweatshirt;Clothing;2;599.99;1199.98;Mobile Pay;2026/04/07;Noah Pillay
T06975;S004;Fourways;C2951;Member;P0023;Dinner Plate Set;Kitchen;5;499.99;2499.95;Bank Transfer;2026/03/01;Daniel Smith
T06976;S004;Fourways;C1272;Member;P0005;Laptop Backpack;Accessories;2;549.99;1099.98;Cash;2026/02/23;Sarah Mokoena
T06977;S004;Fourways;C2818;Member;P0022;Cookware Set;Kitchen;2;1599.99;3199.98;Bank Transfer;2026/05/04;Michael Williams
T06978;S004;Fourways;C0580;Member;P0013;Running Shoes;Sportswear;5;1499.5;7497.5;Bank Transfer;2026/05/02;Liam Jacobs
T06979;S004;Fourways;C1292;Guest;P0003;Smart Watch;Electronics;3;1299.99;3899.97;Card;2026/01/19;Emma Nkosi
T06980;S004;Fourways;C1225;Guest;P0023;Dinner Plate Set;Kitchen;4;499.99;1999.96;Bank Transfer;2026/05/04;Sophie Mthembu
T06981;S004;Fourways;C1779;Member;P0019;Throw Blanket;Home & Decor;6;449.99;2699.94;Bank Transfer;2026/06/23;Jessica Naidoo
T06982;S004;Fourways;C1980;Member;P0012;Hooded Sweatshirt;Clothing;2;599.99;1199.98;Cash;2026/05/11;Michael Williams
T06983;S004;Fourways;C2312;Guest;P0013;Running Shoes;Sportswear;3;1499.5;4498.5;Cash;2026/05/22;James Botha
T06984;S004;Fourways;C0464;Member;P0017;Face Moisturiser;Beauty;5;249.99;1249.95;Cash;2026/06/02;James Botha
T06985;S004;Fourways;C0523;Guest;P0021;Cushion Set;Home & Decor;5;299.99;1499.95;Card;2026/06/03;Daniel Smith
T06986;S004;Fourways;C0316;Member;P0009;Electric Kettle;Appliances;5;499.99;2499.95;Cash;2026/01/17;Daniel Smith
T06987;S004;Fourways;C1673;Member;P0014;Yoga Mat;Sportswear;6;399.99;2399.94;Bank Transfer;2026/01/08;Daniel Smith
T06988;S004;Fourways;C0163;Guest;P0009;Electric Kettle;Appliances;1;499.99;499.99;Cash;2026/06/26;Michael Williams
T06989;S004;Fourways;C2411;Guest;P0020;Table Lamp;Home & Decor;5;699.99;3499.95;Mobile Pay;2026/02/25;Michael Williams
T06990;S004;Fourways;C1288;Member;P0007;Air Fryer;Appliances;4;1799.99;7199.96;Cash;2026/02/14;Olivia Dlamini
T06991;S004;Fourways;C1912;Member;P0011;Denim Jeans;Clothing;2;799.99;1599.98;Cash;2026/01/27;Olivia Dlamini
T06992;S004;Fourways;C1770;Member;P0015;Sports Bottle;Sportswear;1;199.99;199.99;Card;2026/05/25;Olivia Dlamini
T06993;S004;Fourways;C2382;Member;P0022;Cookware Set;Kitchen;4;1599.99;6399.96;Bank Transfer;2026/01/28;Daniel Smith
T06994;S004;Fourways;C1440;Member;P0023;Dinner Plate Set;Kitchen;6;499.99;2999.94;Card;2026/05/15;Sarah Mokoena
T06995;S004;Fourways;C0464;Guest;P0006;Coffee Maker;Appliances;1;1299.99;1299.99;Card;2026/04/07;James Botha
T06996;S004;Fourways;C2352;Guest;P0002;Bluetooth Speaker;Electronics;2;649.99;1299.98;Bank Transfer;2026/05/25;James Botha
T06997;S004;Fourways;C0544;Guest;P0001;Wireless Headphones;Electronics;4;899.99;3599.96;Card;2026/03/24;Noah Pillay
T06998;S004;Fourways;C0027;Member;P0020;Table Lamp;Home & Decor;3;699.99;2099.97;Cash;2026/04/24;Daniel Smith
T06999;S004;Fourways;C2747;Member;P0005;Laptop Backpack;Accessories;3;549.99;1649.97;Card;2026/06/25;Sophie Mthembu
T07000;S004;Fourways;C1387;Guest;P0005;Laptop Backpack;Accessories;2;549.99;1099.98;Card;2026/06/11;Emma Nkosi
T07001;S004;Fourways;C2265;Guest;P0013;Running Shoes;Sportswear;3;1499.5;4498.5;Card;2026/04/18;James Botha
T07002;S004;Fourways;C2604;Guest;P0005;Laptop Backpack;Accessories;1;549.99;549.99;Card;2026/01/30;Daniel Smith
T07003;S004;Fourways;C1802;Guest;P0006;Coffee Maker;Appliances;2;1299.99;2599.98;Card;2026/06/08;Sarah Mokoena
T07004;S004;Fourways;C0182;Member;P0025;Novel Book;Books;6;199.99;1199.94;Card;2026/02/15;James Botha
T07005;S004;Fourways;C0056;Guest;P0019;Throw Blanket;Home & Decor;2;449.99;899.98;Card;2026/01/08;Michael Williams
T07006;S004;Fourways;C1852;Member;P0013;Running Shoes;Sportswear;1;1499.5;1499.5;Cash;2026/04/12;Jessica Naidoo
T07007;S004;Fourways;C2036;Member;P0014;Yoga Mat;Sportswear;1;399.99;399.99;Card;2026/03/03;Olivia Dlamini
T07008;S004;Fourways;C2721;Member;P0003;Smart Watch;Electronics;4;1299.99;5199.96;Bank Transfer;2026/04/12;Olivia Dlamini
T07009;S004;Fourways;C1647;Guest;P0024;Storage Container Set;Kitchen;2;349.99;699.98;Bank Transfer;2026/01/25;Sarah Mokoena
T07010;S004;Fourways;C2102;Member;P0002;Bluetooth Speaker;Electronics;5;649.99;3249.95;Mobile Pay;2026/05/19;Sarah Mokoena
T07011;S004;Fourways;C2310;Member;P0022;Cookware Set;Kitchen;6;1599.99;9599.94;Mobile Pay;2026/06/29;James Botha
T07012;S004;Fourways;C2148;Member;P0009;Electric Kettle;Appliances;4;499.99;1999.96;Card;2026/02/26;Sarah Mokoena
T07013;S004;Fourways;C0239;Guest;P0015;Sports Bottle;Sportswear;1;199.99;199.99;Bank Transfer;2026/06/09;James Botha
T07014;S004;Fourways;C1368;Guest;P0020;Table Lamp;Home & Decor;4;699.99;2799.96;Cash;2026/02/27;James Botha
T07015;S004;Fourways;C1644;Member;P0005;Laptop Backpack;Accessories;6;549.99;3299.94;Mobile Pay;2026/02/24;Liam Jacobs
T07016;S004;Fourways;C0204;Member;P0002;Bluetooth Speaker;Electronics;2;649.99;1299.98;Bank Transfer;2026/03/03;Daniel Smith
T07017;S004;Fourways;C1953;Member;P0012;Hooded Sweatshirt;Clothing;6;599.99;3599.94;Bank Transfer;2026/02/23;Sophie Mthembu
T07018;S004;Fourways;C2329;Guest;P0008;Blender;Appliances;6;899.99;5399.94;Cash;2026/02/06;James Botha
T07019;S004;Fourways;C2870;Member;P0005;Laptop Backpack;Accessories;2;549.99;1099.98;Cash;2026/01/27;Emma Nkosi
T07020;S004;Fourways;C0827;Guest;P0020;Table Lamp;Home & Decor;4;699.99;2799.96;Mobile Pay;2026/03/31;Sarah Mokoena
T07021;S004;Fourways;C2909;Guest;P0013;Running Shoes;Sportswear;3;1499.5;4498.5;Cash;2026/04/28;Jessica Naidoo
T07022;S004;Fourways;C1270;Member;P0019;Throw Blanket;Home & Decor;5;449.99;2249.95;Card;2026/02/26;Michael Williams
T07023;S004;Fourways;C0411;Member;P0014;Yoga Mat;Sportswear;2;399.99;799.98;Bank Transfer;2026/03/17;Sarah Mokoena
T07024;S004;Fourways;C1296;Member;P0024;Storage Container Set;Kitchen;6;349.99;2099.94;Mobile Pay;2026/03/04;Michael Williams
T07025;S004;Fourways;C2817;Member;P0011;Denim Jeans;Clothing;1;799.99;799.99;Card;2026/06/21;Sarah Mokoena
T07026;S004;Fourways;C2138;Member;P0020;Table Lamp;Home & Decor;3;699.99;2099.97;Bank Transfer;2026/02/24;Sarah Mokoena
T07027;S004;Fourways;C2801;Guest;P0020;Table Lamp;Home & Decor;6;699.99;4199.94;Cash;2026/05/12;Noah Pillay
T07028;S004;Fourways;C1138;Member;P0017;Face Moisturiser;Beauty;2;249.99;499.98;Cash;2026/05/01;Liam Jacobs
T07029;S004;Fourways;C2842;Member;P0025;Novel Book;Books;5;199.99;999.95;Card;2026/01/25;James Botha
T07030;S004;Fourways;C2044;Guest;P0002;Bluetooth Speaker;Electronics;1;649.99;649.99;Card;2026/02/10;Noah Pillay
T07031;S004;Fourways;C1923;Guest;P0022;Cookware Set;Kitchen;1;1599.99;1599.99;Card;2026/01/15;Jessica Naidoo
T07032;S004;Fourways;C0019;Member;P0015;Sports Bottle;Sportswear;2;199.99;399.98;Bank Transfer;2026/03/22;Daniel Smith
T07033;S004;Fourways;C1852;Guest;P0009;Electric Kettle;Appliances;5;499.99;2499.95;Cash;2026/01/19;Sarah Mokoena
T07034;S004;Fourways;C2800;Guest;P0015;Sports Bottle;Sportswear;1;199.99;199.99;Card;2026/05/05;Noah Pillay
T07035;S004;Fourways;C2973;Member;P0016;Skincare Set;Beauty;4;599.99;2399.96;Bank Transfer;2026/01/15;Emma Nkosi
T07036;S004;Fourways;C0787;Member;P0001;Wireless Headphones;Electronics;3;899.99;2699.97;Mobile Pay;2026/01/27;Noah Pillay
T07037;S004;Fourways;C1980;Member;P0016;Skincare Set;Beauty;6;599.99;3599.94;Card;2026/04/02;Emma Nkosi
T07038;S004;Fourways;C2845;Guest;P0005;Laptop Backpack;Accessories;2;549.99;1099.98;Card;2026/06/23;Daniel Smith
T07039;S004;Fourways;C0801;Guest;P0007;Air Fryer;Appliances;5;1799.99;8999.95;Mobile Pay;2026/04/24;Sarah Mokoena
T07040;S004;Fourways;C0653;Guest;P0025;Novel Book;Books;3;199.99;599.97;Card;2026/01/08;Daniel Smith
T07041;S004;Fourways;C2658;Guest;P0006;Coffee Maker;Appliances;3;1299.99;3899.97;Mobile Pay;2026/05/28;Liam Jacobs
T07042;S004;Fourways;C0874;Guest;P0002;Bluetooth Speaker;Electronics;2;649.99;1299.98;Mobile Pay;2026/06/30;Olivia Dlamini
T07043;S004;Fourways;C0064;Member;P0003;Smart Watch;Electronics;3;1299.99;3899.97;Card;2026/01/15;Jessica Naidoo
T07044;S004;Fourways;C0940;Guest;P0001;Wireless Headphones;Electronics;5;899.99;4499.95;Cash;2026/01/21;Olivia Dlamini
T07045;S004;Fourways;C2822;Member;P0009;Electric Kettle;Appliances;5;499.99;2499.95;Card;2026/01/04;Sarah Mokoena
T07046;S004;Fourways;C1004;Guest;P0024;Storage Container Set;Kitchen;3;349.99;1049.97;Card;2026/02/05;Michael Williams
T07047;S004;Fourways;C1406;Member;P0015;Sports Bottle;Sportswear;1;199.99;199.99;Card;2026/01/19;Jessica Naidoo
T07048;S004;Fourways;C1965;Member;P0018;Perfume;Beauty;5;899.99;4499.95;Card;2026/05/26;Sophie Mthembu
T07049;S004;Fourways;C1185;Member;P0014;Yoga Mat;Sportswear;3;399.99;1199.97;Cash;2026/03/10;Noah Pillay
T07050;S004;Fourways;C2116;Guest;P0012;Hooded Sweatshirt;Clothing;1;599.99;599.99;Card;2026/05/28;Sarah Mokoena
T07051;S004;Fourways;C0395;Member;P0024;Storage Container Set;Kitchen;6;349.99;2099.94;Card;2026/04/18;Olivia Dlamini
T07052;S004;Fourways;C2182;Member;P0023;Dinner Plate Set;Kitchen;6;499.99;2999.94;Card;2026/03/02;Daniel Smith
T07053;S004;Fourways;C2491;Member;P0013;Running Shoes;Sportswear;1;1499.5;1499.5;Cash;2026/04/06;Sarah Mokoena
T07054;S004;Fourways;C0431;Member;P0019;Throw Blanket;Home & Decor;3;449.99;1349.97;Cash;2026/05/18;James Botha
T07055;S004;Fourways;C2513;Member;P0013;Running Shoes;Sportswear;1;1499.5;1499.5;Mobile Pay;2026/01/27;Sophie Mthembu
T07056;S004;Fourways;C1101;Guest;P0025;Novel Book;Books;2;199.99;399.98;Cash;2026/06/26;Michael Williams
T07057;S004;Fourways;C2966;Guest;P0002;Bluetooth Speaker;Electronics;4;649.99;2599.96;Mobile Pay;2026/03/09;Emma Nkosi
T07058;S004;Fourways;C1366;Guest;P0021;Cushion Set;Home & Decor;4;299.99;1199.96;Card;2026/01/28;James Botha
T07059;S004;Fourways;C2461;Member;P0021;Cushion Set;Home & Decor;6;299.99;1799.94;Card;2026/03/07;Sarah Mokoena
T07060;S004;Fourways;C1757;Member;P0005;Laptop Backpack;Accessories;4;549.99;2199.96;Bank Transfer;2026/06/15;Jessica Naidoo
T07061;S004;Fourways;C0773;Member;P0020;Table Lamp;Home & Decor;5;699.99;3499.95;Mobile Pay;2026/05/13;Jessica Naidoo
T07062;S004;Fourways;C0254;Member;P0001;Wireless Headphones;Electronics;2;899.99;1799.98;Cash;2026/03/26;Olivia Dlamini
T07063;S004;Fourways;C1042;Member;P0019;Throw Blanket;Home & Decor;3;449.99;1349.97;Cash;2026/03/30;Noah Pillay
T07064;S004;Fourways;C2099;Guest;P0006;Coffee Maker;Appliances;6;1299.99;7799.94;Card;2026/02/21;Jessica Naidoo
T07065;S004;Fourways;C0482;Member;P0023;Dinner Plate Set;Kitchen;1;499.99;499.99;Mobile Pay;2026/03/10;Sophie Mthembu
T07066;S004;Fourways;C2605;Member;P0015;Sports Bottle;Sportswear;5;199.99;999.95;Card;2026/06/09;James Botha
T07067;S004;Fourways;C2221;Member;P0024;Storage Container Set;Kitchen;4;349.99;1399.96;Mobile Pay;2026/06/30;Sarah Mokoena
T07068;S004;Fourways;C1419;Guest;P0018;Perfume;Beauty;2;899.99;1799.98;Cash;2026/01/01;Sophie Mthembu
T07069;S004;Fourways;C0086;Member;P0008;Blender;Appliances;5;899.99;4499.95;Card;2026/04/12;Emma Nkosi
T07070;S004;Fourways;C1541;Member;P0008;Blender;Appliances;5;899.99;4499.95;Cash;2026/05/16;Jessica Naidoo
T07071;S004;Fourways;C2957;Member;P0006;Coffee Maker;Appliances;2;1299.99;2599.98;Cash;2026/04/05;Olivia Dlamini
T07072;S004;Fourways;C1981;Guest;P0003;Smart Watch;Electronics;3;1299.99;3899.97;Bank Transfer;2026/05/14;Emma Nkosi
T07073;S004;Fourways;C1355;Member;P0018;Perfume;Beauty;1;899.99;899.99;Bank Transfer;2026/01/07;Noah Pillay
T07074;S004;Fourways;C0183;Member;P0005;Laptop Backpack;Accessories;2;549.99;1099.98;Mobile Pay;2026/03/31;Noah Pillay
T07075;S004;Fourways;C1723;Member;P0019;Throw Blanket;Home & Decor;3;449.99;1349.97;Card;2026/05/27;Jessica Naidoo
T07076;S004;Fourways;C0366;Guest;P0016;Skincare Set;Beauty;1;599.99;599.99;Cash;2026/06/13;Michael Williams
T07077;S004;Fourways;C2995;Member;P0021;Cushion Set;Home & Decor;6;299.99;1799.94;Cash;2026/04/29;Michael Williams
T07078;S004;Fourways;C1349;Guest;P0024;Storage Container Set;Kitchen;3;349.99;1049.97;Card;2026/06/04;Noah Pillay
T07079;S004;Fourways;C2680;Member;P0004;USB-C Charger;Electronics;4;299.99;1199.96;Mobile Pay;2026/03/23;Daniel Smith
T07080;S004;Fourways;C0019;Member;P0009;Electric Kettle;Appliances;6;499.99;2999.94;Card;2026/01/14;Sarah Mokoena
T07081;S004;Fourways;C1750;Guest;P0001;Wireless Headphones;Electronics;5;899.99;4499.95;Mobile Pay;2026/02/17;Jessica Naidoo
T07082;S004;Fourways;C0050;Member;P0010;Cotton T-Shirt;Clothing;6;249.99;1499.94;Cash;2026/02/17;Daniel Smith
T07083;S004;Fourways;C2264;Member;P0012;Hooded Sweatshirt;Clothing;1;599.99;599.99;Cash;2026/02/05;Olivia Dlamini
T07084;S004;Fourways;C2409;Member;P0012;Hooded Sweatshirt;Clothing;1;599.99;599.99;Bank Transfer;2026/05/24;James Botha
T07085;S004;Fourways;C2351;Member;P0008;Blender;Appliances;6;899.99;5399.94;Card;2026/01/22;Olivia Dlamini
T07086;S004;Fourways;C1086;Member;P0005;Laptop Backpack;Accessories;4;549.99;2199.96;Mobile Pay;2026/03/30;Liam Jacobs
T07087;S004;Fourways;C1438;Member;P0018;Perfume;Beauty;6;899.99;5399.94;Cash;2026/05/28;Sarah Mokoena
T07088;S004;Fourways;C1532;Member;P0008;Blender;Appliances;4;899.99;3599.96;Mobile Pay;2026/06/02;Michael Williams
T07089;S004;Fourways;C0849;Guest;P0006;Coffee Maker;Appliances;1;1299.99;1299.99;Cash;2026/03/05;Daniel Smith
T07090;S004;Fourways;C1746;Member;P0012;Hooded Sweatshirt;Clothing;1;599.99;599.99;Card;2026/01/12;Olivia Dlamini
T07091;S004;Fourways;C2911;Member;P0022;Cookware Set;Kitchen;5;1599.99;7999.95;Cash;2026/02/01;Emma Nkosi
T07092;S004;Fourways;C1542;Guest;P0005;Laptop Backpack;Accessories;4;549.99;2199.96;Cash;2026/05/04;Daniel Smith
T07093;S004;Fourways;C2839;Member;P0024;Storage Container Set;Kitchen;4;349.99;1399.96;Bank Transfer;2026/06/02;Michael Williams
T07094;S004;Fourways;C1214;Member;P0009;Electric Kettle;Appliances;6;499.99;2999.94;Cash;2026/01/04;Sophie Mthembu
T07095;S004;Fourways;C0271;Guest;P0005;Laptop Backpack;Accessories;2;549.99;1099.98;Cash;2026/03/04;Michael Williams
T07096;S004;Fourways;C0394;Guest;P0014;Yoga Mat;Sportswear;1;399.99;399.99;Card;2026/02/27;Jessica Naidoo
T07097;S004;Fourways;C0159;Member;P0023;Dinner Plate Set;Kitchen;1;499.99;499.99;Card;2026/01/13;Noah Pillay
T07098;S004;Fourways;C0890;Member;P0016;Skincare Set;Beauty;1;599.99;599.99;Cash;2026/02/24;James Botha
T07099;S004;Fourways;C0460;Member;P0018;Perfume;Beauty;3;899.99;2699.97;Cash;2026/03/09;Daniel Smith
T07100;S004;Fourways;C1232;Member;P0006;Coffee Maker;Appliances;4;1299.99;5199.96;Mobile Pay;2026/04/11;James Botha
T07101;S004;Fourways;C1989;Member;P0016;Skincare Set;Beauty;2;599.99;1199.98;Cash;2026/05/21;Sophie Mthembu
T07102;S004;Fourways;C0471;Guest;P0022;Cookware Set;Kitchen;6;1599.99;9599.94;Card;2026/06/22;Emma Nkosi
T07103;S004;Fourways;C0632;Guest;P0022;Cookware Set;Kitchen;6;1599.99;9599.94;Mobile Pay;2026/05/25;Michael Williams
T07104;S004;Fourways;C1937;Member;P0022;Cookware Set;Kitchen;2;1599.99;3199.98;Bank Transfer;2026/02/06;Olivia Dlamini
T07105;S004;Fourways;C0166;Member;P0010;Cotton T-Shirt;Clothing;5;249.99;1249.95;Card;2026/05/22;Daniel Smith
T07106;S004;Fourways;C0671;Guest;P0023;Dinner Plate Set;Kitchen;1;499.99;499.99;Cash;2026/06/10;Emma Nkosi
T07107;S004;Fourways;C1826;Guest;P0024;Storage Container Set;Kitchen;3;349.99;1049.97;Mobile Pay;2026/04/16;Emma Nkosi
T07108;S004;Fourways;C1228;Guest;P0018;Perfume;Beauty;2;899.99;1799.98;Mobile Pay;2026/03/22;Olivia Dlamini
T07109;S004;Fourways;C1475;Guest;P0003;Smart Watch;Electronics;5;1299.99;6499.95;Card;2026/02/27;James Botha
T07110;S004;Fourways;C2397;Member;P0014;Yoga Mat;Sportswear;3;399.99;1199.97;Card;2026/05/04;Liam Jacobs
T07111;S004;Fourways;C2434;Guest;P0011;Denim Jeans;Clothing;2;799.99;1599.98;Bank Transfer;2026/03/21;Emma Nkosi
T07112;S004;Fourways;C1179;Member;P0002;Bluetooth Speaker;Electronics;5;649.99;3249.95;Bank Transfer;2026/06/25;Liam Jacobs
T07113;S004;Fourways;C1817;Member;P0006;Coffee Maker;Appliances;2;1299.99;2599.98;Bank Transfer;2026/04/19;Emma Nkosi
T07114;S004;Fourways;C0006;Guest;P0011;Denim Jeans;Clothing;1;799.99;799.99;Mobile Pay;2026/06/02;Emma Nkosi
T07115;S004;Fourways;C2017;Member;P0004;USB-C Charger;Electronics;4;299.99;1199.96;Card;2026/03/10;Michael Williams
T07116;S004;Fourways;C0979;Member;P0025;Novel Book;Books;3;199.99;599.97;Card;2026/04/26;Olivia Dlamini
T07117;S004;Fourways;C0633;Member;P0013;Running Shoes;Sportswear;6;1499.5;8997.0;Mobile Pay;2026/03/22;Sophie Mthembu
T07118;S004;Fourways;C0269;Member;P0004;USB-C Charger;Electronics;5;299.99;1499.95;Mobile Pay;2026/04/12;Emma Nkosi
T07119;S004;Fourways;C2169;Member;P0004;USB-C Charger;Electronics;4;299.99;1199.96;Bank Transfer;2026/03/08;Daniel Smith
T07120;S004;Fourways;C2360;Guest;P0022;Cookware Set;Kitchen;2;1599.99;3199.98;Card;2026/06/24;Noah Pillay
T07121;S004;Fourways;C2470;Member;P0019;Throw Blanket;Home & Decor;1;449.99;449.99;Card;2026/03/14;Michael Williams
T07122;S004;Fourways;C1276;Member;P0001;Wireless Headphones;Electronics;6;899.99;5399.94;Bank Transfer;2026/04/14;Sophie Mthembu
T07123;S004;Fourways;C2888;Member;P0001;Wireless Headphones;Electronics;6;899.99;5399.94;Mobile Pay;2026/01/16;Michael Williams
T07124;S004;Fourways;C1514;Member;P0016;Skincare Set;Beauty;6;599.99;3599.94;Card;2026/03/03;Daniel Smith
T07125;S004;Fourways;C2467;Member;P0014;Yoga Mat;Sportswear;3;399.99;1199.97;Cash;2026/03/27;Emma Nkosi
T07126;S004;Fourways;C1517;Member;P0020;Table Lamp;Home & Decor;5;699.99;3499.95;Mobile Pay;2026/05/31;Olivia Dlamini
T07127;S004;Fourways;C2552;Member;P0015;Sports Bottle;Sportswear;1;199.99;199.99;Bank Transfer;2026/05/14;James Botha
T07128;S004;Fourways;C0761;Member;P0017;Face Moisturiser;Beauty;3;249.99;749.97;Card;2026/04/29;James Botha
T07129;S004;Fourways;C0260;Guest;P0017;Face Moisturiser;Beauty;5;249.99;1249.95;Mobile Pay;2026/02/09;Michael Williams
T07130;S004;Fourways;C1979;Guest;P0011;Denim Jeans;Clothing;1;799.99;799.99;Cash;2026/05/20;Daniel Smith
T07131;S004;Fourways;C2787;Guest;P0008;Blender;Appliances;6;899.99;5399.94;Mobile Pay;2026/04/18;James Botha
T07132;S004;Fourways;C2530;Guest;P0015;Sports Bottle;Sportswear;2;199.99;399.98;Card;2026/04/02;Noah Pillay
T07133;S004;Fourways;C1904;Member;P0009;Electric Kettle;Appliances;2;499.99;999.98;Cash;2026/01/15;Sophie Mthembu
T07134;S004;Fourways;C0050;Guest;P0020;Table Lamp;Home & Decor;4;699.99;2799.96;Card;2026/02/20;Noah Pillay
T07135;S004;Fourways;C0906;Member;P0009;Electric Kettle;Appliances;3;499.99;1499.97;Cash;2026/01/31;Emma Nkosi
T07136;S004;Fourways;C1270;Member;P0013;Running Shoes;Sportswear;6;1499.5;8997.0;Mobile Pay;2026/03/13;Noah Pillay
T07137;S004;Fourways;C1541;Member;P0020;Table Lamp;Home & Decor;2;699.99;1399.98;Cash;2026/01/06;Jessica Naidoo
T07138;S004;Fourways;C2023;Member;P0005;Laptop Backpack;Accessories;2;549.99;1099.98;Cash;2026/05/07;Michael Williams
T07139;S004;Fourways;C0480;Guest;P0025;Novel Book;Books;1;199.99;199.99;Cash;2026/02/17;Daniel Smith
T07140;S004;Fourways;C2399;Member;P0007;Air Fryer;Appliances;3;1799.99;5399.97;Cash;2026/03/16;James Botha
T07141;S004;Fourways;C1355;Member;P0001;Wireless Headphones;Electronics;6;899.99;5399.94;Cash;2026/02/23;Liam Jacobs
T07142;S004;Fourways;C1933;Guest;P0010;Cotton T-Shirt;Clothing;1;249.99;249.99;Bank Transfer;2026/04/01;Noah Pillay
T07143;S004;Fourways;C0246;Member;P0005;Laptop Backpack;Accessories;5;549.99;2749.95;Cash;2026/02/04;Michael Williams
T07144;S004;Fourways;C0136;Guest;P0005;Laptop Backpack;Accessories;3;549.99;1649.97;Mobile Pay;2026/04/18;Noah Pillay
T07145;S004;Fourways;C0846;Guest;P0025;Novel Book;Books;4;199.99;799.96;Mobile Pay;2026/01/09;Sarah Mokoena
T07146;S004;Fourways;C1214;Guest;P0015;Sports Bottle;Sportswear;1;199.99;199.99;Bank Transfer;2026/04/07;Sarah Mokoena
T07147;S004;Fourways;C0377;Member;P0025;Novel Book;Books;4;199.99;799.96;Cash;2026/02/15;Olivia Dlamini
T07148;S004;Fourways;C1853;Member;P0015;Sports Bottle;Sportswear;5;199.99;999.95;Card;2026/06/18;Michael Williams
T07149;S004;Fourways;C2807;Member;P0015;Sports Bottle;Sportswear;5;199.99;999.95;Cash;2026/02/14;Olivia Dlamini
T07150;S004;Fourways;C1795;Guest;P0021;Cushion Set;Home & Decor;3;299.99;899.97;Cash;2026/05/28;Noah Pillay
T07151;S004;Fourways;C0385;Member;P0013;Running Shoes;Sportswear;1;1499.5;1499.5;Bank Transfer;2026/01/26;Olivia Dlamini
T07152;S004;Fourways;C2513;Guest;P0015;Sports Bottle;Sportswear;2;199.99;399.98;Cash;2026/05/26;Noah Pillay
T07153;S004;Fourways;C0778;Guest;P0021;Cushion Set;Home & Decor;6;299.99;1799.94;Card;2026/06/18;Noah Pillay
T07154;S004;Fourways;C0890;Member;P0007;Air Fryer;Appliances;1;1799.99;1799.99;Bank Transfer;2026/02/17;Jessica Naidoo
T07155;S004;Fourways;C2298;Member;P0014;Yoga Mat;Sportswear;3;399.99;1199.97;Card;2026/04/21;Olivia Dlamini
T07156;S004;Fourways;C1787;Member;P0023;Dinner Plate Set;Kitchen;4;499.99;1999.96;Card;2026/06/23;Michael Williams
T07157;S004;Fourways;C2427;Member;P0011;Denim Jeans;Clothing;5;799.99;3999.95;Mobile Pay;2026/06/04;Emma Nkosi
T07158;S004;Fourways;C0506;Member;P0024;Storage Container Set;Kitchen;3;349.99;1049.97;Cash;2026/06/03;Emma Nkosi
T07159;S004;Fourways;C1645;Member;P0015;Sports Bottle;Sportswear;4;199.99;799.96;Mobile Pay;2026/02/23;Michael Williams
T07160;S004;Fourways;C0900;Guest;P0005;Laptop Backpack;Accessories;5;549.99;2749.95;Card;2026/03/05;James Botha
T07161;S004;Fourways;C0267;Member;P0011;Denim Jeans;Clothing;5;799.99;3999.95;Bank Transfer;2026/04/10;Michael Williams
T07162;S004;Fourways;C1118;Member;P0011;Denim Jeans;Clothing;2;799.99;1599.98;Bank Transfer;2026/06/01;Noah Pillay
T07163;S004;Fourways;C1126;Guest;P0025;Novel Book;Books;3;199.99;599.97;Bank Transfer;2026/06/22;Michael Williams
T07164;S004;Fourways;C0715;Guest;P0005;Laptop Backpack;Accessories;1;549.99;549.99;Bank Transfer;2026/06/10;Emma Nkosi
T07165;S004;Fourways;C0032;Guest;P0013;Running Shoes;Sportswear;5;1499.5;7497.5;Mobile Pay;2026/06/06;Daniel Smith
T07166;S004;Fourways;C2956;Member;P0019;Throw Blanket;Home & Decor;4;449.99;1799.96;Cash;2026/05/10;James Botha
T07167;S004;Fourways;C0196;Member;P0006;Coffee Maker;Appliances;3;1299.99;3899.97;Card;2026/05/23;Noah Pillay
T07168;S004;Fourways;C1173;Member;P0015;Sports Bottle;Sportswear;3;199.99;599.97;Card;2026/05/10;Michael Williams
T07169;S004;Fourways;C1734;Guest;P0019;Throw Blanket;Home & Decor;5;449.99;2249.95;Mobile Pay;2026/04/22;Liam Jacobs
T07170;S004;Fourways;C1317;Member;P0009;Electric Kettle;Appliances;4;499.99;1999.96;Bank Transfer;2026/03/09;Sarah Mokoena
T07171;S004;Fourways;C0043;Member;P0024;Storage Container Set;Kitchen;3;349.99;1049.97;Bank Transfer;2026/05/09;Olivia Dlamini
T07172;S004;Fourways;C2620;Guest;P0010;Cotton T-Shirt;Clothing;4;249.99;999.96;Cash;2026/01/28;James Botha
T07173;S004;Fourways;C1718;Member;P0020;Table Lamp;Home & Decor;2;699.99;1399.98;Bank Transfer;2026/03/03;Olivia Dlamini
T07174;S004;Fourways;C1526;Member;P0006;Coffee Maker;Appliances;1;1299.99;1299.99;Cash;2026/05/20;Michael Williams
T07175;S004;Fourways;C0509;Member;P0017;Face Moisturiser;Beauty;1;249.99;249.99;Mobile Pay;2026/03/06;Daniel Smith
T07176;S004;Fourways;C1960;Guest;P0014;Yoga Mat;Sportswear;2;399.99;799.98;Bank Transfer;2026/02/27;Sarah Mokoena
T07177;S004;Fourways;C1907;Guest;P0001;Wireless Headphones;Electronics;2;899.99;1799.98;Cash;2026/04/07;Liam Jacobs
T07178;S004;Fourways;C1931;Member;P0022;Cookware Set;Kitchen;4;1599.99;6399.96;Mobile Pay;2026/02/06;Daniel Smith
T07179;S004;Fourways;C0293;Guest;P0008;Blender;Appliances;4;899.99;3599.96;Bank Transfer;2026/03/19;Michael Williams
T07180;S004;Fourways;C1561;Member;P0017;Face Moisturiser;Beauty;6;249.99;1499.94;Cash;2026/01/15;Sophie Mthembu
T07181;S004;Fourways;C0117;Member;P0019;Throw Blanket;Home & Decor;4;449.99;1799.96;Bank Transfer;2026/06/27;Daniel Smith
T07182;S004;Fourways;C2836;Guest;P0016;Skincare Set;Beauty;1;599.99;599.99;Bank Transfer;2026/01/04;Olivia Dlamini
T07183;S004;Fourways;C0594;Guest;P0007;Air Fryer;Appliances;3;1799.99;5399.97;Mobile Pay;2026/02/24;James Botha
T07184;S004;Fourways;C2367;Member;P0003;Smart Watch;Electronics;3;1299.99;3899.97;Card;2026/03/08;Sophie Mthembu
T07185;S004;Fourways;C1157;Member;P0014;Yoga Mat;Sportswear;4;399.99;1599.96;Bank Transfer;2026/05/11;Jessica Naidoo
T07186;S004;Fourways;C2002;Member;P0003;Smart Watch;Electronics;4;1299.99;5199.96;Bank Transfer;2026/04/05;Sarah Mokoena
T07187;S004;Fourways;C1874;Member;P0005;Laptop Backpack;Accessories;5;549.99;2749.95;Bank Transfer;2026/01/05;Sarah Mokoena
T07188;S004;Fourways;C1768;Guest;P0015;Sports Bottle;Sportswear;4;199.99;799.96;Cash;2026/06/08;Olivia Dlamini
T07189;S004;Fourways;C0487;Member;P0011;Denim Jeans;Clothing;3;799.99;2399.97;Bank Transfer;2026/01/26;Emma Nkosi
T07190;S004;Fourways;C1594;Member;P0003;Smart Watch;Electronics;4;1299.99;5199.96;Cash;2026/01/11;Michael Williams
T07191;S004;Fourways;C0635;Guest;P0021;Cushion Set;Home & Decor;1;299.99;299.99;Cash;2026/05/21;Olivia Dlamini
T07192;S004;Fourways;C0564;Guest;P0012;Hooded Sweatshirt;Clothing;3;599.99;1799.97;Bank Transfer;2026/05/24;Sophie Mthembu
T07193;S004;Fourways;C2577;Member;P0022;Cookware Set;Kitchen;4;1599.99;6399.96;Card;2026/02/18;Emma Nkosi
T07194;S004;Fourways;C0776;Member;P0006;Coffee Maker;Appliances;2;1299.99;2599.98;Mobile Pay;2026/03/14;James Botha
T07195;S004;Fourways;C1833;Member;P0016;Skincare Set;Beauty;3;599.99;1799.97;Bank Transfer;2026/03/31;Sophie Mthembu
T07196;S004;Fourways;C1036;Member;P0010;Cotton T-Shirt;Clothing;1;249.99;249.99;Mobile Pay;2026/06/07;Jessica Naidoo
T07197;S004;Fourways;C2609;Member;P0010;Cotton T-Shirt;Clothing;6;249.99;1499.94;Cash;2026/04/11;Emma Nkosi
T07198;S004;Fourways;C1928;Guest;P0006;Coffee Maker;Appliances;4;1299.99;5199.96;Card;2026/05/16;James Botha
T07199;S004;Fourways;C2801;Member;P0014;Yoga Mat;Sportswear;3;399.99;1199.97;Cash;2026/01/24;Michael Williams
T07200;S004;Fourways;C0727;Member;P0006;Coffee Maker;Appliances;1;1299.99;1299.99;Mobile Pay;2026/04/25;Michael Williams
T07201;S004;Fourways;C1618;Member;P0001;Wireless Headphones;Electronics;2;899.99;1799.98;Cash;2026/03/26;Olivia Dlamini
T07202;S004;Fourways;C0744;Guest;P0019;Throw Blanket;Home & Decor;3;449.99;1349.97;Cash;2026/03/01;Noah Pillay
T07203;S004;Fourways;C2715;Guest;P0023;Dinner Plate Set;Kitchen;6;499.99;2999.94;Mobile Pay;2026/04/09;Liam Jacobs
T07204;S004;Fourways;C2599;Member;P0002;Bluetooth Speaker;Electronics;1;649.99;649.99;Bank Transfer;2026/06/05;Sarah Mokoena
T07205;S004;Fourways;C1904;Member;P0014;Yoga Mat;Sportswear;6;399.99;2399.94;Bank Transfer;2026/04/07;Olivia Dlamini
T07206;S004;Fourways;C1173;Member;P0006;Coffee Maker;Appliances;5;1299.99;6499.95;Cash;2026/05/26;Michael Williams
T07207;S004;Fourways;C2984;Member;P0001;Wireless Headphones;Electronics;2;899.99;1799.98;Card;2026/02/24;Michael Williams
T07208;S004;Fourways;C2815;Member;P0016;Skincare Set;Beauty;3;599.99;1799.97;Cash;2026/02/01;Jessica Naidoo
T07209;S004;Fourways;C2215;Guest;P0017;Face Moisturiser;Beauty;5;249.99;1249.95;Card;2026/01/02;Jessica Naidoo
T07210;S004;Fourways;C0048;Guest;P0020;Table Lamp;Home & Decor;5;699.99;3499.95;Bank Transfer;2026/03/20;Sophie Mthembu
T07211;S004;Fourways;C0193;Guest;P0013;Running Shoes;Sportswear;1;1499.5;1499.5;Bank Transfer;2026/03/14;Liam Jacobs
T07212;S004;Fourways;C0656;Member;P0006;Coffee Maker;Appliances;3;1299.99;3899.97;Cash;2026/03/21;Olivia Dlamini
T07213;S004;Fourways;C2913;Member;P0011;Denim Jeans;Clothing;2;799.99;1599.98;Cash;2026/05/25;Michael Williams
T07214;S004;Fourways;C0060;Guest;P0006;Coffee Maker;Appliances;2;1299.99;2599.98;Cash;2026/02/19;Jessica Naidoo
T07215;S004;Fourways;C2492;Member;P0015;Sports Bottle;Sportswear;5;199.99;999.95;Card;2026/04/02;James Botha
T07216;S004;Fourways;C2996;Member;P0002;Bluetooth Speaker;Electronics;1;649.99;649.99;Mobile Pay;2026/06/26;Noah Pillay
T07217;S004;Fourways;C0555;Guest;P0005;Laptop Backpack;Accessories;2;549.99;1099.98;Bank Transfer;2026/01/30;Noah Pillay
T07218;S004;Fourways;C0679;Member;P0006;Coffee Maker;Appliances;2;1299.99;2599.98;Cash;2026/01/16;James Botha
T07219;S004;Fourways;C1475;Guest;P0020;Table Lamp;Home & Decor;6;699.99;4199.94;Mobile Pay;2026/06/25;Liam Jacobs
T07220;S004;Fourways;C0015;Guest;P0017;Face Moisturiser;Beauty;5;249.99;1249.95;Card;2026/01/23;Sophie Mthembu
T07221;S004;Fourways;C0293;Guest;P0019;Throw Blanket;Home & Decor;2;449.99;899.98;Cash;2026/02/07;Jessica Naidoo
T07222;S004;Fourways;C1119;Member;P0016;Skincare Set;Beauty;2;599.99;1199.98;Card;2026/03/10;Emma Nkosi
T07223;S004;Fourways;C1043;Guest;P0004;USB-C Charger;Electronics;6;299.99;1799.94;Cash;2026/05/06;Sarah Mokoena
T07224;S004;Fourways;C1785;Guest;P0014;Yoga Mat;Sportswear;3;399.99;1199.97;Cash;2026/06/19;Jessica Naidoo
T07225;S004;Fourways;C1595;Member;P0020;Table Lamp;Home & Decor;6;699.99;4199.94;Mobile Pay;2026/04/03;Liam Jacobs
T07226;S004;Fourways;C2158;Member;P0001;Wireless Headphones;Electronics;6;899.99;5399.94;Mobile Pay;2026/04/26;James Botha
T07227;S004;Fourways;C1415;Member;P0009;Electric Kettle;Appliances;5;499.99;2499.95;Bank Transfer;2026/02/09;Jessica Naidoo
T07228;S004;Fourways;C1152;Member;P0015;Sports Bottle;Sportswear;6;199.99;1199.94;Cash;2026/01/18;Daniel Smith
T07229;S004;Fourways;C1671;Guest;P0016;Skincare Set;Beauty;3;599.99;1799.97;Cash;2026/01/07;Liam Jacobs
T07230;S004;Fourways;C1357;Guest;P0013;Running Shoes;Sportswear;4;1499.5;5998.0;Mobile Pay;2026/05/08;Michael Williams
T07231;S004;Fourways;C0822;Member;P0004;USB-C Charger;Electronics;2;299.99;599.98;Bank Transfer;2026/05/01;Emma Nkosi
T07232;S004;Fourways;C1437;Member;P0019;Throw Blanket;Home & Decor;2;449.99;899.98;Cash;2026/05/28;Liam Jacobs
T07233;S004;Fourways;C2048;Member;P0016;Skincare Set;Beauty;1;599.99;599.99;Bank Transfer;2026/04/15;James Botha
T07234;S004;Fourways;C2988;Member;P0020;Table Lamp;Home & Decor;2;699.99;1399.98;Card;2026/06/07;Sophie Mthembu
T07235;S004;Fourways;C1466;Guest;P0020;Table Lamp;Home & Decor;2;699.99;1399.98;Card;2026/01/29;Olivia Dlamini
T07236;S004;Fourways;C1783;Guest;P0014;Yoga Mat;Sportswear;4;399.99;1599.96;Mobile Pay;2026/03/07;Sophie Mthembu
T07237;S004;Fourways;C2578;Member;P0021;Cushion Set;Home & Decor;5;299.99;1499.95;Card;2026/03/12;James Botha
T07238;S004;Fourways;C1447;Guest;P0018;Perfume;Beauty;2;899.99;1799.98;Bank Transfer;2026/02/09;Michael Williams
T07239;S004;Fourways;C1603;Member;P0019;Throw Blanket;Home & Decor;5;449.99;2249.95;Cash;2026/02/27;Michael Williams
T07240;S004;Fourways;C0942;Member;P0020;Table Lamp;Home & Decor;6;699.99;4199.94;Cash;2026/06/20;Sophie Mthembu
T07241;S004;Fourways;C0508;Member;P0023;Dinner Plate Set;Kitchen;2;499.99;999.98;Mobile Pay;2026/01/18;Jessica Naidoo
T07242;S004;Fourways;C0261;Member;P0015;Sports Bottle;Sportswear;5;199.99;999.95;Cash;2026/03/12;Noah Pillay
T07243;S004;Fourways;C2210;Member;P0022;Cookware Set;Kitchen;4;1599.99;6399.96;Cash;2026/04/28;Liam Jacobs
T07244;S004;Fourways;C2342;Guest;P0009;Electric Kettle;Appliances;3;499.99;1499.97;Cash;2026/04/01;Olivia Dlamini
T07245;S004;Fourways;C1521;Guest;P0002;Bluetooth Speaker;Electronics;3;649.99;1949.97;Card;2026/02/18;Jessica Naidoo
T07246;S004;Fourways;C1996;Member;P0005;Laptop Backpack;Accessories;6;549.99;3299.94;Cash;2026/01/30;Liam Jacobs
T07247;S004;Fourways;C2185;Member;P0002;Bluetooth Speaker;Electronics;3;649.99;1949.97;Bank Transfer;2026/04/03;Liam Jacobs
T07248;S004;Fourways;C2746;Member;P0010;Cotton T-Shirt;Clothing;2;249.99;499.98;Cash;2026/06/29;Emma Nkosi
T07249;S004;Fourways;C1196;Member;P0020;Table Lamp;Home & Decor;5;699.99;3499.95;Mobile Pay;2026/01/22;Michael Williams
T07250;S004;Fourways;C0494;Guest;P0024;Storage Container Set;Kitchen;6;349.99;2099.94;Mobile Pay;2026/05/04;Olivia Dlamini
T07251;S004;Fourways;C2273;Guest;P0003;Smart Watch;Electronics;6;1299.99;7799.94;Bank Transfer;2026/05/06;Olivia Dlamini
T07252;S004;Fourways;C2575;Member;P0024;Storage Container Set;Kitchen;6;349.99;2099.94;Bank Transfer;2026/02/11;Michael Williams
T07253;S004;Fourways;C0709;Member;P0024;Storage Container Set;Kitchen;6;349.99;2099.94;Cash;2026/05/24;Jessica Naidoo
T07254;S004;Fourways;C0260;Member;P0015;Sports Bottle;Sportswear;3;199.99;599.97;Bank Transfer;2026/04/10;Michael Williams
T07255;S004;Fourways;C0809;Member;P0023;Dinner Plate Set;Kitchen;2;499.99;999.98;Bank Transfer;2026/03/18;Daniel Smith
T07256;S004;Fourways;C1971;Member;P0015;Sports Bottle;Sportswear;2;199.99;399.98;Card;2026/03/29;Sarah Mokoena
T07257;S004;Fourways;C2608;Member;P0012;Hooded Sweatshirt;Clothing;2;599.99;1199.98;Bank Transfer;2026/01/09;Daniel Smith
T07258;S004;Fourways;C1796;Member;P0025;Novel Book;Books;5;199.99;999.95;Bank Transfer;2026/06/01;Sarah Mokoena
T07259;S004;Fourways;C2357;Guest;P0024;Storage Container Set;Kitchen;6;349.99;2099.94;Bank Transfer;2026/01/25;Liam Jacobs
T07260;S004;Fourways;C1013;Member;P0020;Table Lamp;Home & Decor;2;699.99;1399.98;Cash;2026/06/28;James Botha
T07261;S004;Fourways;C0379;Guest;P0023;Dinner Plate Set;Kitchen;5;499.99;2499.95;Bank Transfer;2026/03/18;Emma Nkosi
T07262;S004;Fourways;C0279;Member;P0024;Storage Container Set;Kitchen;3;349.99;1049.97;Cash;2026/03/16;Sophie Mthembu
T07263;S004;Fourways;C1800;Guest;P0018;Perfume;Beauty;6;899.99;5399.94;Card;2026/04/30;Daniel Smith
T07264;S004;Fourways;C1125;Member;P0019;Throw Blanket;Home & Decor;2;449.99;899.98;Cash;2026/05/28;Jessica Naidoo
T07265;S004;Fourways;C1373;Member;P0002;Bluetooth Speaker;Electronics;6;649.99;3899.94;Bank Transfer;2026/06/17;Olivia Dlamini
T07266;S004;Fourways;C1345;Guest;P0016;Skincare Set;Beauty;3;599.99;1799.97;Mobile Pay;2026/06/01;Emma Nkosi
T07267;S004;Fourways;C1295;Member;P0011;Denim Jeans;Clothing;2;799.99;1599.98;Cash;2026/03/26;Jessica Naidoo
T07268;S004;Fourways;C0964;Member;P0008;Blender;Appliances;6;899.99;5399.94;Cash;2026/05/02;Daniel Smith
T07269;S004;Fourways;C0608;Guest;P0012;Hooded Sweatshirt;Clothing;2;599.99;1199.98;Cash;2026/01/23;Emma Nkosi
T07270;S004;Fourways;C1425;Member;P0005;Laptop Backpack;Accessories;5;549.99;2749.95;Cash;2026/06/14;Sarah Mokoena
T07271;S004;Fourways;C1386;Member;P0021;Cushion Set;Home & Decor;2;299.99;599.98;Cash;2026/04/29;James Botha
T07272;S004;Fourways;C1077;Guest;P0021;Cushion Set;Home & Decor;3;299.99;899.97;Bank Transfer;2026/06/16;James Botha
T07273;S004;Fourways;C1775;Member;P0018;Perfume;Beauty;5;899.99;4499.95;Card;2026/01/02;Michael Williams
T07274;S004;Fourways;C2147;Member;P0010;Cotton T-Shirt;Clothing;6;249.99;1499.94;Cash;2026/06/02;Sophie Mthembu
T07275;S004;Fourways;C1451;Guest;P0006;Coffee Maker;Appliances;1;1299.99;1299.99;Mobile Pay;2026/05/06;Jessica Naidoo
T07276;S004;Fourways;C1040;Guest;P0010;Cotton T-Shirt;Clothing;4;249.99;999.96;Mobile Pay;2026/05/14;Liam Jacobs
T07277;S004;Fourways;C2302;Member;P0015;Sports Bottle;Sportswear;6;199.99;1199.94;Cash;2026/02/10;Olivia Dlamini
T07278;S004;Fourways;C1702;Guest;P0015;Sports Bottle;Sportswear;2;199.99;399.98;Card;2026/06/16;Daniel Smith
T07279;S004;Fourways;C2726;Guest;P0014;Yoga Mat;Sportswear;5;399.99;1999.95;Mobile Pay;2026/04/02;Olivia Dlamini
T07280;S004;Fourways;C2966;Guest;P0010;Cotton T-Shirt;Clothing;1;249.99;249.99;Bank Transfer;2026/03/14;Sophie Mthembu
T07281;S004;Fourways;C2866;Member;P0016;Skincare Set;Beauty;3;599.99;1799.97;Card;2026/03/14;Noah Pillay
T07282;S004;Fourways;C0078;Guest;P0025;Novel Book;Books;4;199.99;799.96;Cash;2026/02/05;James Botha
T07283;S004;Fourways;C0568;Guest;P0016;Skincare Set;Beauty;6;599.99;3599.94;Cash;2026/05/22;Olivia Dlamini
T07284;S004;Fourways;C2793;Member;P0022;Cookware Set;Kitchen;6;1599.99;9599.94;Card;2026/03/09;Olivia Dlamini
T07285;S004;Fourways;C1106;Member;P0015;Sports Bottle;Sportswear;6;199.99;1199.94;Card;2026/04/18;Noah Pillay
T07286;S004;Fourways;C2695;Guest;P0001;Wireless Headphones;Electronics;4;899.99;3599.96;Bank Transfer;2026/02/21;Sophie Mthembu
T07287;S004;Fourways;C0905;Member;P0018;Perfume;Beauty;5;899.99;4499.95;Cash;2026/02/26;Sophie Mthembu
T07288;S004;Fourways;C2458;Guest;P0017;Face Moisturiser;Beauty;5;249.99;1249.95;Card;2026/05/02;Jessica Naidoo
T07289;S004;Fourways;C2909;Member;P0022;Cookware Set;Kitchen;6;1599.99;9599.94;Bank Transfer;2026/05/14;Sarah Mokoena
T07290;S004;Fourways;C1265;Guest;P0018;Perfume;Beauty;6;899.99;5399.94;Mobile Pay;2026/04/30;Olivia Dlamini
T07291;S004;Fourways;C0115;Member;P0016;Skincare Set;Beauty;5;599.99;2999.95;Mobile Pay;2026/05/14;Olivia Dlamini
T07292;S004;Fourways;C1272;Guest;P0001;Wireless Headphones;Electronics;2;899.99;1799.98;Cash;2026/03/17;Sarah Mokoena
T07293;S004;Fourways;C0198;Member;P0001;Wireless Headphones;Electronics;3;899.99;2699.97;Mobile Pay;2026/04/21;Jessica Naidoo
T07294;S004;Fourways;C2589;Member;P0023;Dinner Plate Set;Kitchen;6;499.99;2999.94;Bank Transfer;2026/05/28;Michael Williams
T07295;S004;Fourways;C0932;Member;P0021;Cushion Set;Home & Decor;3;299.99;899.97;Cash;2026/03/26;Liam Jacobs
T07296;S004;Fourways;C1094;Guest;P0004;USB-C Charger;Electronics;2;299.99;599.98;Card;2026/02/20;Olivia Dlamini
T07297;S004;Fourways;C0431;Member;P0010;Cotton T-Shirt;Clothing;3;249.99;749.97;Bank Transfer;2026/02/15;Michael Williams
T07298;S004;Fourways;C1624;Member;P0014;Yoga Mat;Sportswear;3;399.99;1199.97;Bank Transfer;2026/05/10;Sarah Mokoena
T07299;S004;Fourways;C0111;Guest;P0010;Cotton T-Shirt;Clothing;2;249.99;499.98;Mobile Pay;2026/04/29;James Botha
T07300;S004;Fourways;C1044;Member;P0018;Perfume;Beauty;3;899.99;2699.97;Cash;2026/05/05;Sarah Mokoena
T07301;S004;Fourways;C1409;Guest;P0008;Blender;Appliances;4;899.99;3599.96;Cash;2026/04/17;Daniel Smith
T07302;S004;Fourways;C2834;Member;P0024;Storage Container Set;Kitchen;2;349.99;699.98;Mobile Pay;2026/06/08;Jessica Naidoo
T07303;S004;Fourways;C0649;Member;P0013;Running Shoes;Sportswear;4;1499.5;5998.0;Mobile Pay;2026/02/09;James Botha
T07304;S004;Fourways;C0153;Guest;P0003;Smart Watch;Electronics;5;1299.99;6499.95;Mobile Pay;2026/06/13;Liam Jacobs
T07305;S004;Fourways;C2890;Guest;P0012;Hooded Sweatshirt;Clothing;1;599.99;599.99;Mobile Pay;2026/01/22;Sarah Mokoena
T07306;S004;Fourways;C2832;Guest;P0024;Storage Container Set;Kitchen;3;349.99;1049.97;Bank Transfer;2026/04/20;Noah Pillay
T07307;S004;Fourways;C1812;Member;P0006;Coffee Maker;Appliances;4;1299.99;5199.96;Mobile Pay;2026/05/22;Sarah Mokoena
T07308;S004;Fourways;C1574;Member;P0008;Blender;Appliances;1;899.99;899.99;Bank Transfer;2026/04/02;Jessica Naidoo
T07309;S004;Fourways;C2103;Member;P0021;Cushion Set;Home & Decor;2;299.99;599.98;Mobile Pay;2026/04/02;Michael Williams
T07310;S004;Fourways;C2014;Member;P0022;Cookware Set;Kitchen;6;1599.99;9599.94;Cash;2026/06/17;Daniel Smith
T07311;S004;Fourways;C2562;Member;P0004;USB-C Charger;Electronics;5;299.99;1499.95;Mobile Pay;2026/04/09;Emma Nkosi
T07312;S004;Fourways;C1877;Member;P0017;Face Moisturiser;Beauty;2;249.99;499.98;Mobile Pay;2026/05/01;Sophie Mthembu
T07313;S004;Fourways;C0964;Guest;P0014;Yoga Mat;Sportswear;6;399.99;2399.94;Card;2026/05/21;James Botha
T07314;S004;Fourways;C2015;Member;P0001;Wireless Headphones;Electronics;4;899.99;3599.96;Cash;2026/02/04;Noah Pillay
T07315;S004;Fourways;C1299;Member;P0022;Cookware Set;Kitchen;6;1599.99;9599.94;Bank Transfer;2026/01/18;Michael Williams
T07316;S004;Fourways;C2516;Member;P0018;Perfume;Beauty;3;899.99;2699.97;Bank Transfer;2026/02/20;Emma Nkosi
T07317;S004;Fourways;C2431;Guest;P0024;Storage Container Set;Kitchen;6;349.99;2099.94;Mobile Pay;2026/06/23;Olivia Dlamini
T07318;S004;Fourways;C2536;Guest;P0025;Novel Book;Books;5;199.99;999.95;Cash;2026/01/22;Michael Williams
T07319;S004;Fourways;C1744;Member;P0004;USB-C Charger;Electronics;3;299.99;899.97;Bank Transfer;2026/04/18;Michael Williams
T07320;S004;Fourways;C1354;Member;P0002;Bluetooth Speaker;Electronics;6;649.99;3899.94;Bank Transfer;2026/06/30;Sophie Mthembu
T07321;S004;Fourways;C1176;Member;P0022;Cookware Set;Kitchen;6;1599.99;9599.94;Cash;2026/06/13;Liam Jacobs
T07322;S004;Fourways;C0701;Guest;P0011;Denim Jeans;Clothing;4;799.99;3199.96;Mobile Pay;2026/05/30;James Botha
T07323;S004;Fourways;C2124;Guest;P0022;Cookware Set;Kitchen;5;1599.99;7999.95;Bank Transfer;2026/06/24;James Botha
T07324;S004;Fourways;C2062;Member;P0003;Smart Watch;Electronics;4;1299.99;5199.96;Card;2026/02/04;James Botha
T07325;S004;Fourways;C1175;Member;P0009;Electric Kettle;Appliances;4;499.99;1999.96;Bank Transfer;2026/04/30;James Botha
T07326;S004;Fourways;C2002;Member;P0024;Storage Container Set;Kitchen;2;349.99;699.98;Card;2026/05/02;Daniel Smith
T07327;S004;Fourways;C1682;Guest;P0022;Cookware Set;Kitchen;3;1599.99;4799.97;Bank Transfer;2026/05/04;Olivia Dlamini
T07328;S004;Fourways;C0015;Member;P0010;Cotton T-Shirt;Clothing;2;249.99;499.98;Cash;2026/05/16;Emma Nkosi
T07329;S004;Fourways;C1717;Member;P0021;Cushion Set;Home & Decor;2;299.99;599.98;Bank Transfer;2026/04/25;Daniel Smith
T07330;S004;Fourways;C2366;Member;P0009;Electric Kettle;Appliances;2;499.99;999.98;Mobile Pay;2026/02/25;Jessica Naidoo
T07331;S004;Fourways;C2380;Member;P0002;Bluetooth Speaker;Electronics;2;649.99;1299.98;Mobile Pay;2026/05/09;Michael Williams
T07332;S004;Fourways;C0897;Guest;P0010;Cotton T-Shirt;Clothing;2;249.99;499.98;Mobile Pay;2026/06/15;Noah Pillay
T07333;S004;Fourways;C2171;Guest;P0014;Yoga Mat;Sportswear;1;399.99;399.99;Bank Transfer;2026/01/10;Sarah Mokoena
T07334;S004;Fourways;C0199;Member;P0025;Novel Book;Books;2;199.99;399.98;Mobile Pay;2026/04/11;Daniel Smith
T07335;S004;Fourways;C1504;Member;P0024;Storage Container Set;Kitchen;2;349.99;699.98;Card;2026/03/21;Liam Jacobs
T07336;S004;Fourways;C1924;Member;P0024;Storage Container Set;Kitchen;3;349.99;1049.97;Cash;2026/03/28;Jessica Naidoo
T07337;S004;Fourways;C1432;Member;P0005;Laptop Backpack;Accessories;2;549.99;1099.98;Cash;2026/05/07;Michael Williams
T07338;S004;Fourways;C0949;Guest;P0008;Blender;Appliances;4;899.99;3599.96;Bank Transfer;2026/06/27;James Botha
T07339;S004;Fourways;C2965;Member;P0001;Wireless Headphones;Electronics;5;899.99;4499.95;Cash;2026/04/05;Sarah Mokoena
T07340;S004;Fourways;C1064;Member;P0015;Sports Bottle;Sportswear;6;199.99;1199.94;Bank Transfer;2026/01/26;Sophie Mthembu
T07341;S004;Fourways;C1707;Guest;P0008;Blender;Appliances;1;899.99;899.99;Bank Transfer;2026/06/14;Daniel Smith
T07342;S004;Fourways;C2764;Member;P0005;Laptop Backpack;Accessories;6;549.99;3299.94;Card;2026/05/08;James Botha
T07343;S004;Fourways;C1739;Guest;P0022;Cookware Set;Kitchen;6;1599.99;9599.94;Mobile Pay;2026/03/26;James Botha
T07344;S004;Fourways;C0806;Member;P0014;Yoga Mat;Sportswear;4;399.99;1599.96;Bank Transfer;2026/06/20;Jessica Naidoo
T07345;S004;Fourways;C1568;Member;P0006;Coffee Maker;Appliances;6;1299.99;7799.94;Bank Transfer;2026/01/30;Liam Jacobs
T07346;S004;Fourways;C2337;Guest;P0024;Storage Container Set;Kitchen;4;349.99;1399.96;Mobile Pay;2026/03/21;Noah Pillay
T07347;S004;Fourways;C1823;Member;P0007;Air Fryer;Appliances;2;1799.99;3599.98;Mobile Pay;2026/03/14;Michael Williams
T07348;S004;Fourways;C1203;Guest;P0023;Dinner Plate Set;Kitchen;6;499.99;2999.94;Card;2026/03/09;Liam Jacobs
T07349;S004;Fourways;C1006;Guest;P0023;Dinner Plate Set;Kitchen;3;499.99;1499.97;Cash;2026/04/28;Noah Pillay
T07350;S004;Fourways;C0072;Guest;P0017;Face Moisturiser;Beauty;1;249.99;249.99;Mobile Pay;2026/04/22;Emma Nkosi
T07351;S004;Fourways;C1413;Member;P0007;Air Fryer;Appliances;1;1799.99;1799.99;Card;2026/05/23;Daniel Smith
T07352;S004;Fourways;C0324;Member;P0005;Laptop Backpack;Accessories;5;549.99;2749.95;Mobile Pay;2026/05/26;Sarah Mokoena
T07353;S004;Fourways;C0187;Member;P0018;Perfume;Beauty;5;899.99;4499.95;Card;2026/01/28;Olivia Dlamini
T07354;S004;Fourways;C0774;Member;P0003;Smart Watch;Electronics;5;1299.99;6499.95;Bank Transfer;2026/04/06;Jessica Naidoo
T07355;S004;Fourways;C2726;Guest;P0005;Laptop Backpack;Accessories;6;549.99;3299.94;Card;2026/06/29;Jessica Naidoo
T07356;S004;Fourways;C0496;Guest;P0015;Sports Bottle;Sportswear;2;199.99;399.98;Card;2026/06/11;Daniel Smith
T07357;S004;Fourways;C1594;Guest;P0021;Cushion Set;Home & Decor;1;299.99;299.99;Mobile Pay;2026/04/20;Sophie Mthembu
T07358;S004;Fourways;C2355;Member;P0002;Bluetooth Speaker;Electronics;2;649.99;1299.98;Card;2026/06/12;Daniel Smith
T07359;S004;Fourways;C2904;Member;P0020;Table Lamp;Home & Decor;3;699.99;2099.97;Cash;2026/04/13;Sarah Mokoena
T07360;S004;Fourways;C2527;Member;P0021;Cushion Set;Home & Decor;1;299.99;299.99;Bank Transfer;2026/01/29;Emma Nkosi
T07361;S004;Fourways;C0114;Guest;P0004;USB-C Charger;Electronics;1;299.99;299.99;Mobile Pay;2026/01/03;Jessica Naidoo
T07362;S004;Fourways;C0827;Member;P0010;Cotton T-Shirt;Clothing;2;249.99;499.98;Bank Transfer;2026/01/13;James Botha
T07363;S004;Fourways;C1895;Member;P0004;USB-C Charger;Electronics;1;299.99;299.99;Bank Transfer;2026/05/31;Sarah Mokoena
T07364;S004;Fourways;C1159;Guest;P0003;Smart Watch;Electronics;6;1299.99;7799.94;Cash;2026/05/18;Michael Williams
T07365;S004;Fourways;C0445;Guest;P0008;Blender;Appliances;3;899.99;2699.97;Mobile Pay;2026/05/28;Sarah Mokoena
T07366;S004;Fourways;C2635;Member;P0007;Air Fryer;Appliances;2;1799.99;3599.98;Card;2026/01/02;Noah Pillay
T07367;S004;Fourways;C2270;Member;P0021;Cushion Set;Home & Decor;4;299.99;1199.96;Card;2026/04/18;Jessica Naidoo
T07368;S004;Fourways;C0516;Member;P0002;Bluetooth Speaker;Electronics;4;649.99;2599.96;Card;2026/01/02;Olivia Dlamini
T07369;S004;Fourways;C0358;Member;P0011;Denim Jeans;Clothing;2;799.99;1599.98;Bank Transfer;2026/06/07;Sophie Mthembu
T07370;S004;Fourways;C0084;Member;P0018;Perfume;Beauty;3;899.99;2699.97;Bank Transfer;2026/03/16;Michael Williams
T07371;S004;Fourways;C1946;Member;P0017;Face Moisturiser;Beauty;1;249.99;249.99;Bank Transfer;2026/04/07;Michael Williams
T07372;S004;Fourways;C0233;Member;P0023;Dinner Plate Set;Kitchen;3;499.99;1499.97;Card;2026/04/19;Michael Williams
T07373;S004;Fourways;C1824;Member;P0025;Novel Book;Books;2;199.99;399.98;Bank Transfer;2026/06/25;Daniel Smith
T07374;S004;Fourways;C1190;Guest;P0013;Running Shoes;Sportswear;1;1499.5;1499.5;Cash;2026/03/30;Sarah Mokoena
T07375;S004;Fourways;C1983;Member;P0010;Cotton T-Shirt;Clothing;4;249.99;999.96;Mobile Pay;2026/04/30;Sophie Mthembu
T07376;S004;Fourways;C1351;Member;P0009;Electric Kettle;Appliances;6;499.99;2999.94;Mobile Pay;2026/05/26;James Botha
T07377;S004;Fourways;C2416;Guest;P0018;Perfume;Beauty;1;899.99;899.99;Card;2026/03/09;Liam Jacobs
T07378;S004;Fourways;C1933;Guest;P0011;Denim Jeans;Clothing;4;799.99;3199.96;Bank Transfer;2026/05/04;Noah Pillay
T07379;S004;Fourways;C1397;Member;P0001;Wireless Headphones;Electronics;3;899.99;2699.97;Bank Transfer;2026/04/11;Sophie Mthembu
T07380;S004;Fourways;C2251;Member;P0020;Table Lamp;Home & Decor;4;699.99;2799.96;Card;2026/04/30;Liam Jacobs
T07381;S004;Fourways;C1829;Member;P0024;Storage Container Set;Kitchen;3;349.99;1049.97;Mobile Pay;2026/03/23;Noah Pillay
T07382;S004;Fourways;C2876;Guest;P0004;USB-C Charger;Electronics;3;299.99;899.97;Card;2026/03/26;Jessica Naidoo
T07383;S004;Fourways;C0316;Member;P0013;Running Shoes;Sportswear;4;1499.5;5998.0;Mobile Pay;2026/03/23;Sarah Mokoena
T07384;S004;Fourways;C0996;Guest;P0014;Yoga Mat;Sportswear;1;399.99;399.99;Mobile Pay;2026/01/24;Jessica Naidoo
T07385;S004;Fourways;C2072;Member;P0023;Dinner Plate Set;Kitchen;2;499.99;999.98;Cash;2026/04/30;Emma Nkosi
T07386;S004;Fourways;C1700;Member;P0003;Smart Watch;Electronics;1;1299.99;1299.99;Bank Transfer;2026/05/21;Sarah Mokoena
T07387;S004;Fourways;C2316;Member;P0019;Throw Blanket;Home & Decor;3;449.99;1349.97;Cash;2026/03/14;Jessica Naidoo
T07388;S004;Fourways;C0210;Guest;P0020;Table Lamp;Home & Decor;3;699.99;2099.97;Cash;2026/02/01;Sophie Mthembu
T07389;S004;Fourways;C0132;Member;P0019;Throw Blanket;Home & Decor;5;449.99;2249.95;Card;2026/06/18;Sophie Mthembu
T07390;S004;Fourways;C1686;Guest;P0020;Table Lamp;Home & Decor;4;699.99;2799.96;Bank Transfer;2026/01/21;James Botha
T07391;S004;Fourways;C0693;Guest;P0012;Hooded Sweatshirt;Clothing;5;599.99;2999.95;Cash;2026/01/22;Sarah Mokoena
T07392;S004;Fourways;C0284;Guest;P0001;Wireless Headphones;Electronics;2;899.99;1799.98;Card;2026/05/10;James Botha
T07393;S004;Fourways;C2020;Member;P0017;Face Moisturiser;Beauty;4;249.99;999.96;Bank Transfer;2026/04/11;Jessica Naidoo
T07394;S004;Fourways;C1047;Member;P0005;Laptop Backpack;Accessories;5;549.99;2749.95;Mobile Pay;2026/01/04;Liam Jacobs
T07395;S004;Fourways;C1428;Member;P0013;Running Shoes;Sportswear;3;1499.5;4498.5;Bank Transfer;2026/06/11;Jessica Naidoo
T07396;S004;Fourways;C2280;Guest;P0011;Denim Jeans;Clothing;1;799.99;799.99;Bank Transfer;2026/03/27;Sarah Mokoena
T07397;S004;Fourways;C2145;Member;P0011;Denim Jeans;Clothing;1;799.99;799.99;Cash;2026/06/18;Michael Williams
T07398;S004;Fourways;C1164;Guest;P0009;Electric Kettle;Appliances;3;499.99;1499.97;Mobile Pay;2026/06/30;Sophie Mthembu
T07399;S004;Fourways;C1786;Member;P0010;Cotton T-Shirt;Clothing;3;249.99;749.97;Cash;2026/05/13;Jessica Naidoo
T07400;S004;Fourways;C2926;Guest;P0009;Electric Kettle;Appliances;4;499.99;1999.96;Bank Transfer;2026/02/26;Sarah Mokoena
T07401;S004;Fourways;C0002;Member;P0021;Cushion Set;Home & Decor;6;299.99;1799.94;Card;2026/02/04;Olivia Dlamini
T07402;S004;Fourways;C1591;Member;P0012;Hooded Sweatshirt;Clothing;2;599.99;1199.98;Mobile Pay;2026/01/28;Sarah Mokoena
T07403;S004;Fourways;C1067;Member;P0015;Sports Bottle;Sportswear;2;199.99;399.98;Mobile Pay;2026/05/01;Michael Williams
T07404;S004;Fourways;C2924;Guest;P0011;Denim Jeans;Clothing;1;799.99;799.99;Mobile Pay;2026/05/07;Olivia Dlamini
T07405;S004;Fourways;C0655;Member;P0007;Air Fryer;Appliances;6;1799.99;10799.94;Cash;2026/02/24;Sarah Mokoena
T07406;S004;Fourways;C0181;Guest;P0025;Novel Book;Books;5;199.99;999.95;Cash;2026/05/30;Sarah Mokoena
T07407;S004;Fourways;C2903;Member;P0012;Hooded Sweatshirt;Clothing;3;599.99;1799.97;Mobile Pay;2026/04/21;Sarah Mokoena
T07408;S004;Fourways;C2412;Guest;P0008;Blender;Appliances;5;899.99;4499.95;Cash;2026/01/18;James Botha
T07409;S004;Fourways;C1307;Member;P0010;Cotton T-Shirt;Clothing;4;249.99;999.96;Bank Transfer;2026/06/04;James Botha
T07410;S004;Fourways;C1508;Member;P0001;Wireless Headphones;Electronics;5;899.99;4499.95;Mobile Pay;2026/04/11;Daniel Smith
T07411;S004;Fourways;C0945;Member;P0004;USB-C Charger;Electronics;3;299.99;899.97;Cash;2026/01/10;Liam Jacobs
T07412;S004;Fourways;C2659;Member;P0005;Laptop Backpack;Accessories;3;549.99;1649.97;Bank Transfer;2026/04/21;Olivia Dlamini
T07413;S004;Fourways;C1375;Member;P0012;Hooded Sweatshirt;Clothing;2;599.99;1199.98;Mobile Pay;2026/02/09;Daniel Smith
T07414;S004;Fourways;C2113;Guest;P0015;Sports Bottle;Sportswear;2;199.99;399.98;Mobile Pay;2026/01/28;Jessica Naidoo
T07415;S004;Fourways;C1778;Guest;P0024;Storage Container Set;Kitchen;6;349.99;2099.94;Mobile Pay;2026/01/05;Daniel Smith
T07416;S004;Fourways;C0880;Member;P0002;Bluetooth Speaker;Electronics;5;649.99;3249.95;Card;2026/05/22;Sarah Mokoena
T07417;S004;Fourways;C2197;Member;P0004;USB-C Charger;Electronics;1;299.99;299.99;Mobile Pay;2026/06/25;Noah Pillay
T07418;S004;Fourways;C1550;Member;P0002;Bluetooth Speaker;Electronics;2;649.99;1299.98;Mobile Pay;2026/06/24;Jessica Naidoo
T07419;S004;Fourways;C1146;Member;P0021;Cushion Set;Home & Decor;6;299.99;1799.94;Mobile Pay;2026/05/15;Olivia Dlamini
T07420;S004;Fourways;C0538;Member;P0022;Cookware Set;Kitchen;3;1599.99;4799.97;Mobile Pay;2026/04/12;Sarah Mokoena
T07421;S004;Fourways;C1810;Guest;P0020;Table Lamp;Home & Decor;5;699.99;3499.95;Bank Transfer;2026/06/17;Sophie Mthembu
T07422;S004;Fourways;C1715;Member;P0012;Hooded Sweatshirt;Clothing;3;599.99;1799.97;Cash;2026/03/18;James Botha
T07423;S004;Fourways;C0578;Member;P0013;Running Shoes;Sportswear;2;1499.5;2999.0;Card;2026/02/06;Liam Jacobs
T07424;S004;Fourways;C0034;Member;P0003;Smart Watch;Electronics;5;1299.99;6499.95;Card;2026/06/03;Olivia Dlamini
T07425;S004;Fourways;C0285;Guest;P0005;Laptop Backpack;Accessories;6;549.99;3299.94;Mobile Pay;2026/04/01;Emma Nkosi
T07426;S004;Fourways;C0092;Guest;P0004;USB-C Charger;Electronics;1;299.99;299.99;Mobile Pay;2026/02/13;Noah Pillay
T07427;S004;Fourways;C0538;Member;P0013;Running Shoes;Sportswear;3;1499.5;4498.5;Cash;2026/01/07;Daniel Smith
T07428;S004;Fourways;C2621;Guest;P0022;Cookware Set;Kitchen;6;1599.99;9599.94;Mobile Pay;2026/06/08;Sophie Mthembu
T07429;S004;Fourways;C2302;Guest;P0025;Novel Book;Books;3;199.99;599.97;Card;2026/03/11;Michael Williams
T07430;S004;Fourways;C2695;Member;P0025;Novel Book;Books;3;199.99;599.97;Cash;2026/05/03;Liam Jacobs
T07431;S004;Fourways;C0632;Member;P0023;Dinner Plate Set;Kitchen;6;499.99;2999.94;Mobile Pay;2026/02/22;Daniel Smith
T07432;S004;Fourways;C2932;Member;P0004;USB-C Charger;Electronics;5;299.99;1499.95;Card;2026/06/25;Olivia Dlamini
T07433;S004;Fourways;C1503;Member;P0006;Coffee Maker;Appliances;5;1299.99;6499.95;Mobile Pay;2026/06/21;Noah Pillay
T07434;S004;Fourways;C1342;Member;P0015;Sports Bottle;Sportswear;2;199.99;399.98;Cash;2026/06/14;Noah Pillay
T07435;S004;Fourways;C2355;Member;P0010;Cotton T-Shirt;Clothing;3;249.99;749.97;Mobile Pay;2026/01/05;James Botha
T07436;S004;Fourways;C2675;Guest;P0001;Wireless Headphones;Electronics;2;899.99;1799.98;Mobile Pay;2026/06/24;Noah Pillay
T07437;S004;Fourways;C2644;Member;P0023;Dinner Plate Set;Kitchen;5;499.99;2499.95;Cash;2026/06/17;Sarah Mokoena
T07438;S004;Fourways;C1032;Member;P0012;Hooded Sweatshirt;Clothing;6;599.99;3599.94;Cash;2026/02/07;Michael Williams
T07439;S004;Fourways;C2715;Member;P0025;Novel Book;Books;6;199.99;1199.94;Cash;2026/03/29;Sarah Mokoena
T07440;S004;Fourways;C1055;Member;P0003;Smart Watch;Electronics;5;1299.99;6499.95;Bank Transfer;2026/04/17;James Botha
T07441;S004;Fourways;C0034;Guest;P0013;Running Shoes;Sportswear;5;1499.5;7497.5;Cash;2026/06/16;Daniel Smith
T07442;S004;Fourways;C2297;Member;P0010;Cotton T-Shirt;Clothing;3;249.99;749.97;Bank Transfer;2026/01/02;Olivia Dlamini
T07443;S004;Fourways;C2102;Member;P0013;Running Shoes;Sportswear;5;1499.5;7497.5;Card;2026/01/26;James Botha
T07444;S004;Fourways;C1495;Guest;P0024;Storage Container Set;Kitchen;3;349.99;1049.97;Mobile Pay;2026/01/03;Sarah Mokoena
T07445;S004;Fourways;C1639;Guest;P0019;Throw Blanket;Home & Decor;5;449.99;2249.95;Mobile Pay;2026/02/02;Liam Jacobs
T07446;S004;Fourways;C2477;Member;P0007;Air Fryer;Appliances;5;1799.99;8999.95;Bank Transfer;2026/03/07;Emma Nkosi
T07447;S004;Fourways;C0799;Member;P0001;Wireless Headphones;Electronics;5;899.99;4499.95;Mobile Pay;2026/06/19;James Botha
T07448;S004;Fourways;C1523;Member;P0024;Storage Container Set;Kitchen;3;349.99;1049.97;Card;2026/06/10;Michael Williams
T07449;S004;Fourways;C0026;Guest;P0013;Running Shoes;Sportswear;4;1499.5;5998.0;Mobile Pay;2026/05/17;Jessica Naidoo
T07450;S004;Fourways;C1961;Guest;P0024;Storage Container Set;Kitchen;2;349.99;699.98;Card;2026/04/08;Liam Jacobs
T07451;S004;Fourways;C1039;Guest;P0018;Perfume;Beauty;5;899.99;4499.95;Card;2026/01/27;Emma Nkosi
T07452;S004;Fourways;C2698;Member;P0010;Cotton T-Shirt;Clothing;4;249.99;999.96;Mobile Pay;2026/01/06;Sophie Mthembu
T07453;S004;Fourways;C0462;Guest;P0015;Sports Bottle;Sportswear;3;199.99;599.97;Mobile Pay;2026/03/30;Sarah Mokoena
T07454;S004;Fourways;C1118;Member;P0005;Laptop Backpack;Accessories;2;549.99;1099.98;Mobile Pay;2026/05/13;Daniel Smith
T07455;S004;Fourways;C2126;Guest;P0018;Perfume;Beauty;1;899.99;899.99;Card;2026/06/20;Liam Jacobs
T07456;S004;Fourways;C2171;Member;P0003;Smart Watch;Electronics;4;1299.99;5199.96;Bank Transfer;2026/03/20;Noah Pillay
T07457;S004;Fourways;C2051;Member;P0005;Laptop Backpack;Accessories;2;549.99;1099.98;Mobile Pay;2026/02/04;Noah Pillay
T07458;S004;Fourways;C0355;Guest;P0023;Dinner Plate Set;Kitchen;4;499.99;1999.96;Cash;2026/01/31;Liam Jacobs
T07459;S004;Fourways;C2500;Member;P0022;Cookware Set;Kitchen;6;1599.99;9599.94;Bank Transfer;2026/01/20;Olivia Dlamini
T07460;S004;Fourways;C2466;Member;P0015;Sports Bottle;Sportswear;6;199.99;1199.94;Bank Transfer;2026/02/20;Noah Pillay
T07461;S004;Fourways;C2393;Member;P0017;Face Moisturiser;Beauty;1;249.99;249.99;Mobile Pay;2026/03/10;Olivia Dlamini
T07462;S004;Fourways;C2636;Member;P0003;Smart Watch;Electronics;3;1299.99;3899.97;Bank Transfer;2026/03/15;Michael Williams
T07463;S004;Fourways;C1757;Member;P0001;Wireless Headphones;Electronics;3;899.99;2699.97;Cash;2026/05/17;Olivia Dlamini
T07464;S004;Fourways;C2258;Member;P0002;Bluetooth Speaker;Electronics;3;649.99;1949.97;Bank Transfer;2026/02/08;Daniel Smith
T07465;S004;Fourways;C1308;Member;P0012;Hooded Sweatshirt;Clothing;5;599.99;2999.95;Bank Transfer;2026/05/10;Liam Jacobs
T07466;S004;Fourways;C0640;Member;P0015;Sports Bottle;Sportswear;5;199.99;999.95;Cash;2026/03/07;Noah Pillay
T07467;S004;Fourways;C2607;Guest;P0023;Dinner Plate Set;Kitchen;6;499.99;2999.94;Cash;2026/03/01;James Botha
T07468;S004;Fourways;C2979;Member;P0008;Blender;Appliances;3;899.99;2699.97;Cash;2026/04/20;Sarah Mokoena
T07469;S004;Fourways;C2454;Member;P0018;Perfume;Beauty;5;899.99;4499.95;Card;2026/03/25;James Botha
T07470;S004;Fourways;C0974;Guest;P0019;Throw Blanket;Home & Decor;5;449.99;2249.95;Card;2026/05/17;Sophie Mthembu
T07471;S004;Fourways;C1765;Member;P0024;Storage Container Set;Kitchen;3;349.99;1049.97;Card;2026/01/21;Sophie Mthembu
T07472;S004;Fourways;C2019;Member;P0009;Electric Kettle;Appliances;6;499.99;2999.94;Cash;2026/04/28;Daniel Smith
T07473;S004;Fourways;C2996;Guest;P0003;Smart Watch;Electronics;4;1299.99;5199.96;Cash;2026/05/10;Sophie Mthembu
T07474;S004;Fourways;C0740;Member;P0002;Bluetooth Speaker;Electronics;4;649.99;2599.96;Cash;2026/04/14;Daniel Smith
T07475;S004;Fourways;C0285;Member;P0017;Face Moisturiser;Beauty;3;249.99;749.97;Cash;2026/02/07;Michael Williams
T07476;S004;Fourways;C0300;Member;P0005;Laptop Backpack;Accessories;3;549.99;1649.97;Mobile Pay;2026/05/25;Olivia Dlamini
T07477;S004;Fourways;C1531;Member;P0024;Storage Container Set;Kitchen;4;349.99;1399.96;Card;2026/01/21;Liam Jacobs
T07478;S004;Fourways;C0740;Member;P0002;Bluetooth Speaker;Electronics;2;649.99;1299.98;Mobile Pay;2026/02/25;Liam Jacobs
T07479;S004;Fourways;C2268;Member;P0003;Smart Watch;Electronics;1;1299.99;1299.99;Cash;2026/02/28;Emma Nkosi
T07480;S004;Fourways;C1140;Guest;P0023;Dinner Plate Set;Kitchen;6;499.99;2999.94;Card;2026/01/15;James Botha
T07481;S004;Fourways;C0717;Member;P0020;Table Lamp;Home & Decor;4;699.99;2799.96;Card;2026/02/11;Noah Pillay
T07482;S004;Fourways;C1043;Guest;P0006;Coffee Maker;Appliances;5;1299.99;6499.95;Bank Transfer;2026/01/28;Jessica Naidoo
T07483;S004;Fourways;C0561;Guest;P0014;Yoga Mat;Sportswear;6;399.99;2399.94;Bank Transfer;2026/04/17;Liam Jacobs
T07484;S004;Fourways;C1886;Member;P0013;Running Shoes;Sportswear;3;1499.5;4498.5;Card;2026/01/13;Sarah Mokoena
T07485;S004;Fourways;C1815;Member;P0011;Denim Jeans;Clothing;3;799.99;2399.97;Card;2026/04/10;James Botha
T07486;S004;Fourways;C0706;Member;P0008;Blender;Appliances;4;899.99;3599.96;Card;2026/03/03;James Botha
T07487;S004;Fourways;C2099;Member;P0016;Skincare Set;Beauty;5;599.99;2999.95;Cash;2026/02/28;Jessica Naidoo
T07488;S004;Fourways;C0657;Guest;P0024;Storage Container Set;Kitchen;3;349.99;1049.97;Card;2026/04/08;Daniel Smith
T07489;S004;Fourways;C1429;Member;P0016;Skincare Set;Beauty;4;599.99;2399.96;Bank Transfer;2026/05/30;Liam Jacobs
T07490;S004;Fourways;C0864;Member;P0024;Storage Container Set;Kitchen;5;349.99;1749.95;Card;2026/01/12;Liam Jacobs
T07491;S004;Fourways;C1422;Guest;P0021;Cushion Set;Home & Decor;3;299.99;899.97;Cash;2026/02/07;Noah Pillay
T07492;S004;Fourways;C0685;Guest;P0006;Coffee Maker;Appliances;3;1299.99;3899.97;Card;2026/05/01;Sophie Mthembu
T07493;S004;Fourways;C2566;Guest;P0019;Throw Blanket;Home & Decor;6;449.99;2699.94;Bank Transfer;2026/01/24;Olivia Dlamini
T07494;S004;Fourways;C2274;Member;P0025;Novel Book;Books;2;199.99;399.98;Bank Transfer;2026/04/06;James Botha
T07495;S004;Fourways;C0922;Member;P0024;Storage Container Set;Kitchen;4;349.99;1399.96;Cash;2026/04/20;James Botha
T07496;S004;Fourways;C0081;Member;P0009;Electric Kettle;Appliances;5;499.99;2499.95;Mobile Pay;2026/04/29;Sarah Mokoena
T07497;S004;Fourways;C1401;Member;P0010;Cotton T-Shirt;Clothing;1;249.99;249.99;Card;2026/03/30;Michael Williams
T07498;S004;Fourways;C2010;Guest;P0006;Coffee Maker;Appliances;4;1299.99;5199.96;Bank Transfer;2026/02/22;Olivia Dlamini
T07499;S004;Fourways;C1285;Member;P0017;Face Moisturiser;Beauty;2;249.99;499.98;Bank Transfer;2026/04/19;Michael Williams
T07500;S004;Fourways;C2808;Member;P0024;Storage Container Set;Kitchen;1;349.99;349.99;Mobile Pay;2026/03/03;Liam Jacobs
T07501;S004;Fourways;C1345;Member;P0009;Electric Kettle;Appliances;3;499.99;1499.97;Mobile Pay;2026/03/12;Daniel Smith
T07502;S004;Fourways;C0964;Member;P0016;Skincare Set;Beauty;6;599.99;3599.94;Mobile Pay;2026/05/01;Sophie Mthembu
T07503;S004;Fourways;C1682;Guest;P0020;Table Lamp;Home & Decor;5;699.99;3499.95;Bank Transfer;2026/06/21;Daniel Smith
T07504;S004;Fourways;C0704;Member;P0001;Wireless Headphones;Electronics;5;899.99;4499.95;Mobile Pay;2026/03/29;Liam Jacobs
T07505;S004;Fourways;C0305;Member;P0012;Hooded Sweatshirt;Clothing;5;599.99;2999.95;Cash;2026/01/15;Olivia Dlamini
T07506;S004;Fourways;C1068;Member;P0015;Sports Bottle;Sportswear;5;199.99;999.95;Cash;2026/01/04;Olivia Dlamini
T07507;S004;Fourways;C2996;Member;P0009;Electric Kettle;Appliances;1;499.99;499.99;Bank Transfer;2026/04/01;Sarah Mokoena
T07508;S004;Fourways;C0426;Member;P0014;Yoga Mat;Sportswear;5;399.99;1999.95;Card;2026/04/29;Noah Pillay
T07509;S004;Fourways;C1299;Member;P0025;Novel Book;Books;6;199.99;1199.94;Bank Transfer;2026/06/17;Liam Jacobs
T07510;S004;Fourways;C0103;Member;P0018;Perfume;Beauty;2;899.99;1799.98;Bank Transfer;2026/05/05;James Botha
T07511;S004;Fourways;C0202;Member;P0015;Sports Bottle;Sportswear;5;199.99;999.95;Cash;2026/01/14;James Botha
T07512;S004;Fourways;C0958;Guest;P0022;Cookware Set;Kitchen;4;1599.99;6399.96;Mobile Pay;2026/06/28;James Botha
T07513;S004;Fourways;C0892;Member;P0008;Blender;Appliances;1;899.99;899.99;Mobile Pay;2026/06/12;James Botha
T07514;S004;Fourways;C1842;Guest;P0023;Dinner Plate Set;Kitchen;5;499.99;2499.95;Cash;2026/02/06;Jessica Naidoo
T07515;S004;Fourways;C2578;Member;P0010;Cotton T-Shirt;Clothing;5;249.99;1249.95;Card;2026/06/05;Olivia Dlamini
T07516;S004;Fourways;C1205;Guest;P0019;Throw Blanket;Home & Decor;5;449.99;2249.95;Mobile Pay;2026/04/16;Jessica Naidoo
T07517;S004;Fourways;C1632;Member;P0004;USB-C Charger;Electronics;1;299.99;299.99;Bank Transfer;2026/02/16;Daniel Smith
T07518;S004;Fourways;C1853;Member;P0017;Face Moisturiser;Beauty;2;249.99;499.98;Card;2026/02/07;Liam Jacobs
T07519;S004;Fourways;C1299;Member;P0015;Sports Bottle;Sportswear;6;199.99;1199.94;Mobile Pay;2026/05/03;Sarah Mokoena
T07520;S004;Fourways;C1926;Member;P0005;Laptop Backpack;Accessories;2;549.99;1099.98;Mobile Pay;2026/06/30;Sophie Mthembu
T07521;S004;Fourways;C1574;Member;P0020;Table Lamp;Home & Decor;2;699.99;1399.98;Card;2026/05/27;Sophie Mthembu
T07522;S004;Fourways;C2507;Member;P0003;Smart Watch;Electronics;5;1299.99;6499.95;Bank Transfer;2026/06/09;Noah Pillay
T07523;S004;Fourways;C0125;Member;P0011;Denim Jeans;Clothing;5;799.99;3999.95;Mobile Pay;2026/04/07;Noah Pillay
T07524;S004;Fourways;C1134;Guest;P0006;Coffee Maker;Appliances;6;1299.99;7799.94;Bank Transfer;2026/03/30;Olivia Dlamini
T07525;S004;Fourways;C2512;Guest;P0003;Smart Watch;Electronics;4;1299.99;5199.96;Mobile Pay;2026/01/11;Jessica Naidoo
T07526;S004;Fourways;C1700;Guest;P0023;Dinner Plate Set;Kitchen;2;499.99;999.98;Bank Transfer;2026/06/23;James Botha
T07527;S004;Fourways;C0541;Member;P0023;Dinner Plate Set;Kitchen;1;499.99;499.99;Bank Transfer;2026/02/12;Jessica Naidoo
T07528;S004;Fourways;C2584;Member;P0022;Cookware Set;Kitchen;6;1599.99;9599.94;Cash;2026/01/26;Michael Williams
T07529;S004;Fourways;C0398;Member;P0014;Yoga Mat;Sportswear;2;399.99;799.98;Cash;2026/05/23;Sophie Mthembu
T07530;S004;Fourways;C2495;Guest;P0021;Cushion Set;Home & Decor;3;299.99;899.97;Card;2026/05/18;Sarah Mokoena
T07531;S004;Fourways;C1073;Member;P0014;Yoga Mat;Sportswear;3;399.99;1199.97;Card;2026/04/13;Emma Nkosi
T07532;S004;Fourways;C0031;Guest;P0021;Cushion Set;Home & Decor;3;299.99;899.97;Bank Transfer;2026/05/07;Liam Jacobs
T07533;S004;Fourways;C0123;Member;P0015;Sports Bottle;Sportswear;4;199.99;799.96;Cash;2026/03/16;Sophie Mthembu
T07534;S004;Fourways;C2001;Member;P0024;Storage Container Set;Kitchen;5;349.99;1749.95;Mobile Pay;2026/04/13;Daniel Smith
T07535;S004;Fourways;C0933;Member;P0006;Coffee Maker;Appliances;5;1299.99;6499.95;Bank Transfer;2026/02/04;Sarah Mokoena
T07536;S004;Fourways;C0613;Guest;P0005;Laptop Backpack;Accessories;6;549.99;3299.94;Card;2026/04/23;Emma Nkosi
T07537;S004;Fourways;C0362;Member;P0013;Running Shoes;Sportswear;6;1499.5;8997.0;Card;2026/02/17;Emma Nkosi
T07538;S004;Fourways;C0432;Guest;P0014;Yoga Mat;Sportswear;4;399.99;1599.96;Card;2026/06/04;Daniel Smith
T07539;S004;Fourways;C1567;Guest;P0002;Bluetooth Speaker;Electronics;2;649.99;1299.98;Mobile Pay;2026/01/16;James Botha
T07540;S004;Fourways;C1717;Guest;P0018;Perfume;Beauty;4;899.99;3599.96;Mobile Pay;2026/04/06;Olivia Dlamini
T07541;S004;Fourways;C2398;Guest;P0005;Laptop Backpack;Accessories;6;549.99;3299.94;Cash;2026/03/06;James Botha
T07542;S004;Fourways;C0372;Guest;P0018;Perfume;Beauty;3;899.99;2699.97;Bank Transfer;2026/04/02;Michael Williams
T07543;S004;Fourways;C0234;Member;P0016;Skincare Set;Beauty;1;599.99;599.99;Cash;2026/02/01;Olivia Dlamini
T07544;S004;Fourways;C2410;Guest;P0013;Running Shoes;Sportswear;6;1499.5;8997.0;Cash;2026/02/01;Jessica Naidoo
T07545;S004;Fourways;C2773;Member;P0011;Denim Jeans;Clothing;1;799.99;799.99;Cash;2026/03/10;Jessica Naidoo
T07546;S004;Fourways;C2794;Member;P0016;Skincare Set;Beauty;5;599.99;2999.95;Bank Transfer;2026/03/29;Sophie Mthembu
T07547;S004;Fourways;C2098;Member;P0022;Cookware Set;Kitchen;1;1599.99;1599.99;Cash;2026/02/01;Noah Pillay
T07548;S004;Fourways;C2230;Guest;P0020;Table Lamp;Home & Decor;2;699.99;1399.98;Bank Transfer;2026/05/25;Sarah Mokoena
T07549;S004;Fourways;C2622;Guest;P0014;Yoga Mat;Sportswear;3;399.99;1199.97;Bank Transfer;2026/05/02;Noah Pillay
T07550;S004;Fourways;C2864;Member;P0001;Wireless Headphones;Electronics;1;899.99;899.99;Cash;2026/01/09;James Botha
T07551;S004;Fourways;C2333;Guest;P0023;Dinner Plate Set;Kitchen;2;499.99;999.98;Mobile Pay;2026/01/01;Jessica Naidoo
T07552;S004;Fourways;C2723;Member;P0001;Wireless Headphones;Electronics;6;899.99;5399.94;Mobile Pay;2026/02/21;Jessica Naidoo
T07553;S004;Fourways;C2409;Member;P0025;Novel Book;Books;6;199.99;1199.94;Cash;2026/04/04;Michael Williams
T07554;S004;Fourways;C2671;Member;P0007;Air Fryer;Appliances;2;1799.99;3599.98;Bank Transfer;2026/04/05;Daniel Smith
T07555;S004;Fourways;C0666;Guest;P0025;Novel Book;Books;5;199.99;999.95;Card;2026/01/09;James Botha
T07556;S004;Fourways;C1875;Member;P0004;USB-C Charger;Electronics;3;299.99;899.97;Mobile Pay;2026/06/18;Jessica Naidoo
T07557;S004;Fourways;C2487;Member;P0010;Cotton T-Shirt;Clothing;5;249.99;1249.95;Bank Transfer;2026/05/26;Jessica Naidoo
T07558;S004;Fourways;C0042;Guest;P0014;Yoga Mat;Sportswear;4;399.99;1599.96;Mobile Pay;2026/02/02;Sophie Mthembu
T07559;S004;Fourways;C2328;Member;P0007;Air Fryer;Appliances;5;1799.99;8999.95;Bank Transfer;2026/06/29;Jessica Naidoo
T07560;S004;Fourways;C1665;Member;P0022;Cookware Set;Kitchen;6;1599.99;9599.94;Card;2026/06/05;James Botha
T07561;S004;Fourways;C0825;Member;P0023;Dinner Plate Set;Kitchen;6;499.99;2999.94;Bank Transfer;2026/05/25;Olivia Dlamini
T07562;S004;Fourways;C2769;Guest;P0010;Cotton T-Shirt;Clothing;5;249.99;1249.95;Mobile Pay;2026/02/25;Olivia Dlamini
T07563;S004;Fourways;C2605;Member;P0001;Wireless Headphones;Electronics;4;899.99;3599.96;Bank Transfer;2026/04/13;Liam Jacobs
T07564;S004;Fourways;C1536;Member;P0009;Electric Kettle;Appliances;4;499.99;1999.96;Bank Transfer;2026/06/16;Olivia Dlamini
T07565;S004;Fourways;C2648;Member;P0013;Running Shoes;Sportswear;2;1499.5;2999.0;Card;2026/01/15;Sarah Mokoena
T07566;S004;Fourways;C1209;Member;P0011;Denim Jeans;Clothing;6;799.99;4799.94;Bank Transfer;2026/04/03;Jessica Naidoo
T07567;S004;Fourways;C2983;Guest;P0005;Laptop Backpack;Accessories;4;549.99;2199.96;Mobile Pay;2026/05/28;Liam Jacobs
T07568;S004;Fourways;C2000;Member;P0025;Novel Book;Books;4;199.99;799.96;Card;2026/01/01;Sophie Mthembu
T07569;S004;Fourways;C2959;Guest;P0006;Coffee Maker;Appliances;3;1299.99;3899.97;Card;2026/06/08;Sophie Mthembu
T07570;S004;Fourways;C1557;Member;P0010;Cotton T-Shirt;Clothing;1;249.99;249.99;Cash;2026/03/09;James Botha
T07571;S004;Fourways;C0814;Guest;P0010;Cotton T-Shirt;Clothing;4;249.99;999.96;Cash;2026/03/16;James Botha
T07572;S004;Fourways;C2301;Member;P0016;Skincare Set;Beauty;5;599.99;2999.95;Cash;2026/01/04;Jessica Naidoo
T07573;S004;Fourways;C0099;Member;P0018;Perfume;Beauty;5;899.99;4499.95;Card;2026/02/07;Olivia Dlamini
T07574;S004;Fourways;C1694;Member;P0024;Storage Container Set;Kitchen;6;349.99;2099.94;Card;2026/06/30;James Botha
T07575;S004;Fourways;C1259;Guest;P0012;Hooded Sweatshirt;Clothing;6;599.99;3599.94;Cash;2026/01/21;Jessica Naidoo
T07576;S004;Fourways;C1995;Member;P0006;Coffee Maker;Appliances;1;1299.99;1299.99;Card;2026/04/23;Daniel Smith
T07577;S004;Fourways;C0225;Member;P0007;Air Fryer;Appliances;2;1799.99;3599.98;Bank Transfer;2026/03/05;Liam Jacobs
T07578;S004;Fourways;C2049;Guest;P0023;Dinner Plate Set;Kitchen;4;499.99;1999.96;Mobile Pay;2026/02/01;Michael Williams
T07579;S004;Fourways;C1241;Member;P0018;Perfume;Beauty;4;899.99;3599.96;Bank Transfer;2026/03/15;Sophie Mthembu
T07580;S004;Fourways;C0262;Member;P0019;Throw Blanket;Home & Decor;2;449.99;899.98;Cash;2026/04/27;Daniel Smith
T07581;S004;Fourways;C2372;Guest;P0022;Cookware Set;Kitchen;3;1599.99;4799.97;Cash;2026/06/29;Liam Jacobs
T07582;S004;Fourways;C2050;Member;P0010;Cotton T-Shirt;Clothing;1;249.99;249.99;Bank Transfer;2026/02/28;Emma Nkosi
T07583;S004;Fourways;C2135;Guest;P0006;Coffee Maker;Appliances;1;1299.99;1299.99;Bank Transfer;2026/05/27;James Botha
T07584;S004;Fourways;C0835;Guest;P0024;Storage Container Set;Kitchen;4;349.99;1399.96;Card;2026/03/03;Emma Nkosi
T07585;S004;Fourways;C1329;Member;P0002;Bluetooth Speaker;Electronics;5;649.99;3249.95;Bank Transfer;2026/05/17;Sophie Mthembu
T07586;S004;Fourways;C0714;Member;P0008;Blender;Appliances;1;899.99;899.99;Mobile Pay;2026/06/19;Noah Pillay
T07587;S004;Fourways;C2321;Member;P0005;Laptop Backpack;Accessories;3;549.99;1649.97;Cash;2026/01/27;Sophie Mthembu
T07588;S004;Fourways;C0945;Member;P0007;Air Fryer;Appliances;3;1799.99;5399.97;Bank Transfer;2026/06/02;Sophie Mthembu
T07589;S004;Fourways;C2252;Guest;P0013;Running Shoes;Sportswear;2;1499.5;2999.0;Cash;2026/01/12;Michael Williams
T07590;S004;Fourways;C0625;Guest;P0018;Perfume;Beauty;3;899.99;2699.97;Card;2026/03/06;Noah Pillay
T07591;S004;Fourways;C0722;Guest;P0009;Electric Kettle;Appliances;4;499.99;1999.96;Mobile Pay;2026/04/24;Jessica Naidoo
T07592;S004;Fourways;C0733;Member;P0004;USB-C Charger;Electronics;5;299.99;1499.95;Card;2026/04/06;Noah Pillay
T07593;S004;Fourways;C2954;Member;P0022;Cookware Set;Kitchen;4;1599.99;6399.96;Cash;2026/02/18;James Botha
T07594;S004;Fourways;C0054;Guest;P0008;Blender;Appliances;2;899.99;1799.98;Card;2026/06/26;Olivia Dlamini
T07595;S004;Fourways;C0962;Member;P0018;Perfume;Beauty;6;899.99;5399.94;Mobile Pay;2026/02/02;Olivia Dlamini
T07596;S004;Fourways;C2562;Member;P0018;Perfume;Beauty;2;899.99;1799.98;Mobile Pay;2026/06/22;Jessica Naidoo
T07597;S004;Fourways;C2259;Member;P0001;Wireless Headphones;Electronics;1;899.99;899.99;Bank Transfer;2026/01/13;Noah Pillay
T07598;S004;Fourways;C0452;Member;P0001;Wireless Headphones;Electronics;5;899.99;4499.95;Cash;2026/06/05;Sarah Mokoena
T07599;S004;Fourways;C1397;Guest;P0004;USB-C Charger;Electronics;5;299.99;1499.95;Bank Transfer;2026/02/16;Daniel Smith
T07600;S004;Fourways;C0734;Member;P0019;Throw Blanket;Home & Decor;2;449.99;899.98;Card;2026/04/02;Jessica Naidoo
T07601;S004;Fourways;C1996;Guest;P0020;Table Lamp;Home & Decor;3;699.99;2099.97;Mobile Pay;2026/04/11;Sarah Mokoena
T07602;S004;Fourways;C1753;Member;P0005;Laptop Backpack;Accessories;3;549.99;1649.97;Mobile Pay;2026/05/09;Noah Pillay
T07603;S004;Fourways;C0221;Member;P0011;Denim Jeans;Clothing;2;799.99;1599.98;Mobile Pay;2026/06/18;Emma Nkosi
T07604;S004;Fourways;C0748;Member;P0012;Hooded Sweatshirt;Clothing;6;599.99;3599.94;Mobile Pay;2026/02/14;Michael Williams
T07605;S004;Fourways;C0302;Member;P0016;Skincare Set;Beauty;6;599.99;3599.94;Mobile Pay;2026/06/23;Jessica Naidoo
T07606;S004;Fourways;C0321;Member;P0017;Face Moisturiser;Beauty;6;249.99;1499.94;Cash;2026/02/11;Olivia Dlamini
T07607;S004;Fourways;C0123;Member;P0010;Cotton T-Shirt;Clothing;2;249.99;499.98;Cash;2026/01/09;Jessica Naidoo
T07608;S004;Fourways;C2113;Member;P0007;Air Fryer;Appliances;6;1799.99;10799.94;Cash;2026/05/11;Emma Nkosi
T07609;S004;Fourways;C2057;Guest;P0009;Electric Kettle;Appliances;2;499.99;999.98;Bank Transfer;2026/03/05;Michael Williams
T07610;S004;Fourways;C2801;Member;P0005;Laptop Backpack;Accessories;2;549.99;1099.98;Mobile Pay;2026/05/06;Jessica Naidoo
T07611;S004;Fourways;C0936;Guest;P0021;Cushion Set;Home & Decor;4;299.99;1199.96;Card;2026/02/07;James Botha
T07612;S004;Fourways;C1595;Member;P0003;Smart Watch;Electronics;4;1299.99;5199.96;Mobile Pay;2026/03/31;Liam Jacobs
T07613;S004;Fourways;C0072;Member;P0007;Air Fryer;Appliances;3;1799.99;5399.97;Mobile Pay;2026/02/02;Daniel Smith
T07614;S004;Fourways;C2623;Member;P0021;Cushion Set;Home & Decor;6;299.99;1799.94;Mobile Pay;2026/01/10;Daniel Smith
T07615;S004;Fourways;C2603;Member;P0014;Yoga Mat;Sportswear;5;399.99;1999.95;Mobile Pay;2026/02/02;Emma Nkosi
T07616;S004;Fourways;C0729;Guest;P0013;Running Shoes;Sportswear;4;1499.5;5998.0;Card;2026/02/24;Jessica Naidoo
T07617;S004;Fourways;C2657;Member;P0025;Novel Book;Books;4;199.99;799.96;Card;2026/05/28;Liam Jacobs
T07618;S004;Fourways;C0354;Member;P0006;Coffee Maker;Appliances;3;1299.99;3899.97;Bank Transfer;2026/05/23;Sophie Mthembu
T07619;S004;Fourways;C0258;Member;P0007;Air Fryer;Appliances;2;1799.99;3599.98;Cash;2026/05/05;Sophie Mthembu
T07620;S004;Fourways;C1095;Member;P0018;Perfume;Beauty;5;899.99;4499.95;Card;2026/05/10;Michael Williams
T07621;S004;Fourways;C0200;Member;P0010;Cotton T-Shirt;Clothing;6;249.99;1499.94;Card;2026/06/19;Olivia Dlamini
T07622;S004;Fourways;C2081;Member;P0005;Laptop Backpack;Accessories;2;549.99;1099.98;Card;2026/02/07;Sophie Mthembu
T07623;S004;Fourways;C2367;Guest;P0009;Electric Kettle;Appliances;6;499.99;2999.94;Card;2026/06/02;Liam Jacobs
T07624;S004;Fourways;C1804;Member;P0023;Dinner Plate Set;Kitchen;4;499.99;1999.96;Cash;2026/05/05;Daniel Smith
T07625;S004;Fourways;C0381;Member;P0009;Electric Kettle;Appliances;4;499.99;1999.96;Bank Transfer;2026/03/15;Daniel Smith
T07626;S004;Fourways;C1216;Member;P0008;Blender;Appliances;3;899.99;2699.97;Card;2026/05/05;Sophie Mthembu
T07627;S004;Fourways;C1436;Member;P0014;Yoga Mat;Sportswear;2;399.99;799.98;Bank Transfer;2026/06/20;Jessica Naidoo
T07628;S004;Fourways;C2497;Member;P0011;Denim Jeans;Clothing;3;799.99;2399.97;Card;2026/05/29;Emma Nkosi
T07629;S004;Fourways;C1237;Member;P0025;Novel Book;Books;4;199.99;799.96;Card;2026/06/09;Sarah Mokoena
T07630;S004;Fourways;C2986;Member;P0006;Coffee Maker;Appliances;4;1299.99;5199.96;Card;2026/06/15;Olivia Dlamini
T07631;S004;Fourways;C0613;Guest;P0003;Smart Watch;Electronics;6;1299.99;7799.94;Card;2026/02/25;Liam Jacobs
T07632;S004;Fourways;C2067;Member;P0020;Table Lamp;Home & Decor;6;699.99;4199.94;Card;2026/03/19;Emma Nkosi
T07633;S004;Fourways;C2586;Member;P0016;Skincare Set;Beauty;3;599.99;1799.97;Card;2026/03/06;Daniel Smith
T07634;S004;Fourways;C0733;Member;P0024;Storage Container Set;Kitchen;5;349.99;1749.95;Cash;2026/05/21;Daniel Smith
T07635;S004;Fourways;C0547;Member;P0013;Running Shoes;Sportswear;1;1499.5;1499.5;Card;2026/04/26;Olivia Dlamini
T07636;S004;Fourways;C2472;Guest;P0003;Smart Watch;Electronics;6;1299.99;7799.94;Bank Transfer;2026/06/10;Sarah Mokoena
T07637;S004;Fourways;C0219;Guest;P0013;Running Shoes;Sportswear;3;1499.5;4498.5;Mobile Pay;2026/01/19;James Botha
T07638;S004;Fourways;C1405;Member;P0025;Novel Book;Books;6;199.99;1199.94;Mobile Pay;2026/02/14;Daniel Smith
T07639;S004;Fourways;C1093;Member;P0008;Blender;Appliances;2;899.99;1799.98;Bank Transfer;2026/04/18;Liam Jacobs
T07640;S004;Fourways;C0752;Member;P0020;Table Lamp;Home & Decor;2;699.99;1399.98;Cash;2026/05/14;James Botha
T07641;S004;Fourways;C1690;Member;P0009;Electric Kettle;Appliances;3;499.99;1499.97;Mobile Pay;2026/03/13;Jessica Naidoo
T07642;S004;Fourways;C0495;Guest;P0015;Sports Bottle;Sportswear;5;199.99;999.95;Bank Transfer;2026/06/03;Daniel Smith
T07643;S004;Fourways;C0782;Member;P0006;Coffee Maker;Appliances;4;1299.99;5199.96;Bank Transfer;2026/06/09;Michael Williams
T07644;S004;Fourways;C2066;Member;P0004;USB-C Charger;Electronics;3;299.99;899.97;Mobile Pay;2026/06/23;Sophie Mthembu
T07645;S004;Fourways;C1290;Member;P0009;Electric Kettle;Appliances;2;499.99;999.98;Cash;2026/06/23;James Botha
T07646;S004;Fourways;C0439;Member;P0012;Hooded Sweatshirt;Clothing;1;599.99;599.99;Bank Transfer;2026/05/28;Sophie Mthembu
T07647;S004;Fourways;C1894;Member;P0006;Coffee Maker;Appliances;5;1299.99;6499.95;Cash;2026/05/09;Jessica Naidoo
T07648;S004;Fourways;C0624;Member;P0022;Cookware Set;Kitchen;1;1599.99;1599.99;Cash;2026/02/16;Jessica Naidoo
T07649;S004;Fourways;C2591;Member;P0025;Novel Book;Books;1;199.99;199.99;Card;2026/01/20;Sophie Mthembu
T07650;S004;Fourways;C1159;Member;P0017;Face Moisturiser;Beauty;6;249.99;1499.94;Mobile Pay;2026/06/21;Michael Williams
T07651;S004;Fourways;C0334;Member;P0022;Cookware Set;Kitchen;4;1599.99;6399.96;Mobile Pay;2026/02/15;Sophie Mthembu
T07652;S004;Fourways;C0413;Member;P0021;Cushion Set;Home & Decor;3;299.99;899.97;Cash;2026/03/05;Liam Jacobs
T07653;S004;Fourways;C2474;Member;P0008;Blender;Appliances;3;899.99;2699.97;Mobile Pay;2026/05/08;Liam Jacobs
T07654;S004;Fourways;C2655;Member;P0015;Sports Bottle;Sportswear;5;199.99;999.95;Card;2026/06/26;Sophie Mthembu
T07655;S004;Fourways;C0617;Member;P0018;Perfume;Beauty;1;899.99;899.99;Card;2026/03/16;Michael Williams
T07656;S004;Fourways;C1148;Member;P0015;Sports Bottle;Sportswear;3;199.99;599.97;Mobile Pay;2026/02/28;Emma Nkosi
T07657;S004;Fourways;C1663;Guest;P0015;Sports Bottle;Sportswear;1;199.99;199.99;Bank Transfer;2026/03/11;Daniel Smith
T07658;S004;Fourways;C1799;Member;P0005;Laptop Backpack;Accessories;3;549.99;1649.97;Bank Transfer;2026/04/15;James Botha
T07659;S004;Fourways;C1776;Member;P0009;Electric Kettle;Appliances;5;499.99;2499.95;Cash;2026/01/06;Michael Williams
T07660;S004;Fourways;C0735;Guest;P0014;Yoga Mat;Sportswear;6;399.99;2399.94;Bank Transfer;2026/05/06;Michael Williams
T07661;S004;Fourways;C1808;Guest;P0010;Cotton T-Shirt;Clothing;1;249.99;249.99;Card;2026/06/21;Michael Williams
T07662;S004;Fourways;C0617;Member;P0014;Yoga Mat;Sportswear;5;399.99;1999.95;Bank Transfer;2026/01/04;Michael Williams
T07663;S004;Fourways;C2639;Member;P0003;Smart Watch;Electronics;3;1299.99;3899.97;Card;2026/05/09;Jessica Naidoo
T07664;S004;Fourways;C1814;Guest;P0007;Air Fryer;Appliances;6;1799.99;10799.94;Bank Transfer;2026/03/17;Daniel Smith
T07665;S004;Fourways;C2000;Member;P0024;Storage Container Set;Kitchen;2;349.99;699.98;Bank Transfer;2026/05/04;James Botha
T07666;S004;Fourways;C2468;Member;P0010;Cotton T-Shirt;Clothing;1;249.99;249.99;Bank Transfer;2026/01/09;James Botha
T07667;S004;Fourways;C0636;Guest;P0003;Smart Watch;Electronics;6;1299.99;7799.94;Bank Transfer;2026/01/03;James Botha
T07668;S004;Fourways;C2087;Member;P0001;Wireless Headphones;Electronics;4;899.99;3599.96;Mobile Pay;2026/06/30;Jessica Naidoo
T07669;S004;Fourways;C2386;Guest;P0010;Cotton T-Shirt;Clothing;5;249.99;1249.95;Mobile Pay;2026/05/14;Olivia Dlamini
T07670;S004;Fourways;C1021;Member;P0010;Cotton T-Shirt;Clothing;5;249.99;1249.95;Mobile Pay;2026/01/27;Sophie Mthembu
T07671;S004;Fourways;C1520;Member;P0024;Storage Container Set;Kitchen;3;349.99;1049.97;Card;2026/03/06;Olivia Dlamini
T07672;S004;Fourways;C2037;Member;P0021;Cushion Set;Home & Decor;3;299.99;899.97;Mobile Pay;2026/03/30;Olivia Dlamini
T07673;S004;Fourways;C2162;Member;P0012;Hooded Sweatshirt;Clothing;4;599.99;2399.96;Mobile Pay;2026/05/03;James Botha
T07674;S004;Fourways;C0415;Guest;P0014;Yoga Mat;Sportswear;4;399.99;1599.96;Card;2026/04/17;Jessica Naidoo
T07675;S004;Fourways;C2018;Guest;P0018;Perfume;Beauty;2;899.99;1799.98;Mobile Pay;2026/03/23;Emma Nkosi
T07676;S004;Fourways;C2305;Member;P0001;Wireless Headphones;Electronics;1;899.99;899.99;Bank Transfer;2026/04/19;Sophie Mthembu
T07677;S004;Fourways;C2085;Member;P0004;USB-C Charger;Electronics;4;299.99;1199.96;Bank Transfer;2026/02/10;Sarah Mokoena
T07678;S004;Fourways;C1302;Member;P0015;Sports Bottle;Sportswear;2;199.99;399.98;Card;2026/04/30;Sarah Mokoena
T07679;S004;Fourways;C2658;Guest;P0021;Cushion Set;Home & Decor;6;299.99;1799.94;Bank Transfer;2026/05/24;Michael Williams
T07680;S004;Fourways;C0252;Guest;P0001;Wireless Headphones;Electronics;5;899.99;4499.95;Cash;2026/06/29;Michael Williams
T07681;S004;Fourways;C0446;Member;P0025;Novel Book;Books;1;199.99;199.99;Bank Transfer;2026/06/04;Jessica Naidoo
T07682;S004;Fourways;C1996;Guest;P0011;Denim Jeans;Clothing;1;799.99;799.99;Card;2026/04/29;Sophie Mthembu
T07683;S004;Fourways;C0432;Guest;P0025;Novel Book;Books;5;199.99;999.95;Bank Transfer;2026/02/02;Emma Nkosi
T07684;S004;Fourways;C2610;Guest;P0009;Electric Kettle;Appliances;1;499.99;499.99;Mobile Pay;2026/05/22;James Botha
T07685;S004;Fourways;C2699;Member;P0006;Coffee Maker;Appliances;5;1299.99;6499.95;Card;2026/01/12;Liam Jacobs
T07686;S004;Fourways;C2081;Member;P0012;Hooded Sweatshirt;Clothing;1;599.99;599.99;Mobile Pay;2026/02/02;Emma Nkosi
T07687;S004;Fourways;C2758;Member;P0005;Laptop Backpack;Accessories;5;549.99;2749.95;Cash;2026/06/10;Olivia Dlamini
T07688;S004;Fourways;C1349;Member;P0010;Cotton T-Shirt;Clothing;3;249.99;749.97;Mobile Pay;2026/02/24;Jessica Naidoo
T07689;S004;Fourways;C2823;Guest;P0021;Cushion Set;Home & Decor;5;299.99;1499.95;Cash;2026/03/04;Sophie Mthembu
T07690;S004;Fourways;C0916;Member;P0025;Novel Book;Books;6;199.99;1199.94;Card;2026/06/21;Daniel Smith
T07691;S004;Fourways;C0294;Member;P0001;Wireless Headphones;Electronics;3;899.99;2699.97;Card;2026/02/11;Sophie Mthembu
T07692;S004;Fourways;C2452;Guest;P0010;Cotton T-Shirt;Clothing;1;249.99;249.99;Cash;2026/01/20;Sarah Mokoena
T07693;S004;Fourways;C1400;Guest;P0013;Running Shoes;Sportswear;6;1499.5;8997.0;Bank Transfer;2026/01/13;Emma Nkosi
T07694;S004;Fourways;C0532;Guest;P0012;Hooded Sweatshirt;Clothing;4;599.99;2399.96;Card;2026/05/12;Liam Jacobs
T07695;S004;Fourways;C1209;Member;P0025;Novel Book;Books;6;199.99;1199.94;Mobile Pay;2026/05/04;Jessica Naidoo
T07696;S004;Fourways;C2587;Guest;P0005;Laptop Backpack;Accessories;4;549.99;2199.96;Bank Transfer;2026/02/06;Daniel Smith
T07697;S004;Fourways;C1279;Member;P0015;Sports Bottle;Sportswear;4;199.99;799.96;Card;2026/02/25;James Botha
T07698;S004;Fourways;C2675;Member;P0010;Cotton T-Shirt;Clothing;5;249.99;1249.95;Mobile Pay;2026/04/03;Noah Pillay
T07699;S004;Fourways;C0297;Guest;P0012;Hooded Sweatshirt;Clothing;1;599.99;599.99;Bank Transfer;2026/03/28;Daniel Smith
T07700;S004;Fourways;C1936;Member;P0016;Skincare Set;Beauty;2;599.99;1199.98;Mobile Pay;2026/02/09;Daniel Smith
T07701;S004;Fourways;C2692;Guest;P0022;Cookware Set;Kitchen;4;1599.99;6399.96;Mobile Pay;2026/03/14;Sarah Mokoena
T07702;S004;Fourways;C1770;Guest;P0010;Cotton T-Shirt;Clothing;2;249.99;499.98;Bank Transfer;2026/03/19;Jessica Naidoo
T07703;S004;Fourways;C2829;Member;P0011;Denim Jeans;Clothing;5;799.99;3999.95;Mobile Pay;2026/03/01;Sarah Mokoena
T07704;S004;Fourways;C0182;Member;P0025;Novel Book;Books;2;199.99;399.98;Cash;2026/05/15;Sarah Mokoena
T07705;S004;Fourways;C2583;Guest;P0020;Table Lamp;Home & Decor;6;699.99;4199.94;Cash;2026/05/06;Liam Jacobs
T07706;S004;Fourways;C2470;Guest;P0020;Table Lamp;Home & Decor;3;699.99;2099.97;Bank Transfer;2026/04/22;Michael Williams
T07707;S004;Fourways;C0020;Guest;P0002;Bluetooth Speaker;Electronics;5;649.99;3249.95;Mobile Pay;2026/03/17;Sarah Mokoena
T07708;S004;Fourways;C0886;Member;P0018;Perfume;Beauty;4;899.99;3599.96;Cash;2026/06/02;Michael Williams
T07709;S004;Fourways;C2703;Member;P0020;Table Lamp;Home & Decor;6;699.99;4199.94;Bank Transfer;2026/04/04;Liam Jacobs
T07710;S004;Fourways;C0409;Member;P0016;Skincare Set;Beauty;1;599.99;599.99;Mobile Pay;2026/03/05;Daniel Smith
T07711;S004;Fourways;C2730;Member;P0012;Hooded Sweatshirt;Clothing;3;599.99;1799.97;Card;2026/01/07;Emma Nkosi
T07712;S004;Fourways;C0510;Member;P0018;Perfume;Beauty;2;899.99;1799.98;Card;2026/06/29;Noah Pillay
T07713;S004;Fourways;C2164;Member;P0013;Running Shoes;Sportswear;4;1499.5;5998.0;Bank Transfer;2026/02/25;James Botha
T07714;S004;Fourways;C1492;Member;P0009;Electric Kettle;Appliances;5;499.99;2499.95;Bank Transfer;2026/01/27;Sarah Mokoena
T07715;S004;Fourways;C0362;Member;P0024;Storage Container Set;Kitchen;1;349.99;349.99;Bank Transfer;2026/02/22;Daniel Smith
T07716;S004;Fourways;C0548;Guest;P0018;Perfume;Beauty;4;899.99;3599.96;Mobile Pay;2026/01/24;Sophie Mthembu
T07717;S004;Fourways;C2951;Member;P0022;Cookware Set;Kitchen;4;1599.99;6399.96;Card;2026/03/20;Olivia Dlamini
T07718;S004;Fourways;C0383;Member;P0007;Air Fryer;Appliances;6;1799.99;10799.94;Bank Transfer;2026/06/24;Sophie Mthembu
T07719;S004;Fourways;C2318;Member;P0015;Sports Bottle;Sportswear;3;199.99;599.97;Card;2026/01/11;Olivia Dlamini
T07720;S004;Fourways;C2562;Guest;P0019;Throw Blanket;Home & Decor;1;449.99;449.99;Cash;2026/06/21;Emma Nkosi
T07721;S004;Fourways;C2075;Guest;P0002;Bluetooth Speaker;Electronics;6;649.99;3899.94;Bank Transfer;2026/04/15;Daniel Smith
T07722;S004;Fourways;C2241;Guest;P0016;Skincare Set;Beauty;6;599.99;3599.94;Mobile Pay;2026/05/13;Liam Jacobs
T07723;S004;Fourways;C2893;Guest;P0003;Smart Watch;Electronics;5;1299.99;6499.95;Bank Transfer;2026/01/04;James Botha
T07724;S004;Fourways;C0901;Guest;P0019;Throw Blanket;Home & Decor;3;449.99;1349.97;Bank Transfer;2026/06/30;Emma Nkosi
T07725;S004;Fourways;C0697;Guest;P0007;Air Fryer;Appliances;2;1799.99;3599.98;Cash;2026/05/27;Jessica Naidoo
T07726;S004;Fourways;C1625;Member;P0002;Bluetooth Speaker;Electronics;6;649.99;3899.94;Cash;2026/03/31;Daniel Smith
T07727;S004;Fourways;C0829;Member;P0006;Coffee Maker;Appliances;1;1299.99;1299.99;Bank Transfer;2026/05/14;Noah Pillay
T07728;S004;Fourways;C1822;Member;P0009;Electric Kettle;Appliances;2;499.99;999.98;Cash;2026/05/08;James Botha
T07729;S004;Fourways;C0955;Member;P0008;Blender;Appliances;5;899.99;4499.95;Mobile Pay;2026/06/07;Noah Pillay
T07730;S004;Fourways;C1063;Guest;P0025;Novel Book;Books;5;199.99;999.95;Mobile Pay;2026/03/29;Liam Jacobs
T07731;S004;Fourways;C2077;Member;P0018;Perfume;Beauty;3;899.99;2699.97;Mobile Pay;2026/01/12;James Botha
T07732;S004;Fourways;C2609;Guest;P0008;Blender;Appliances;5;899.99;4499.95;Card;2026/05/07;Sarah Mokoena
T07733;S004;Fourways;C1271;Member;P0007;Air Fryer;Appliances;2;1799.99;3599.98;Bank Transfer;2026/01/11;Noah Pillay
T07734;S004;Fourways;C2242;Member;P0006;Coffee Maker;Appliances;3;1299.99;3899.97;Mobile Pay;2026/06/23;Michael Williams
T07735;S004;Fourways;C2972;Member;P0006;Coffee Maker;Appliances;1;1299.99;1299.99;Mobile Pay;2026/03/13;James Botha
T07736;S004;Fourways;C0727;Member;P0007;Air Fryer;Appliances;1;1799.99;1799.99;Card;2026/03/21;Jessica Naidoo
T07737;S004;Fourways;C2605;Member;P0017;Face Moisturiser;Beauty;1;249.99;249.99;Mobile Pay;2026/05/29;Noah Pillay
T07738;S004;Fourways;C2651;Member;P0012;Hooded Sweatshirt;Clothing;3;599.99;1799.97;Mobile Pay;2026/06/19;James Botha
T07739;S004;Fourways;C0316;Member;P0008;Blender;Appliances;6;899.99;5399.94;Cash;2026/02/26;Sarah Mokoena
T07740;S004;Fourways;C0452;Member;P0025;Novel Book;Books;1;199.99;199.99;Cash;2026/05/10;Jessica Naidoo
T07741;S004;Fourways;C0177;Guest;P0004;USB-C Charger;Electronics;3;299.99;899.97;Cash;2026/06/07;Olivia Dlamini
T07742;S004;Fourways;C2428;Member;P0015;Sports Bottle;Sportswear;1;199.99;199.99;Bank Transfer;2026/03/08;Emma Nkosi
T07743;S004;Fourways;C2890;Member;P0009;Electric Kettle;Appliances;3;499.99;1499.97;Bank Transfer;2026/02/27;Michael Williams
T07744;S004;Fourways;C2353;Guest;P0022;Cookware Set;Kitchen;3;1599.99;4799.97;Card;2026/02/28;Daniel Smith
T07745;S004;Fourways;C0463;Member;P0024;Storage Container Set;Kitchen;2;349.99;699.98;Bank Transfer;2026/03/20;Emma Nkosi
T07746;S004;Fourways;C2522;Member;P0022;Cookware Set;Kitchen;4;1599.99;6399.96;Card;2026/04/30;Daniel Smith
T07747;S004;Fourways;C0455;Member;P0002;Bluetooth Speaker;Electronics;5;649.99;3249.95;Mobile Pay;2026/02/20;Olivia Dlamini
T07748;S004;Fourways;C2594;Member;P0012;Hooded Sweatshirt;Clothing;2;599.99;1199.98;Mobile Pay;2026/06/12;James Botha
T07749;S004;Fourways;C0813;Member;P0003;Smart Watch;Electronics;1;1299.99;1299.99;Mobile Pay;2026/04/22;Michael Williams
T07750;S004;Fourways;C1054;Member;P0021;Cushion Set;Home & Decor;5;299.99;1499.95;Mobile Pay;2026/05/10;Daniel Smith
T07751;S004;Fourways;C0254;Member;P0007;Air Fryer;Appliances;2;1799.99;3599.98;Cash;2026/01/10;Daniel Smith
T07752;S004;Fourways;C0567;Member;P0006;Coffee Maker;Appliances;2;1299.99;2599.98;Mobile Pay;2026/01/01;Daniel Smith
T07753;S004;Fourways;C0554;Guest;P0009;Electric Kettle;Appliances;2;499.99;999.98;Mobile Pay;2026/01/27;Sarah Mokoena
T07754;S004;Fourways;C0511;Member;P0016;Skincare Set;Beauty;1;599.99;599.99;Mobile Pay;2026/02/05;Noah Pillay
T07755;S004;Fourways;C2588;Guest;P0022;Cookware Set;Kitchen;3;1599.99;4799.97;Cash;2026/01/08;Sarah Mokoena
T07756;S004;Fourways;C2574;Guest;P0010;Cotton T-Shirt;Clothing;1;249.99;249.99;Cash;2026/03/11;James Botha
T07757;S004;Fourways;C1898;Guest;P0011;Denim Jeans;Clothing;1;799.99;799.99;Mobile Pay;2026/04/26;James Botha
T07758;S004;Fourways;C1300;Guest;P0012;Hooded Sweatshirt;Clothing;2;599.99;1199.98;Cash;2026/03/14;Daniel Smith
T07759;S004;Fourways;C0104;Guest;P0007;Air Fryer;Appliances;3;1799.99;5399.97;Mobile Pay;2026/05/13;Olivia Dlamini
T07760;S004;Fourways;C0106;Member;P0011;Denim Jeans;Clothing;4;799.99;3199.96;Bank Transfer;2026/05/10;Noah Pillay
T07761;S004;Fourways;C1779;Member;P0006;Coffee Maker;Appliances;1;1299.99;1299.99;Bank Transfer;2026/06/02;Michael Williams
T07762;S004;Fourways;C1470;Member;P0011;Denim Jeans;Clothing;2;799.99;1599.98;Card;2026/06/14;Daniel Smith
T07763;S004;Fourways;C2737;Guest;P0019;Throw Blanket;Home & Decor;2;449.99;899.98;Bank Transfer;2026/05/28;Sarah Mokoena
T07764;S004;Fourways;C0907;Member;P0021;Cushion Set;Home & Decor;1;299.99;299.99;Mobile Pay;2026/06/20;Emma Nkosi
T07765;S004;Fourways;C0837;Member;P0015;Sports Bottle;Sportswear;6;199.99;1199.94;Cash;2026/03/11;Olivia Dlamini
T07766;S004;Fourways;C2756;Guest;P0025;Novel Book;Books;3;199.99;599.97;Card;2026/06/11;Jessica Naidoo
T07767;S004;Fourways;C1730;Member;P0015;Sports Bottle;Sportswear;6;199.99;1199.94;Mobile Pay;2026/03/10;Michael Williams
T07768;S004;Fourways;C2421;Member;P0011;Denim Jeans;Clothing;5;799.99;3999.95;Mobile Pay;2026/06/24;Sophie Mthembu
T07769;S004;Fourways;C0136;Member;P0004;USB-C Charger;Electronics;2;299.99;599.98;Mobile Pay;2026/01/10;Emma Nkosi
T07770;S004;Fourways;C2688;Guest;P0004;USB-C Charger;Electronics;1;299.99;299.99;Bank Transfer;2026/01/25;Sophie Mthembu
T07771;S004;Fourways;C0052;Member;P0003;Smart Watch;Electronics;5;1299.99;6499.95;Cash;2026/02/02;Noah Pillay
T07772;S004;Fourways;C0741;Guest;P0021;Cushion Set;Home & Decor;6;299.99;1799.94;Bank Transfer;2026/02/26;Emma Nkosi
T07773;S004;Fourways;C1595;Guest;P0024;Storage Container Set;Kitchen;4;349.99;1399.96;Bank Transfer;2026/05/23;Sophie Mthembu
T07774;S004;Fourways;C1228;Guest;P0001;Wireless Headphones;Electronics;6;899.99;5399.94;Card;2026/02/05;Michael Williams
T07775;S004;Fourways;C2974;Guest;P0020;Table Lamp;Home & Decor;2;699.99;1399.98;Card;2026/04/24;Sophie Mthembu
T07776;S004;Fourways;C2792;Guest;P0016;Skincare Set;Beauty;5;599.99;2999.95;Cash;2026/05/30;Emma Nkosi
T07777;S004;Fourways;C2457;Member;P0022;Cookware Set;Kitchen;1;1599.99;1599.99;Card;2026/03/25;Noah Pillay
T07778;S004;Fourways;C1884;Member;P0003;Smart Watch;Electronics;6;1299.99;7799.94;Bank Transfer;2026/04/04;Michael Williams
T07779;S004;Fourways;C2662;Member;P0025;Novel Book;Books;1;199.99;199.99;Mobile Pay;2026/03/27;Daniel Smith
T07780;S004;Fourways;C0006;Guest;P0017;Face Moisturiser;Beauty;3;249.99;749.97;Bank Transfer;2026/02/23;Jessica Naidoo
T07781;S004;Fourways;C0686;Guest;P0012;Hooded Sweatshirt;Clothing;4;599.99;2399.96;Card;2026/02/18;Jessica Naidoo
T07782;S004;Fourways;C1511;Member;P0006;Coffee Maker;Appliances;5;1299.99;6499.95;Mobile Pay;2026/02/16;Olivia Dlamini
T07783;S004;Fourways;C0485;Member;P0002;Bluetooth Speaker;Electronics;2;649.99;1299.98;Cash;2026/03/19;Daniel Smith
T07784;S004;Fourways;C0227;Member;P0005;Laptop Backpack;Accessories;4;549.99;2199.96;Bank Transfer;2026/06/26;Sophie Mthembu
T07785;S004;Fourways;C1778;Member;P0010;Cotton T-Shirt;Clothing;1;249.99;249.99;Bank Transfer;2026/03/02;Liam Jacobs
T07786;S004;Fourways;C2870;Member;P0012;Hooded Sweatshirt;Clothing;5;599.99;2999.95;Card;2026/01/06;Michael Williams
T07787;S004;Fourways;C0297;Guest;P0001;Wireless Headphones;Electronics;5;899.99;4499.95;Cash;2026/01/29;Noah Pillay
T07788;S004;Fourways;C1142;Member;P0019;Throw Blanket;Home & Decor;5;449.99;2249.95;Card;2026/06/13;Jessica Naidoo
T07789;S004;Fourways;C1326;Member;P0011;Denim Jeans;Clothing;1;799.99;799.99;Card;2026/01/30;Sarah Mokoena
T07790;S004;Fourways;C0536;Guest;P0023;Dinner Plate Set;Kitchen;2;499.99;999.98;Bank Transfer;2026/04/09;Michael Williams
T07791;S004;Fourways;C0978;Guest;P0007;Air Fryer;Appliances;3;1799.99;5399.97;Card;2026/02/06;Jessica Naidoo
T07792;S004;Fourways;C0561;Guest;P0001;Wireless Headphones;Electronics;1;899.99;899.99;Bank Transfer;2026/02/13;Daniel Smith
T07793;S004;Fourways;C0852;Member;P0017;Face Moisturiser;Beauty;5;249.99;1249.95;Mobile Pay;2026/03/20;Daniel Smith
T07794;S004;Fourways;C2144;Guest;P0002;Bluetooth Speaker;Electronics;6;649.99;3899.94;Cash;2026/01/26;Jessica Naidoo
T07795;S004;Fourways;C2139;Member;P0012;Hooded Sweatshirt;Clothing;2;599.99;1199.98;Mobile Pay;2026/01/03;James Botha
T07796;S004;Fourways;C0648;Guest;P0004;USB-C Charger;Electronics;3;299.99;899.97;Mobile Pay;2026/05/23;Emma Nkosi
T07797;S004;Fourways;C2807;Guest;P0021;Cushion Set;Home & Decor;2;299.99;599.98;Cash;2026/06/27;Noah Pillay
T07798;S004;Fourways;C2078;Guest;P0008;Blender;Appliances;5;899.99;4499.95;Card;2026/03/01;Michael Williams
T07799;S004;Fourways;C1173;Member;P0024;Storage Container Set;Kitchen;2;349.99;699.98;Mobile Pay;2026/04/10;Emma Nkosi
T07800;S004;Fourways;C2263;Member;P0018;Perfume;Beauty;1;899.99;899.99;Mobile Pay;2026/04/20;Sarah Mokoena
T07801;S004;Fourways;C0047;Member;P0009;Electric Kettle;Appliances;5;499.99;2499.95;Card;2026/01/31;Daniel Smith
T07802;S004;Fourways;C0289;Member;P0004;USB-C Charger;Electronics;3;299.99;899.97;Cash;2026/06/21;Michael Williams
T07803;S004;Fourways;C2766;Guest;P0011;Denim Jeans;Clothing;1;799.99;799.99;Card;2026/06/05;Daniel Smith
T07804;S004;Fourways;C0988;Guest;P0003;Smart Watch;Electronics;3;1299.99;3899.97;Card;2026/02/05;Daniel Smith
T07805;S004;Fourways;C0570;Member;P0024;Storage Container Set;Kitchen;2;349.99;699.98;Cash;2026/03/10;Emma Nkosi
T07806;S004;Fourways;C2613;Guest;P0011;Denim Jeans;Clothing;3;799.99;2399.97;Card;2026/01/15;Michael Williams
T07807;S004;Fourways;C2424;Member;P0016;Skincare Set;Beauty;5;599.99;2999.95;Mobile Pay;2026/06/23;Michael Williams
T07808;S004;Fourways;C0681;Member;P0019;Throw Blanket;Home & Decor;6;449.99;2699.94;Cash;2026/02/16;Liam Jacobs
T07809;S004;Fourways;C1359;Member;P0008;Blender;Appliances;4;899.99;3599.96;Mobile Pay;2026/03/23;Daniel Smith
T07810;S004;Fourways;C2510;Member;P0004;USB-C Charger;Electronics;6;299.99;1799.94;Cash;2026/03/26;Olivia Dlamini
T07811;S004;Fourways;C0408;Member;P0015;Sports Bottle;Sportswear;3;199.99;599.97;Card;2026/05/25;James Botha
T07812;S004;Fourways;C0605;Guest;P0017;Face Moisturiser;Beauty;2;249.99;499.98;Bank Transfer;2026/06/05;Liam Jacobs
T07813;S004;Fourways;C2119;Guest;P0006;Coffee Maker;Appliances;2;1299.99;2599.98;Card;2026/01/14;Jessica Naidoo
T07814;S004;Fourways;C1403;Guest;P0002;Bluetooth Speaker;Electronics;2;649.99;1299.98;Cash;2026/05/18;Emma Nkosi
T07815;S004;Fourways;C2291;Guest;P0018;Perfume;Beauty;5;899.99;4499.95;Card;2026/03/14;Sophie Mthembu
T07816;S004;Fourways;C2802;Guest;P0023;Dinner Plate Set;Kitchen;1;499.99;499.99;Cash;2026/01/30;Jessica Naidoo
T07817;S004;Fourways;C2088;Member;P0018;Perfume;Beauty;1;899.99;899.99;Bank Transfer;2026/03/21;Daniel Smith
T07818;S004;Fourways;C2080;Member;P0010;Cotton T-Shirt;Clothing;6;249.99;1499.94;Card;2026/06/07;Emma Nkosi
T07819;S004;Fourways;C2309;Guest;P0016;Skincare Set;Beauty;2;599.99;1199.98;Bank Transfer;2026/01/30;Sarah Mokoena
T07820;S004;Fourways;C0495;Guest;P0017;Face Moisturiser;Beauty;3;249.99;749.97;Card;2026/02/07;Jessica Naidoo
T07821;S004;Fourways;C0600;Member;P0010;Cotton T-Shirt;Clothing;5;249.99;1249.95;Cash;2026/03/17;Daniel Smith
T07822;S004;Fourways;C1659;Member;P0006;Coffee Maker;Appliances;2;1299.99;2599.98;Cash;2026/06/25;Noah Pillay
T07823;S004;Fourways;C1382;Member;P0020;Table Lamp;Home & Decor;6;699.99;4199.94;Bank Transfer;2026/01/14;Emma Nkosi
T07824;S004;Fourways;C1291;Guest;P0011;Denim Jeans;Clothing;2;799.99;1599.98;Bank Transfer;2026/06/30;Olivia Dlamini
T07825;S004;Fourways;C0493;Member;P0024;Storage Container Set;Kitchen;4;349.99;1399.96;Cash;2026/02/25;James Botha
T07826;S004;Fourways;C1394;Member;P0021;Cushion Set;Home & Decor;4;299.99;1199.96;Card;2026/05/28;Noah Pillay
T07827;S004;Fourways;C2529;Member;P0006;Coffee Maker;Appliances;6;1299.99;7799.94;Bank Transfer;2026/05/01;James Botha
T07828;S004;Fourways;C1288;Member;P0008;Blender;Appliances;2;899.99;1799.98;Card;2026/02/16;James Botha
T07829;S004;Fourways;C1827;Member;P0018;Perfume;Beauty;5;899.99;4499.95;Bank Transfer;2026/01/05;Michael Williams
T07830;S004;Fourways;C2855;Guest;P0003;Smart Watch;Electronics;5;1299.99;6499.95;Cash;2026/06/22;Michael Williams
T07831;S004;Fourways;C2277;Member;P0009;Electric Kettle;Appliances;6;499.99;2999.94;Bank Transfer;2026/01/25;Daniel Smith
T07832;S004;Fourways;C0506;Member;P0019;Throw Blanket;Home & Decor;3;449.99;1349.97;Card;2026/06/17;Olivia Dlamini
T07833;S004;Fourways;C1530;Member;P0023;Dinner Plate Set;Kitchen;5;499.99;2499.95;Mobile Pay;2026/03/29;Daniel Smith
T07834;S004;Fourways;C2903;Member;P0002;Bluetooth Speaker;Electronics;5;649.99;3249.95;Card;2026/05/31;Daniel Smith
T07835;S004;Fourways;C0979;Guest;P0005;Laptop Backpack;Accessories;1;549.99;549.99;Bank Transfer;2026/04/06;Sophie Mthembu
T07836;S004;Fourways;C0152;Guest;P0001;Wireless Headphones;Electronics;3;899.99;2699.97;Card;2026/01/30;Emma Nkosi
T07837;S004;Fourways;C0771;Member;P0010;Cotton T-Shirt;Clothing;5;249.99;1249.95;Bank Transfer;2026/06/07;Emma Nkosi
T07838;S004;Fourways;C2338;Guest;P0003;Smart Watch;Electronics;4;1299.99;5199.96;Bank Transfer;2026/01/06;Noah Pillay
T07839;S004;Fourways;C1555;Guest;P0008;Blender;Appliances;3;899.99;2699.97;Mobile Pay;2026/02/04;Noah Pillay
T07840;S004;Fourways;C1060;Member;P0007;Air Fryer;Appliances;6;1799.99;10799.94;Bank Transfer;2026/06/13;Noah Pillay
T07841;S004;Fourways;C0946;Member;P0021;Cushion Set;Home & Decor;1;299.99;299.99;Mobile Pay;2026/04/13;Liam Jacobs
T07842;S004;Fourways;C2901;Guest;P0012;Hooded Sweatshirt;Clothing;6;599.99;3599.94;Cash;2026/01/23;James Botha
T07843;S004;Fourways;C2058;Guest;P0025;Novel Book;Books;1;199.99;199.99;Mobile Pay;2026/02/24;Jessica Naidoo
T07844;S004;Fourways;C2785;Member;P0016;Skincare Set;Beauty;5;599.99;2999.95;Mobile Pay;2026/02/23;Jessica Naidoo
T07845;S004;Fourways;C1156;Guest;P0010;Cotton T-Shirt;Clothing;4;249.99;999.96;Card;2026/05/14;Olivia Dlamini
T07846;S004;Fourways;C0855;Member;P0013;Running Shoes;Sportswear;5;1499.5;7497.5;Mobile Pay;2026/05/11;Daniel Smith
T07847;S004;Fourways;C0752;Member;P0005;Laptop Backpack;Accessories;2;549.99;1099.98;Card;2026/01/21;Jessica Naidoo
T07848;S004;Fourways;C1348;Member;P0001;Wireless Headphones;Electronics;3;899.99;2699.97;Mobile Pay;2026/03/06;James Botha
T07849;S004;Fourways;C0179;Guest;P0016;Skincare Set;Beauty;5;599.99;2999.95;Bank Transfer;2026/02/25;Liam Jacobs
T07850;S004;Fourways;C2357;Guest;P0006;Coffee Maker;Appliances;2;1299.99;2599.98;Mobile Pay;2026/06/01;Olivia Dlamini
T07851;S004;Fourways;C2792;Guest;P0010;Cotton T-Shirt;Clothing;6;249.99;1499.94;Bank Transfer;2026/03/22;Olivia Dlamini
T07852;S004;Fourways;C0456;Member;P0009;Electric Kettle;Appliances;5;499.99;2499.95;Mobile Pay;2026/02/13;Sophie Mthembu
T07853;S004;Fourways;C0393;Member;P0017;Face Moisturiser;Beauty;1;249.99;249.99;Cash;2026/02/22;Sarah Mokoena
T07854;S004;Fourways;C0463;Member;P0019;Throw Blanket;Home & Decor;5;449.99;2249.95;Card;2026/01/01;Sophie Mthembu
T07855;S004;Fourways;C2702;Guest;P0007;Air Fryer;Appliances;2;1799.99;3599.98;Card;2026/04/06;Jessica Naidoo
T07856;S004;Fourways;C0270;Member;P0002;Bluetooth Speaker;Electronics;4;649.99;2599.96;Cash;2026/01/04;James Botha
T07857;S004;Fourways;C0341;Guest;P0011;Denim Jeans;Clothing;1;799.99;799.99;Bank Transfer;2026/04/14;Michael Williams
T07858;S004;Fourways;C0902;Guest;P0016;Skincare Set;Beauty;4;599.99;2399.96;Mobile Pay;2026/02/02;Sarah Mokoena
T07859;S004;Fourways;C1329;Guest;P0011;Denim Jeans;Clothing;4;799.99;3199.96;Cash;2026/01/27;Sarah Mokoena
T07860;S004;Fourways;C0898;Member;P0009;Electric Kettle;Appliances;3;499.99;1499.97;Card;2026/04/15;Noah Pillay
T07861;S004;Fourways;C1780;Member;P0005;Laptop Backpack;Accessories;5;549.99;2749.95;Card;2026/04/25;Jessica Naidoo
T07862;S004;Fourways;C2591;Member;P0024;Storage Container Set;Kitchen;2;349.99;699.98;Bank Transfer;2026/03/24;Liam Jacobs
T07863;S004;Fourways;C0578;Member;P0025;Novel Book;Books;5;199.99;999.95;Card;2026/04/13;Jessica Naidoo
T07864;S004;Fourways;C0080;Member;P0005;Laptop Backpack;Accessories;5;549.99;2749.95;Bank Transfer;2026/01/05;Daniel Smith
T07865;S004;Fourways;C1149;Member;P0002;Bluetooth Speaker;Electronics;2;649.99;1299.98;Bank Transfer;2026/05/30;Jessica Naidoo
T07866;S004;Fourways;C1853;Guest;P0001;Wireless Headphones;Electronics;4;899.99;3599.96;Cash;2026/06/30;Olivia Dlamini
T07867;S004;Fourways;C0833;Member;P0013;Running Shoes;Sportswear;2;1499.5;2999.0;Mobile Pay;2026/05/13;Daniel Smith
T07868;S004;Fourways;C0116;Member;P0002;Bluetooth Speaker;Electronics;6;649.99;3899.94;Mobile Pay;2026/05/01;Jessica Naidoo
T07869;S004;Fourways;C1309;Guest;P0016;Skincare Set;Beauty;4;599.99;2399.96;Card;2026/02/04;Daniel Smith
T07870;S004;Fourways;C2615;Member;P0016;Skincare Set;Beauty;1;599.99;599.99;Mobile Pay;2026/02/20;Jessica Naidoo
T07871;S004;Fourways;C0163;Member;P0021;Cushion Set;Home & Decor;3;299.99;899.97;Mobile Pay;2026/05/06;Olivia Dlamini
T07872;S004;Fourways;C1244;Member;P0009;Electric Kettle;Appliances;5;499.99;2499.95;Mobile Pay;2026/02/11;Emma Nkosi
T07873;S004;Fourways;C0096;Member;P0021;Cushion Set;Home & Decor;6;299.99;1799.94;Cash;2026/02/09;Noah Pillay
T07874;S004;Fourways;C0900;Guest;P0001;Wireless Headphones;Electronics;2;899.99;1799.98;Cash;2026/04/04;Noah Pillay
T07875;S004;Fourways;C0930;Member;P0006;Coffee Maker;Appliances;2;1299.99;2599.98;Cash;2026/03/28;Daniel Smith
T07876;S004;Fourways;C1986;Guest;P0002;Bluetooth Speaker;Electronics;4;649.99;2599.96;Card;2026/05/01;Olivia Dlamini
T07877;S004;Fourways;C0509;Member;P0007;Air Fryer;Appliances;1;1799.99;1799.99;Card;2026/03/29;Emma Nkosi
T07878;S004;Fourways;C2991;Member;P0013;Running Shoes;Sportswear;6;1499.5;8997.0;Mobile Pay;2026/04/26;James Botha
T07879;S004;Fourways;C2388;Guest;P0020;Table Lamp;Home & Decor;2;699.99;1399.98;Mobile Pay;2026/05/06;Noah Pillay
T07880;S004;Fourways;C1566;Member;P0024;Storage Container Set;Kitchen;2;349.99;699.98;Cash;2026/03/08;Emma Nkosi
T07881;S004;Fourways;C0174;Member;P0001;Wireless Headphones;Electronics;5;899.99;4499.95;Cash;2026/02/17;Noah Pillay
T07882;S004;Fourways;C0449;Member;P0025;Novel Book;Books;6;199.99;1199.94;Cash;2026/06/27;Sarah Mokoena
T07883;S004;Fourways;C1515;Member;P0009;Electric Kettle;Appliances;2;499.99;999.98;Card;2026/02/18;Sarah Mokoena
T07884;S004;Fourways;C1662;Member;P0024;Storage Container Set;Kitchen;1;349.99;349.99;Card;2026/04/05;Emma Nkosi
T07885;S004;Fourways;C1579;Member;P0003;Smart Watch;Electronics;4;1299.99;5199.96;Bank Transfer;2026/01/23;Olivia Dlamini
T07886;S004;Fourways;C1786;Member;P0019;Throw Blanket;Home & Decor;1;449.99;449.99;Mobile Pay;2026/03/12;Olivia Dlamini
T07887;S004;Fourways;C2486;Guest;P0020;Table Lamp;Home & Decor;6;699.99;4199.94;Card;2026/01/25;Liam Jacobs
T07888;S004;Fourways;C1345;Member;P0012;Hooded Sweatshirt;Clothing;5;599.99;2999.95;Cash;2026/01/19;Olivia Dlamini
T07889;S004;Fourways;C1014;Guest;P0004;USB-C Charger;Electronics;6;299.99;1799.94;Mobile Pay;2026/06/06;Sarah Mokoena
T07890;S004;Fourways;C1942;Guest;P0025;Novel Book;Books;5;199.99;999.95;Card;2026/04/07;Daniel Smith
T07891;S004;Fourways;C0069;Guest;P0005;Laptop Backpack;Accessories;5;549.99;2749.95;Cash;2026/05/29;Olivia Dlamini
T07892;S004;Fourways;C2462;Guest;P0020;Table Lamp;Home & Decor;3;699.99;2099.97;Mobile Pay;2026/04/21;Emma Nkosi
T07893;S004;Fourways;C0179;Member;P0003;Smart Watch;Electronics;2;1299.99;2599.98;Mobile Pay;2026/01/06;Daniel Smith
T07894;S004;Fourways;C0616;Member;P0021;Cushion Set;Home & Decor;1;299.99;299.99;Card;2026/04/16;Sarah Mokoena
T07895;S004;Fourways;C1892;Guest;P0014;Yoga Mat;Sportswear;2;399.99;799.98;Cash;2026/03/09;Michael Williams
T07896;S004;Fourways;C0407;Member;P0007;Air Fryer;Appliances;6;1799.99;10799.94;Cash;2026/06/01;Michael Williams
T07897;S004;Fourways;C0276;Member;P0023;Dinner Plate Set;Kitchen;2;499.99;999.98;Card;2026/05/07;Sophie Mthembu
T07898;S004;Fourways;C2013;Guest;P0001;Wireless Headphones;Electronics;1;899.99;899.99;Bank Transfer;2026/06/24;Michael Williams
T07899;S004;Fourways;C2597;Guest;P0019;Throw Blanket;Home & Decor;2;449.99;899.98;Bank Transfer;2026/05/16;Jessica Naidoo
T07900;S004;Fourways;C2992;Guest;P0009;Electric Kettle;Appliances;3;499.99;1499.97;Mobile Pay;2026/02/19;Sophie Mthembu
T07901;S004;Fourways;C1105;Member;P0019;Throw Blanket;Home & Decor;5;449.99;2249.95;Cash;2026/05/17;Daniel Smith
T07902;S004;Fourways;C0095;Guest;P0020;Table Lamp;Home & Decor;2;699.99;1399.98;Bank Transfer;2026/05/28;Liam Jacobs
T07903;S004;Fourways;C2828;Member;P0010;Cotton T-Shirt;Clothing;2;249.99;499.98;Mobile Pay;2026/04/22;Olivia Dlamini
T07904;S004;Fourways;C1279;Member;P0017;Face Moisturiser;Beauty;1;249.99;249.99;Bank Transfer;2026/02/06;Olivia Dlamini
T07905;S004;Fourways;C2562;Guest;P0006;Coffee Maker;Appliances;2;1299.99;2599.98;Mobile Pay;2026/01/25;Emma Nkosi
T07906;S004;Fourways;C2303;Member;P0018;Perfume;Beauty;1;899.99;899.99;Cash;2026/06/07;Sophie Mthembu
T07907;S004;Fourways;C0713;Member;P0021;Cushion Set;Home & Decor;4;299.99;1199.96;Bank Transfer;2026/04/20;Jessica Naidoo
T07908;S004;Fourways;C0653;Member;P0024;Storage Container Set;Kitchen;6;349.99;2099.94;Mobile Pay;2026/03/09;Sophie Mthembu
T07909;S004;Fourways;C0819;Guest;P0011;Denim Jeans;Clothing;5;799.99;3999.95;Card;2026/01/17;Daniel Smith
T07910;S004;Fourways;C2701;Member;P0024;Storage Container Set;Kitchen;4;349.99;1399.96;Bank Transfer;2026/01/13;Sarah Mokoena
T07911;S004;Fourways;C1894;Member;P0016;Skincare Set;Beauty;1;599.99;599.99;Bank Transfer;2026/05/12;Sophie Mthembu
T07912;S004;Fourways;C2649;Member;P0021;Cushion Set;Home & Decor;2;299.99;599.98;Mobile Pay;2026/04/06;Michael Williams
T07913;S004;Fourways;C0391;Guest;P0017;Face Moisturiser;Beauty;2;249.99;499.98;Mobile Pay;2026/04/27;Emma Nkosi
T07914;S004;Fourways;C1913;Member;P0002;Bluetooth Speaker;Electronics;6;649.99;3899.94;Bank Transfer;2026/03/28;Noah Pillay
T07915;S004;Fourways;C1001;Member;P0008;Blender;Appliances;1;899.99;899.99;Card;2026/03/13;James Botha
T07916;S004;Fourways;C1451;Member;P0016;Skincare Set;Beauty;4;599.99;2399.96;Cash;2026/04/14;James Botha
T07917;S004;Fourways;C2528;Guest;P0018;Perfume;Beauty;1;899.99;899.99;Mobile Pay;2026/01/16;Michael Williams
T07918;S004;Fourways;C2314;Member;P0008;Blender;Appliances;6;899.99;5399.94;Card;2026/01/23;Sarah Mokoena
T07919;S004;Fourways;C2276;Guest;P0017;Face Moisturiser;Beauty;2;249.99;499.98;Mobile Pay;2026/01/18;Daniel Smith
T07920;S004;Fourways;C0645;Guest;P0014;Yoga Mat;Sportswear;6;399.99;2399.94;Bank Transfer;2026/03/25;Sophie Mthembu
T07921;S004;Fourways;C1276;Member;P0005;Laptop Backpack;Accessories;5;549.99;2749.95;Bank Transfer;2026/02/20;Olivia Dlamini
T07922;S004;Fourways;C2458;Member;P0007;Air Fryer;Appliances;1;1799.99;1799.99;Cash;2026/04/22;Jessica Naidoo
T07923;S004;Fourways;C0610;Member;P0020;Table Lamp;Home & Decor;2;699.99;1399.98;Cash;2026/05/17;Liam Jacobs
T07924;S004;Fourways;C0683;Member;P0018;Perfume;Beauty;4;899.99;3599.96;Cash;2026/05/24;Jessica Naidoo
T07925;S004;Fourways;C2535;Guest;P0018;Perfume;Beauty;1;899.99;899.99;Mobile Pay;2026/02/17;Daniel Smith
T07926;S004;Fourways;C0435;Member;P0021;Cushion Set;Home & Decor;3;299.99;899.97;Card;2026/02/08;Noah Pillay
T07927;S004;Fourways;C1149;Member;P0009;Electric Kettle;Appliances;6;499.99;2999.94;Cash;2026/05/10;Liam Jacobs
T07928;S004;Fourways;C2850;Guest;P0011;Denim Jeans;Clothing;6;799.99;4799.94;Mobile Pay;2026/06/26;Sarah Mokoena
T07929;S004;Fourways;C1110;Guest;P0024;Storage Container Set;Kitchen;3;349.99;1049.97;Bank Transfer;2026/01/29;Michael Williams
T07930;S004;Fourways;C1922;Guest;P0014;Yoga Mat;Sportswear;5;399.99;1999.95;Card;2026/04/14;Daniel Smith
T07931;S004;Fourways;C0739;Member;P0007;Air Fryer;Appliances;2;1799.99;3599.98;Mobile Pay;2026/06/02;Daniel Smith
T07932;S004;Fourways;C0102;Member;P0015;Sports Bottle;Sportswear;2;199.99;399.98;Mobile Pay;2026/05/25;Jessica Naidoo
T07933;S004;Fourways;C2609;Member;P0010;Cotton T-Shirt;Clothing;6;249.99;1499.94;Bank Transfer;2026/06/22;Sophie Mthembu
T07934;S004;Fourways;C0011;Guest;P0003;Smart Watch;Electronics;5;1299.99;6499.95;Mobile Pay;2026/05/14;Jessica Naidoo
T07935;S004;Fourways;C0352;Member;P0002;Bluetooth Speaker;Electronics;1;649.99;649.99;Card;2026/01/03;Jessica Naidoo
T07936;S004;Fourways;C0631;Guest;P0005;Laptop Backpack;Accessories;5;549.99;2749.95;Cash;2026/05/26;James Botha
T07937;S004;Fourways;C1293;Guest;P0003;Smart Watch;Electronics;2;1299.99;2599.98;Mobile Pay;2026/01/23;Daniel Smith
T07938;S004;Fourways;C1297;Guest;P0016;Skincare Set;Beauty;6;599.99;3599.94;Cash;2026/03/26;Emma Nkosi
T07939;S004;Fourways;C0056;Guest;P0012;Hooded Sweatshirt;Clothing;3;599.99;1799.97;Bank Transfer;2026/05/02;Emma Nkosi
T07940;S004;Fourways;C0666;Guest;P0022;Cookware Set;Kitchen;4;1599.99;6399.96;Card;2026/05/21;James Botha
T07941;S004;Fourways;C1699;Member;P0006;Coffee Maker;Appliances;6;1299.99;7799.94;Bank Transfer;2026/04/11;Noah Pillay
T07942;S004;Fourways;C0423;Member;P0018;Perfume;Beauty;3;899.99;2699.97;Cash;2026/01/18;Daniel Smith
T07943;S004;Fourways;C0326;Member;P0024;Storage Container Set;Kitchen;3;349.99;1049.97;Bank Transfer;2026/04/20;Liam Jacobs
T07944;S004;Fourways;C0399;Guest;P0014;Yoga Mat;Sportswear;3;399.99;1199.97;Card;2026/02/20;Liam Jacobs
T07945;S004;Fourways;C0694;Member;P0018;Perfume;Beauty;5;899.99;4499.95;Mobile Pay;2026/03/01;Emma Nkosi
T07946;S004;Fourways;C0271;Member;P0002;Bluetooth Speaker;Electronics;1;649.99;649.99;Bank Transfer;2026/01/19;Olivia Dlamini
T07947;S004;Fourways;C1215;Guest;P0007;Air Fryer;Appliances;5;1799.99;8999.95;Bank Transfer;2026/02/01;Sarah Mokoena
T07948;S004;Fourways;C2413;Guest;P0018;Perfume;Beauty;6;899.99;5399.94;Cash;2026/05/20;Noah Pillay
T07949;S004;Fourways;C0772;Member;P0016;Skincare Set;Beauty;4;599.99;2399.96;Card;2026/01/04;James Botha
T07950;S004;Fourways;C1247;Member;P0011;Denim Jeans;Clothing;6;799.99;4799.94;Bank Transfer;2026/03/12;Liam Jacobs
T07951;S004;Fourways;C1404;Member;P0024;Storage Container Set;Kitchen;1;349.99;349.99;Card;2026/05/21;Daniel Smith
T07952;S004;Fourways;C2729;Guest;P0006;Coffee Maker;Appliances;3;1299.99;3899.97;Mobile Pay;2026/06/06;Sophie Mthembu
T07953;S004;Fourways;C1941;Member;P0021;Cushion Set;Home & Decor;3;299.99;899.97;Card;2026/04/16;James Botha
T07954;S004;Fourways;C1159;Guest;P0020;Table Lamp;Home & Decor;3;699.99;2099.97;Mobile Pay;2026/01/18;Liam Jacobs
T07955;S004;Fourways;C2053;Member;P0018;Perfume;Beauty;5;899.99;4499.95;Cash;2026/06/22;Jessica Naidoo
T07956;S004;Fourways;C0513;Member;P0014;Yoga Mat;Sportswear;3;399.99;1199.97;Bank Transfer;2026/02/15;Sarah Mokoena
T07957;S004;Fourways;C1636;Guest;P0015;Sports Bottle;Sportswear;6;199.99;1199.94;Cash;2026/05/12;Liam Jacobs
T07958;S004;Fourways;C1395;Guest;P0022;Cookware Set;Kitchen;4;1599.99;6399.96;Card;2026/02/11;Olivia Dlamini
T07959;S004;Fourways;C2429;Guest;P0018;Perfume;Beauty;3;899.99;2699.97;Card;2026/06/26;Sarah Mokoena
T07960;S004;Fourways;C0095;Member;P0008;Blender;Appliances;2;899.99;1799.98;Cash;2026/01/10;Noah Pillay
T07961;S004;Fourways;C2449;Guest;P0013;Running Shoes;Sportswear;4;1499.5;5998.0;Mobile Pay;2026/03/06;Olivia Dlamini
T07962;S004;Fourways;C1668;Guest;P0004;USB-C Charger;Electronics;2;299.99;599.98;Card;2026/05/04;Emma Nkosi
T07963;S004;Fourways;C2944;Member;P0015;Sports Bottle;Sportswear;5;199.99;999.95;Card;2026/02/04;Noah Pillay
T07964;S004;Fourways;C2970;Member;P0012;Hooded Sweatshirt;Clothing;4;599.99;2399.96;Mobile Pay;2026/04/02;Liam Jacobs
T07965;S004;Fourways;C2645;Member;P0022;Cookware Set;Kitchen;3;1599.99;4799.97;Card;2026/06/02;Jessica Naidoo
T07966;S004;Fourways;C0659;Guest;P0024;Storage Container Set;Kitchen;5;349.99;1749.95;Bank Transfer;2026/01/25;James Botha
T07967;S004;Fourways;C0697;Member;P0020;Table Lamp;Home & Decor;6;699.99;4199.94;Mobile Pay;2026/02/28;Jessica Naidoo
T07968;S004;Fourways;C1313;Member;P0003;Smart Watch;Electronics;6;1299.99;7799.94;Card;2026/03/16;Olivia Dlamini
T07969;S004;Fourways;C1543;Member;P0020;Table Lamp;Home & Decor;6;699.99;4199.94;Card;2026/01/23;Jessica Naidoo
T07970;S004;Fourways;C1318;Guest;P0017;Face Moisturiser;Beauty;4;249.99;999.96;Mobile Pay;2026/03/26;Michael Williams
T07971;S004;Fourways;C1504;Member;P0005;Laptop Backpack;Accessories;6;549.99;3299.94;Mobile Pay;2026/04/10;Olivia Dlamini
T07972;S004;Fourways;C2466;Guest;P0002;Bluetooth Speaker;Electronics;6;649.99;3899.94;Card;2026/01/03;Jessica Naidoo
T07973;S004;Fourways;C1988;Member;P0024;Storage Container Set;Kitchen;5;349.99;1749.95;Cash;2026/04/18;Daniel Smith
T07974;S004;Fourways;C2346;Member;P0008;Blender;Appliances;1;899.99;899.99;Cash;2026/04/21;Olivia Dlamini
T07975;S004;Fourways;C0966;Member;P0024;Storage Container Set;Kitchen;5;349.99;1749.95;Card;2026/01/09;Sarah Mokoena
T07976;S004;Fourways;C1283;Guest;P0025;Novel Book;Books;5;199.99;999.95;Card;2026/05/21;Daniel Smith
T07977;S004;Fourways;C1349;Member;P0018;Perfume;Beauty;5;899.99;4499.95;Cash;2026/06/26;Daniel Smith
T07978;S004;Fourways;C2241;Guest;P0003;Smart Watch;Electronics;6;1299.99;7799.94;Card;2026/05/12;Daniel Smith
T07979;S004;Fourways;C0282;Member;P0012;Hooded Sweatshirt;Clothing;5;599.99;2999.95;Card;2026/02/17;Michael Williams
T07980;S004;Fourways;C2167;Guest;P0009;Electric Kettle;Appliances;2;499.99;999.98;Mobile Pay;2026/05/06;James Botha
T07981;S004;Fourways;C0287;Member;P0008;Blender;Appliances;6;899.99;5399.94;Card;2026/05/02;Olivia Dlamini
T07982;S004;Fourways;C2439;Member;P0017;Face Moisturiser;Beauty;2;249.99;499.98;Bank Transfer;2026/04/11;Michael Williams
T07983;S004;Fourways;C2990;Member;P0025;Novel Book;Books;2;199.99;399.98;Cash;2026/05/27;Jessica Naidoo
T07984;S004;Fourways;C2523;Guest;P0025;Novel Book;Books;6;199.99;1199.94;Bank Transfer;2026/05/06;Daniel Smith
T07985;S004;Fourways;C1521;Member;P0016;Skincare Set;Beauty;5;599.99;2999.95;Bank Transfer;2026/01/27;Liam Jacobs
T07986;S004;Fourways;C2328;Guest;P0025;Novel Book;Books;3;199.99;599.97;Mobile Pay;2026/04/22;Daniel Smith
T07987;S004;Fourways;C1432;Member;P0004;USB-C Charger;Electronics;3;299.99;899.97;Bank Transfer;2026/01/03;Olivia Dlamini
T07988;S004;Fourways;C2835;Member;P0019;Throw Blanket;Home & Decor;2;449.99;899.98;Cash;2026/04/17;Emma Nkosi
T07989;S004;Fourways;C1704;Guest;P0002;Bluetooth Speaker;Electronics;5;649.99;3249.95;Mobile Pay;2026/01/18;Olivia Dlamini
T07990;S004;Fourways;C2601;Member;P0024;Storage Container Set;Kitchen;5;349.99;1749.95;Card;2026/01/31;Noah Pillay
T07991;S004;Fourways;C2956;Guest;P0023;Dinner Plate Set;Kitchen;2;499.99;999.98;Cash;2026/02/14;Sophie Mthembu
T07992;S004;Fourways;C1542;Member;P0021;Cushion Set;Home & Decor;3;299.99;899.97;Bank Transfer;2026/01/30;Sophie Mthembu
T07993;S004;Fourways;C0029;Guest;P0006;Coffee Maker;Appliances;5;1299.99;6499.95;Bank Transfer;2026/04/24;Liam Jacobs
T07994;S004;Fourways;C0502;Guest;P0018;Perfume;Beauty;6;899.99;5399.94;Bank Transfer;2026/05/05;Olivia Dlamini
T07995;S004;Fourways;C0619;Guest;P0021;Cushion Set;Home & Decor;6;299.99;1799.94;Bank Transfer;2026/01/21;Emma Nkosi
T07996;S004;Fourways;C2423;Member;P0021;Cushion Set;Home & Decor;6;299.99;1799.94;Card;2026/04/15;Sarah Mokoena
T07997;S004;Fourways;C2579;Guest;P0015;Sports Bottle;Sportswear;5;199.99;999.95;Bank Transfer;2026/01/10;Noah Pillay
T07998;S004;Fourways;C2507;Guest;P0012;Hooded Sweatshirt;Clothing;1;599.99;599.99;Bank Transfer;2026/02/15;Liam Jacobs
T07999;S004;Fourways;C2400;Member;P0024;Storage Container Set;Kitchen;6;349.99;2099.94;Card;2026/02/27;Michael Williams
T08000;S004;Fourways;C1798;Member;P0011;Denim Jeans;Clothing;3;799.99;2399.97;Mobile Pay;2026/06/22;Emma Nkosi
