TransactionID;StoreID;StoreLocation;CustomerID;CustomerType;ProductID;ProductName;Category;Quantity;UnitPrice;TotalAmount;PaymentMethod;SalesDate;Salesperson
T00001;S001;Sandton;C0358;Guest;P0002;Bluetooth Speaker;Electronics;3;649.99;1949.97;Mobile Pay;2026/01/28;Sarah Mokoena
T00002;S001;Sandton;C2304;Member;P0013;Running Shoes;Sportswear;5;1499.5;7497.5;Card;2026/02/10;Jessica Naidoo
T00003;S001;Sandton;C1368;Guest;P0011;Denim Jeans;Clothing;5;799.99;3999.95;Cash;2026/01/01;Emma Nkosi
T00004;S001;Sandton;C2448;Member;P0025;Novel Book;Books;1;199.99;199.99;Card;2026/03/22;James Botha
T00005;S001;Sandton;C0380;Guest;P0004;USB-C Charger;Electronics;1;299.99;299.99;Cash;2026/01/06;Olivia Dlamini
T00006;S001;Sandton;C1954;Member;P0014;Yoga Mat;Sportswear;5;399.99;1999.95;Card;2026/03/20;Michael Williams
T00007;S001;Sandton;C0848;Guest;P0017;Face Moisturiser;Beauty;4;249.99;999.96;Mobile Pay;2026/01/04;Emma Nkosi
T00008;S001;Sandton;C2101;Member;P0025;Novel Book;Books;6;199.99;1199.94;Bank Transfer;2026/05/14;Emma Nkosi
T00009;S001;Sandton;C0131;Guest;P0012;Hooded Sweatshirt;Clothing;5;599.99;2999.95;Cash;2026/01/22;James Botha
T00010;S001;Sandton;C0697;Member;P0022;Cookware Set;Kitchen;3;1599.99;4799.97;Bank Transfer;2026/01/19;James Botha
T00011;S001;Sandton;C1377;Member;P0013;Running Shoes;Sportswear;5;1499.5;7497.5;Card;2026/06/10;Michael Williams
T00012;S001;Sandton;C0939;Member;P0001;Wireless Headphones;Electronics;3;899.99;2699.97;Card;2026/06/13;Olivia Dlamini
T00013;S001;Sandton;C2951;Member;P0016;Skincare Set;Beauty;6;599.99;3599.94;Bank Transfer;2026/02/15;Jessica Naidoo
T00014;S001;Sandton;C1551;Guest;P0018;Perfume;Beauty;4;899.99;3599.96;Card;2026/01/03;Jessica Naidoo
T00015;S001;Sandton;C0087;Member;P0015;Sports Bottle;Sportswear;2;199.99;399.98;Mobile Pay;2026/06/25;Olivia Dlamini
T00016;S001;Sandton;C1722;Member;P0014;Yoga Mat;Sportswear;6;399.99;2399.94;Card;2026/05/11;Michael Williams
T00017;S001;Sandton;C0340;Member;P0023;Dinner Plate Set;Kitchen;1;499.99;499.99;Card;2026/05/18;Emma Nkosi
T00018;S001;Sandton;C2844;Member;P0003;Smart Watch;Electronics;5;1299.99;6499.95;Card;2026/03/24;Olivia Dlamini
T00019;S001;Sandton;C2301;Member;P0016;Skincare Set;Beauty;1;599.99;599.99;Mobile Pay;2026/01/07;Jessica Naidoo
T00020;S001;Sandton;C2940;Guest;P0014;Yoga Mat;Sportswear;1;399.99;399.99;Cash;2026/04/06;Liam Jacobs
T00021;S001;Sandton;C2571;Member;P0024;Storage Container Set;Kitchen;1;349.99;349.99;Bank Transfer;2026/05/18;Olivia Dlamini
T00022;S001;Sandton;C1193;Guest;P0005;Laptop Backpack;Accessories;6;549.99;3299.94;Bank Transfer;2026/04/05;Jessica Naidoo
T00023;S001;Sandton;C2119;Member;P0018;Perfume;Beauty;3;899.99;2699.97;Cash;2026/05/31;Emma Nkosi
T00024;S001;Sandton;C0558;Member;P0014;Yoga Mat;Sportswear;1;399.99;399.99;Card;2026/03/31;James Botha
T00025;S001;Sandton;C2950;Guest;P0024;Storage Container Set;Kitchen;6;349.99;2099.94;Bank Transfer;2026/03/19;Emma Nkosi
T00026;S001;Sandton;C0650;Member;P0025;Novel Book;Books;1;199.99;199.99;Cash;2026/03/29;Sophie Mthembu
T00027;S001;Sandton;C2976;Member;P0004;USB-C Charger;Electronics;5;299.99;1499.95;Mobile Pay;2026/01/24;Olivia Dlamini
T00028;S001;Sandton;C0833;Guest;P0017;Face Moisturiser;Beauty;2;249.99;499.98;Mobile Pay;2026/04/12;Sarah Mokoena
T00029;S001;Sandton;C0808;Member;P0017;Face Moisturiser;Beauty;1;249.99;249.99;Card;2026/02/19;Olivia Dlamini
T00030;S001;Sandton;C0349;Member;P0019;Throw Blanket;Home & Decor;2;449.99;899.98;Card;2026/03/29;Sophie Mthembu
T00031;S001;Sandton;C2189;Member;P0018;Perfume;Beauty;2;899.99;1799.98;Bank Transfer;2026/05/07;Emma Nkosi
T00032;S001;Sandton;C1053;Guest;P0025;Novel Book;Books;1;199.99;199.99;Bank Transfer;2026/03/29;Emma Nkosi
T00033;S001;Sandton;C0517;Member;P0008;Blender;Appliances;5;899.99;4499.95;Card;2026/06/03;Noah Pillay
T00034;S001;Sandton;C2850;Member;P0016;Skincare Set;Beauty;3;599.99;1799.97;Card;2026/04/03;James Botha
T00035;S001;Sandton;C1724;Member;P0012;Hooded Sweatshirt;Clothing;6;599.99;3599.94;Cash;2026/04/25;Michael Williams
T00036;S001;Sandton;C0741;Member;P0025;Novel Book;Books;2;199.99;399.98;Card;2026/04/17;Emma Nkosi
T00037;S001;Sandton;C0717;Guest;P0017;Face Moisturiser;Beauty;3;249.99;749.97;Bank Transfer;2026/04/05;Daniel Smith
T00038;S001;Sandton;C1088;Member;P0010;Cotton T-Shirt;Clothing;1;249.99;249.99;Mobile Pay;2026/01/15;Emma Nkosi
T00039;S001;Sandton;C1591;Member;P0002;Bluetooth Speaker;Electronics;5;649.99;3249.95;Bank Transfer;2026/05/27;Michael Williams
T00040;S001;Sandton;C1825;Member;P0008;Blender;Appliances;6;899.99;5399.94;Bank Transfer;2026/05/25;Noah Pillay
T00041;S001;Sandton;C2829;Member;P0012;Hooded Sweatshirt;Clothing;2;599.99;1199.98;Mobile Pay;2026/03/28;Sarah Mokoena
T00042;S001;Sandton;C0082;Member;P0006;Coffee Maker;Appliances;1;1299.99;1299.99;Bank Transfer;2026/02/03;James Botha
T00043;S001;Sandton;C1927;Guest;P0018;Perfume;Beauty;1;899.99;899.99;Cash;2026/03/25;Michael Williams
T00044;S001;Sandton;C0132;Member;P0008;Blender;Appliances;5;899.99;4499.95;Mobile Pay;2026/06/30;Noah Pillay
T00045;S001;Sandton;C2990;Member;P0001;Wireless Headphones;Electronics;3;899.99;2699.97;Card;2026/03/06;Olivia Dlamini
T00046;S001;Sandton;C1465;Member;P0006;Coffee Maker;Appliances;4;1299.99;5199.96;Card;2026/05/08;Jessica Naidoo
T00047;S001;Sandton;C1104;Member;P0007;Air Fryer;Appliances;1;1799.99;1799.99;Cash;2026/03/19;James Botha
T00048;S001;Sandton;C1157;Member;P0015;Sports Bottle;Sportswear;2;199.99;399.98;Card;2026/04/24;Noah Pillay
T00049;S001;Sandton;C1145;Guest;P0018;Perfume;Beauty;5;899.99;4499.95;Card;2026/06/12;Emma Nkosi
T00050;S001;Sandton;C0455;Member;P0014;Yoga Mat;Sportswear;4;399.99;1599.96;Bank Transfer;2026/06/17;Emma Nkosi
T00051;S001;Sandton;C0631;Member;P0017;Face Moisturiser;Beauty;3;249.99;749.97;Cash;2026/02/24;Liam Jacobs
T00052;S001;Sandton;C0853;Member;P0002;Bluetooth Speaker;Electronics;2;649.99;1299.98;Card;2026/01/03;Emma Nkosi
T00053;S001;Sandton;C2241;Member;P0021;Cushion Set;Home & Decor;3;299.99;899.97;Cash;2026/04/22;Olivia Dlamini
T00054;S001;Sandton;C0462;Member;P0006;Coffee Maker;Appliances;3;1299.99;3899.97;Mobile Pay;2026/02/24;Sophie Mthembu
T00055;S001;Sandton;C1481;Guest;P0001;Wireless Headphones;Electronics;6;899.99;5399.94;Bank Transfer;2026/02/27;Emma Nkosi
T00056;S001;Sandton;C2714;Guest;P0008;Blender;Appliances;5;899.99;4499.95;Bank Transfer;2026/05/24;Liam Jacobs
T00057;S001;Sandton;C2036;Guest;P0013;Running Shoes;Sportswear;1;1499.5;1499.5;Mobile Pay;2026/02/05;James Botha
T00058;S001;Sandton;C0438;Member;P0024;Storage Container Set;Kitchen;6;349.99;2099.94;Bank Transfer;2026/04/01;Sophie Mthembu
T00059;S001;Sandton;C1823;Member;P0020;Table Lamp;Home & Decor;1;699.99;699.99;Mobile Pay;2026/04/03;Liam Jacobs
T00060;S001;Sandton;C0434;Member;P0013;Running Shoes;Sportswear;1;1499.5;1499.5;Card;2026/06/01;Michael Williams
T00061;S001;Sandton;C2740;Member;P0024;Storage Container Set;Kitchen;1;349.99;349.99;Bank Transfer;2026/02/16;Emma Nkosi
T00062;S001;Sandton;C0576;Guest;P0005;Laptop Backpack;Accessories;4;549.99;2199.96;Card;2026/02/11;Daniel Smith
T00063;S001;Sandton;C0403;Member;P0011;Denim Jeans;Clothing;1;799.99;799.99;Bank Transfer;2026/04/21;Liam Jacobs
T00064;S001;Sandton;C0245;Member;P0022;Cookware Set;Kitchen;4;1599.99;6399.96;Card;2026/04/29;Daniel Smith
T00065;S001;Sandton;C0169;Member;P0005;Laptop Backpack;Accessories;6;549.99;3299.94;Cash;2026/03/03;Liam Jacobs
T00066;S001;Sandton;C2751;Member;P0014;Yoga Mat;Sportswear;3;399.99;1199.97;Card;2026/03/16;Michael Williams
T00067;S001;Sandton;C1416;Guest;P0022;Cookware Set;Kitchen;4;1599.99;6399.96;Card;2026/01/15;Sophie Mthembu
T00068;S001;Sandton;C1023;Member;P0003;Smart Watch;Electronics;1;1299.99;1299.99;Cash;2026/05/23;Sarah Mokoena
T00069;S001;Sandton;C2225;Member;P0020;Table Lamp;Home & Decor;6;699.99;4199.94;Bank Transfer;2026/05/23;Michael Williams
T00070;S001;Sandton;C0534;Guest;P0012;Hooded Sweatshirt;Clothing;6;599.99;3599.94;Card;2026/06/04;Olivia Dlamini
T00071;S001;Sandton;C2828;Guest;P0012;Hooded Sweatshirt;Clothing;3;599.99;1799.97;Mobile Pay;2026/05/10;Sarah Mokoena
T00072;S001;Sandton;C0328;Member;P0021;Cushion Set;Home & Decor;3;299.99;899.97;Cash;2026/06/06;Michael Williams
T00073;S001;Sandton;C2443;Guest;P0015;Sports Bottle;Sportswear;1;199.99;199.99;Cash;2026/04/13;Daniel Smith
T00074;S001;Sandton;C2959;Member;P0007;Air Fryer;Appliances;2;1799.99;3599.98;Bank Transfer;2026/03/14;Sophie Mthembu
T00075;S001;Sandton;C1587;Member;P0018;Perfume;Beauty;2;899.99;1799.98;Card;2026/06/10;Jessica Naidoo
T00076;S001;Sandton;C1498;Member;P0025;Novel Book;Books;2;199.99;399.98;Cash;2026/06/04;Daniel Smith
T00077;S001;Sandton;C0302;Member;P0009;Electric Kettle;Appliances;1;499.99;499.99;Mobile Pay;2026/04/03;Jessica Naidoo
T00078;S001;Sandton;C0380;Member;P0009;Electric Kettle;Appliances;4;499.99;1999.96;Card;2026/06/20;Sophie Mthembu
T00079;S001;Sandton;C1176;Guest;P0004;USB-C Charger;Electronics;3;299.99;899.97;Mobile Pay;2026/04/23;Liam Jacobs
T00080;S001;Sandton;C0464;Member;P0001;Wireless Headphones;Electronics;1;899.99;899.99;Bank Transfer;2026/04/10;Michael Williams
T00081;S001;Sandton;C0542;Member;P0022;Cookware Set;Kitchen;2;1599.99;3199.98;Bank Transfer;2026/02/23;Liam Jacobs
T00082;S001;Sandton;C0532;Guest;P0001;Wireless Headphones;Electronics;4;899.99;3599.96;Card;2026/02/14;Sophie Mthembu
T00083;S001;Sandton;C0689;Guest;P0009;Electric Kettle;Appliances;4;499.99;1999.96;Bank Transfer;2026/03/20;Daniel Smith
T00084;S001;Sandton;C2331;Member;P0001;Wireless Headphones;Electronics;1;899.99;899.99;Card;2026/06/13;Sophie Mthembu
T00085;S001;Sandton;C1272;Member;P0023;Dinner Plate Set;Kitchen;2;499.99;999.98;Mobile Pay;2026/01/06;Jessica Naidoo
T00086;S001;Sandton;C0820;Member;P0010;Cotton T-Shirt;Clothing;3;249.99;749.97;Bank Transfer;2026/01/12;Emma Nkosi
T00087;S001;Sandton;C0697;Guest;P0003;Smart Watch;Electronics;2;1299.99;2599.98;Cash;2026/01/17;James Botha
T00088;S001;Sandton;C1642;Member;P0019;Throw Blanket;Home & Decor;2;449.99;899.98;Bank Transfer;2026/05/17;Michael Williams
T00089;S001;Sandton;C0368;Member;P0003;Smart Watch;Electronics;2;1299.99;2599.98;Mobile Pay;2026/06/29;Sarah Mokoena
T00090;S001;Sandton;C0146;Member;P0007;Air Fryer;Appliances;6;1799.99;10799.94;Card;2026/01/13;Emma Nkosi
T00091;S001;Sandton;C2521;Member;P0024;Storage Container Set;Kitchen;4;349.99;1399.96;Cash;2026/06/14;Emma Nkosi
T00092;S001;Sandton;C2787;Member;P0014;Yoga Mat;Sportswear;6;399.99;2399.94;Card;2026/02/25;Jessica Naidoo
T00093;S001;Sandton;C0557;Guest;P0022;Cookware Set;Kitchen;6;1599.99;9599.94;Mobile Pay;2026/04/04;Sophie Mthembu
T00094;S001;Sandton;C1079;Member;P0014;Yoga Mat;Sportswear;6;399.99;2399.94;Cash;2026/05/17;Sophie Mthembu
T00095;S001;Sandton;C0376;Guest;P0022;Cookware Set;Kitchen;5;1599.99;7999.95;Card;2026/05/29;Noah Pillay
T00096;S001;Sandton;C2129;Guest;P0023;Dinner Plate Set;Kitchen;2;499.99;999.98;Card;2026/04/27;Liam Jacobs
T00097;S001;Sandton;C1964;Member;P0021;Cushion Set;Home & Decor;5;299.99;1499.95;Mobile Pay;2026/04/30;Michael Williams
T00098;S001;Sandton;C1165;Guest;P0021;Cushion Set;Home & Decor;6;299.99;1799.94;Mobile Pay;2026/02/20;Jessica Naidoo
T00099;S001;Sandton;C0215;Member;P0002;Bluetooth Speaker;Electronics;3;649.99;1949.97;Bank Transfer;2026/04/06;Emma Nkosi
T00100;S001;Sandton;C0429;Guest;P0022;Cookware Set;Kitchen;2;1599.99;3199.98;Card;2026/03/01;Noah Pillay
T00101;S001;Sandton;C2075;Guest;P0013;Running Shoes;Sportswear;2;1499.5;2999.0;Card;2026/05/05;Sophie Mthembu
T00102;S001;Sandton;C2569;Guest;P0025;Novel Book;Books;2;199.99;399.98;Bank Transfer;2026/03/27;Michael Williams
T00103;S001;Sandton;C1705;Guest;P0020;Table Lamp;Home & Decor;6;699.99;4199.94;Mobile Pay;2026/03/28;James Botha
T00104;S001;Sandton;C0419;Guest;P0006;Coffee Maker;Appliances;2;1299.99;2599.98;Card;2026/06/26;Sophie Mthembu
T00105;S001;Sandton;C1512;Guest;P0023;Dinner Plate Set;Kitchen;2;499.99;999.98;Cash;2026/02/07;Jessica Naidoo
T00106;S001;Sandton;C1636;Guest;P0022;Cookware Set;Kitchen;6;1599.99;9599.94;Cash;2026/05/23;Liam Jacobs
T00107;S001;Sandton;C0749;Guest;P0017;Face Moisturiser;Beauty;6;249.99;1499.94;Bank Transfer;2026/05/09;Sarah Mokoena
T00108;S001;Sandton;C1134;Member;P0016;Skincare Set;Beauty;2;599.99;1199.98;Bank Transfer;2026/02/27;Daniel Smith
T00109;S001;Sandton;C1935;Member;P0014;Yoga Mat;Sportswear;6;399.99;2399.94;Card;2026/06/13;Emma Nkosi
T00110;S001;Sandton;C0362;Guest;P0014;Yoga Mat;Sportswear;6;399.99;2399.94;Bank Transfer;2026/04/29;Sarah Mokoena
T00111;S001;Sandton;C2924;Guest;P0004;USB-C Charger;Electronics;1;299.99;299.99;Mobile Pay;2026/03/24;Liam Jacobs
T00112;S001;Sandton;C2847;Guest;P0023;Dinner Plate Set;Kitchen;5;499.99;2499.95;Bank Transfer;2026/05/31;Michael Williams
T00113;S001;Sandton;C0134;Member;P0022;Cookware Set;Kitchen;2;1599.99;3199.98;Bank Transfer;2026/02/21;James Botha
T00114;S001;Sandton;C0059;Member;P0014;Yoga Mat;Sportswear;6;399.99;2399.94;Cash;2026/03/10;Michael Williams
T00115;S001;Sandton;C2762;Member;P0018;Perfume;Beauty;3;899.99;2699.97;Cash;2026/01/13;Daniel Smith
T00116;S001;Sandton;C2119;Member;P0018;Perfume;Beauty;2;899.99;1799.98;Bank Transfer;2026/05/12;Emma Nkosi
T00117;S001;Sandton;C2047;Member;P0013;Running Shoes;Sportswear;6;1499.5;8997.0;Cash;2026/02/16;Michael Williams
T00118;S001;Sandton;C2859;Member;P0008;Blender;Appliances;3;899.99;2699.97;Bank Transfer;2026/01/30;Emma Nkosi
T00119;S001;Sandton;C2088;Guest;P0003;Smart Watch;Electronics;3;1299.99;3899.97;Card;2026/02/20;Olivia Dlamini
T00120;S001;Sandton;C0496;Member;P0003;Smart Watch;Electronics;6;1299.99;7799.94;Cash;2026/01/22;Daniel Smith
T00121;S001;Sandton;C2682;Guest;P0014;Yoga Mat;Sportswear;6;399.99;2399.94;Bank Transfer;2026/04/25;Sarah Mokoena
T00122;S001;Sandton;C0385;Guest;P0014;Yoga Mat;Sportswear;1;399.99;399.99;Bank Transfer;2026/04/07;Michael Williams
T00123;S001;Sandton;C0259;Member;P0012;Hooded Sweatshirt;Clothing;3;599.99;1799.97;Cash;2026/01/31;Sarah Mokoena
T00124;S001;Sandton;C2049;Member;P0015;Sports Bottle;Sportswear;4;199.99;799.96;Cash;2026/03/15;Michael Williams
T00125;S001;Sandton;C0622;Member;P0023;Dinner Plate Set;Kitchen;3;499.99;1499.97;Bank Transfer;2026/04/03;Liam Jacobs
T00126;S001;Sandton;C2522;Member;P0018;Perfume;Beauty;1;899.99;899.99;Cash;2026/02/23;Michael Williams
T00127;S001;Sandton;C1950;Member;P0008;Blender;Appliances;6;899.99;5399.94;Mobile Pay;2026/02/11;Liam Jacobs
T00128;S001;Sandton;C1356;Member;P0015;Sports Bottle;Sportswear;4;199.99;799.96;Bank Transfer;2026/04/29;Olivia Dlamini
T00129;S001;Sandton;C1202;Member;P0014;Yoga Mat;Sportswear;6;399.99;2399.94;Bank Transfer;2026/04/30;Daniel Smith
T00130;S001;Sandton;C1568;Member;P0020;Table Lamp;Home & Decor;3;699.99;2099.97;Cash;2026/03/01;Sarah Mokoena
T00131;S001;Sandton;C1705;Guest;P0006;Coffee Maker;Appliances;6;1299.99;7799.94;Bank Transfer;2026/06/23;Noah Pillay
T00132;S001;Sandton;C0963;Guest;P0009;Electric Kettle;Appliances;5;499.99;2499.95;Cash;2026/05/14;Liam Jacobs
T00133;S001;Sandton;C0340;Member;P0023;Dinner Plate Set;Kitchen;4;499.99;1999.96;Card;2026/04/05;James Botha
T00134;S001;Sandton;C0553;Guest;P0023;Dinner Plate Set;Kitchen;6;499.99;2999.94;Mobile Pay;2026/06/29;Noah Pillay
T00135;S001;Sandton;C1247;Member;P0005;Laptop Backpack;Accessories;2;549.99;1099.98;Cash;2026/04/27;Olivia Dlamini
T00136;S001;Sandton;C2512;Guest;P0020;Table Lamp;Home & Decor;2;699.99;1399.98;Mobile Pay;2026/02/18;Noah Pillay
T00137;S001;Sandton;C1267;Guest;P0020;Table Lamp;Home & Decor;1;699.99;699.99;Cash;2026/06/06;James Botha
T00138;S001;Sandton;C0650;Guest;P0001;Wireless Headphones;Electronics;2;899.99;1799.98;Cash;2026/03/25;Sarah Mokoena
T00139;S001;Sandton;C0170;Member;P0004;USB-C Charger;Electronics;2;299.99;599.98;Card;2026/02/14;James Botha
T00140;S001;Sandton;C0388;Guest;P0014;Yoga Mat;Sportswear;2;399.99;799.98;Card;2026/06/05;Liam Jacobs
T00141;S001;Sandton;C1698;Guest;P0021;Cushion Set;Home & Decor;1;299.99;299.99;Cash;2026/06/22;Olivia Dlamini
T00142;S001;Sandton;C0524;Member;P0006;Coffee Maker;Appliances;4;1299.99;5199.96;Bank Transfer;2026/01/06;Noah Pillay
T00143;S001;Sandton;C1775;Member;P0016;Skincare Set;Beauty;3;599.99;1799.97;Cash;2026/05/26;Jessica Naidoo
T00144;S001;Sandton;C1227;Guest;P0007;Air Fryer;Appliances;2;1799.99;3599.98;Bank Transfer;2026/05/10;Jessica Naidoo
T00145;S001;Sandton;C2877;Guest;P0022;Cookware Set;Kitchen;5;1599.99;7999.95;Cash;2026/02/10;Sophie Mthembu
T00146;S001;Sandton;C2043;Guest;P0006;Coffee Maker;Appliances;2;1299.99;2599.98;Card;2026/01/25;Olivia Dlamini
T00147;S001;Sandton;C2871;Member;P0021;Cushion Set;Home & Decor;2;299.99;599.98;Bank Transfer;2026/03/01;Sophie Mthembu
T00148;S001;Sandton;C2542;Member;P0021;Cushion Set;Home & Decor;2;299.99;599.98;Card;2026/03/10;Olivia Dlamini
T00149;S001;Sandton;C1090;Member;P0018;Perfume;Beauty;3;899.99;2699.97;Cash;2026/06/08;Liam Jacobs
T00150;S001;Sandton;C2705;Guest;P0007;Air Fryer;Appliances;1;1799.99;1799.99;Card;2026/04/15;Sophie Mthembu
T00151;S001;Sandton;C0291;Member;P0010;Cotton T-Shirt;Clothing;4;249.99;999.96;Mobile Pay;2026/05/10;Daniel Smith
T00152;S001;Sandton;C1271;Member;P0014;Yoga Mat;Sportswear;5;399.99;1999.95;Bank Transfer;2026/06/13;Sarah Mokoena
T00153;S001;Sandton;C1369;Member;P0005;Laptop Backpack;Accessories;3;549.99;1649.97;Bank Transfer;2026/03/19;Daniel Smith
T00154;S001;Sandton;C1966;Guest;P0023;Dinner Plate Set;Kitchen;4;499.99;1999.96;Mobile Pay;2026/02/01;Liam Jacobs
T00155;S001;Sandton;C1043;Member;P0012;Hooded Sweatshirt;Clothing;6;599.99;3599.94;Card;2026/01/27;Sarah Mokoena
T00156;S001;Sandton;C1421;Member;P0021;Cushion Set;Home & Decor;6;299.99;1799.94;Bank Transfer;2026/04/25;Emma Nkosi
T00157;S001;Sandton;C0985;Member;P0005;Laptop Backpack;Accessories;2;549.99;1099.98;Mobile Pay;2026/02/22;James Botha
T00158;S001;Sandton;C2766;Member;P0025;Novel Book;Books;2;199.99;399.98;Bank Transfer;2026/04/06;Emma Nkosi
T00159;S001;Sandton;C2348;Member;P0006;Coffee Maker;Appliances;3;1299.99;3899.97;Bank Transfer;2026/05/17;Emma Nkosi
T00160;S001;Sandton;C0024;Guest;P0022;Cookware Set;Kitchen;6;1599.99;9599.94;Cash;2026/05/02;Liam Jacobs
T00161;S001;Sandton;C0941;Member;P0022;Cookware Set;Kitchen;5;1599.99;7999.95;Mobile Pay;2026/04/24;Noah Pillay
T00162;S001;Sandton;C0016;Guest;P0011;Denim Jeans;Clothing;6;799.99;4799.94;Mobile Pay;2026/04/27;Sarah Mokoena
T00163;S001;Sandton;C1063;Member;P0008;Blender;Appliances;1;899.99;899.99;Mobile Pay;2026/02/16;James Botha
T00164;S001;Sandton;C2677;Guest;P0006;Coffee Maker;Appliances;6;1299.99;7799.94;Cash;2026/05/16;Jessica Naidoo
T00165;S001;Sandton;C1133;Guest;P0006;Coffee Maker;Appliances;6;1299.99;7799.94;Bank Transfer;2026/01/15;Emma Nkosi
T00166;S001;Sandton;C1064;Guest;P0019;Throw Blanket;Home & Decor;4;449.99;1799.96;Mobile Pay;2026/02/04;Daniel Smith
T00167;S001;Sandton;C1795;Guest;P0008;Blender;Appliances;6;899.99;5399.94;Mobile Pay;2026/01/24;Michael Williams
T00168;S001;Sandton;C1138;Guest;P0006;Coffee Maker;Appliances;4;1299.99;5199.96;Bank Transfer;2026/05/20;James Botha
T00169;S001;Sandton;C0227;Member;P0020;Table Lamp;Home & Decor;1;699.99;699.99;Bank Transfer;2026/04/20;Liam Jacobs
T00170;S001;Sandton;C2025;Member;P0004;USB-C Charger;Electronics;5;299.99;1499.95;Mobile Pay;2026/02/03;Liam Jacobs
T00171;S001;Sandton;C2821;Guest;P0008;Blender;Appliances;1;899.99;899.99;Card;2026/05/11;Sophie Mthembu
T00172;S001;Sandton;C2202;Member;P0017;Face Moisturiser;Beauty;4;249.99;999.96;Mobile Pay;2026/06/13;Liam Jacobs
T00173;S001;Sandton;C2572;Member;P0011;Denim Jeans;Clothing;4;799.99;3199.96;Cash;2026/02/19;Sarah Mokoena
T00174;S001;Sandton;C2117;Guest;P0022;Cookware Set;Kitchen;6;1599.99;9599.94;Mobile Pay;2026/03/13;James Botha
T00175;S001;Sandton;C2208;Guest;P0010;Cotton T-Shirt;Clothing;2;249.99;499.98;Mobile Pay;2026/02/02;Liam Jacobs
T00176;S001;Sandton;C1525;Member;P0005;Laptop Backpack;Accessories;1;549.99;549.99;Mobile Pay;2026/01/28;Noah Pillay
T00177;S001;Sandton;C2919;Guest;P0015;Sports Bottle;Sportswear;1;199.99;199.99;Mobile Pay;2026/06/07;Noah Pillay
T00178;S001;Sandton;C2553;Member;P0002;Bluetooth Speaker;Electronics;6;649.99;3899.94;Mobile Pay;2026/06/17;Daniel Smith
T00179;S001;Sandton;C0803;Guest;P0006;Coffee Maker;Appliances;6;1299.99;7799.94;Mobile Pay;2026/06/14;Emma Nkosi
T00180;S001;Sandton;C2410;Member;P0008;Blender;Appliances;4;899.99;3599.96;Cash;2026/05/31;Michael Williams
T00181;S001;Sandton;C2391;Guest;P0010;Cotton T-Shirt;Clothing;4;249.99;999.96;Mobile Pay;2026/06/10;James Botha
T00182;S001;Sandton;C2394;Member;P0012;Hooded Sweatshirt;Clothing;5;599.99;2999.95;Bank Transfer;2026/05/08;Sophie Mthembu
T00183;S001;Sandton;C0545;Member;P0003;Smart Watch;Electronics;6;1299.99;7799.94;Bank Transfer;2026/01/13;Michael Williams
T00184;S001;Sandton;C2020;Member;P0013;Running Shoes;Sportswear;6;1499.5;8997.0;Cash;2026/03/26;Sarah Mokoena
T00185;S001;Sandton;C0936;Member;P0007;Air Fryer;Appliances;6;1799.99;10799.94;Cash;2026/03/09;Liam Jacobs
T00186;S001;Sandton;C2385;Member;P0014;Yoga Mat;Sportswear;2;399.99;799.98;Bank Transfer;2026/02/18;Sarah Mokoena
T00187;S001;Sandton;C2594;Member;P0003;Smart Watch;Electronics;6;1299.99;7799.94;Cash;2026/06/21;Jessica Naidoo
T00188;S001;Sandton;C2042;Member;P0008;Blender;Appliances;1;899.99;899.99;Cash;2026/06/22;Emma Nkosi
T00189;S001;Sandton;C0265;Member;P0013;Running Shoes;Sportswear;5;1499.5;7497.5;Mobile Pay;2026/06/16;Emma Nkosi
T00190;S001;Sandton;C2360;Member;P0023;Dinner Plate Set;Kitchen;2;499.99;999.98;Mobile Pay;2026/02/27;Michael Williams
T00191;S001;Sandton;C2392;Member;P0018;Perfume;Beauty;6;899.99;5399.94;Card;2026/02/17;Emma Nkosi
T00192;S001;Sandton;C1877;Guest;P0021;Cushion Set;Home & Decor;3;299.99;899.97;Card;2026/01/05;James Botha
T00193;S001;Sandton;C2847;Member;P0001;Wireless Headphones;Electronics;5;899.99;4499.95;Card;2026/02/11;Daniel Smith
T00194;S001;Sandton;C2652;Member;P0005;Laptop Backpack;Accessories;3;549.99;1649.97;Mobile Pay;2026/03/03;Liam Jacobs
T00195;S001;Sandton;C1812;Member;P0025;Novel Book;Books;2;199.99;399.98;Card;2026/05/10;Liam Jacobs
T00196;S001;Sandton;C2264;Member;P0016;Skincare Set;Beauty;3;599.99;1799.97;Cash;2026/05/08;James Botha
T00197;S001;Sandton;C2548;Member;P0019;Throw Blanket;Home & Decor;6;449.99;2699.94;Bank Transfer;2026/01/28;James Botha
T00198;S001;Sandton;C1438;Guest;P0003;Smart Watch;Electronics;6;1299.99;7799.94;Card;2026/02/06;James Botha
T00199;S001;Sandton;C0947;Guest;P0019;Throw Blanket;Home & Decor;5;449.99;2249.95;Cash;2026/03/05;Liam Jacobs
T00200;S001;Sandton;C0349;Guest;P0008;Blender;Appliances;2;899.99;1799.98;Mobile Pay;2026/06/09;Olivia Dlamini
T00201;S001;Sandton;C0963;Member;P0004;USB-C Charger;Electronics;2;299.99;599.98;Mobile Pay;2026/04/06;Michael Williams
T00202;S001;Sandton;C2106;Guest;P0004;USB-C Charger;Electronics;2;299.99;599.98;Card;2026/01/17;Olivia Dlamini
T00203;S001;Sandton;C2834;Member;P0003;Smart Watch;Electronics;6;1299.99;7799.94;Bank Transfer;2026/03/04;Michael Williams
T00204;S001;Sandton;C2533;Member;P0011;Denim Jeans;Clothing;4;799.99;3199.96;Bank Transfer;2026/05/05;Sarah Mokoena
T00205;S001;Sandton;C0443;Member;P0003;Smart Watch;Electronics;1;1299.99;1299.99;Bank Transfer;2026/04/11;Liam Jacobs
T00206;S001;Sandton;C2169;Guest;P0017;Face Moisturiser;Beauty;6;249.99;1499.94;Card;2026/05/21;Liam Jacobs
T00207;S001;Sandton;C0626;Member;P0012;Hooded Sweatshirt;Clothing;6;599.99;3599.94;Cash;2026/06/09;Noah Pillay
T00208;S001;Sandton;C1240;Guest;P0021;Cushion Set;Home & Decor;6;299.99;1799.94;Card;2026/04/25;Sarah Mokoena
T00209;S001;Sandton;C2054;Member;P0003;Smart Watch;Electronics;3;1299.99;3899.97;Bank Transfer;2026/06/20;James Botha
T00210;S001;Sandton;C0518;Member;P0011;Denim Jeans;Clothing;1;799.99;799.99;Cash;2026/06/09;Sophie Mthembu
T00211;S001;Sandton;C1268;Member;P0020;Table Lamp;Home & Decor;5;699.99;3499.95;Mobile Pay;2026/05/08;Noah Pillay
T00212;S001;Sandton;C0813;Guest;P0010;Cotton T-Shirt;Clothing;2;249.99;499.98;Bank Transfer;2026/03/22;Daniel Smith
T00213;S001;Sandton;C1017;Member;P0003;Smart Watch;Electronics;4;1299.99;5199.96;Cash;2026/06/29;Emma Nkosi
T00214;S001;Sandton;C2198;Guest;P0010;Cotton T-Shirt;Clothing;3;249.99;749.97;Mobile Pay;2026/06/21;Sophie Mthembu
T00215;S001;Sandton;C0080;Guest;P0019;Throw Blanket;Home & Decor;5;449.99;2249.95;Card;2026/04/23;Jessica Naidoo
T00216;S001;Sandton;C1756;Member;P0005;Laptop Backpack;Accessories;4;549.99;2199.96;Bank Transfer;2026/02/01;Olivia Dlamini
T00217;S001;Sandton;C0349;Member;P0005;Laptop Backpack;Accessories;2;549.99;1099.98;Mobile Pay;2026/03/28;Jessica Naidoo
T00218;S001;Sandton;C1791;Member;P0011;Denim Jeans;Clothing;6;799.99;4799.94;Cash;2026/05/26;Sarah Mokoena
T00219;S001;Sandton;C1520;Member;P0017;Face Moisturiser;Beauty;4;249.99;999.96;Card;2026/03/09;Liam Jacobs
T00220;S001;Sandton;C2745;Member;P0010;Cotton T-Shirt;Clothing;4;249.99;999.96;Bank Transfer;2026/01/19;Liam Jacobs
T00221;S001;Sandton;C0691;Member;P0007;Air Fryer;Appliances;6;1799.99;10799.94;Mobile Pay;2026/02/03;Michael Williams
T00222;S001;Sandton;C0332;Member;P0006;Coffee Maker;Appliances;3;1299.99;3899.97;Cash;2026/04/18;James Botha
T00223;S001;Sandton;C0032;Member;P0025;Novel Book;Books;2;199.99;399.98;Card;2026/02/26;James Botha
T00224;S001;Sandton;C1214;Member;P0014;Yoga Mat;Sportswear;2;399.99;799.98;Card;2026/03/02;James Botha
T00225;S001;Sandton;C0164;Member;P0008;Blender;Appliances;1;899.99;899.99;Cash;2026/04/19;Noah Pillay
T00226;S001;Sandton;C1884;Guest;P0003;Smart Watch;Electronics;2;1299.99;2599.98;Card;2026/05/22;Jessica Naidoo
T00227;S001;Sandton;C0730;Guest;P0004;USB-C Charger;Electronics;2;299.99;599.98;Card;2026/01/16;Daniel Smith
T00228;S001;Sandton;C1963;Guest;P0008;Blender;Appliances;4;899.99;3599.96;Mobile Pay;2026/02/16;Emma Nkosi
T00229;S001;Sandton;C0102;Guest;P0016;Skincare Set;Beauty;1;599.99;599.99;Mobile Pay;2026/02/24;Emma Nkosi
T00230;S001;Sandton;C1406;Guest;P0020;Table Lamp;Home & Decor;6;699.99;4199.94;Card;2026/05/18;Jessica Naidoo
T00231;S001;Sandton;C1198;Guest;P0006;Coffee Maker;Appliances;2;1299.99;2599.98;Bank Transfer;2026/01/05;Emma Nkosi
T00232;S001;Sandton;C2499;Member;P0005;Laptop Backpack;Accessories;3;549.99;1649.97;Bank Transfer;2026/03/14;Jessica Naidoo
T00233;S001;Sandton;C2396;Member;P0004;USB-C Charger;Electronics;2;299.99;599.98;Mobile Pay;2026/01/20;Liam Jacobs
T00234;S001;Sandton;C2958;Member;P0012;Hooded Sweatshirt;Clothing;6;599.99;3599.94;Mobile Pay;2026/05/08;Emma Nkosi
T00235;S001;Sandton;C2448;Guest;P0002;Bluetooth Speaker;Electronics;6;649.99;3899.94;Bank Transfer;2026/04/27;Liam Jacobs
T00236;S001;Sandton;C0494;Member;P0007;Air Fryer;Appliances;4;1799.99;7199.96;Bank Transfer;2026/03/30;Daniel Smith
T00237;S001;Sandton;C0810;Member;P0021;Cushion Set;Home & Decor;2;299.99;599.98;Cash;2026/02/14;Olivia Dlamini
T00238;S001;Sandton;C2699;Guest;P0014;Yoga Mat;Sportswear;3;399.99;1199.97;Cash;2026/05/30;Daniel Smith
T00239;S001;Sandton;C2291;Member;P0001;Wireless Headphones;Electronics;3;899.99;2699.97;Card;2026/01/04;Michael Williams
T00240;S001;Sandton;C1667;Guest;P0022;Cookware Set;Kitchen;4;1599.99;6399.96;Mobile Pay;2026/05/26;Olivia Dlamini
T00241;S001;Sandton;C1589;Member;P0015;Sports Bottle;Sportswear;4;199.99;799.96;Cash;2026/01/24;Emma Nkosi
T00242;S001;Sandton;C1487;Member;P0022;Cookware Set;Kitchen;1;1599.99;1599.99;Card;2026/06/29;Sarah Mokoena
T00243;S001;Sandton;C2486;Guest;P0014;Yoga Mat;Sportswear;2;399.99;799.98;Card;2026/02/26;Olivia Dlamini
T00244;S001;Sandton;C2414;Guest;P0022;Cookware Set;Kitchen;3;1599.99;4799.97;Cash;2026/03/20;Sophie Mthembu
T00245;S001;Sandton;C1954;Guest;P0006;Coffee Maker;Appliances;5;1299.99;6499.95;Card;2026/03/19;Olivia Dlamini
T00246;S001;Sandton;C0122;Guest;P0010;Cotton T-Shirt;Clothing;4;249.99;999.96;Card;2026/04/02;Daniel Smith
T00247;S001;Sandton;C2217;Member;P0009;Electric Kettle;Appliances;1;499.99;499.99;Bank Transfer;2026/05/13;Sarah Mokoena
T00248;S001;Sandton;C1087;Guest;P0005;Laptop Backpack;Accessories;3;549.99;1649.97;Bank Transfer;2026/03/11;Noah Pillay
T00249;S001;Sandton;C0780;Guest;P0006;Coffee Maker;Appliances;5;1299.99;6499.95;Cash;2026/05/28;James Botha
T00250;S001;Sandton;C0080;Member;P0014;Yoga Mat;Sportswear;2;399.99;799.98;Mobile Pay;2026/04/17;Noah Pillay
T00251;S001;Sandton;C1385;Member;P0016;Skincare Set;Beauty;1;599.99;599.99;Card;2026/02/20;James Botha
T00252;S001;Sandton;C1498;Guest;P0005;Laptop Backpack;Accessories;6;549.99;3299.94;Mobile Pay;2026/03/24;Sophie Mthembu
T00253;S001;Sandton;C0192;Member;P0012;Hooded Sweatshirt;Clothing;5;599.99;2999.95;Cash;2026/03/25;Olivia Dlamini
T00254;S001;Sandton;C2876;Member;P0007;Air Fryer;Appliances;5;1799.99;8999.95;Cash;2026/05/01;Olivia Dlamini
T00255;S001;Sandton;C2300;Guest;P0023;Dinner Plate Set;Kitchen;5;499.99;2499.95;Cash;2026/03/24;James Botha
T00256;S001;Sandton;C1425;Guest;P0025;Novel Book;Books;5;199.99;999.95;Bank Transfer;2026/06/28;Michael Williams
T00257;S001;Sandton;C2002;Guest;P0025;Novel Book;Books;4;199.99;799.96;Card;2026/04/08;Sophie Mthembu
T00258;S001;Sandton;C1194;Guest;P0005;Laptop Backpack;Accessories;5;549.99;2749.95;Bank Transfer;2026/01/18;Olivia Dlamini
T00259;S001;Sandton;C0509;Member;P0010;Cotton T-Shirt;Clothing;1;249.99;249.99;Bank Transfer;2026/04/02;Jessica Naidoo
T00260;S001;Sandton;C1480;Guest;P0022;Cookware Set;Kitchen;6;1599.99;9599.94;Cash;2026/04/02;Daniel Smith
T00261;S001;Sandton;C2729;Guest;P0014;Yoga Mat;Sportswear;1;399.99;399.99;Card;2026/06/30;James Botha
T00262;S001;Sandton;C2111;Guest;P0023;Dinner Plate Set;Kitchen;2;499.99;999.98;Cash;2026/01/16;Liam Jacobs
T00263;S001;Sandton;C0736;Member;P0017;Face Moisturiser;Beauty;2;249.99;499.98;Card;2026/05/21;Jessica Naidoo
T00264;S001;Sandton;C1007;Member;P0025;Novel Book;Books;1;199.99;199.99;Cash;2026/05/03;Emma Nkosi
T00265;S001;Sandton;C1319;Member;P0012;Hooded Sweatshirt;Clothing;2;599.99;1199.98;Bank Transfer;2026/03/02;Sophie Mthembu
T00266;S001;Sandton;C2504;Guest;P0004;USB-C Charger;Electronics;3;299.99;899.97;Card;2026/01/05;Sophie Mthembu
T00267;S001;Sandton;C0363;Member;P0024;Storage Container Set;Kitchen;5;349.99;1749.95;Bank Transfer;2026/05/15;Emma Nkosi
T00268;S001;Sandton;C0215;Member;P0015;Sports Bottle;Sportswear;1;199.99;199.99;Cash;2026/01/05;Emma Nkosi
T00269;S001;Sandton;C0858;Member;P0025;Novel Book;Books;2;199.99;399.98;Card;2026/03/17;Noah Pillay
T00270;S001;Sandton;C1919;Guest;P0002;Bluetooth Speaker;Electronics;4;649.99;2599.96;Bank Transfer;2026/05/04;Olivia Dlamini
T00271;S001;Sandton;C1724;Member;P0003;Smart Watch;Electronics;2;1299.99;2599.98;Cash;2026/01/29;Noah Pillay
T00272;S001;Sandton;C2056;Member;P0014;Yoga Mat;Sportswear;3;399.99;1199.97;Mobile Pay;2026/04/01;Jessica Naidoo
T00273;S001;Sandton;C2624;Member;P0012;Hooded Sweatshirt;Clothing;1;599.99;599.99;Bank Transfer;2026/01/22;James Botha
T00274;S001;Sandton;C2203;Member;P0017;Face Moisturiser;Beauty;3;249.99;749.97;Bank Transfer;2026/05/25;Daniel Smith
T00275;S001;Sandton;C0126;Member;P0018;Perfume;Beauty;3;899.99;2699.97;Bank Transfer;2026/04/07;James Botha
T00276;S001;Sandton;C1264;Guest;P0017;Face Moisturiser;Beauty;3;249.99;749.97;Mobile Pay;2026/05/11;James Botha
T00277;S001;Sandton;C1923;Member;P0008;Blender;Appliances;5;899.99;4499.95;Bank Transfer;2026/01/21;Olivia Dlamini
T00278;S001;Sandton;C0830;Guest;P0011;Denim Jeans;Clothing;2;799.99;1599.98;Cash;2026/05/22;Michael Williams
T00279;S001;Sandton;C1750;Guest;P0019;Throw Blanket;Home & Decor;6;449.99;2699.94;Bank Transfer;2026/02/17;James Botha
T00280;S001;Sandton;C0013;Member;P0011;Denim Jeans;Clothing;1;799.99;799.99;Mobile Pay;2026/01/24;Emma Nkosi
T00281;S001;Sandton;C1337;Member;P0017;Face Moisturiser;Beauty;2;249.99;499.98;Mobile Pay;2026/06/12;Jessica Naidoo
T00282;S001;Sandton;C0624;Guest;P0022;Cookware Set;Kitchen;1;1599.99;1599.99;Card;2026/04/03;Michael Williams
T00283;S001;Sandton;C2497;Member;P0017;Face Moisturiser;Beauty;2;249.99;499.98;Bank Transfer;2026/03/21;Liam Jacobs
T00284;S001;Sandton;C1197;Guest;P0018;Perfume;Beauty;1;899.99;899.99;Cash;2026/04/07;Olivia Dlamini
T00285;S001;Sandton;C0200;Member;P0019;Throw Blanket;Home & Decor;6;449.99;2699.94;Cash;2026/06/08;James Botha
T00286;S001;Sandton;C0527;Member;P0002;Bluetooth Speaker;Electronics;2;649.99;1299.98;Card;2026/03/23;Emma Nkosi
T00287;S001;Sandton;C0222;Member;P0004;USB-C Charger;Electronics;3;299.99;899.97;Cash;2026/02/14;Michael Williams
T00288;S001;Sandton;C1114;Guest;P0022;Cookware Set;Kitchen;5;1599.99;7999.95;Mobile Pay;2026/05/29;Michael Williams
T00289;S001;Sandton;C1909;Member;P0014;Yoga Mat;Sportswear;5;399.99;1999.95;Card;2026/01/05;Emma Nkosi
T00290;S001;Sandton;C0823;Guest;P0010;Cotton T-Shirt;Clothing;1;249.99;249.99;Mobile Pay;2026/04/18;Jessica Naidoo
T00291;S001;Sandton;C1545;Member;P0011;Denim Jeans;Clothing;3;799.99;2399.97;Cash;2026/02/13;Noah Pillay
T00292;S001;Sandton;C0779;Guest;P0011;Denim Jeans;Clothing;3;799.99;2399.97;Bank Transfer;2026/04/26;Sophie Mthembu
T00293;S001;Sandton;C2226;Guest;P0009;Electric Kettle;Appliances;5;499.99;2499.95;Mobile Pay;2026/03/07;Michael Williams
T00294;S001;Sandton;C2174;Member;P0025;Novel Book;Books;6;199.99;1199.94;Mobile Pay;2026/06/23;Sarah Mokoena
T00295;S001;Sandton;C0180;Member;P0006;Coffee Maker;Appliances;4;1299.99;5199.96;Card;2026/01/18;Jessica Naidoo
T00296;S001;Sandton;C2932;Member;P0007;Air Fryer;Appliances;2;1799.99;3599.98;Card;2026/03/01;Sophie Mthembu
T00297;S001;Sandton;C0063;Member;P0017;Face Moisturiser;Beauty;1;249.99;249.99;Cash;2026/02/13;Daniel Smith
T00298;S001;Sandton;C2425;Member;P0013;Running Shoes;Sportswear;6;1499.5;8997.0;Cash;2026/05/08;Jessica Naidoo
T00299;S001;Sandton;C1948;Member;P0002;Bluetooth Speaker;Electronics;1;649.99;649.99;Cash;2026/06/30;Daniel Smith
T00300;S001;Sandton;C1563;Guest;P0022;Cookware Set;Kitchen;5;1599.99;7999.95;Mobile Pay;2026/03/28;Noah Pillay
T00301;S001;Sandton;C2878;Member;P0002;Bluetooth Speaker;Electronics;1;649.99;649.99;Mobile Pay;2026/05/25;Sophie Mthembu
T00302;S001;Sandton;C1094;Member;P0022;Cookware Set;Kitchen;4;1599.99;6399.96;Bank Transfer;2026/06/26;Noah Pillay
T00303;S001;Sandton;C2813;Member;P0018;Perfume;Beauty;3;899.99;2699.97;Card;2026/03/22;Michael Williams
T00304;S001;Sandton;C1067;Member;P0008;Blender;Appliances;4;899.99;3599.96;Cash;2026/01/08;Emma Nkosi
T00305;S001;Sandton;C0714;Guest;P0023;Dinner Plate Set;Kitchen;1;499.99;499.99;Bank Transfer;2026/01/03;James Botha
T00306;S001;Sandton;C1868;Member;P0024;Storage Container Set;Kitchen;6;349.99;2099.94;Cash;2026/04/18;Emma Nkosi
T00307;S001;Sandton;C1500;Guest;P0019;Throw Blanket;Home & Decor;6;449.99;2699.94;Bank Transfer;2026/05/17;Michael Williams
T00308;S001;Sandton;C2932;Member;P0011;Denim Jeans;Clothing;3;799.99;2399.97;Mobile Pay;2026/05/20;Michael Williams
T00309;S001;Sandton;C2698;Member;P0017;Face Moisturiser;Beauty;3;249.99;749.97;Cash;2026/05/25;Jessica Naidoo
T00310;S001;Sandton;C0121;Guest;P0020;Table Lamp;Home & Decor;5;699.99;3499.95;Cash;2026/06/24;Michael Williams
T00311;S001;Sandton;C1954;Guest;P0004;USB-C Charger;Electronics;5;299.99;1499.95;Card;2026/03/18;Michael Williams
T00312;S001;Sandton;C0423;Member;P0025;Novel Book;Books;5;199.99;999.95;Cash;2026/05/18;Olivia Dlamini
T00313;S001;Sandton;C1947;Member;P0012;Hooded Sweatshirt;Clothing;1;599.99;599.99;Card;2026/05/22;Michael Williams
T00314;S001;Sandton;C0229;Guest;P0005;Laptop Backpack;Accessories;4;549.99;2199.96;Bank Transfer;2026/06/19;Daniel Smith
T00315;S001;Sandton;C1117;Member;P0017;Face Moisturiser;Beauty;5;249.99;1249.95;Cash;2026/05/27;Liam Jacobs
T00316;S001;Sandton;C0341;Guest;P0009;Electric Kettle;Appliances;4;499.99;1999.96;Card;2026/01/01;James Botha
T00317;S001;Sandton;C2007;Member;P0020;Table Lamp;Home & Decor;3;699.99;2099.97;Bank Transfer;2026/06/03;Liam Jacobs
T00318;S001;Sandton;C0984;Member;P0021;Cushion Set;Home & Decor;3;299.99;899.97;Mobile Pay;2026/06/02;Emma Nkosi
T00319;S001;Sandton;C0939;Member;P0014;Yoga Mat;Sportswear;6;399.99;2399.94;Cash;2026/01/26;Michael Williams
T00320;S001;Sandton;C1123;Member;P0017;Face Moisturiser;Beauty;3;249.99;749.97;Mobile Pay;2026/02/27;Michael Williams
T00321;S001;Sandton;C1979;Guest;P0003;Smart Watch;Electronics;2;1299.99;2599.98;Mobile Pay;2026/02/06;Sarah Mokoena
T00322;S001;Sandton;C0324;Member;P0019;Throw Blanket;Home & Decor;4;449.99;1799.96;Cash;2026/05/01;Emma Nkosi
T00323;S001;Sandton;C0780;Guest;P0003;Smart Watch;Electronics;1;1299.99;1299.99;Mobile Pay;2026/03/30;Emma Nkosi
T00324;S001;Sandton;C0829;Member;P0003;Smart Watch;Electronics;5;1299.99;6499.95;Bank Transfer;2026/05/05;Noah Pillay
T00325;S001;Sandton;C2024;Guest;P0024;Storage Container Set;Kitchen;6;349.99;2099.94;Bank Transfer;2026/04/04;Emma Nkosi
T00326;S001;Sandton;C1611;Member;P0016;Skincare Set;Beauty;1;599.99;599.99;Cash;2026/02/02;James Botha
T00327;S001;Sandton;C1920;Member;P0021;Cushion Set;Home & Decor;5;299.99;1499.95;Mobile Pay;2026/01/02;James Botha
T00328;S001;Sandton;C2106;Member;P0017;Face Moisturiser;Beauty;5;249.99;1249.95;Card;2026/03/27;Emma Nkosi
T00329;S001;Sandton;C1070;Member;P0003;Smart Watch;Electronics;5;1299.99;6499.95;Card;2026/06/22;Daniel Smith
T00330;S001;Sandton;C0830;Member;P0010;Cotton T-Shirt;Clothing;2;249.99;499.98;Card;2026/02/07;Noah Pillay
T00331;S001;Sandton;C2908;Guest;P0017;Face Moisturiser;Beauty;1;249.99;249.99;Cash;2026/04/29;Daniel Smith
T00332;S001;Sandton;C0451;Guest;P0015;Sports Bottle;Sportswear;3;199.99;599.97;Mobile Pay;2026/04/23;Jessica Naidoo
T00333;S001;Sandton;C0956;Guest;P0003;Smart Watch;Electronics;1;1299.99;1299.99;Card;2026/03/28;Jessica Naidoo
T00334;S001;Sandton;C1104;Guest;P0024;Storage Container Set;Kitchen;1;349.99;349.99;Card;2026/02/19;Michael Williams
T00335;S001;Sandton;C2037;Guest;P0003;Smart Watch;Electronics;3;1299.99;3899.97;Card;2026/01/28;Liam Jacobs
T00336;S001;Sandton;C1372;Guest;P0022;Cookware Set;Kitchen;5;1599.99;7999.95;Bank Transfer;2026/04/29;Noah Pillay
T00337;S001;Sandton;C0337;Member;P0014;Yoga Mat;Sportswear;2;399.99;799.98;Cash;2026/06/06;Liam Jacobs
T00338;S001;Sandton;C0575;Member;P0010;Cotton T-Shirt;Clothing;1;249.99;249.99;Card;2026/04/19;Emma Nkosi
T00339;S001;Sandton;C0615;Member;P0023;Dinner Plate Set;Kitchen;4;499.99;1999.96;Mobile Pay;2026/04/13;Noah Pillay
T00340;S001;Sandton;C0843;Guest;P0011;Denim Jeans;Clothing;5;799.99;3999.95;Cash;2026/04/28;Olivia Dlamini
T00341;S001;Sandton;C1367;Member;P0013;Running Shoes;Sportswear;3;1499.5;4498.5;Mobile Pay;2026/06/21;Noah Pillay
T00342;S001;Sandton;C1626;Guest;P0009;Electric Kettle;Appliances;3;499.99;1499.97;Cash;2026/03/04;Daniel Smith
T00343;S001;Sandton;C0568;Member;P0013;Running Shoes;Sportswear;1;1499.5;1499.5;Cash;2026/05/03;Michael Williams
T00344;S001;Sandton;C1977;Member;P0019;Throw Blanket;Home & Decor;2;449.99;899.98;Bank Transfer;2026/03/13;Liam Jacobs
T00345;S001;Sandton;C1381;Member;P0025;Novel Book;Books;4;199.99;799.96;Card;2026/03/10;Noah Pillay
T00346;S001;Sandton;C2349;Guest;P0004;USB-C Charger;Electronics;6;299.99;1799.94;Cash;2026/01/13;Noah Pillay
T00347;S001;Sandton;C0943;Member;P0025;Novel Book;Books;2;199.99;399.98;Bank Transfer;2026/01/20;James Botha
T00348;S001;Sandton;C2211;Member;P0001;Wireless Headphones;Electronics;5;899.99;4499.95;Mobile Pay;2026/02/05;Olivia Dlamini
T00349;S001;Sandton;C2942;Member;P0018;Perfume;Beauty;1;899.99;899.99;Cash;2026/03/24;Sarah Mokoena
T00350;S001;Sandton;C2585;Member;P0014;Yoga Mat;Sportswear;3;399.99;1199.97;Cash;2026/05/08;Sarah Mokoena
T00351;S001;Sandton;C2516;Guest;P0019;Throw Blanket;Home & Decor;3;449.99;1349.97;Cash;2026/03/07;Daniel Smith
T00352;S001;Sandton;C1979;Guest;P0004;USB-C Charger;Electronics;4;299.99;1199.96;Mobile Pay;2026/02/12;Liam Jacobs
T00353;S001;Sandton;C2623;Guest;P0019;Throw Blanket;Home & Decor;2;449.99;899.98;Bank Transfer;2026/06/05;Sarah Mokoena
T00354;S001;Sandton;C0052;Guest;P0019;Throw Blanket;Home & Decor;6;449.99;2699.94;Cash;2026/05/29;Emma Nkosi
T00355;S001;Sandton;C0120;Member;P0015;Sports Bottle;Sportswear;3;199.99;599.97;Card;2026/06/18;Olivia Dlamini
T00356;S001;Sandton;C2845;Guest;P0005;Laptop Backpack;Accessories;5;549.99;2749.95;Mobile Pay;2026/04/16;Liam Jacobs
T00357;S001;Sandton;C0586;Guest;P0014;Yoga Mat;Sportswear;6;399.99;2399.94;Cash;2026/03/11;Daniel Smith
T00358;S001;Sandton;C2173;Guest;P0001;Wireless Headphones;Electronics;3;899.99;2699.97;Card;2026/05/02;Olivia Dlamini
T00359;S001;Sandton;C0259;Member;P0020;Table Lamp;Home & Decor;1;699.99;699.99;Cash;2026/06/19;Emma Nkosi
T00360;S001;Sandton;C1640;Member;P0024;Storage Container Set;Kitchen;2;349.99;699.98;Cash;2026/05/17;Michael Williams
T00361;S001;Sandton;C2935;Member;P0002;Bluetooth Speaker;Electronics;3;649.99;1949.97;Card;2026/06/17;Jessica Naidoo
T00362;S001;Sandton;C1756;Guest;P0012;Hooded Sweatshirt;Clothing;1;599.99;599.99;Mobile Pay;2026/02/03;Daniel Smith
T00363;S001;Sandton;C0872;Member;P0013;Running Shoes;Sportswear;3;1499.5;4498.5;Cash;2026/06/03;Sophie Mthembu
T00364;S001;Sandton;C2984;Guest;P0020;Table Lamp;Home & Decor;4;699.99;2799.96;Card;2026/05/26;Michael Williams
T00365;S001;Sandton;C1759;Member;P0023;Dinner Plate Set;Kitchen;1;499.99;499.99;Bank Transfer;2026/01/03;Liam Jacobs
T00366;S001;Sandton;C2952;Member;P0022;Cookware Set;Kitchen;4;1599.99;6399.96;Cash;2026/01/25;Olivia Dlamini
T00367;S001;Sandton;C0747;Guest;P0015;Sports Bottle;Sportswear;3;199.99;599.97;Mobile Pay;2026/03/25;Olivia Dlamini
T00368;S001;Sandton;C2482;Member;P0022;Cookware Set;Kitchen;2;1599.99;3199.98;Card;2026/04/29;Daniel Smith
T00369;S001;Sandton;C1941;Guest;P0023;Dinner Plate Set;Kitchen;2;499.99;999.98;Card;2026/06/11;Olivia Dlamini
T00370;S001;Sandton;C1767;Member;P0017;Face Moisturiser;Beauty;3;249.99;749.97;Card;2026/06/13;Jessica Naidoo
T00371;S001;Sandton;C2959;Guest;P0008;Blender;Appliances;4;899.99;3599.96;Card;2026/05/12;Jessica Naidoo
T00372;S001;Sandton;C0534;Member;P0007;Air Fryer;Appliances;2;1799.99;3599.98;Cash;2026/03/05;Noah Pillay
T00373;S001;Sandton;C2095;Member;P0003;Smart Watch;Electronics;6;1299.99;7799.94;Card;2026/01/09;Liam Jacobs
T00374;S001;Sandton;C2967;Guest;P0016;Skincare Set;Beauty;6;599.99;3599.94;Mobile Pay;2026/01/08;Jessica Naidoo
T00375;S001;Sandton;C0921;Guest;P0009;Electric Kettle;Appliances;2;499.99;999.98;Bank Transfer;2026/05/04;Liam Jacobs
T00376;S001;Sandton;C0399;Member;P0018;Perfume;Beauty;6;899.99;5399.94;Mobile Pay;2026/05/29;Emma Nkosi
T00377;S001;Sandton;C1035;Guest;P0004;USB-C Charger;Electronics;1;299.99;299.99;Card;2026/04/15;Jessica Naidoo
T00378;S001;Sandton;C2376;Member;P0008;Blender;Appliances;2;899.99;1799.98;Cash;2026/04/16;Noah Pillay
T00379;S001;Sandton;C1422;Member;P0023;Dinner Plate Set;Kitchen;3;499.99;1499.97;Mobile Pay;2026/04/27;Daniel Smith
T00380;S001;Sandton;C1310;Guest;P0007;Air Fryer;Appliances;3;1799.99;5399.97;Cash;2026/02/03;Noah Pillay
T00381;S001;Sandton;C2746;Guest;P0004;USB-C Charger;Electronics;5;299.99;1499.95;Mobile Pay;2026/04/25;Liam Jacobs
T00382;S001;Sandton;C0093;Member;P0014;Yoga Mat;Sportswear;5;399.99;1999.95;Cash;2026/02/06;Sophie Mthembu
T00383;S001;Sandton;C0275;Guest;P0013;Running Shoes;Sportswear;4;1499.5;5998.0;Card;2026/04/26;Sarah Mokoena
T00384;S001;Sandton;C1655;Member;P0008;Blender;Appliances;1;899.99;899.99;Mobile Pay;2026/01/18;Liam Jacobs
T00385;S001;Sandton;C0613;Guest;P0017;Face Moisturiser;Beauty;2;249.99;499.98;Bank Transfer;2026/02/03;Noah Pillay
T00386;S001;Sandton;C2511;Guest;P0023;Dinner Plate Set;Kitchen;5;499.99;2499.95;Cash;2026/02/04;Liam Jacobs
T00387;S001;Sandton;C0973;Member;P0011;Denim Jeans;Clothing;6;799.99;4799.94;Mobile Pay;2026/05/31;Noah Pillay
T00388;S001;Sandton;C0076;Member;P0024;Storage Container Set;Kitchen;2;349.99;699.98;Cash;2026/02/24;Jessica Naidoo
T00389;S001;Sandton;C0215;Member;P0003;Smart Watch;Electronics;1;1299.99;1299.99;Cash;2026/05/09;Daniel Smith
T00390;S001;Sandton;C2524;Member;P0014;Yoga Mat;Sportswear;2;399.99;799.98;Bank Transfer;2026/01/16;Sarah Mokoena
T00391;S001;Sandton;C1520;Guest;P0001;Wireless Headphones;Electronics;1;899.99;899.99;Bank Transfer;2026/02/05;Jessica Naidoo
T00392;S001;Sandton;C0752;Member;P0024;Storage Container Set;Kitchen;6;349.99;2099.94;Mobile Pay;2026/02/18;Sophie Mthembu
T00393;S001;Sandton;C1657;Guest;P0005;Laptop Backpack;Accessories;4;549.99;2199.96;Mobile Pay;2026/04/06;Noah Pillay
T00394;S001;Sandton;C2122;Member;P0001;Wireless Headphones;Electronics;1;899.99;899.99;Cash;2026/04/07;Olivia Dlamini
T00395;S001;Sandton;C1624;Member;P0010;Cotton T-Shirt;Clothing;2;249.99;499.98;Card;2026/06/27;Liam Jacobs
T00396;S001;Sandton;C1230;Member;P0010;Cotton T-Shirt;Clothing;6;249.99;1499.94;Bank Transfer;2026/01/02;Sarah Mokoena
T00397;S001;Sandton;C0204;Guest;P0002;Bluetooth Speaker;Electronics;5;649.99;3249.95;Card;2026/04/08;Sophie Mthembu
T00398;S001;Sandton;C2374;Member;P0012;Hooded Sweatshirt;Clothing;1;599.99;599.99;Card;2026/02/07;Michael Williams
T00399;S001;Sandton;C1168;Member;P0012;Hooded Sweatshirt;Clothing;1;599.99;599.99;Cash;2026/05/29;Olivia Dlamini
T00400;S001;Sandton;C2757;Member;P0015;Sports Bottle;Sportswear;1;199.99;199.99;Bank Transfer;2026/05/07;Liam Jacobs
T00401;S001;Sandton;C1644;Member;P0003;Smart Watch;Electronics;2;1299.99;2599.98;Cash;2026/06/22;Olivia Dlamini
T00402;S001;Sandton;C2164;Guest;P0012;Hooded Sweatshirt;Clothing;1;599.99;599.99;Bank Transfer;2026/03/13;Emma Nkosi
T00403;S001;Sandton;C1120;Guest;P0004;USB-C Charger;Electronics;5;299.99;1499.95;Bank Transfer;2026/02/17;Jessica Naidoo
T00404;S001;Sandton;C2102;Guest;P0016;Skincare Set;Beauty;4;599.99;2399.96;Card;2026/01/11;Olivia Dlamini
T00405;S001;Sandton;C2004;Member;P0014;Yoga Mat;Sportswear;4;399.99;1599.96;Mobile Pay;2026/04/28;Michael Williams
T00406;S001;Sandton;C2114;Member;P0013;Running Shoes;Sportswear;2;1499.5;2999.0;Cash;2026/01/07;Sarah Mokoena
T00407;S001;Sandton;C0821;Member;P0002;Bluetooth Speaker;Electronics;3;649.99;1949.97;Bank Transfer;2026/05/03;Michael Williams
T00408;S001;Sandton;C1097;Member;P0014;Yoga Mat;Sportswear;3;399.99;1199.97;Mobile Pay;2026/01/02;Noah Pillay
T00409;S001;Sandton;C2548;Member;P0008;Blender;Appliances;2;899.99;1799.98;Bank Transfer;2026/05/24;Sarah Mokoena
T00410;S001;Sandton;C1246;Member;P0002;Bluetooth Speaker;Electronics;2;649.99;1299.98;Mobile Pay;2026/01/23;Sarah Mokoena
T00411;S001;Sandton;C2269;Member;P0023;Dinner Plate Set;Kitchen;2;499.99;999.98;Mobile Pay;2026/04/26;Daniel Smith
T00412;S001;Sandton;C1690;Guest;P0018;Perfume;Beauty;5;899.99;4499.95;Mobile Pay;2026/05/12;Sophie Mthembu
T00413;S001;Sandton;C2567;Member;P0003;Smart Watch;Electronics;1;1299.99;1299.99;Cash;2026/05/07;Sarah Mokoena
T00414;S001;Sandton;C1524;Member;P0017;Face Moisturiser;Beauty;6;249.99;1499.94;Card;2026/04/15;Jessica Naidoo
T00415;S001;Sandton;C1394;Member;P0003;Smart Watch;Electronics;4;1299.99;5199.96;Bank Transfer;2026/03/12;James Botha
T00416;S001;Sandton;C1886;Member;P0001;Wireless Headphones;Electronics;3;899.99;2699.97;Card;2026/01/01;Sophie Mthembu
T00417;S001;Sandton;C2728;Member;P0022;Cookware Set;Kitchen;2;1599.99;3199.98;Card;2026/02/26;Michael Williams
T00418;S001;Sandton;C1641;Member;P0003;Smart Watch;Electronics;3;1299.99;3899.97;Bank Transfer;2026/01/25;Daniel Smith
T00419;S001;Sandton;C0456;Member;P0015;Sports Bottle;Sportswear;3;199.99;599.97;Cash;2026/04/24;Liam Jacobs
T00420;S001;Sandton;C0663;Member;P0006;Coffee Maker;Appliances;5;1299.99;6499.95;Card;2026/04/08;Sarah Mokoena
T00421;S001;Sandton;C2853;Guest;P0025;Novel Book;Books;5;199.99;999.95;Cash;2026/01/21;Olivia Dlamini
T00422;S001;Sandton;C0518;Member;P0002;Bluetooth Speaker;Electronics;1;649.99;649.99;Mobile Pay;2026/06/21;Liam Jacobs
T00423;S001;Sandton;C2222;Member;P0008;Blender;Appliances;3;899.99;2699.97;Mobile Pay;2026/01/02;Jessica Naidoo
T00424;S001;Sandton;C2779;Member;P0017;Face Moisturiser;Beauty;5;249.99;1249.95;Cash;2026/06/05;Liam Jacobs
T00425;S001;Sandton;C0154;Member;P0009;Electric Kettle;Appliances;4;499.99;1999.96;Mobile Pay;2026/06/25;Sophie Mthembu
T00426;S001;Sandton;C2818;Member;P0003;Smart Watch;Electronics;6;1299.99;7799.94;Mobile Pay;2026/03/06;Emma Nkosi
T00427;S001;Sandton;C0081;Member;P0023;Dinner Plate Set;Kitchen;6;499.99;2999.94;Mobile Pay;2026/04/21;Daniel Smith
T00428;S001;Sandton;C1563;Guest;P0006;Coffee Maker;Appliances;6;1299.99;7799.94;Card;2026/01/06;Sarah Mokoena
T00429;S001;Sandton;C1106;Member;P0016;Skincare Set;Beauty;1;599.99;599.99;Bank Transfer;2026/01/05;James Botha
T00430;S001;Sandton;C1661;Guest;P0015;Sports Bottle;Sportswear;6;199.99;1199.94;Card;2026/04/20;Liam Jacobs
T00431;S001;Sandton;C1742;Member;P0023;Dinner Plate Set;Kitchen;1;499.99;499.99;Cash;2026/05/11;Michael Williams
T00432;S001;Sandton;C0971;Member;P0011;Denim Jeans;Clothing;6;799.99;4799.94;Mobile Pay;2026/02/07;Emma Nkosi
T00433;S001;Sandton;C0563;Member;P0023;Dinner Plate Set;Kitchen;3;499.99;1499.97;Card;2026/04/16;Liam Jacobs
T00434;S001;Sandton;C0057;Member;P0019;Throw Blanket;Home & Decor;5;449.99;2249.95;Card;2026/04/13;Sarah Mokoena
T00435;S001;Sandton;C2189;Guest;P0014;Yoga Mat;Sportswear;2;399.99;799.98;Card;2026/05/01;Daniel Smith
T00436;S001;Sandton;C0901;Guest;P0023;Dinner Plate Set;Kitchen;6;499.99;2999.94;Card;2026/01/30;Emma Nkosi
T00437;S001;Sandton;C0982;Member;P0001;Wireless Headphones;Electronics;2;899.99;1799.98;Mobile Pay;2026/03/27;James Botha
T00438;S001;Sandton;C2871;Guest;P0023;Dinner Plate Set;Kitchen;5;499.99;2499.95;Cash;2026/05/16;Emma Nkosi
T00439;S001;Sandton;C1678;Member;P0023;Dinner Plate Set;Kitchen;4;499.99;1999.96;Bank Transfer;2026/01/02;Jessica Naidoo
T00440;S001;Sandton;C2745;Member;P0013;Running Shoes;Sportswear;2;1499.5;2999.0;Bank Transfer;2026/01/26;Noah Pillay
T00441;S001;Sandton;C1101;Member;P0009;Electric Kettle;Appliances;6;499.99;2999.94;Card;2026/01/12;Liam Jacobs
T00442;S001;Sandton;C0911;Member;P0004;USB-C Charger;Electronics;6;299.99;1799.94;Mobile Pay;2026/03/31;Liam Jacobs
T00443;S001;Sandton;C1068;Guest;P0008;Blender;Appliances;4;899.99;3599.96;Card;2026/05/07;Liam Jacobs
T00444;S001;Sandton;C0442;Guest;P0014;Yoga Mat;Sportswear;5;399.99;1999.95;Bank Transfer;2026/02/13;Liam Jacobs
T00445;S001;Sandton;C1011;Guest;P0006;Coffee Maker;Appliances;1;1299.99;1299.99;Cash;2026/04/15;Noah Pillay
T00446;S001;Sandton;C2314;Guest;P0014;Yoga Mat;Sportswear;5;399.99;1999.95;Card;2026/02/19;Noah Pillay
T00447;S001;Sandton;C2256;Member;P0019;Throw Blanket;Home & Decor;4;449.99;1799.96;Bank Transfer;2026/01/16;Michael Williams
T00448;S001;Sandton;C2594;Member;P0018;Perfume;Beauty;4;899.99;3599.96;Bank Transfer;2026/03/23;Jessica Naidoo
T00449;S001;Sandton;C0061;Member;P0005;Laptop Backpack;Accessories;5;549.99;2749.95;Mobile Pay;2026/04/30;Olivia Dlamini
T00450;S001;Sandton;C1888;Member;P0010;Cotton T-Shirt;Clothing;4;249.99;999.96;Card;2026/03/01;Sophie Mthembu
T00451;S001;Sandton;C1097;Guest;P0003;Smart Watch;Electronics;2;1299.99;2599.98;Mobile Pay;2026/04/15;Olivia Dlamini
T00452;S001;Sandton;C0005;Member;P0005;Laptop Backpack;Accessories;5;549.99;2749.95;Mobile Pay;2026/05/15;Michael Williams
T00453;S001;Sandton;C0216;Member;P0024;Storage Container Set;Kitchen;2;349.99;699.98;Bank Transfer;2026/03/19;James Botha
T00454;S001;Sandton;C0404;Member;P0009;Electric Kettle;Appliances;4;499.99;1999.96;Mobile Pay;2026/06/22;Jessica Naidoo
T00455;S001;Sandton;C1473;Guest;P0005;Laptop Backpack;Accessories;1;549.99;549.99;Mobile Pay;2026/02/15;Jessica Naidoo
T00456;S001;Sandton;C1674;Member;P0002;Bluetooth Speaker;Electronics;4;649.99;2599.96;Cash;2026/02/21;Noah Pillay
T00457;S001;Sandton;C1197;Member;P0007;Air Fryer;Appliances;3;1799.99;5399.97;Card;2026/05/09;Daniel Smith
T00458;S001;Sandton;C1569;Member;P0005;Laptop Backpack;Accessories;2;549.99;1099.98;Bank Transfer;2026/06/28;Jessica Naidoo
T00459;S001;Sandton;C1837;Member;P0023;Dinner Plate Set;Kitchen;6;499.99;2999.94;Bank Transfer;2026/03/15;Sarah Mokoena
T00460;S001;Sandton;C1827;Member;P0023;Dinner Plate Set;Kitchen;5;499.99;2499.95;Bank Transfer;2026/02/19;Olivia Dlamini
T00461;S001;Sandton;C2990;Member;P0009;Electric Kettle;Appliances;3;499.99;1499.97;Cash;2026/05/02;Olivia Dlamini
T00462;S001;Sandton;C1893;Member;P0003;Smart Watch;Electronics;2;1299.99;2599.98;Bank Transfer;2026/04/01;Jessica Naidoo
T00463;S001;Sandton;C1129;Guest;P0011;Denim Jeans;Clothing;4;799.99;3199.96;Mobile Pay;2026/02/14;Sophie Mthembu
T00464;S001;Sandton;C0295;Member;P0010;Cotton T-Shirt;Clothing;4;249.99;999.96;Card;2026/06/14;Olivia Dlamini
T00465;S001;Sandton;C0740;Member;P0011;Denim Jeans;Clothing;1;799.99;799.99;Mobile Pay;2026/04/15;Liam Jacobs
T00466;S001;Sandton;C2414;Member;P0022;Cookware Set;Kitchen;5;1599.99;7999.95;Card;2026/02/09;Sophie Mthembu
T00467;S001;Sandton;C2827;Guest;P0008;Blender;Appliances;2;899.99;1799.98;Card;2026/04/07;Noah Pillay
T00468;S001;Sandton;C1674;Member;P0021;Cushion Set;Home & Decor;2;299.99;599.98;Card;2026/04/20;Jessica Naidoo
T00469;S001;Sandton;C1400;Guest;P0020;Table Lamp;Home & Decor;2;699.99;1399.98;Card;2026/04/08;James Botha
T00470;S001;Sandton;C2677;Guest;P0004;USB-C Charger;Electronics;4;299.99;1199.96;Bank Transfer;2026/03/16;Noah Pillay
T00471;S001;Sandton;C1047;Guest;P0015;Sports Bottle;Sportswear;3;199.99;599.97;Cash;2026/05/01;Michael Williams
T00472;S001;Sandton;C0167;Member;P0001;Wireless Headphones;Electronics;5;899.99;4499.95;Card;2026/03/21;Sarah Mokoena
T00473;S001;Sandton;C2177;Member;P0001;Wireless Headphones;Electronics;5;899.99;4499.95;Cash;2026/03/16;Noah Pillay
T00474;S001;Sandton;C1430;Member;P0020;Table Lamp;Home & Decor;5;699.99;3499.95;Bank Transfer;2026/01/10;Noah Pillay
T00475;S001;Sandton;C1105;Guest;P0021;Cushion Set;Home & Decor;5;299.99;1499.95;Bank Transfer;2026/04/19;Sarah Mokoena
T00476;S001;Sandton;C2933;Guest;P0017;Face Moisturiser;Beauty;4;249.99;999.96;Cash;2026/05/31;James Botha
T00477;S001;Sandton;C0049;Member;P0003;Smart Watch;Electronics;5;1299.99;6499.95;Bank Transfer;2026/03/26;Sarah Mokoena
T00478;S001;Sandton;C0311;Member;P0007;Air Fryer;Appliances;5;1799.99;8999.95;Bank Transfer;2026/01/04;Sarah Mokoena
T00479;S001;Sandton;C1526;Member;P0011;Denim Jeans;Clothing;3;799.99;2399.97;Mobile Pay;2026/02/26;Noah Pillay
T00480;S001;Sandton;C0865;Member;P0024;Storage Container Set;Kitchen;3;349.99;1049.97;Bank Transfer;2026/06/23;Daniel Smith
T00481;S001;Sandton;C2083;Guest;P0007;Air Fryer;Appliances;2;1799.99;3599.98;Bank Transfer;2026/01/19;Noah Pillay
T00482;S001;Sandton;C2372;Member;P0013;Running Shoes;Sportswear;6;1499.5;8997.0;Cash;2026/02/15;Olivia Dlamini
T00483;S001;Sandton;C2149;Member;P0013;Running Shoes;Sportswear;6;1499.5;8997.0;Card;2026/04/03;Noah Pillay
T00484;S001;Sandton;C1881;Member;P0017;Face Moisturiser;Beauty;4;249.99;999.96;Bank Transfer;2026/01/13;Sarah Mokoena
T00485;S001;Sandton;C0296;Guest;P0016;Skincare Set;Beauty;4;599.99;2399.96;Cash;2026/01/06;Olivia Dlamini
T00486;S001;Sandton;C1690;Member;P0004;USB-C Charger;Electronics;2;299.99;599.98;Card;2026/02/22;Michael Williams
T00487;S001;Sandton;C2175;Member;P0022;Cookware Set;Kitchen;1;1599.99;1599.99;Mobile Pay;2026/02/22;Michael Williams
T00488;S001;Sandton;C1550;Member;P0015;Sports Bottle;Sportswear;5;199.99;999.95;Cash;2026/04/05;Noah Pillay
T00489;S001;Sandton;C2074;Guest;P0022;Cookware Set;Kitchen;5;1599.99;7999.95;Card;2026/06/14;Jessica Naidoo
T00490;S001;Sandton;C0747;Member;P0015;Sports Bottle;Sportswear;2;199.99;399.98;Card;2026/03/31;Sarah Mokoena
T00491;S001;Sandton;C0824;Member;P0019;Throw Blanket;Home & Decor;3;449.99;1349.97;Mobile Pay;2026/01/07;James Botha
T00492;S001;Sandton;C0857;Member;P0009;Electric Kettle;Appliances;1;499.99;499.99;Bank Transfer;2026/03/29;Daniel Smith
T00493;S001;Sandton;C0044;Guest;P0004;USB-C Charger;Electronics;4;299.99;1199.96;Bank Transfer;2026/05/17;Olivia Dlamini
T00494;S001;Sandton;C0473;Member;P0022;Cookware Set;Kitchen;1;1599.99;1599.99;Mobile Pay;2026/05/19;Olivia Dlamini
T00495;S001;Sandton;C0788;Member;P0024;Storage Container Set;Kitchen;5;349.99;1749.95;Cash;2026/02/25;Liam Jacobs
T00496;S001;Sandton;C0400;Member;P0010;Cotton T-Shirt;Clothing;1;249.99;249.99;Cash;2026/05/19;James Botha
T00497;S001;Sandton;C0417;Member;P0014;Yoga Mat;Sportswear;5;399.99;1999.95;Cash;2026/05/19;Sarah Mokoena
T00498;S001;Sandton;C2976;Member;P0006;Coffee Maker;Appliances;4;1299.99;5199.96;Card;2026/04/07;Liam Jacobs
T00499;S001;Sandton;C0271;Member;P0015;Sports Bottle;Sportswear;6;199.99;1199.94;Bank Transfer;2026/04/23;Noah Pillay
T00500;S001;Sandton;C0524;Member;P0018;Perfume;Beauty;2;899.99;1799.98;Mobile Pay;2026/06/16;Sarah Mokoena
T00501;S001;Sandton;C1383;Member;P0010;Cotton T-Shirt;Clothing;6;249.99;1499.94;Card;2026/05/06;James Botha
T00502;S001;Sandton;C2901;Guest;P0004;USB-C Charger;Electronics;6;299.99;1799.94;Card;2026/01/22;Michael Williams
T00503;S001;Sandton;C2042;Member;P0009;Electric Kettle;Appliances;3;499.99;1499.97;Cash;2026/02/17;Michael Williams
T00504;S001;Sandton;C0411;Member;P0006;Coffee Maker;Appliances;4;1299.99;5199.96;Cash;2026/02/10;Liam Jacobs
T00505;S001;Sandton;C0884;Member;P0020;Table Lamp;Home & Decor;4;699.99;2799.96;Card;2026/03/07;Liam Jacobs
T00506;S001;Sandton;C1915;Member;P0009;Electric Kettle;Appliances;3;499.99;1499.97;Card;2026/05/26;James Botha
T00507;S001;Sandton;C1254;Guest;P0025;Novel Book;Books;2;199.99;399.98;Mobile Pay;2026/03/12;Emma Nkosi
T00508;S001;Sandton;C1897;Guest;P0005;Laptop Backpack;Accessories;2;549.99;1099.98;Cash;2026/03/19;Sophie Mthembu
T00509;S001;Sandton;C0099;Member;P0012;Hooded Sweatshirt;Clothing;6;599.99;3599.94;Bank Transfer;2026/05/29;Noah Pillay
T00510;S001;Sandton;C1077;Member;P0003;Smart Watch;Electronics;5;1299.99;6499.95;Cash;2026/04/26;Jessica Naidoo
T00511;S001;Sandton;C0543;Member;P0022;Cookware Set;Kitchen;1;1599.99;1599.99;Card;2026/02/04;Noah Pillay
T00512;S001;Sandton;C1933;Guest;P0009;Electric Kettle;Appliances;2;499.99;999.98;Cash;2026/01/31;Michael Williams
T00513;S001;Sandton;C1887;Member;P0020;Table Lamp;Home & Decor;5;699.99;3499.95;Bank Transfer;2026/03/23;Daniel Smith
T00514;S001;Sandton;C1523;Guest;P0002;Bluetooth Speaker;Electronics;1;649.99;649.99;Bank Transfer;2026/04/24;Noah Pillay
T00515;S001;Sandton;C0126;Member;P0020;Table Lamp;Home & Decor;4;699.99;2799.96;Bank Transfer;2026/03/05;James Botha
T00516;S001;Sandton;C2079;Guest;P0011;Denim Jeans;Clothing;4;799.99;3199.96;Card;2026/04/20;James Botha
T00517;S001;Sandton;C2171;Member;P0020;Table Lamp;Home & Decor;3;699.99;2099.97;Bank Transfer;2026/04/16;Daniel Smith
T00518;S001;Sandton;C1245;Member;P0018;Perfume;Beauty;3;899.99;2699.97;Bank Transfer;2026/02/16;Sophie Mthembu
T00519;S001;Sandton;C2146;Guest;P0005;Laptop Backpack;Accessories;1;549.99;549.99;Mobile Pay;2026/03/11;Michael Williams
T00520;S001;Sandton;C1310;Guest;P0024;Storage Container Set;Kitchen;5;349.99;1749.95;Bank Transfer;2026/06/27;Daniel Smith
T00521;S001;Sandton;C1415;Member;P0016;Skincare Set;Beauty;5;599.99;2999.95;Cash;2026/03/19;James Botha
T00522;S001;Sandton;C2466;Guest;P0013;Running Shoes;Sportswear;1;1499.5;1499.5;Bank Transfer;2026/01/19;Michael Williams
T00523;S001;Sandton;C0777;Guest;P0022;Cookware Set;Kitchen;1;1599.99;1599.99;Bank Transfer;2026/04/13;Emma Nkosi
T00524;S001;Sandton;C2221;Guest;P0013;Running Shoes;Sportswear;1;1499.5;1499.5;Cash;2026/01/28;Jessica Naidoo
T00525;S001;Sandton;C2445;Member;P0025;Novel Book;Books;2;199.99;399.98;Bank Transfer;2026/04/25;James Botha
T00526;S001;Sandton;C2215;Guest;P0014;Yoga Mat;Sportswear;4;399.99;1599.96;Card;2026/01/14;Olivia Dlamini
T00527;S001;Sandton;C0979;Member;P0018;Perfume;Beauty;5;899.99;4499.95;Cash;2026/03/25;James Botha
T00528;S001;Sandton;C1044;Member;P0021;Cushion Set;Home & Decor;4;299.99;1199.96;Bank Transfer;2026/01/04;Michael Williams
T00529;S001;Sandton;C0342;Member;P0022;Cookware Set;Kitchen;4;1599.99;6399.96;Bank Transfer;2026/05/10;Emma Nkosi
T00530;S001;Sandton;C0953;Member;P0014;Yoga Mat;Sportswear;1;399.99;399.99;Mobile Pay;2026/01/16;Emma Nkosi
T00531;S001;Sandton;C2332;Member;P0019;Throw Blanket;Home & Decor;6;449.99;2699.94;Bank Transfer;2026/06/09;Olivia Dlamini
T00532;S001;Sandton;C1160;Member;P0008;Blender;Appliances;6;899.99;5399.94;Card;2026/02/03;Olivia Dlamini
T00533;S001;Sandton;C0815;Member;P0003;Smart Watch;Electronics;6;1299.99;7799.94;Bank Transfer;2026/03/12;Noah Pillay
T00534;S001;Sandton;C1133;Member;P0023;Dinner Plate Set;Kitchen;2;499.99;999.98;Cash;2026/04/09;Emma Nkosi
T00535;S001;Sandton;C0335;Guest;P0023;Dinner Plate Set;Kitchen;2;499.99;999.98;Cash;2026/03/08;Sophie Mthembu
T00536;S001;Sandton;C2398;Member;P0019;Throw Blanket;Home & Decor;3;449.99;1349.97;Card;2026/06/28;Sarah Mokoena
T00537;S001;Sandton;C2410;Member;P0020;Table Lamp;Home & Decor;4;699.99;2799.96;Bank Transfer;2026/06/11;Daniel Smith
T00538;S001;Sandton;C0355;Guest;P0002;Bluetooth Speaker;Electronics;2;649.99;1299.98;Cash;2026/06/16;Noah Pillay
T00539;S001;Sandton;C2009;Guest;P0020;Table Lamp;Home & Decor;5;699.99;3499.95;Mobile Pay;2026/05/26;Liam Jacobs
T00540;S001;Sandton;C0357;Guest;P0005;Laptop Backpack;Accessories;3;549.99;1649.97;Cash;2026/01/10;Jessica Naidoo
T00541;S001;Sandton;C0380;Member;P0024;Storage Container Set;Kitchen;3;349.99;1049.97;Card;2026/05/15;Jessica Naidoo
T00542;S001;Sandton;C0648;Member;P0024;Storage Container Set;Kitchen;3;349.99;1049.97;Cash;2026/04/02;Sarah Mokoena
T00543;S001;Sandton;C1590;Member;P0021;Cushion Set;Home & Decor;5;299.99;1499.95;Bank Transfer;2026/02/05;Liam Jacobs
T00544;S001;Sandton;C0907;Member;P0004;USB-C Charger;Electronics;5;299.99;1499.95;Cash;2026/04/19;Michael Williams
T00545;S001;Sandton;C1823;Member;P0020;Table Lamp;Home & Decor;1;699.99;699.99;Cash;2026/02/19;Jessica Naidoo
T00546;S001;Sandton;C2281;Guest;P0002;Bluetooth Speaker;Electronics;4;649.99;2599.96;Cash;2026/04/19;Emma Nkosi
T00547;S001;Sandton;C1577;Member;P0023;Dinner Plate Set;Kitchen;2;499.99;999.98;Bank Transfer;2026/06/28;Liam Jacobs
T00548;S001;Sandton;C0862;Member;P0005;Laptop Backpack;Accessories;2;549.99;1099.98;Card;2026/01/28;Michael Williams
T00549;S001;Sandton;C1771;Member;P0003;Smart Watch;Electronics;1;1299.99;1299.99;Cash;2026/02/28;James Botha
T00550;S001;Sandton;C2288;Member;P0023;Dinner Plate Set;Kitchen;4;499.99;1999.96;Card;2026/04/29;James Botha
T00551;S001;Sandton;C0393;Member;P0009;Electric Kettle;Appliances;6;499.99;2999.94;Mobile Pay;2026/03/08;Noah Pillay
T00552;S001;Sandton;C2453;Member;P0008;Blender;Appliances;2;899.99;1799.98;Mobile Pay;2026/03/20;Daniel Smith
T00553;S001;Sandton;C0917;Member;P0017;Face Moisturiser;Beauty;1;249.99;249.99;Mobile Pay;2026/03/25;Daniel Smith
T00554;S001;Sandton;C2301;Guest;P0025;Novel Book;Books;5;199.99;999.95;Bank Transfer;2026/03/28;Sophie Mthembu
T00555;S001;Sandton;C2861;Guest;P0022;Cookware Set;Kitchen;1;1599.99;1599.99;Card;2026/05/10;Noah Pillay
T00556;S001;Sandton;C0490;Member;P0008;Blender;Appliances;2;899.99;1799.98;Mobile Pay;2026/04/08;Noah Pillay
T00557;S001;Sandton;C1750;Member;P0024;Storage Container Set;Kitchen;6;349.99;2099.94;Mobile Pay;2026/04/05;Noah Pillay
T00558;S001;Sandton;C1613;Guest;P0004;USB-C Charger;Electronics;2;299.99;599.98;Cash;2026/04/06;Emma Nkosi
T00559;S001;Sandton;C1826;Member;P0018;Perfume;Beauty;4;899.99;3599.96;Bank Transfer;2026/04/11;James Botha
T00560;S001;Sandton;C1652;Guest;P0012;Hooded Sweatshirt;Clothing;6;599.99;3599.94;Bank Transfer;2026/03/16;Sophie Mthembu
T00561;S001;Sandton;C1184;Member;P0011;Denim Jeans;Clothing;3;799.99;2399.97;Bank Transfer;2026/02/02;Sarah Mokoena
T00562;S001;Sandton;C1969;Guest;P0005;Laptop Backpack;Accessories;2;549.99;1099.98;Mobile Pay;2026/06/13;Olivia Dlamini
T00563;S001;Sandton;C2734;Member;P0005;Laptop Backpack;Accessories;4;549.99;2199.96;Mobile Pay;2026/01/25;James Botha
T00564;S001;Sandton;C2298;Member;P0022;Cookware Set;Kitchen;6;1599.99;9599.94;Mobile Pay;2026/04/22;Sarah Mokoena
T00565;S001;Sandton;C2475;Member;P0025;Novel Book;Books;3;199.99;599.97;Cash;2026/03/09;Liam Jacobs
T00566;S001;Sandton;C1390;Member;P0022;Cookware Set;Kitchen;5;1599.99;7999.95;Mobile Pay;2026/03/28;Jessica Naidoo
T00567;S001;Sandton;C0328;Guest;P0019;Throw Blanket;Home & Decor;1;449.99;449.99;Card;2026/06/30;Noah Pillay
T00568;S001;Sandton;C0195;Guest;P0004;USB-C Charger;Electronics;2;299.99;599.98;Mobile Pay;2026/05/01;Sarah Mokoena
T00569;S001;Sandton;C0060;Member;P0003;Smart Watch;Electronics;6;1299.99;7799.94;Mobile Pay;2026/02/04;James Botha
T00570;S001;Sandton;C1627;Guest;P0021;Cushion Set;Home & Decor;2;299.99;599.98;Card;2026/01/12;Daniel Smith
T00571;S001;Sandton;C1826;Member;P0001;Wireless Headphones;Electronics;5;899.99;4499.95;Mobile Pay;2026/05/26;Daniel Smith
T00572;S001;Sandton;C2967;Member;P0011;Denim Jeans;Clothing;3;799.99;2399.97;Bank Transfer;2026/06/20;Jessica Naidoo
T00573;S001;Sandton;C1961;Guest;P0010;Cotton T-Shirt;Clothing;6;249.99;1499.94;Card;2026/01/07;Sophie Mthembu
T00574;S001;Sandton;C2292;Guest;P0025;Novel Book;Books;3;199.99;599.97;Bank Transfer;2026/01/15;Jessica Naidoo
T00575;S001;Sandton;C0023;Member;P0024;Storage Container Set;Kitchen;6;349.99;2099.94;Bank Transfer;2026/01/31;Sophie Mthembu
T00576;S001;Sandton;C0890;Member;P0023;Dinner Plate Set;Kitchen;4;499.99;1999.96;Cash;2026/06/03;Sophie Mthembu
T00577;S001;Sandton;C1920;Member;P0023;Dinner Plate Set;Kitchen;3;499.99;1499.97;Bank Transfer;2026/01/09;Emma Nkosi
T00578;S001;Sandton;C1539;Guest;P0018;Perfume;Beauty;4;899.99;3599.96;Bank Transfer;2026/04/25;Noah Pillay
T00579;S001;Sandton;C2365;Member;P0001;Wireless Headphones;Electronics;5;899.99;4499.95;Card;2026/06/24;Daniel Smith
T00580;S001;Sandton;C0903;Member;P0023;Dinner Plate Set;Kitchen;6;499.99;2999.94;Bank Transfer;2026/03/05;Olivia Dlamini
T00581;S001;Sandton;C0241;Member;P0014;Yoga Mat;Sportswear;2;399.99;799.98;Bank Transfer;2026/06/01;Olivia Dlamini
T00582;S001;Sandton;C1152;Guest;P0013;Running Shoes;Sportswear;4;1499.5;5998.0;Bank Transfer;2026/01/11;Liam Jacobs
T00583;S001;Sandton;C1094;Guest;P0017;Face Moisturiser;Beauty;3;249.99;749.97;Bank Transfer;2026/02/15;Liam Jacobs
T00584;S001;Sandton;C0772;Member;P0023;Dinner Plate Set;Kitchen;3;499.99;1499.97;Card;2026/04/23;Michael Williams
T00585;S001;Sandton;C2468;Guest;P0002;Bluetooth Speaker;Electronics;2;649.99;1299.98;Card;2026/01/04;Jessica Naidoo
T00586;S001;Sandton;C1877;Member;P0008;Blender;Appliances;5;899.99;4499.95;Mobile Pay;2026/04/12;Jessica Naidoo
T00587;S001;Sandton;C0207;Guest;P0023;Dinner Plate Set;Kitchen;3;499.99;1499.97;Card;2026/02/09;James Botha
T00588;S001;Sandton;C0014;Member;P0006;Coffee Maker;Appliances;5;1299.99;6499.95;Bank Transfer;2026/03/28;Olivia Dlamini
T00589;S001;Sandton;C0040;Member;P0005;Laptop Backpack;Accessories;5;549.99;2749.95;Mobile Pay;2026/02/16;Michael Williams
T00590;S001;Sandton;C2074;Member;P0014;Yoga Mat;Sportswear;2;399.99;799.98;Bank Transfer;2026/03/21;Daniel Smith
T00591;S001;Sandton;C0665;Member;P0014;Yoga Mat;Sportswear;6;399.99;2399.94;Cash;2026/01/09;Emma Nkosi
T00592;S001;Sandton;C1606;Guest;P0017;Face Moisturiser;Beauty;6;249.99;1499.94;Card;2026/02/27;James Botha
T00593;S001;Sandton;C0002;Member;P0025;Novel Book;Books;4;199.99;799.96;Cash;2026/06/08;Michael Williams
T00594;S001;Sandton;C2253;Member;P0012;Hooded Sweatshirt;Clothing;3;599.99;1799.97;Cash;2026/02/19;Emma Nkosi
T00595;S001;Sandton;C1865;Member;P0009;Electric Kettle;Appliances;2;499.99;999.98;Card;2026/05/27;Olivia Dlamini
T00596;S001;Sandton;C2448;Member;P0007;Air Fryer;Appliances;6;1799.99;10799.94;Mobile Pay;2026/05/16;Olivia Dlamini
T00597;S001;Sandton;C1397;Member;P0004;USB-C Charger;Electronics;3;299.99;899.97;Card;2026/02/10;Liam Jacobs
T00598;S001;Sandton;C2052;Member;P0012;Hooded Sweatshirt;Clothing;1;599.99;599.99;Card;2026/03/17;Daniel Smith
T00599;S001;Sandton;C1541;Member;P0009;Electric Kettle;Appliances;1;499.99;499.99;Cash;2026/06/17;Sarah Mokoena
T00600;S001;Sandton;C0487;Guest;P0002;Bluetooth Speaker;Electronics;3;649.99;1949.97;Card;2026/02/28;James Botha
T00601;S001;Sandton;C0836;Guest;P0017;Face Moisturiser;Beauty;4;249.99;999.96;Mobile Pay;2026/04/23;Olivia Dlamini
T00602;S001;Sandton;C0347;Guest;P0001;Wireless Headphones;Electronics;2;899.99;1799.98;Cash;2026/01/19;Michael Williams
T00603;S001;Sandton;C1409;Member;P0016;Skincare Set;Beauty;3;599.99;1799.97;Card;2026/01/11;Emma Nkosi
T00604;S001;Sandton;C1715;Guest;P0008;Blender;Appliances;3;899.99;2699.97;Card;2026/02/21;Noah Pillay
T00605;S001;Sandton;C0892;Guest;P0001;Wireless Headphones;Electronics;3;899.99;2699.97;Card;2026/02/11;Sarah Mokoena
T00606;S001;Sandton;C1464;Member;P0013;Running Shoes;Sportswear;3;1499.5;4498.5;Cash;2026/03/29;James Botha
T00607;S001;Sandton;C0010;Member;P0018;Perfume;Beauty;1;899.99;899.99;Mobile Pay;2026/05/22;Michael Williams
T00608;S001;Sandton;C2880;Member;P0005;Laptop Backpack;Accessories;2;549.99;1099.98;Cash;2026/06/19;Michael Williams
T00609;S001;Sandton;C2791;Member;P0018;Perfume;Beauty;2;899.99;1799.98;Bank Transfer;2026/01/04;James Botha
T00610;S001;Sandton;C2276;Member;P0022;Cookware Set;Kitchen;3;1599.99;4799.97;Card;2026/05/07;Emma Nkosi
T00611;S001;Sandton;C0811;Member;P0019;Throw Blanket;Home & Decor;2;449.99;899.98;Bank Transfer;2026/01/29;Daniel Smith
T00612;S001;Sandton;C1299;Member;P0003;Smart Watch;Electronics;3;1299.99;3899.97;Card;2026/05/06;Daniel Smith
T00613;S001;Sandton;C0328;Member;P0006;Coffee Maker;Appliances;2;1299.99;2599.98;Mobile Pay;2026/04/11;James Botha
T00614;S001;Sandton;C0333;Guest;P0024;Storage Container Set;Kitchen;3;349.99;1049.97;Bank Transfer;2026/04/06;Michael Williams
T00615;S001;Sandton;C2871;Member;P0009;Electric Kettle;Appliances;2;499.99;999.98;Cash;2026/05/01;Sophie Mthembu
T00616;S001;Sandton;C1073;Guest;P0010;Cotton T-Shirt;Clothing;3;249.99;749.97;Cash;2026/04/16;Daniel Smith
T00617;S001;Sandton;C2887;Member;P0002;Bluetooth Speaker;Electronics;3;649.99;1949.97;Cash;2026/03/20;James Botha
T00618;S001;Sandton;C2599;Member;P0003;Smart Watch;Electronics;5;1299.99;6499.95;Mobile Pay;2026/02/10;Daniel Smith
T00619;S001;Sandton;C0624;Member;P0001;Wireless Headphones;Electronics;6;899.99;5399.94;Card;2026/01/18;Olivia Dlamini
T00620;S001;Sandton;C0883;Member;P0001;Wireless Headphones;Electronics;4;899.99;3599.96;Cash;2026/02/01;Olivia Dlamini
T00621;S001;Sandton;C0650;Member;P0017;Face Moisturiser;Beauty;1;249.99;249.99;Bank Transfer;2026/01/06;Liam Jacobs
T00622;S001;Sandton;C0149;Member;P0017;Face Moisturiser;Beauty;2;249.99;499.98;Card;2026/06/15;Emma Nkosi
T00623;S001;Sandton;C1158;Member;P0010;Cotton T-Shirt;Clothing;6;249.99;1499.94;Mobile Pay;2026/02/07;Jessica Naidoo
T00624;S001;Sandton;C1302;Guest;P0024;Storage Container Set;Kitchen;3;349.99;1049.97;Cash;2026/05/10;Liam Jacobs
T00625;S001;Sandton;C0518;Member;P0008;Blender;Appliances;6;899.99;5399.94;Cash;2026/04/02;Daniel Smith
T00626;S001;Sandton;C1068;Member;P0011;Denim Jeans;Clothing;1;799.99;799.99;Card;2026/04/10;Olivia Dlamini
T00627;S001;Sandton;C0271;Member;P0006;Coffee Maker;Appliances;2;1299.99;2599.98;Cash;2026/06/06;Michael Williams
T00628;S001;Sandton;C2321;Member;P0021;Cushion Set;Home & Decor;2;299.99;599.98;Cash;2026/03/22;Olivia Dlamini
T00629;S001;Sandton;C0709;Guest;P0025;Novel Book;Books;6;199.99;1199.94;Cash;2026/03/18;Emma Nkosi
T00630;S001;Sandton;C1165;Member;P0012;Hooded Sweatshirt;Clothing;4;599.99;2399.96;Bank Transfer;2026/03/29;Emma Nkosi
T00631;S001;Sandton;C0287;Guest;P0006;Coffee Maker;Appliances;1;1299.99;1299.99;Mobile Pay;2026/05/23;Noah Pillay
T00632;S001;Sandton;C1115;Member;P0006;Coffee Maker;Appliances;5;1299.99;6499.95;Bank Transfer;2026/06/28;Sarah Mokoena
T00633;S001;Sandton;C1933;Member;P0007;Air Fryer;Appliances;6;1799.99;10799.94;Card;2026/04/24;Michael Williams
T00634;S001;Sandton;C1289;Member;P0022;Cookware Set;Kitchen;6;1599.99;9599.94;Bank Transfer;2026/02/18;Emma Nkosi
T00635;S001;Sandton;C0295;Guest;P0004;USB-C Charger;Electronics;3;299.99;899.97;Cash;2026/05/09;Liam Jacobs
T00636;S001;Sandton;C2115;Member;P0021;Cushion Set;Home & Decor;1;299.99;299.99;Bank Transfer;2026/03/15;Liam Jacobs
T00637;S001;Sandton;C1183;Member;P0023;Dinner Plate Set;Kitchen;3;499.99;1499.97;Mobile Pay;2026/06/30;Michael Williams
T00638;S001;Sandton;C1550;Member;P0015;Sports Bottle;Sportswear;2;199.99;399.98;Bank Transfer;2026/06/19;James Botha
T00639;S001;Sandton;C2888;Member;P0008;Blender;Appliances;4;899.99;3599.96;Card;2026/04/07;Olivia Dlamini
T00640;S001;Sandton;C0184;Member;P0004;USB-C Charger;Electronics;5;299.99;1499.95;Card;2026/04/13;Olivia Dlamini
T00641;S001;Sandton;C1956;Guest;P0012;Hooded Sweatshirt;Clothing;5;599.99;2999.95;Cash;2026/04/30;Sophie Mthembu
T00642;S001;Sandton;C2721;Member;P0021;Cushion Set;Home & Decor;2;299.99;599.98;Card;2026/06/05;Liam Jacobs
T00643;S001;Sandton;C2246;Guest;P0006;Coffee Maker;Appliances;3;1299.99;3899.97;Cash;2026/06/24;James Botha
T00644;S001;Sandton;C2991;Guest;P0009;Electric Kettle;Appliances;2;499.99;999.98;Bank Transfer;2026/04/23;Emma Nkosi
T00645;S001;Sandton;C1167;Member;P0005;Laptop Backpack;Accessories;2;549.99;1099.98;Cash;2026/04/01;James Botha
T00646;S001;Sandton;C0579;Guest;P0023;Dinner Plate Set;Kitchen;2;499.99;999.98;Mobile Pay;2026/04/03;Sophie Mthembu
T00647;S001;Sandton;C2341;Member;P0015;Sports Bottle;Sportswear;6;199.99;1199.94;Mobile Pay;2026/05/23;Olivia Dlamini
T00648;S001;Sandton;C1128;Member;P0020;Table Lamp;Home & Decor;5;699.99;3499.95;Bank Transfer;2026/02/22;Noah Pillay
T00649;S001;Sandton;C2115;Member;P0008;Blender;Appliances;6;899.99;5399.94;Mobile Pay;2026/06/16;Sophie Mthembu
T00650;S001;Sandton;C0134;Member;P0023;Dinner Plate Set;Kitchen;6;499.99;2999.94;Card;2026/05/17;Sarah Mokoena
T00651;S001;Sandton;C2492;Member;P0006;Coffee Maker;Appliances;6;1299.99;7799.94;Card;2026/06/18;Jessica Naidoo
T00652;S001;Sandton;C1555;Member;P0019;Throw Blanket;Home & Decor;3;449.99;1349.97;Bank Transfer;2026/06/23;Daniel Smith
T00653;S001;Sandton;C2362;Guest;P0024;Storage Container Set;Kitchen;5;349.99;1749.95;Bank Transfer;2026/02/19;Jessica Naidoo
T00654;S001;Sandton;C1863;Member;P0025;Novel Book;Books;4;199.99;799.96;Cash;2026/05/05;Noah Pillay
T00655;S001;Sandton;C1694;Guest;P0017;Face Moisturiser;Beauty;3;249.99;749.97;Mobile Pay;2026/06/26;Daniel Smith
T00656;S001;Sandton;C0172;Member;P0011;Denim Jeans;Clothing;6;799.99;4799.94;Cash;2026/01/09;Michael Williams
T00657;S001;Sandton;C0678;Member;P0016;Skincare Set;Beauty;1;599.99;599.99;Card;2026/05/25;Michael Williams
T00658;S001;Sandton;C0045;Guest;P0002;Bluetooth Speaker;Electronics;1;649.99;649.99;Mobile Pay;2026/04/19;Emma Nkosi
T00659;S001;Sandton;C0474;Member;P0004;USB-C Charger;Electronics;1;299.99;299.99;Cash;2026/05/29;Jessica Naidoo
T00660;S001;Sandton;C0775;Member;P0003;Smart Watch;Electronics;3;1299.99;3899.97;Mobile Pay;2026/04/27;James Botha
T00661;S001;Sandton;C0639;Member;P0025;Novel Book;Books;3;199.99;599.97;Mobile Pay;2026/04/09;James Botha
T00662;S001;Sandton;C0737;Member;P0004;USB-C Charger;Electronics;2;299.99;599.98;Cash;2026/04/23;Emma Nkosi
T00663;S001;Sandton;C2892;Member;P0009;Electric Kettle;Appliances;1;499.99;499.99;Bank Transfer;2026/05/17;James Botha
T00664;S001;Sandton;C1150;Guest;P0012;Hooded Sweatshirt;Clothing;6;599.99;3599.94;Mobile Pay;2026/05/13;Emma Nkosi
T00665;S001;Sandton;C0905;Member;P0021;Cushion Set;Home & Decor;6;299.99;1799.94;Cash;2026/02/22;Jessica Naidoo
T00666;S001;Sandton;C2673;Guest;P0015;Sports Bottle;Sportswear;4;199.99;799.96;Mobile Pay;2026/04/29;Olivia Dlamini
T00667;S001;Sandton;C0871;Guest;P0017;Face Moisturiser;Beauty;5;249.99;1249.95;Cash;2026/05/19;Michael Williams
T00668;S001;Sandton;C0394;Member;P0019;Throw Blanket;Home & Decor;3;449.99;1349.97;Cash;2026/06/20;Noah Pillay
T00669;S001;Sandton;C0117;Member;P0023;Dinner Plate Set;Kitchen;3;499.99;1499.97;Mobile Pay;2026/06/20;Noah Pillay
T00670;S001;Sandton;C2098;Guest;P0005;Laptop Backpack;Accessories;5;549.99;2749.95;Cash;2026/01/10;Sarah Mokoena
T00671;S001;Sandton;C1932;Member;P0018;Perfume;Beauty;1;899.99;899.99;Mobile Pay;2026/06/06;Noah Pillay
T00672;S001;Sandton;C1998;Member;P0023;Dinner Plate Set;Kitchen;5;499.99;2499.95;Card;2026/04/25;Michael Williams
T00673;S001;Sandton;C2366;Guest;P0007;Air Fryer;Appliances;6;1799.99;10799.94;Card;2026/05/26;Olivia Dlamini
T00674;S001;Sandton;C2340;Member;P0007;Air Fryer;Appliances;6;1799.99;10799.94;Mobile Pay;2026/06/29;Jessica Naidoo
T00675;S001;Sandton;C0751;Guest;P0017;Face Moisturiser;Beauty;1;249.99;249.99;Card;2026/04/24;Sarah Mokoena
T00676;S001;Sandton;C1825;Member;P0015;Sports Bottle;Sportswear;6;199.99;1199.94;Cash;2026/04/13;Daniel Smith
T00677;S001;Sandton;C2896;Guest;P0012;Hooded Sweatshirt;Clothing;2;599.99;1199.98;Bank Transfer;2026/03/12;Sophie Mthembu
T00678;S001;Sandton;C1600;Guest;P0004;USB-C Charger;Electronics;3;299.99;899.97;Bank Transfer;2026/06/20;James Botha
T00679;S001;Sandton;C1912;Guest;P0018;Perfume;Beauty;6;899.99;5399.94;Cash;2026/06/30;Emma Nkosi
T00680;S001;Sandton;C2909;Guest;P0025;Novel Book;Books;6;199.99;1199.94;Mobile Pay;2026/01/21;James Botha
T00681;S001;Sandton;C2239;Member;P0007;Air Fryer;Appliances;6;1799.99;10799.94;Cash;2026/02/04;Jessica Naidoo
T00682;S001;Sandton;C0012;Guest;P0009;Electric Kettle;Appliances;4;499.99;1999.96;Bank Transfer;2026/03/27;Noah Pillay
T00683;S001;Sandton;C0236;Member;P0021;Cushion Set;Home & Decor;1;299.99;299.99;Mobile Pay;2026/03/04;Emma Nkosi
T00684;S001;Sandton;C1431;Member;P0003;Smart Watch;Electronics;5;1299.99;6499.95;Bank Transfer;2026/04/13;Emma Nkosi
T00685;S001;Sandton;C2614;Member;P0007;Air Fryer;Appliances;3;1799.99;5399.97;Mobile Pay;2026/05/31;James Botha
T00686;S001;Sandton;C0507;Guest;P0021;Cushion Set;Home & Decor;2;299.99;599.98;Cash;2026/01/24;Daniel Smith
T00687;S001;Sandton;C0966;Member;P0023;Dinner Plate Set;Kitchen;2;499.99;999.98;Bank Transfer;2026/01/09;Olivia Dlamini
T00688;S001;Sandton;C0512;Member;P0008;Blender;Appliances;6;899.99;5399.94;Card;2026/02/11;Daniel Smith
T00689;S001;Sandton;C1525;Member;P0025;Novel Book;Books;1;199.99;199.99;Bank Transfer;2026/03/07;Olivia Dlamini
T00690;S001;Sandton;C1302;Guest;P0005;Laptop Backpack;Accessories;6;549.99;3299.94;Mobile Pay;2026/06/02;Daniel Smith
T00691;S001;Sandton;C0044;Member;P0023;Dinner Plate Set;Kitchen;3;499.99;1499.97;Mobile Pay;2026/05/22;Daniel Smith
T00692;S001;Sandton;C2658;Guest;P0006;Coffee Maker;Appliances;2;1299.99;2599.98;Bank Transfer;2026/05/30;James Botha
T00693;S001;Sandton;C0460;Guest;P0014;Yoga Mat;Sportswear;6;399.99;2399.94;Cash;2026/02/16;Sarah Mokoena
T00694;S001;Sandton;C2321;Guest;P0012;Hooded Sweatshirt;Clothing;5;599.99;2999.95;Cash;2026/01/27;Sophie Mthembu
T00695;S001;Sandton;C0805;Member;P0002;Bluetooth Speaker;Electronics;2;649.99;1299.98;Bank Transfer;2026/02/26;James Botha
T00696;S001;Sandton;C0074;Guest;P0020;Table Lamp;Home & Decor;6;699.99;4199.94;Mobile Pay;2026/01/02;Olivia Dlamini
T00697;S001;Sandton;C0419;Member;P0015;Sports Bottle;Sportswear;4;199.99;799.96;Mobile Pay;2026/05/23;James Botha
T00698;S001;Sandton;C0829;Guest;P0001;Wireless Headphones;Electronics;1;899.99;899.99;Bank Transfer;2026/02/11;Jessica Naidoo
T00699;S001;Sandton;C0214;Guest;P0020;Table Lamp;Home & Decor;4;699.99;2799.96;Bank Transfer;2026/05/29;Jessica Naidoo
T00700;S001;Sandton;C1122;Guest;P0001;Wireless Headphones;Electronics;1;899.99;899.99;Card;2026/05/04;Sophie Mthembu
T00701;S001;Sandton;C1393;Member;P0010;Cotton T-Shirt;Clothing;4;249.99;999.96;Mobile Pay;2026/06/22;Jessica Naidoo
T00702;S001;Sandton;C2438;Member;P0020;Table Lamp;Home & Decor;5;699.99;3499.95;Mobile Pay;2026/06/02;Jessica Naidoo
T00703;S001;Sandton;C1250;Guest;P0015;Sports Bottle;Sportswear;2;199.99;399.98;Card;2026/03/01;Liam Jacobs
T00704;S001;Sandton;C0281;Member;P0014;Yoga Mat;Sportswear;1;399.99;399.99;Mobile Pay;2026/05/03;Jessica Naidoo
T00705;S001;Sandton;C1333;Guest;P0008;Blender;Appliances;2;899.99;1799.98;Bank Transfer;2026/05/31;Jessica Naidoo
T00706;S001;Sandton;C1942;Member;P0007;Air Fryer;Appliances;6;1799.99;10799.94;Bank Transfer;2026/06/16;Emma Nkosi
T00707;S001;Sandton;C1419;Guest;P0008;Blender;Appliances;1;899.99;899.99;Cash;2026/06/30;Noah Pillay
T00708;S001;Sandton;C2425;Member;P0020;Table Lamp;Home & Decor;5;699.99;3499.95;Cash;2026/05/27;Michael Williams
T00709;S001;Sandton;C0997;Member;P0012;Hooded Sweatshirt;Clothing;4;599.99;2399.96;Mobile Pay;2026/01/04;Olivia Dlamini
T00710;S001;Sandton;C1713;Guest;P0003;Smart Watch;Electronics;6;1299.99;7799.94;Card;2026/04/15;Jessica Naidoo
T00711;S001;Sandton;C2794;Member;P0013;Running Shoes;Sportswear;6;1499.5;8997.0;Cash;2026/04/13;Liam Jacobs
T00712;S001;Sandton;C0768;Guest;P0023;Dinner Plate Set;Kitchen;3;499.99;1499.97;Cash;2026/03/16;Emma Nkosi
T00713;S001;Sandton;C0822;Member;P0020;Table Lamp;Home & Decor;1;699.99;699.99;Bank Transfer;2026/03/23;Jessica Naidoo
T00714;S001;Sandton;C0798;Member;P0023;Dinner Plate Set;Kitchen;1;499.99;499.99;Card;2026/03/18;James Botha
T00715;S001;Sandton;C0088;Member;P0005;Laptop Backpack;Accessories;3;549.99;1649.97;Mobile Pay;2026/04/16;Emma Nkosi
T00716;S001;Sandton;C2343;Member;P0003;Smart Watch;Electronics;2;1299.99;2599.98;Card;2026/03/11;Sophie Mthembu
T00717;S001;Sandton;C1296;Guest;P0023;Dinner Plate Set;Kitchen;6;499.99;2999.94;Bank Transfer;2026/05/06;Noah Pillay
T00718;S001;Sandton;C2045;Guest;P0016;Skincare Set;Beauty;5;599.99;2999.95;Mobile Pay;2026/06/26;Emma Nkosi
T00719;S001;Sandton;C2402;Member;P0006;Coffee Maker;Appliances;5;1299.99;6499.95;Mobile Pay;2026/02/25;Jessica Naidoo
T00720;S001;Sandton;C0491;Member;P0013;Running Shoes;Sportswear;4;1499.5;5998.0;Cash;2026/05/19;Michael Williams
T00721;S001;Sandton;C0287;Member;P0015;Sports Bottle;Sportswear;4;199.99;799.96;Card;2026/02/23;Jessica Naidoo
T00722;S001;Sandton;C1878;Member;P0001;Wireless Headphones;Electronics;3;899.99;2699.97;Cash;2026/06/22;Noah Pillay
T00723;S001;Sandton;C0810;Guest;P0020;Table Lamp;Home & Decor;6;699.99;4199.94;Cash;2026/02/05;Noah Pillay
T00724;S001;Sandton;C0717;Guest;P0003;Smart Watch;Electronics;3;1299.99;3899.97;Bank Transfer;2026/06/17;James Botha
T00725;S001;Sandton;C0461;Member;P0005;Laptop Backpack;Accessories;6;549.99;3299.94;Card;2026/06/16;Michael Williams
T00726;S001;Sandton;C2462;Member;P0020;Table Lamp;Home & Decor;1;699.99;699.99;Bank Transfer;2026/05/17;Sophie Mthembu
T00727;S001;Sandton;C0328;Guest;P0014;Yoga Mat;Sportswear;3;399.99;1199.97;Bank Transfer;2026/04/05;James Botha
T00728;S001;Sandton;C1786;Guest;P0016;Skincare Set;Beauty;6;599.99;3599.94;Card;2026/02/10;Olivia Dlamini
T00729;S001;Sandton;C1404;Guest;P0001;Wireless Headphones;Electronics;1;899.99;899.99;Cash;2026/05/07;Sophie Mthembu
T00730;S001;Sandton;C1628;Guest;P0018;Perfume;Beauty;5;899.99;4499.95;Card;2026/03/09;Sarah Mokoena
T00731;S001;Sandton;C1248;Member;P0010;Cotton T-Shirt;Clothing;4;249.99;999.96;Card;2026/06/01;Noah Pillay
T00732;S001;Sandton;C1215;Member;P0017;Face Moisturiser;Beauty;4;249.99;999.96;Bank Transfer;2026/06/22;Michael Williams
T00733;S001;Sandton;C2862;Member;P0016;Skincare Set;Beauty;5;599.99;2999.95;Card;2026/05/10;James Botha
T00734;S001;Sandton;C2339;Guest;P0016;Skincare Set;Beauty;3;599.99;1799.97;Card;2026/03/20;Sophie Mthembu
T00735;S001;Sandton;C2169;Guest;P0003;Smart Watch;Electronics;4;1299.99;5199.96;Cash;2026/03/02;Liam Jacobs
T00736;S001;Sandton;C0984;Guest;P0010;Cotton T-Shirt;Clothing;2;249.99;499.98;Card;2026/06/16;Michael Williams
T00737;S001;Sandton;C2969;Member;P0015;Sports Bottle;Sportswear;4;199.99;799.96;Mobile Pay;2026/05/12;Sophie Mthembu
T00738;S001;Sandton;C0288;Member;P0023;Dinner Plate Set;Kitchen;3;499.99;1499.97;Cash;2026/02/16;Sophie Mthembu
T00739;S001;Sandton;C1439;Member;P0002;Bluetooth Speaker;Electronics;2;649.99;1299.98;Card;2026/05/15;Sophie Mthembu
T00740;S001;Sandton;C0448;Member;P0019;Throw Blanket;Home & Decor;6;449.99;2699.94;Mobile Pay;2026/01/26;Sarah Mokoena
T00741;S001;Sandton;C2133;Member;P0001;Wireless Headphones;Electronics;6;899.99;5399.94;Card;2026/03/30;Olivia Dlamini
T00742;S001;Sandton;C2584;Guest;P0021;Cushion Set;Home & Decor;2;299.99;599.98;Mobile Pay;2026/03/22;Sarah Mokoena
T00743;S001;Sandton;C0714;Guest;P0012;Hooded Sweatshirt;Clothing;3;599.99;1799.97;Cash;2026/06/28;Emma Nkosi
T00744;S001;Sandton;C0144;Guest;P0006;Coffee Maker;Appliances;3;1299.99;3899.97;Card;2026/01/01;Noah Pillay
T00745;S001;Sandton;C1664;Member;P0014;Yoga Mat;Sportswear;1;399.99;399.99;Card;2026/03/30;James Botha
T00746;S001;Sandton;C2643;Member;P0005;Laptop Backpack;Accessories;1;549.99;549.99;Bank Transfer;2026/04/12;James Botha
T00747;S001;Sandton;C2010;Guest;P0007;Air Fryer;Appliances;3;1799.99;5399.97;Cash;2026/06/17;Noah Pillay
T00748;S001;Sandton;C0019;Member;P0012;Hooded Sweatshirt;Clothing;6;599.99;3599.94;Cash;2026/06/16;Emma Nkosi
T00749;S001;Sandton;C0384;Guest;P0021;Cushion Set;Home & Decor;5;299.99;1499.95;Cash;2026/01/03;Sarah Mokoena
T00750;S001;Sandton;C0999;Member;P0008;Blender;Appliances;6;899.99;5399.94;Cash;2026/03/08;Sarah Mokoena
T00751;S001;Sandton;C0207;Member;P0021;Cushion Set;Home & Decor;1;299.99;299.99;Mobile Pay;2026/01/21;Jessica Naidoo
T00752;S001;Sandton;C0106;Member;P0008;Blender;Appliances;6;899.99;5399.94;Card;2026/05/17;Sophie Mthembu
T00753;S001;Sandton;C2013;Member;P0022;Cookware Set;Kitchen;1;1599.99;1599.99;Mobile Pay;2026/01/08;Sarah Mokoena
T00754;S001;Sandton;C0356;Guest;P0025;Novel Book;Books;2;199.99;399.98;Mobile Pay;2026/01/09;Sophie Mthembu
T00755;S001;Sandton;C0873;Guest;P0015;Sports Bottle;Sportswear;5;199.99;999.95;Bank Transfer;2026/04/01;Sophie Mthembu
T00756;S001;Sandton;C2878;Guest;P0009;Electric Kettle;Appliances;6;499.99;2999.94;Mobile Pay;2026/05/28;Jessica Naidoo
T00757;S001;Sandton;C2121;Guest;P0021;Cushion Set;Home & Decor;6;299.99;1799.94;Cash;2026/03/04;Olivia Dlamini
T00758;S001;Sandton;C1219;Member;P0021;Cushion Set;Home & Decor;4;299.99;1199.96;Card;2026/06/19;Sophie Mthembu
T00759;S001;Sandton;C2289;Guest;P0023;Dinner Plate Set;Kitchen;6;499.99;2999.94;Cash;2026/05/26;Emma Nkosi
T00760;S001;Sandton;C2050;Member;P0013;Running Shoes;Sportswear;4;1499.5;5998.0;Cash;2026/06/06;James Botha
T00761;S001;Sandton;C0085;Member;P0020;Table Lamp;Home & Decor;3;699.99;2099.97;Mobile Pay;2026/06/15;Noah Pillay
T00762;S001;Sandton;C1205;Guest;P0009;Electric Kettle;Appliances;4;499.99;1999.96;Cash;2026/04/30;Sarah Mokoena
T00763;S001;Sandton;C0474;Member;P0004;USB-C Charger;Electronics;5;299.99;1499.95;Bank Transfer;2026/02/04;Olivia Dlamini
T00764;S001;Sandton;C1531;Member;P0001;Wireless Headphones;Electronics;1;899.99;899.99;Cash;2026/04/21;Olivia Dlamini
T00765;S001;Sandton;C0050;Member;P0006;Coffee Maker;Appliances;3;1299.99;3899.97;Cash;2026/04/06;Michael Williams
T00766;S001;Sandton;C0488;Guest;P0021;Cushion Set;Home & Decor;5;299.99;1499.95;Cash;2026/05/08;James Botha
T00767;S001;Sandton;C0643;Guest;P0003;Smart Watch;Electronics;3;1299.99;3899.97;Mobile Pay;2026/01/07;James Botha
T00768;S001;Sandton;C2860;Member;P0004;USB-C Charger;Electronics;3;299.99;899.97;Mobile Pay;2026/04/03;James Botha
T00769;S001;Sandton;C2228;Member;P0022;Cookware Set;Kitchen;2;1599.99;3199.98;Mobile Pay;2026/05/12;James Botha
T00770;S001;Sandton;C0724;Member;P0019;Throw Blanket;Home & Decor;5;449.99;2249.95;Mobile Pay;2026/02/22;Olivia Dlamini
T00771;S001;Sandton;C0445;Member;P0008;Blender;Appliances;1;899.99;899.99;Mobile Pay;2026/05/07;Daniel Smith
T00772;S001;Sandton;C0307;Guest;P0019;Throw Blanket;Home & Decor;3;449.99;1349.97;Mobile Pay;2026/01/21;James Botha
T00773;S001;Sandton;C1045;Member;P0016;Skincare Set;Beauty;3;599.99;1799.97;Card;2026/04/20;Sophie Mthembu
T00774;S001;Sandton;C2880;Guest;P0012;Hooded Sweatshirt;Clothing;5;599.99;2999.95;Bank Transfer;2026/03/09;Michael Williams
T00775;S001;Sandton;C2756;Guest;P0016;Skincare Set;Beauty;1;599.99;599.99;Card;2026/06/30;Sophie Mthembu
T00776;S001;Sandton;C0329;Member;P0004;USB-C Charger;Electronics;3;299.99;899.97;Bank Transfer;2026/06/22;James Botha
T00777;S001;Sandton;C0060;Member;P0021;Cushion Set;Home & Decor;3;299.99;899.97;Cash;2026/04/20;Daniel Smith
T00778;S001;Sandton;C1571;Guest;P0016;Skincare Set;Beauty;2;599.99;1199.98;Mobile Pay;2026/03/11;Emma Nkosi
T00779;S001;Sandton;C1376;Member;P0001;Wireless Headphones;Electronics;1;899.99;899.99;Bank Transfer;2026/04/23;Jessica Naidoo
T00780;S001;Sandton;C2303;Member;P0006;Coffee Maker;Appliances;2;1299.99;2599.98;Card;2026/04/05;Daniel Smith
T00781;S001;Sandton;C0601;Guest;P0006;Coffee Maker;Appliances;2;1299.99;2599.98;Cash;2026/04/04;Emma Nkosi
T00782;S001;Sandton;C2146;Guest;P0020;Table Lamp;Home & Decor;6;699.99;4199.94;Bank Transfer;2026/06/05;Michael Williams
T00783;S001;Sandton;C2551;Member;P0020;Table Lamp;Home & Decor;1;699.99;699.99;Cash;2026/01/04;Noah Pillay
T00784;S001;Sandton;C0090;Guest;P0017;Face Moisturiser;Beauty;4;249.99;999.96;Card;2026/04/11;Michael Williams
T00785;S001;Sandton;C2797;Member;P0005;Laptop Backpack;Accessories;3;549.99;1649.97;Mobile Pay;2026/06/09;Jessica Naidoo
T00786;S001;Sandton;C0999;Member;P0025;Novel Book;Books;6;199.99;1199.94;Cash;2026/03/02;Jessica Naidoo
T00787;S001;Sandton;C2539;Member;P0006;Coffee Maker;Appliances;1;1299.99;1299.99;Cash;2026/02/06;Sarah Mokoena
T00788;S001;Sandton;C2499;Guest;P0025;Novel Book;Books;6;199.99;1199.94;Bank Transfer;2026/06/01;James Botha
T00789;S001;Sandton;C0915;Guest;P0001;Wireless Headphones;Electronics;1;899.99;899.99;Mobile Pay;2026/02/24;Sarah Mokoena
T00790;S001;Sandton;C0174;Guest;P0018;Perfume;Beauty;2;899.99;1799.98;Cash;2026/02/06;Emma Nkosi
T00791;S001;Sandton;C2582;Guest;P0014;Yoga Mat;Sportswear;2;399.99;799.98;Bank Transfer;2026/04/27;Daniel Smith
T00792;S001;Sandton;C2814;Member;P0004;USB-C Charger;Electronics;1;299.99;299.99;Cash;2026/04/09;Jessica Naidoo
T00793;S001;Sandton;C2145;Member;P0020;Table Lamp;Home & Decor;1;699.99;699.99;Bank Transfer;2026/02/06;Olivia Dlamini
T00794;S001;Sandton;C2316;Member;P0019;Throw Blanket;Home & Decor;6;449.99;2699.94;Mobile Pay;2026/04/04;Michael Williams
T00795;S001;Sandton;C1788;Member;P0006;Coffee Maker;Appliances;1;1299.99;1299.99;Cash;2026/05/06;Sarah Mokoena
T00796;S001;Sandton;C0340;Guest;P0001;Wireless Headphones;Electronics;1;899.99;899.99;Bank Transfer;2026/06/19;Daniel Smith
T00797;S001;Sandton;C1614;Member;P0003;Smart Watch;Electronics;3;1299.99;3899.97;Mobile Pay;2026/03/04;Jessica Naidoo
T00798;S001;Sandton;C2966;Member;P0010;Cotton T-Shirt;Clothing;2;249.99;499.98;Mobile Pay;2026/04/11;Daniel Smith
T00799;S001;Sandton;C1381;Guest;P0005;Laptop Backpack;Accessories;6;549.99;3299.94;Card;2026/05/10;Olivia Dlamini
T00800;S001;Sandton;C1376;Member;P0009;Electric Kettle;Appliances;1;499.99;499.99;Mobile Pay;2026/04/14;Jessica Naidoo
T00801;S001;Sandton;C1606;Member;P0012;Hooded Sweatshirt;Clothing;1;599.99;599.99;Card;2026/06/26;Noah Pillay
T00802;S001;Sandton;C0073;Member;P0011;Denim Jeans;Clothing;4;799.99;3199.96;Bank Transfer;2026/03/29;Sophie Mthembu
T00803;S001;Sandton;C2443;Guest;P0002;Bluetooth Speaker;Electronics;2;649.99;1299.98;Cash;2026/01/30;Olivia Dlamini
T00804;S001;Sandton;C2807;Member;P0007;Air Fryer;Appliances;3;1799.99;5399.97;Mobile Pay;2026/04/11;Emma Nkosi
T00805;S001;Sandton;C2562;Member;P0025;Novel Book;Books;5;199.99;999.95;Mobile Pay;2026/06/28;James Botha
T00806;S001;Sandton;C2371;Guest;P0006;Coffee Maker;Appliances;4;1299.99;5199.96;Mobile Pay;2026/04/02;Liam Jacobs
T00807;S001;Sandton;C0426;Guest;P0022;Cookware Set;Kitchen;5;1599.99;7999.95;Mobile Pay;2026/03/28;Emma Nkosi
T00808;S001;Sandton;C1982;Guest;P0019;Throw Blanket;Home & Decor;6;449.99;2699.94;Mobile Pay;2026/01/01;Michael Williams
T00809;S001;Sandton;C1967;Member;P0015;Sports Bottle;Sportswear;5;199.99;999.95;Card;2026/06/26;Liam Jacobs
T00810;S001;Sandton;C2499;Member;P0014;Yoga Mat;Sportswear;2;399.99;799.98;Cash;2026/01/18;Emma Nkosi
T00811;S001;Sandton;C1193;Member;P0023;Dinner Plate Set;Kitchen;5;499.99;2499.95;Cash;2026/02/22;Sarah Mokoena
T00812;S001;Sandton;C2576;Guest;P0009;Electric Kettle;Appliances;3;499.99;1499.97;Bank Transfer;2026/04/17;Olivia Dlamini
T00813;S001;Sandton;C1930;Guest;P0018;Perfume;Beauty;1;899.99;899.99;Bank Transfer;2026/04/16;Emma Nkosi
T00814;S001;Sandton;C0247;Guest;P0007;Air Fryer;Appliances;1;1799.99;1799.99;Mobile Pay;2026/06/28;Sarah Mokoena
T00815;S001;Sandton;C0984;Member;P0016;Skincare Set;Beauty;6;599.99;3599.94;Mobile Pay;2026/03/11;Sophie Mthembu
T00816;S001;Sandton;C0021;Member;P0008;Blender;Appliances;4;899.99;3599.96;Bank Transfer;2026/01/08;Michael Williams
T00817;S001;Sandton;C1928;Guest;P0022;Cookware Set;Kitchen;6;1599.99;9599.94;Cash;2026/06/24;Sophie Mthembu
T00818;S001;Sandton;C1131;Member;P0017;Face Moisturiser;Beauty;3;249.99;749.97;Cash;2026/06/07;Olivia Dlamini
T00819;S001;Sandton;C2318;Member;P0011;Denim Jeans;Clothing;5;799.99;3999.95;Mobile Pay;2026/03/04;James Botha
T00820;S001;Sandton;C2511;Member;P0007;Air Fryer;Appliances;2;1799.99;3599.98;Cash;2026/02/12;Daniel Smith
T00821;S001;Sandton;C1024;Guest;P0010;Cotton T-Shirt;Clothing;4;249.99;999.96;Card;2026/01/02;Daniel Smith
T00822;S001;Sandton;C2462;Guest;P0011;Denim Jeans;Clothing;4;799.99;3199.96;Cash;2026/05/14;Noah Pillay
T00823;S001;Sandton;C1466;Guest;P0025;Novel Book;Books;3;199.99;599.97;Card;2026/05/08;Emma Nkosi
T00824;S001;Sandton;C1586;Guest;P0023;Dinner Plate Set;Kitchen;6;499.99;2999.94;Card;2026/05/03;Noah Pillay
T00825;S001;Sandton;C1402;Guest;P0002;Bluetooth Speaker;Electronics;4;649.99;2599.96;Card;2026/03/03;James Botha
T00826;S001;Sandton;C0140;Member;P0002;Bluetooth Speaker;Electronics;5;649.99;3249.95;Bank Transfer;2026/01/15;James Botha
T00827;S001;Sandton;C1390;Guest;P0012;Hooded Sweatshirt;Clothing;5;599.99;2999.95;Bank Transfer;2026/03/04;Sophie Mthembu
T00828;S001;Sandton;C0325;Guest;P0005;Laptop Backpack;Accessories;4;549.99;2199.96;Cash;2026/06/23;Jessica Naidoo
T00829;S001;Sandton;C1366;Guest;P0009;Electric Kettle;Appliances;6;499.99;2999.94;Card;2026/03/05;Jessica Naidoo
T00830;S001;Sandton;C0181;Member;P0003;Smart Watch;Electronics;3;1299.99;3899.97;Bank Transfer;2026/06/05;Sophie Mthembu
T00831;S001;Sandton;C1996;Member;P0002;Bluetooth Speaker;Electronics;2;649.99;1299.98;Bank Transfer;2026/03/18;James Botha
T00832;S001;Sandton;C1789;Member;P0010;Cotton T-Shirt;Clothing;6;249.99;1499.94;Card;2026/03/01;Olivia Dlamini
T00833;S001;Sandton;C0493;Member;P0005;Laptop Backpack;Accessories;5;549.99;2749.95;Cash;2026/03/04;Liam Jacobs
T00834;S001;Sandton;C0462;Guest;P0014;Yoga Mat;Sportswear;1;399.99;399.99;Bank Transfer;2026/04/13;Emma Nkosi
T00835;S001;Sandton;C1745;Member;P0024;Storage Container Set;Kitchen;5;349.99;1749.95;Cash;2026/06/08;Daniel Smith
T00836;S001;Sandton;C2841;Member;P0018;Perfume;Beauty;1;899.99;899.99;Bank Transfer;2026/04/07;Daniel Smith
T00837;S001;Sandton;C2111;Guest;P0009;Electric Kettle;Appliances;2;499.99;999.98;Mobile Pay;2026/02/02;Jessica Naidoo
T00838;S001;Sandton;C2230;Guest;P0023;Dinner Plate Set;Kitchen;3;499.99;1499.97;Cash;2026/06/27;Noah Pillay
T00839;S001;Sandton;C1803;Member;P0010;Cotton T-Shirt;Clothing;3;249.99;749.97;Bank Transfer;2026/03/13;Sophie Mthembu
T00840;S001;Sandton;C0644;Guest;P0008;Blender;Appliances;3;899.99;2699.97;Bank Transfer;2026/04/06;Noah Pillay
T00841;S001;Sandton;C2006;Member;P0019;Throw Blanket;Home & Decor;1;449.99;449.99;Bank Transfer;2026/01/31;Sarah Mokoena
T00842;S001;Sandton;C0637;Member;P0010;Cotton T-Shirt;Clothing;1;249.99;249.99;Card;2026/02/20;Sophie Mthembu
T00843;S001;Sandton;C1674;Member;P0021;Cushion Set;Home & Decor;1;299.99;299.99;Card;2026/01/27;Daniel Smith
T00844;S001;Sandton;C2863;Member;P0022;Cookware Set;Kitchen;4;1599.99;6399.96;Bank Transfer;2026/06/14;Daniel Smith
T00845;S001;Sandton;C1341;Member;P0022;Cookware Set;Kitchen;2;1599.99;3199.98;Mobile Pay;2026/06/18;Jessica Naidoo
T00846;S001;Sandton;C2900;Member;P0017;Face Moisturiser;Beauty;5;249.99;1249.95;Mobile Pay;2026/03/01;James Botha
T00847;S001;Sandton;C0314;Member;P0016;Skincare Set;Beauty;4;599.99;2399.96;Cash;2026/03/23;Liam Jacobs
T00848;S001;Sandton;C0183;Member;P0004;USB-C Charger;Electronics;6;299.99;1799.94;Cash;2026/06/08;Michael Williams
T00849;S001;Sandton;C0508;Member;P0007;Air Fryer;Appliances;6;1799.99;10799.94;Cash;2026/03/19;Sarah Mokoena
T00850;S001;Sandton;C2147;Member;P0007;Air Fryer;Appliances;6;1799.99;10799.94;Cash;2026/03/25;Sarah Mokoena
T00851;S001;Sandton;C2588;Member;P0023;Dinner Plate Set;Kitchen;4;499.99;1999.96;Bank Transfer;2026/04/11;Olivia Dlamini
T00852;S001;Sandton;C0946;Guest;P0023;Dinner Plate Set;Kitchen;2;499.99;999.98;Card;2026/06/16;James Botha
T00853;S001;Sandton;C1411;Member;P0011;Denim Jeans;Clothing;2;799.99;1599.98;Card;2026/04/22;James Botha
T00854;S001;Sandton;C1480;Member;P0001;Wireless Headphones;Electronics;6;899.99;5399.94;Card;2026/06/29;Daniel Smith
T00855;S001;Sandton;C1057;Guest;P0018;Perfume;Beauty;2;899.99;1799.98;Cash;2026/05/10;Michael Williams
T00856;S001;Sandton;C2332;Guest;P0005;Laptop Backpack;Accessories;1;549.99;549.99;Cash;2026/04/27;James Botha
T00857;S001;Sandton;C1461;Member;P0004;USB-C Charger;Electronics;1;299.99;299.99;Card;2026/03/18;Sarah Mokoena
T00858;S001;Sandton;C2694;Member;P0020;Table Lamp;Home & Decor;5;699.99;3499.95;Cash;2026/06/16;Noah Pillay
T00859;S001;Sandton;C1402;Member;P0001;Wireless Headphones;Electronics;3;899.99;2699.97;Bank Transfer;2026/05/12;Sophie Mthembu
T00860;S001;Sandton;C1062;Member;P0007;Air Fryer;Appliances;6;1799.99;10799.94;Card;2026/03/12;James Botha
T00861;S001;Sandton;C1900;Guest;P0005;Laptop Backpack;Accessories;4;549.99;2199.96;Cash;2026/03/01;James Botha
T00862;S001;Sandton;C2590;Guest;P0025;Novel Book;Books;5;199.99;999.95;Mobile Pay;2026/05/28;Sarah Mokoena
T00863;S001;Sandton;C1016;Member;P0025;Novel Book;Books;2;199.99;399.98;Card;2026/06/21;Sophie Mthembu
T00864;S001;Sandton;C0980;Guest;P0022;Cookware Set;Kitchen;6;1599.99;9599.94;Mobile Pay;2026/02/06;James Botha
T00865;S001;Sandton;C2189;Guest;P0010;Cotton T-Shirt;Clothing;3;249.99;749.97;Card;2026/06/17;Sarah Mokoena
T00866;S001;Sandton;C1910;Member;P0010;Cotton T-Shirt;Clothing;4;249.99;999.96;Mobile Pay;2026/04/03;Noah Pillay
T00867;S001;Sandton;C0758;Guest;P0009;Electric Kettle;Appliances;5;499.99;2499.95;Card;2026/04/23;Liam Jacobs
T00868;S001;Sandton;C2307;Member;P0004;USB-C Charger;Electronics;1;299.99;299.99;Cash;2026/02/13;Jessica Naidoo
T00869;S001;Sandton;C0308;Member;P0001;Wireless Headphones;Electronics;2;899.99;1799.98;Cash;2026/03/12;James Botha
T00870;S001;Sandton;C0492;Guest;P0007;Air Fryer;Appliances;4;1799.99;7199.96;Cash;2026/01/02;James Botha
T00871;S001;Sandton;C0246;Member;P0011;Denim Jeans;Clothing;5;799.99;3999.95;Cash;2026/02/12;Michael Williams
T00872;S001;Sandton;C2093;Member;P0020;Table Lamp;Home & Decor;5;699.99;3499.95;Cash;2026/06/13;Jessica Naidoo
T00873;S001;Sandton;C1067;Guest;P0010;Cotton T-Shirt;Clothing;2;249.99;499.98;Bank Transfer;2026/04/30;Daniel Smith
T00874;S001;Sandton;C2015;Guest;P0018;Perfume;Beauty;6;899.99;5399.94;Bank Transfer;2026/01/28;Noah Pillay
T00875;S001;Sandton;C0779;Guest;P0019;Throw Blanket;Home & Decor;1;449.99;449.99;Mobile Pay;2026/06/29;Sophie Mthembu
T00876;S001;Sandton;C0385;Member;P0019;Throw Blanket;Home & Decor;2;449.99;899.98;Mobile Pay;2026/05/28;Noah Pillay
T00877;S001;Sandton;C0993;Member;P0016;Skincare Set;Beauty;1;599.99;599.99;Card;2026/03/21;Liam Jacobs
T00878;S001;Sandton;C0264;Guest;P0017;Face Moisturiser;Beauty;2;249.99;499.98;Bank Transfer;2026/03/19;Michael Williams
T00879;S001;Sandton;C0353;Guest;P0022;Cookware Set;Kitchen;1;1599.99;1599.99;Card;2026/05/15;Noah Pillay
T00880;S001;Sandton;C2843;Member;P0009;Electric Kettle;Appliances;4;499.99;1999.96;Mobile Pay;2026/05/24;Daniel Smith
T00881;S001;Sandton;C0939;Member;P0011;Denim Jeans;Clothing;3;799.99;2399.97;Card;2026/04/23;Sarah Mokoena
T00882;S001;Sandton;C0630;Member;P0024;Storage Container Set;Kitchen;5;349.99;1749.95;Card;2026/05/01;Michael Williams
T00883;S001;Sandton;C0008;Guest;P0019;Throw Blanket;Home & Decor;6;449.99;2699.94;Bank Transfer;2026/04/12;Noah Pillay
T00884;S001;Sandton;C0634;Guest;P0010;Cotton T-Shirt;Clothing;3;249.99;749.97;Card;2026/06/04;Olivia Dlamini
T00885;S001;Sandton;C2800;Guest;P0022;Cookware Set;Kitchen;1;1599.99;1599.99;Bank Transfer;2026/04/28;Olivia Dlamini
T00886;S001;Sandton;C1985;Member;P0011;Denim Jeans;Clothing;3;799.99;2399.97;Card;2026/05/06;James Botha
T00887;S001;Sandton;C2465;Member;P0009;Electric Kettle;Appliances;5;499.99;2499.95;Mobile Pay;2026/02/25;Olivia Dlamini
T00888;S001;Sandton;C1784;Member;P0002;Bluetooth Speaker;Electronics;6;649.99;3899.94;Cash;2026/03/25;Sophie Mthembu
T00889;S001;Sandton;C2392;Member;P0024;Storage Container Set;Kitchen;5;349.99;1749.95;Card;2026/05/01;Olivia Dlamini
T00890;S001;Sandton;C1161;Guest;P0025;Novel Book;Books;1;199.99;199.99;Mobile Pay;2026/03/06;Sophie Mthembu
T00891;S001;Sandton;C2010;Guest;P0025;Novel Book;Books;1;199.99;199.99;Cash;2026/06/03;Sophie Mthembu
T00892;S001;Sandton;C0672;Member;P0010;Cotton T-Shirt;Clothing;5;249.99;1249.95;Cash;2026/03/01;Olivia Dlamini
T00893;S001;Sandton;C1702;Member;P0024;Storage Container Set;Kitchen;2;349.99;699.98;Cash;2026/06/06;Daniel Smith
T00894;S001;Sandton;C1340;Member;P0007;Air Fryer;Appliances;3;1799.99;5399.97;Mobile Pay;2026/04/14;Noah Pillay
T00895;S001;Sandton;C0929;Member;P0004;USB-C Charger;Electronics;4;299.99;1199.96;Bank Transfer;2026/02/27;Olivia Dlamini
T00896;S001;Sandton;C2094;Guest;P0001;Wireless Headphones;Electronics;2;899.99;1799.98;Mobile Pay;2026/01/03;James Botha
T00897;S001;Sandton;C1563;Guest;P0005;Laptop Backpack;Accessories;5;549.99;2749.95;Cash;2026/06/02;Jessica Naidoo
T00898;S001;Sandton;C0841;Member;P0007;Air Fryer;Appliances;3;1799.99;5399.97;Mobile Pay;2026/02/13;Noah Pillay
T00899;S001;Sandton;C1891;Member;P0018;Perfume;Beauty;3;899.99;2699.97;Card;2026/05/29;Olivia Dlamini
T00900;S001;Sandton;C0494;Member;P0008;Blender;Appliances;4;899.99;3599.96;Cash;2026/05/06;Olivia Dlamini
T00901;S001;Sandton;C0174;Member;P0014;Yoga Mat;Sportswear;4;399.99;1599.96;Card;2026/01/23;Olivia Dlamini
T00902;S001;Sandton;C1451;Member;P0024;Storage Container Set;Kitchen;6;349.99;2099.94;Card;2026/05/10;Michael Williams
T00903;S001;Sandton;C0280;Member;P0018;Perfume;Beauty;4;899.99;3599.96;Mobile Pay;2026/01/02;Sarah Mokoena
T00904;S001;Sandton;C2626;Member;P0024;Storage Container Set;Kitchen;5;349.99;1749.95;Cash;2026/01/03;Liam Jacobs
T00905;S001;Sandton;C2896;Member;P0017;Face Moisturiser;Beauty;3;249.99;749.97;Bank Transfer;2026/01/26;Noah Pillay
T00906;S001;Sandton;C1044;Guest;P0011;Denim Jeans;Clothing;1;799.99;799.99;Cash;2026/02/01;Olivia Dlamini
T00907;S001;Sandton;C2665;Member;P0023;Dinner Plate Set;Kitchen;2;499.99;999.98;Bank Transfer;2026/06/22;Noah Pillay
T00908;S001;Sandton;C0662;Guest;P0023;Dinner Plate Set;Kitchen;3;499.99;1499.97;Cash;2026/02/07;Liam Jacobs
T00909;S001;Sandton;C1889;Guest;P0024;Storage Container Set;Kitchen;1;349.99;349.99;Mobile Pay;2026/05/03;Michael Williams
T00910;S001;Sandton;C0111;Member;P0016;Skincare Set;Beauty;4;599.99;2399.96;Card;2026/03/07;Olivia Dlamini
T00911;S001;Sandton;C1137;Member;P0020;Table Lamp;Home & Decor;2;699.99;1399.98;Mobile Pay;2026/04/13;Emma Nkosi
T00912;S001;Sandton;C2518;Member;P0016;Skincare Set;Beauty;3;599.99;1799.97;Cash;2026/01/12;Noah Pillay
T00913;S001;Sandton;C2817;Member;P0015;Sports Bottle;Sportswear;3;199.99;599.97;Bank Transfer;2026/06/15;Jessica Naidoo
T00914;S001;Sandton;C2570;Member;P0003;Smart Watch;Electronics;3;1299.99;3899.97;Bank Transfer;2026/03/23;Michael Williams
T00915;S001;Sandton;C2246;Member;P0006;Coffee Maker;Appliances;2;1299.99;2599.98;Mobile Pay;2026/05/19;Daniel Smith
T00916;S001;Sandton;C0522;Member;P0003;Smart Watch;Electronics;1;1299.99;1299.99;Mobile Pay;2026/04/03;Sophie Mthembu
T00917;S001;Sandton;C0846;Guest;P0016;Skincare Set;Beauty;1;599.99;599.99;Cash;2026/01/23;Sophie Mthembu
T00918;S001;Sandton;C2364;Member;P0025;Novel Book;Books;1;199.99;199.99;Card;2026/01/05;Sarah Mokoena
T00919;S001;Sandton;C1330;Member;P0006;Coffee Maker;Appliances;1;1299.99;1299.99;Cash;2026/04/12;Olivia Dlamini
T00920;S001;Sandton;C0477;Guest;P0019;Throw Blanket;Home & Decor;5;449.99;2249.95;Bank Transfer;2026/05/04;Michael Williams
T00921;S001;Sandton;C1841;Guest;P0003;Smart Watch;Electronics;1;1299.99;1299.99;Cash;2026/03/28;Liam Jacobs
T00922;S001;Sandton;C0205;Member;P0008;Blender;Appliances;4;899.99;3599.96;Cash;2026/04/06;Michael Williams
T00923;S001;Sandton;C1168;Guest;P0007;Air Fryer;Appliances;6;1799.99;10799.94;Card;2026/01/09;Daniel Smith
T00924;S001;Sandton;C2851;Guest;P0015;Sports Bottle;Sportswear;1;199.99;199.99;Mobile Pay;2026/01/28;James Botha
T00925;S001;Sandton;C0798;Guest;P0002;Bluetooth Speaker;Electronics;4;649.99;2599.96;Card;2026/03/05;Sophie Mthembu
T00926;S001;Sandton;C2054;Member;P0014;Yoga Mat;Sportswear;6;399.99;2399.94;Bank Transfer;2026/05/24;Daniel Smith
T00927;S001;Sandton;C2216;Guest;P0004;USB-C Charger;Electronics;6;299.99;1799.94;Card;2026/04/08;Olivia Dlamini
T00928;S001;Sandton;C1791;Member;P0001;Wireless Headphones;Electronics;4;899.99;3599.96;Cash;2026/02/15;Noah Pillay
T00929;S001;Sandton;C0345;Member;P0017;Face Moisturiser;Beauty;4;249.99;999.96;Bank Transfer;2026/01/15;Liam Jacobs
T00930;S001;Sandton;C0348;Member;P0008;Blender;Appliances;3;899.99;2699.97;Mobile Pay;2026/04/29;Michael Williams
T00931;S001;Sandton;C0173;Member;P0004;USB-C Charger;Electronics;5;299.99;1499.95;Card;2026/05/27;Sophie Mthembu
T00932;S001;Sandton;C2480;Member;P0020;Table Lamp;Home & Decor;4;699.99;2799.96;Bank Transfer;2026/06/17;Olivia Dlamini
T00933;S001;Sandton;C2359;Member;P0006;Coffee Maker;Appliances;5;1299.99;6499.95;Cash;2026/04/15;Emma Nkosi
T00934;S001;Sandton;C2585;Member;P0002;Bluetooth Speaker;Electronics;6;649.99;3899.94;Mobile Pay;2026/04/15;Sophie Mthembu
T00935;S001;Sandton;C2619;Guest;P0019;Throw Blanket;Home & Decor;5;449.99;2249.95;Bank Transfer;2026/01/20;Jessica Naidoo
T00936;S001;Sandton;C2846;Member;P0010;Cotton T-Shirt;Clothing;6;249.99;1499.94;Cash;2026/04/07;Sarah Mokoena
T00937;S001;Sandton;C2669;Member;P0025;Novel Book;Books;6;199.99;1199.94;Card;2026/03/28;Emma Nkosi
T00938;S001;Sandton;C2446;Guest;P0022;Cookware Set;Kitchen;5;1599.99;7999.95;Bank Transfer;2026/03/07;James Botha
T00939;S001;Sandton;C0308;Member;P0001;Wireless Headphones;Electronics;3;899.99;2699.97;Bank Transfer;2026/06/07;Sarah Mokoena
T00940;S001;Sandton;C0354;Member;P0004;USB-C Charger;Electronics;2;299.99;599.98;Mobile Pay;2026/03/20;Jessica Naidoo
T00941;S001;Sandton;C1623;Member;P0016;Skincare Set;Beauty;1;599.99;599.99;Bank Transfer;2026/04/30;Jessica Naidoo
T00942;S001;Sandton;C2049;Guest;P0013;Running Shoes;Sportswear;1;1499.5;1499.5;Cash;2026/01/16;Jessica Naidoo
T00943;S001;Sandton;C0557;Member;P0024;Storage Container Set;Kitchen;1;349.99;349.99;Bank Transfer;2026/02/06;Olivia Dlamini
T00944;S001;Sandton;C2511;Guest;P0024;Storage Container Set;Kitchen;1;349.99;349.99;Card;2026/03/20;Olivia Dlamini
T00945;S001;Sandton;C0161;Guest;P0020;Table Lamp;Home & Decor;2;699.99;1399.98;Mobile Pay;2026/02/17;Olivia Dlamini
T00946;S001;Sandton;C0717;Member;P0011;Denim Jeans;Clothing;1;799.99;799.99;Card;2026/06/05;Emma Nkosi
T00947;S001;Sandton;C1459;Member;P0020;Table Lamp;Home & Decor;2;699.99;1399.98;Bank Transfer;2026/05/05;James Botha
T00948;S001;Sandton;C0216;Member;P0024;Storage Container Set;Kitchen;4;349.99;1399.96;Mobile Pay;2026/04/14;Sarah Mokoena
T00949;S001;Sandton;C0661;Guest;P0002;Bluetooth Speaker;Electronics;6;649.99;3899.94;Cash;2026/06/21;Jessica Naidoo
T00950;S001;Sandton;C0296;Member;P0014;Yoga Mat;Sportswear;5;399.99;1999.95;Mobile Pay;2026/06/19;Olivia Dlamini
T00951;S001;Sandton;C2582;Member;P0022;Cookware Set;Kitchen;4;1599.99;6399.96;Bank Transfer;2026/06/06;Michael Williams
T00952;S001;Sandton;C1886;Member;P0019;Throw Blanket;Home & Decor;4;449.99;1799.96;Card;2026/01/02;Sarah Mokoena
T00953;S001;Sandton;C2285;Guest;P0008;Blender;Appliances;1;899.99;899.99;Card;2026/06/27;Liam Jacobs
T00954;S001;Sandton;C1071;Member;P0019;Throw Blanket;Home & Decor;6;449.99;2699.94;Mobile Pay;2026/04/07;Liam Jacobs
T00955;S001;Sandton;C0800;Member;P0025;Novel Book;Books;6;199.99;1199.94;Bank Transfer;2026/01/05;James Botha
T00956;S001;Sandton;C2406;Guest;P0023;Dinner Plate Set;Kitchen;5;499.99;2499.95;Bank Transfer;2026/04/04;Michael Williams
T00957;S001;Sandton;C0550;Member;P0013;Running Shoes;Sportswear;6;1499.5;8997.0;Bank Transfer;2026/06/28;Emma Nkosi
T00958;S001;Sandton;C2429;Member;P0010;Cotton T-Shirt;Clothing;2;249.99;499.98;Cash;2026/03/28;James Botha
T00959;S001;Sandton;C2996;Member;P0011;Denim Jeans;Clothing;4;799.99;3199.96;Card;2026/03/15;Sarah Mokoena
T00960;S001;Sandton;C2474;Member;P0006;Coffee Maker;Appliances;2;1299.99;2599.98;Bank Transfer;2026/06/04;Sophie Mthembu
T00961;S001;Sandton;C2335;Guest;P0022;Cookware Set;Kitchen;2;1599.99;3199.98;Card;2026/02/01;Emma Nkosi
T00962;S001;Sandton;C0375;Member;P0001;Wireless Headphones;Electronics;4;899.99;3599.96;Bank Transfer;2026/04/09;Sarah Mokoena
T00963;S001;Sandton;C0013;Member;P0023;Dinner Plate Set;Kitchen;2;499.99;999.98;Card;2026/01/24;Daniel Smith
T00964;S001;Sandton;C2133;Member;P0005;Laptop Backpack;Accessories;5;549.99;2749.95;Mobile Pay;2026/04/30;Michael Williams
T00965;S001;Sandton;C0221;Member;P0017;Face Moisturiser;Beauty;6;249.99;1499.94;Card;2026/04/10;Jessica Naidoo
T00966;S001;Sandton;C2824;Member;P0011;Denim Jeans;Clothing;6;799.99;4799.94;Card;2026/03/07;Daniel Smith
T00967;S001;Sandton;C0126;Guest;P0009;Electric Kettle;Appliances;6;499.99;2999.94;Bank Transfer;2026/02/21;Daniel Smith
T00968;S001;Sandton;C1236;Guest;P0015;Sports Bottle;Sportswear;6;199.99;1199.94;Bank Transfer;2026/05/14;Olivia Dlamini
T00969;S001;Sandton;C2635;Member;P0022;Cookware Set;Kitchen;6;1599.99;9599.94;Mobile Pay;2026/01/04;Michael Williams
T00970;S001;Sandton;C0124;Member;P0011;Denim Jeans;Clothing;2;799.99;1599.98;Mobile Pay;2026/04/01;James Botha
T00971;S001;Sandton;C2132;Guest;P0003;Smart Watch;Electronics;5;1299.99;6499.95;Card;2026/06/15;Jessica Naidoo
T00972;S001;Sandton;C0212;Guest;P0022;Cookware Set;Kitchen;4;1599.99;6399.96;Mobile Pay;2026/05/16;Sophie Mthembu
T00973;S001;Sandton;C0853;Guest;P0005;Laptop Backpack;Accessories;2;549.99;1099.98;Mobile Pay;2026/03/30;Michael Williams
T00974;S001;Sandton;C2527;Member;P0002;Bluetooth Speaker;Electronics;5;649.99;3249.95;Bank Transfer;2026/01/17;Sarah Mokoena
T00975;S001;Sandton;C1018;Member;P0010;Cotton T-Shirt;Clothing;6;249.99;1499.94;Cash;2026/01/16;Olivia Dlamini
T00976;S001;Sandton;C2742;Member;P0018;Perfume;Beauty;4;899.99;3599.96;Card;2026/03/15;James Botha
T00977;S001;Sandton;C0386;Guest;P0024;Storage Container Set;Kitchen;4;349.99;1399.96;Bank Transfer;2026/01/20;Michael Williams
T00978;S001;Sandton;C1028;Guest;P0001;Wireless Headphones;Electronics;5;899.99;4499.95;Cash;2026/01/13;Noah Pillay
T00979;S001;Sandton;C0562;Member;P0004;USB-C Charger;Electronics;3;299.99;899.97;Mobile Pay;2026/04/07;Sophie Mthembu
T00980;S001;Sandton;C2664;Member;P0004;USB-C Charger;Electronics;1;299.99;299.99;Mobile Pay;2026/03/10;Jessica Naidoo
T00981;S001;Sandton;C2340;Member;P0020;Table Lamp;Home & Decor;2;699.99;1399.98;Cash;2026/04/03;Sarah Mokoena
T00982;S001;Sandton;C1944;Member;P0004;USB-C Charger;Electronics;6;299.99;1799.94;Card;2026/05/22;Jessica Naidoo
T00983;S001;Sandton;C1467;Member;P0003;Smart Watch;Electronics;2;1299.99;2599.98;Mobile Pay;2026/04/16;Liam Jacobs
T00984;S001;Sandton;C0474;Member;P0016;Skincare Set;Beauty;3;599.99;1799.97;Mobile Pay;2026/02/25;Noah Pillay
T00985;S001;Sandton;C0409;Member;P0003;Smart Watch;Electronics;1;1299.99;1299.99;Bank Transfer;2026/05/15;Emma Nkosi
T00986;S001;Sandton;C2682;Member;P0025;Novel Book;Books;6;199.99;1199.94;Mobile Pay;2026/03/23;Emma Nkosi
T00987;S001;Sandton;C1041;Member;P0015;Sports Bottle;Sportswear;2;199.99;399.98;Cash;2026/05/22;Sophie Mthembu
T00988;S001;Sandton;C2629;Member;P0016;Skincare Set;Beauty;6;599.99;3599.94;Cash;2026/06/10;Sarah Mokoena
T00989;S001;Sandton;C1257;Guest;P0004;USB-C Charger;Electronics;6;299.99;1799.94;Mobile Pay;2026/06/07;Noah Pillay
T00990;S001;Sandton;C1594;Member;P0014;Yoga Mat;Sportswear;1;399.99;399.99;Bank Transfer;2026/05/15;James Botha
T00991;S001;Sandton;C1482;Member;P0009;Electric Kettle;Appliances;6;499.99;2999.94;Bank Transfer;2026/04/28;Olivia Dlamini
T00992;S001;Sandton;C1223;Guest;P0023;Dinner Plate Set;Kitchen;5;499.99;2499.95;Cash;2026/02/24;Emma Nkosi
T00993;S001;Sandton;C0111;Member;P0017;Face Moisturiser;Beauty;5;249.99;1249.95;Bank Transfer;2026/03/29;Noah Pillay
T00994;S001;Sandton;C1514;Member;P0019;Throw Blanket;Home & Decor;1;449.99;449.99;Mobile Pay;2026/06/21;Emma Nkosi
T00995;S001;Sandton;C2355;Member;P0021;Cushion Set;Home & Decor;6;299.99;1799.94;Card;2026/01/02;Michael Williams
T00996;S001;Sandton;C1035;Guest;P0023;Dinner Plate Set;Kitchen;3;499.99;1499.97;Cash;2026/02/20;James Botha
T00997;S001;Sandton;C0552;Member;P0006;Coffee Maker;Appliances;6;1299.99;7799.94;Card;2026/03/04;Daniel Smith
T00998;S001;Sandton;C2942;Member;P0007;Air Fryer;Appliances;2;1799.99;3599.98;Mobile Pay;2026/02/22;Sarah Mokoena
T00999;S001;Sandton;C0424;Member;P0001;Wireless Headphones;Electronics;3;899.99;2699.97;Mobile Pay;2026/01/17;Liam Jacobs
T01000;S001;Sandton;C2584;Member;P0023;Dinner Plate Set;Kitchen;5;499.99;2499.95;Mobile Pay;2026/03/07;James Botha
T01001;S001;Sandton;C1934;Guest;P0019;Throw Blanket;Home & Decor;6;449.99;2699.94;Card;2026/03/23;Emma Nkosi
T01002;S001;Sandton;C2363;Member;P0025;Novel Book;Books;6;199.99;1199.94;Card;2026/04/16;Olivia Dlamini
T01003;S001;Sandton;C1254;Member;P0025;Novel Book;Books;1;199.99;199.99;Card;2026/03/02;Sarah Mokoena
T01004;S001;Sandton;C2887;Member;P0009;Electric Kettle;Appliances;4;499.99;1999.96;Bank Transfer;2026/01/07;James Botha
T01005;S001;Sandton;C2058;Member;P0009;Electric Kettle;Appliances;6;499.99;2999.94;Mobile Pay;2026/04/29;Noah Pillay
T01006;S001;Sandton;C1821;Guest;P0011;Denim Jeans;Clothing;2;799.99;1599.98;Cash;2026/04/28;Liam Jacobs
T01007;S001;Sandton;C1320;Member;P0015;Sports Bottle;Sportswear;3;199.99;599.97;Bank Transfer;2026/05/02;Emma Nkosi
T01008;S001;Sandton;C1654;Guest;P0010;Cotton T-Shirt;Clothing;2;249.99;499.98;Bank Transfer;2026/05/26;Michael Williams
T01009;S001;Sandton;C0609;Member;P0003;Smart Watch;Electronics;3;1299.99;3899.97;Card;2026/03/06;Sarah Mokoena
T01010;S001;Sandton;C1091;Member;P0011;Denim Jeans;Clothing;5;799.99;3999.95;Card;2026/02/24;Sarah Mokoena
T01011;S001;Sandton;C2851;Member;P0011;Denim Jeans;Clothing;5;799.99;3999.95;Cash;2026/05/23;Michael Williams
T01012;S001;Sandton;C0655;Guest;P0020;Table Lamp;Home & Decor;2;699.99;1399.98;Bank Transfer;2026/04/29;Sarah Mokoena
T01013;S001;Sandton;C2760;Member;P0011;Denim Jeans;Clothing;1;799.99;799.99;Mobile Pay;2026/04/13;Liam Jacobs
T01014;S001;Sandton;C2674;Member;P0015;Sports Bottle;Sportswear;3;199.99;599.97;Bank Transfer;2026/03/19;Sarah Mokoena
T01015;S001;Sandton;C1213;Member;P0009;Electric Kettle;Appliances;4;499.99;1999.96;Mobile Pay;2026/05/08;Sarah Mokoena
T01016;S001;Sandton;C2572;Member;P0004;USB-C Charger;Electronics;6;299.99;1799.94;Mobile Pay;2026/01/28;Olivia Dlamini
T01017;S001;Sandton;C2868;Guest;P0014;Yoga Mat;Sportswear;6;399.99;2399.94;Cash;2026/06/26;Daniel Smith
T01018;S001;Sandton;C2313;Member;P0012;Hooded Sweatshirt;Clothing;5;599.99;2999.95;Cash;2026/01/03;Daniel Smith
T01019;S001;Sandton;C2594;Member;P0001;Wireless Headphones;Electronics;5;899.99;4499.95;Card;2026/02/05;Emma Nkosi
T01020;S001;Sandton;C1985;Guest;P0019;Throw Blanket;Home & Decor;2;449.99;899.98;Card;2026/01/26;Emma Nkosi
T01021;S001;Sandton;C2035;Member;P0023;Dinner Plate Set;Kitchen;5;499.99;2499.95;Bank Transfer;2026/05/22;Jessica Naidoo
T01022;S001;Sandton;C0242;Member;P0019;Throw Blanket;Home & Decor;1;449.99;449.99;Bank Transfer;2026/04/07;Olivia Dlamini
T01023;S001;Sandton;C2037;Guest;P0005;Laptop Backpack;Accessories;6;549.99;3299.94;Card;2026/03/30;Olivia Dlamini
T01024;S001;Sandton;C1000;Member;P0004;USB-C Charger;Electronics;3;299.99;899.97;Cash;2026/05/27;Noah Pillay
T01025;S001;Sandton;C1068;Guest;P0006;Coffee Maker;Appliances;3;1299.99;3899.97;Bank Transfer;2026/01/11;Liam Jacobs
T01026;S001;Sandton;C0829;Member;P0025;Novel Book;Books;5;199.99;999.95;Cash;2026/05/18;Noah Pillay
T01027;S001;Sandton;C0184;Member;P0024;Storage Container Set;Kitchen;6;349.99;2099.94;Cash;2026/05/10;Liam Jacobs
T01028;S001;Sandton;C1587;Member;P0017;Face Moisturiser;Beauty;6;249.99;1499.94;Cash;2026/05/26;Emma Nkosi
T01029;S001;Sandton;C0267;Guest;P0003;Smart Watch;Electronics;2;1299.99;2599.98;Mobile Pay;2026/05/16;James Botha
T01030;S001;Sandton;C2771;Member;P0011;Denim Jeans;Clothing;6;799.99;4799.94;Mobile Pay;2026/04/25;Emma Nkosi
T01031;S001;Sandton;C2428;Guest;P0025;Novel Book;Books;1;199.99;199.99;Bank Transfer;2026/05/13;Daniel Smith
T01032;S001;Sandton;C1186;Member;P0006;Coffee Maker;Appliances;2;1299.99;2599.98;Card;2026/05/12;Jessica Naidoo
T01033;S001;Sandton;C2717;Member;P0022;Cookware Set;Kitchen;3;1599.99;4799.97;Cash;2026/03/25;Sarah Mokoena
T01034;S001;Sandton;C0661;Guest;P0004;USB-C Charger;Electronics;5;299.99;1499.95;Mobile Pay;2026/01/14;Liam Jacobs
T01035;S001;Sandton;C1259;Member;P0013;Running Shoes;Sportswear;4;1499.5;5998.0;Cash;2026/01/24;Liam Jacobs
T01036;S001;Sandton;C0010;Member;P0010;Cotton T-Shirt;Clothing;3;249.99;749.97;Cash;2026/01/09;Liam Jacobs
T01037;S001;Sandton;C0096;Member;P0010;Cotton T-Shirt;Clothing;2;249.99;499.98;Bank Transfer;2026/04/24;Liam Jacobs
T01038;S001;Sandton;C1490;Member;P0008;Blender;Appliances;6;899.99;5399.94;Mobile Pay;2026/05/30;Daniel Smith
T01039;S001;Sandton;C1397;Guest;P0018;Perfume;Beauty;4;899.99;3599.96;Mobile Pay;2026/03/12;Sarah Mokoena
T01040;S001;Sandton;C1787;Member;P0003;Smart Watch;Electronics;3;1299.99;3899.97;Mobile Pay;2026/04/22;Olivia Dlamini
T01041;S001;Sandton;C1008;Member;P0020;Table Lamp;Home & Decor;3;699.99;2099.97;Mobile Pay;2026/06/10;Sarah Mokoena
T01042;S001;Sandton;C0026;Guest;P0019;Throw Blanket;Home & Decor;6;449.99;2699.94;Cash;2026/01/04;Jessica Naidoo
T01043;S001;Sandton;C1050;Member;P0016;Skincare Set;Beauty;2;599.99;1199.98;Cash;2026/03/12;Liam Jacobs
T01044;S001;Sandton;C0363;Member;P0005;Laptop Backpack;Accessories;4;549.99;2199.96;Mobile Pay;2026/02/27;Emma Nkosi
T01045;S001;Sandton;C2973;Member;P0004;USB-C Charger;Electronics;5;299.99;1499.95;Bank Transfer;2026/06/11;Emma Nkosi
T01046;S001;Sandton;C0558;Member;P0008;Blender;Appliances;3;899.99;2699.97;Bank Transfer;2026/05/03;Michael Williams
T01047;S001;Sandton;C2441;Guest;P0017;Face Moisturiser;Beauty;6;249.99;1499.94;Bank Transfer;2026/04/05;Liam Jacobs
T01048;S001;Sandton;C2344;Guest;P0009;Electric Kettle;Appliances;1;499.99;499.99;Bank Transfer;2026/01/25;Daniel Smith
T01049;S001;Sandton;C2636;Member;P0019;Throw Blanket;Home & Decor;3;449.99;1349.97;Cash;2026/06/18;Jessica Naidoo
T01050;S001;Sandton;C1065;Member;P0005;Laptop Backpack;Accessories;3;549.99;1649.97;Bank Transfer;2026/02/17;Olivia Dlamini
T01051;S001;Sandton;C0104;Member;P0021;Cushion Set;Home & Decor;3;299.99;899.97;Cash;2026/05/14;James Botha
T01052;S001;Sandton;C1849;Member;P0017;Face Moisturiser;Beauty;1;249.99;249.99;Card;2026/03/06;Sophie Mthembu
T01053;S001;Sandton;C2835;Guest;P0022;Cookware Set;Kitchen;5;1599.99;7999.95;Mobile Pay;2026/05/26;Daniel Smith
T01054;S001;Sandton;C0285;Member;P0020;Table Lamp;Home & Decor;5;699.99;3499.95;Mobile Pay;2026/06/25;Jessica Naidoo
T01055;S001;Sandton;C0904;Member;P0018;Perfume;Beauty;1;899.99;899.99;Mobile Pay;2026/04/14;Daniel Smith
T01056;S001;Sandton;C2838;Member;P0010;Cotton T-Shirt;Clothing;3;249.99;749.97;Bank Transfer;2026/03/07;Noah Pillay
T01057;S001;Sandton;C2841;Member;P0024;Storage Container Set;Kitchen;4;349.99;1399.96;Mobile Pay;2026/04/09;Emma Nkosi
T01058;S001;Sandton;C2890;Guest;P0021;Cushion Set;Home & Decor;5;299.99;1499.95;Bank Transfer;2026/05/02;Olivia Dlamini
T01059;S001;Sandton;C1727;Guest;P0008;Blender;Appliances;2;899.99;1799.98;Cash;2026/03/15;Jessica Naidoo
T01060;S001;Sandton;C0292;Guest;P0021;Cushion Set;Home & Decor;3;299.99;899.97;Bank Transfer;2026/05/06;Olivia Dlamini
T01061;S001;Sandton;C1277;Member;P0002;Bluetooth Speaker;Electronics;6;649.99;3899.94;Bank Transfer;2026/05/26;Daniel Smith
T01062;S001;Sandton;C0173;Guest;P0016;Skincare Set;Beauty;1;599.99;599.99;Bank Transfer;2026/03/25;Daniel Smith
T01063;S001;Sandton;C1147;Member;P0012;Hooded Sweatshirt;Clothing;2;599.99;1199.98;Bank Transfer;2026/02/12;Michael Williams
T01064;S001;Sandton;C2574;Member;P0016;Skincare Set;Beauty;4;599.99;2399.96;Card;2026/06/26;Noah Pillay
T01065;S001;Sandton;C1946;Guest;P0022;Cookware Set;Kitchen;4;1599.99;6399.96;Card;2026/05/31;Jessica Naidoo
T01066;S001;Sandton;C1765;Guest;P0016;Skincare Set;Beauty;4;599.99;2399.96;Bank Transfer;2026/01/13;James Botha
T01067;S001;Sandton;C2856;Member;P0011;Denim Jeans;Clothing;3;799.99;2399.97;Mobile Pay;2026/03/01;Sophie Mthembu
T01068;S001;Sandton;C1207;Guest;P0015;Sports Bottle;Sportswear;3;199.99;599.97;Cash;2026/05/22;James Botha
T01069;S001;Sandton;C1010;Member;P0017;Face Moisturiser;Beauty;2;249.99;499.98;Cash;2026/06/04;Michael Williams
T01070;S001;Sandton;C0674;Member;P0007;Air Fryer;Appliances;2;1799.99;3599.98;Bank Transfer;2026/05/16;Daniel Smith
T01071;S001;Sandton;C1885;Member;P0007;Air Fryer;Appliances;4;1799.99;7199.96;Cash;2026/03/09;Olivia Dlamini
T01072;S001;Sandton;C0230;Member;P0014;Yoga Mat;Sportswear;2;399.99;799.98;Bank Transfer;2026/05/11;Michael Williams
T01073;S001;Sandton;C2535;Guest;P0021;Cushion Set;Home & Decor;1;299.99;299.99;Cash;2026/01/30;Daniel Smith
T01074;S001;Sandton;C1120;Member;P0004;USB-C Charger;Electronics;4;299.99;1199.96;Cash;2026/06/17;Olivia Dlamini
T01075;S001;Sandton;C1461;Member;P0016;Skincare Set;Beauty;3;599.99;1799.97;Bank Transfer;2026/04/29;Sophie Mthembu
T01076;S001;Sandton;C0072;Member;P0010;Cotton T-Shirt;Clothing;4;249.99;999.96;Bank Transfer;2026/06/30;Jessica Naidoo
T01077;S001;Sandton;C2718;Member;P0019;Throw Blanket;Home & Decor;6;449.99;2699.94;Cash;2026/01/02;Emma Nkosi
T01078;S001;Sandton;C0976;Member;P0001;Wireless Headphones;Electronics;5;899.99;4499.95;Cash;2026/01/24;Michael Williams
T01079;S001;Sandton;C0843;Member;P0024;Storage Container Set;Kitchen;2;349.99;699.98;Bank Transfer;2026/01/07;Sophie Mthembu
T01080;S001;Sandton;C1832;Member;P0012;Hooded Sweatshirt;Clothing;4;599.99;2399.96;Card;2026/05/15;Olivia Dlamini
T01081;S001;Sandton;C0048;Member;P0022;Cookware Set;Kitchen;3;1599.99;4799.97;Card;2026/05/10;James Botha
T01082;S001;Sandton;C2256;Guest;P0004;USB-C Charger;Electronics;5;299.99;1499.95;Cash;2026/02/06;Olivia Dlamini
T01083;S001;Sandton;C0504;Member;P0005;Laptop Backpack;Accessories;5;549.99;2749.95;Bank Transfer;2026/03/18;Daniel Smith
T01084;S001;Sandton;C1201;Guest;P0022;Cookware Set;Kitchen;4;1599.99;6399.96;Bank Transfer;2026/06/29;Sophie Mthembu
T01085;S001;Sandton;C2193;Guest;P0011;Denim Jeans;Clothing;5;799.99;3999.95;Bank Transfer;2026/01/21;Noah Pillay
T01086;S001;Sandton;C1315;Guest;P0008;Blender;Appliances;5;899.99;4499.95;Card;2026/06/15;James Botha
T01087;S001;Sandton;C0775;Guest;P0002;Bluetooth Speaker;Electronics;1;649.99;649.99;Mobile Pay;2026/05/09;Daniel Smith
T01088;S001;Sandton;C2875;Member;P0022;Cookware Set;Kitchen;6;1599.99;9599.94;Card;2026/06/12;Jessica Naidoo
T01089;S001;Sandton;C0474;Member;P0020;Table Lamp;Home & Decor;5;699.99;3499.95;Mobile Pay;2026/05/26;Daniel Smith
T01090;S001;Sandton;C1020;Member;P0021;Cushion Set;Home & Decor;3;299.99;899.97;Mobile Pay;2026/01/29;Noah Pillay
T01091;S001;Sandton;C2880;Guest;P0007;Air Fryer;Appliances;1;1799.99;1799.99;Bank Transfer;2026/01/02;Michael Williams
T01092;S001;Sandton;C2494;Guest;P0021;Cushion Set;Home & Decor;6;299.99;1799.94;Card;2026/03/24;Michael Williams
T01093;S001;Sandton;C2338;Guest;P0018;Perfume;Beauty;1;899.99;899.99;Card;2026/04/02;Liam Jacobs
T01094;S001;Sandton;C0273;Guest;P0009;Electric Kettle;Appliances;6;499.99;2999.94;Mobile Pay;2026/04/18;Daniel Smith
T01095;S001;Sandton;C2802;Guest;P0005;Laptop Backpack;Accessories;1;549.99;549.99;Card;2026/01/04;Michael Williams
T01096;S001;Sandton;C2929;Guest;P0008;Blender;Appliances;2;899.99;1799.98;Card;2026/06/10;Sarah Mokoena
T01097;S001;Sandton;C0918;Member;P0020;Table Lamp;Home & Decor;1;699.99;699.99;Bank Transfer;2026/06/17;Sophie Mthembu
T01098;S001;Sandton;C1675;Member;P0022;Cookware Set;Kitchen;2;1599.99;3199.98;Mobile Pay;2026/04/20;Daniel Smith
T01099;S001;Sandton;C1386;Guest;P0011;Denim Jeans;Clothing;4;799.99;3199.96;Card;2026/01/28;Michael Williams
T01100;S001;Sandton;C2353;Member;P0006;Coffee Maker;Appliances;6;1299.99;7799.94;Bank Transfer;2026/06/21;Liam Jacobs
T01101;S001;Sandton;C2483;Member;P0016;Skincare Set;Beauty;4;599.99;2399.96;Card;2026/01/20;Liam Jacobs
T01102;S001;Sandton;C2896;Member;P0018;Perfume;Beauty;5;899.99;4499.95;Bank Transfer;2026/05/25;Noah Pillay
T01103;S001;Sandton;C2327;Member;P0022;Cookware Set;Kitchen;6;1599.99;9599.94;Cash;2026/02/26;Michael Williams
T01104;S001;Sandton;C0160;Guest;P0021;Cushion Set;Home & Decor;1;299.99;299.99;Bank Transfer;2026/05/14;Daniel Smith
T01105;S001;Sandton;C2513;Member;P0001;Wireless Headphones;Electronics;1;899.99;899.99;Cash;2026/01/26;Daniel Smith
T01106;S001;Sandton;C0344;Member;P0025;Novel Book;Books;4;199.99;799.96;Cash;2026/04/09;Jessica Naidoo
T01107;S001;Sandton;C1595;Guest;P0019;Throw Blanket;Home & Decor;2;449.99;899.98;Bank Transfer;2026/03/17;Emma Nkosi
T01108;S001;Sandton;C1363;Member;P0024;Storage Container Set;Kitchen;2;349.99;699.98;Mobile Pay;2026/02/14;Sophie Mthembu
T01109;S001;Sandton;C0795;Member;P0011;Denim Jeans;Clothing;5;799.99;3999.95;Bank Transfer;2026/03/30;Sophie Mthembu
T01110;S001;Sandton;C2254;Member;P0025;Novel Book;Books;6;199.99;1199.94;Card;2026/04/19;Noah Pillay
T01111;S001;Sandton;C2786;Member;P0018;Perfume;Beauty;2;899.99;1799.98;Card;2026/02/20;Michael Williams
T01112;S001;Sandton;C1979;Member;P0014;Yoga Mat;Sportswear;4;399.99;1599.96;Cash;2026/06/30;Liam Jacobs
T01113;S001;Sandton;C2364;Member;P0003;Smart Watch;Electronics;2;1299.99;2599.98;Card;2026/06/17;Olivia Dlamini
T01114;S001;Sandton;C2944;Guest;P0018;Perfume;Beauty;6;899.99;5399.94;Bank Transfer;2026/05/05;Olivia Dlamini
T01115;S001;Sandton;C0389;Member;P0008;Blender;Appliances;3;899.99;2699.97;Cash;2026/01/23;Emma Nkosi
T01116;S001;Sandton;C0510;Member;P0008;Blender;Appliances;5;899.99;4499.95;Card;2026/06/09;Liam Jacobs
T01117;S001;Sandton;C0942;Member;P0001;Wireless Headphones;Electronics;4;899.99;3599.96;Card;2026/01/04;Olivia Dlamini
T01118;S001;Sandton;C2568;Member;P0020;Table Lamp;Home & Decor;3;699.99;2099.97;Card;2026/02/28;Emma Nkosi
T01119;S001;Sandton;C1625;Member;P0025;Novel Book;Books;5;199.99;999.95;Mobile Pay;2026/06/28;Sarah Mokoena
T01120;S001;Sandton;C2656;Member;P0008;Blender;Appliances;1;899.99;899.99;Cash;2026/06/10;Jessica Naidoo
T01121;S001;Sandton;C0947;Guest;P0011;Denim Jeans;Clothing;4;799.99;3199.96;Card;2026/01/19;Liam Jacobs
T01122;S001;Sandton;C2704;Member;P0005;Laptop Backpack;Accessories;3;549.99;1649.97;Mobile Pay;2026/03/17;James Botha
T01123;S001;Sandton;C2709;Guest;P0011;Denim Jeans;Clothing;4;799.99;3199.96;Bank Transfer;2026/01/01;Olivia Dlamini
T01124;S001;Sandton;C2627;Guest;P0019;Throw Blanket;Home & Decor;6;449.99;2699.94;Mobile Pay;2026/01/26;James Botha
T01125;S001;Sandton;C1114;Member;P0005;Laptop Backpack;Accessories;3;549.99;1649.97;Cash;2026/05/15;Emma Nkosi
T01126;S001;Sandton;C2198;Member;P0015;Sports Bottle;Sportswear;1;199.99;199.99;Mobile Pay;2026/05/05;Noah Pillay
T01127;S001;Sandton;C0221;Member;P0014;Yoga Mat;Sportswear;6;399.99;2399.94;Mobile Pay;2026/03/21;Olivia Dlamini
T01128;S001;Sandton;C1333;Guest;P0014;Yoga Mat;Sportswear;2;399.99;799.98;Mobile Pay;2026/01/17;Liam Jacobs
T01129;S001;Sandton;C0153;Member;P0004;USB-C Charger;Electronics;4;299.99;1199.96;Mobile Pay;2026/04/23;Emma Nkosi
T01130;S001;Sandton;C1253;Member;P0008;Blender;Appliances;5;899.99;4499.95;Bank Transfer;2026/03/24;James Botha
T01131;S001;Sandton;C1416;Guest;P0010;Cotton T-Shirt;Clothing;5;249.99;1249.95;Card;2026/02/23;Noah Pillay
T01132;S001;Sandton;C0873;Guest;P0023;Dinner Plate Set;Kitchen;1;499.99;499.99;Mobile Pay;2026/03/02;Sophie Mthembu
T01133;S001;Sandton;C2820;Member;P0017;Face Moisturiser;Beauty;3;249.99;749.97;Cash;2026/06/16;Sarah Mokoena
T01134;S001;Sandton;C1851;Member;P0014;Yoga Mat;Sportswear;3;399.99;1199.97;Bank Transfer;2026/04/30;Emma Nkosi
T01135;S001;Sandton;C1893;Guest;P0023;Dinner Plate Set;Kitchen;6;499.99;2999.94;Cash;2026/06/17;Olivia Dlamini
T01136;S001;Sandton;C1340;Member;P0019;Throw Blanket;Home & Decor;2;449.99;899.98;Mobile Pay;2026/06/27;Olivia Dlamini
T01137;S001;Sandton;C0197;Member;P0019;Throw Blanket;Home & Decor;2;449.99;899.98;Cash;2026/06/20;Noah Pillay
T01138;S001;Sandton;C2595;Member;P0023;Dinner Plate Set;Kitchen;6;499.99;2999.94;Mobile Pay;2026/02/14;Daniel Smith
T01139;S001;Sandton;C0837;Member;P0016;Skincare Set;Beauty;3;599.99;1799.97;Bank Transfer;2026/03/24;Emma Nkosi
T01140;S001;Sandton;C2297;Member;P0016;Skincare Set;Beauty;2;599.99;1199.98;Card;2026/05/25;Sophie Mthembu
T01141;S001;Sandton;C0459;Member;P0013;Running Shoes;Sportswear;2;1499.5;2999.0;Cash;2026/02/21;Sarah Mokoena
T01142;S001;Sandton;C2195;Member;P0024;Storage Container Set;Kitchen;2;349.99;699.98;Mobile Pay;2026/02/12;Liam Jacobs
T01143;S001;Sandton;C2268;Guest;P0025;Novel Book;Books;3;199.99;599.97;Bank Transfer;2026/04/13;Michael Williams
T01144;S001;Sandton;C1842;Guest;P0009;Electric Kettle;Appliances;4;499.99;1999.96;Cash;2026/05/16;Emma Nkosi
T01145;S001;Sandton;C0181;Guest;P0019;Throw Blanket;Home & Decor;6;449.99;2699.94;Bank Transfer;2026/01/11;Noah Pillay
T01146;S001;Sandton;C1416;Member;P0012;Hooded Sweatshirt;Clothing;3;599.99;1799.97;Cash;2026/01/12;Sarah Mokoena
T01147;S001;Sandton;C2519;Guest;P0007;Air Fryer;Appliances;1;1799.99;1799.99;Bank Transfer;2026/05/22;Liam Jacobs
T01148;S001;Sandton;C1822;Member;P0023;Dinner Plate Set;Kitchen;2;499.99;999.98;Card;2026/01/22;Sarah Mokoena
T01149;S001;Sandton;C2599;Member;P0004;USB-C Charger;Electronics;3;299.99;899.97;Mobile Pay;2026/03/14;James Botha
T01150;S001;Sandton;C2392;Member;P0021;Cushion Set;Home & Decor;1;299.99;299.99;Mobile Pay;2026/04/10;Jessica Naidoo
T01151;S001;Sandton;C1285;Guest;P0015;Sports Bottle;Sportswear;1;199.99;199.99;Card;2026/04/27;Sophie Mthembu
T01152;S001;Sandton;C0910;Guest;P0020;Table Lamp;Home & Decor;3;699.99;2099.97;Mobile Pay;2026/02/19;James Botha
T01153;S001;Sandton;C0238;Member;P0019;Throw Blanket;Home & Decor;5;449.99;2249.95;Mobile Pay;2026/05/11;Liam Jacobs
T01154;S001;Sandton;C1829;Guest;P0001;Wireless Headphones;Electronics;4;899.99;3599.96;Mobile Pay;2026/01/30;James Botha
T01155;S001;Sandton;C2550;Member;P0002;Bluetooth Speaker;Electronics;3;649.99;1949.97;Mobile Pay;2026/05/25;Noah Pillay
T01156;S001;Sandton;C2165;Guest;P0021;Cushion Set;Home & Decor;5;299.99;1499.95;Mobile Pay;2026/02/11;Emma Nkosi
T01157;S001;Sandton;C1479;Guest;P0005;Laptop Backpack;Accessories;4;549.99;2199.96;Cash;2026/04/22;Emma Nkosi
T01158;S001;Sandton;C0439;Guest;P0021;Cushion Set;Home & Decor;3;299.99;899.97;Mobile Pay;2026/02/07;Emma Nkosi
T01159;S001;Sandton;C2650;Member;P0002;Bluetooth Speaker;Electronics;5;649.99;3249.95;Card;2026/02/14;Emma Nkosi
T01160;S001;Sandton;C1917;Guest;P0015;Sports Bottle;Sportswear;6;199.99;1199.94;Mobile Pay;2026/03/02;James Botha
T01161;S001;Sandton;C2303;Guest;P0001;Wireless Headphones;Electronics;1;899.99;899.99;Mobile Pay;2026/03/17;Emma Nkosi
T01162;S001;Sandton;C1093;Member;P0004;USB-C Charger;Electronics;6;299.99;1799.94;Cash;2026/01/23;Olivia Dlamini
T01163;S001;Sandton;C1480;Member;P0012;Hooded Sweatshirt;Clothing;4;599.99;2399.96;Mobile Pay;2026/03/09;Jessica Naidoo
T01164;S001;Sandton;C0309;Member;P0021;Cushion Set;Home & Decor;3;299.99;899.97;Cash;2026/01/26;Sophie Mthembu
T01165;S001;Sandton;C1345;Guest;P0017;Face Moisturiser;Beauty;3;249.99;749.97;Bank Transfer;2026/03/29;Sophie Mthembu
T01166;S001;Sandton;C0408;Member;P0014;Yoga Mat;Sportswear;6;399.99;2399.94;Bank Transfer;2026/01/02;Sarah Mokoena
T01167;S001;Sandton;C1872;Guest;P0020;Table Lamp;Home & Decor;6;699.99;4199.94;Mobile Pay;2026/06/11;Sophie Mthembu
T01168;S001;Sandton;C2457;Member;P0016;Skincare Set;Beauty;5;599.99;2999.95;Cash;2026/04/15;Daniel Smith
T01169;S001;Sandton;C2427;Guest;P0020;Table Lamp;Home & Decor;6;699.99;4199.94;Cash;2026/05/25;Olivia Dlamini
T01170;S001;Sandton;C2615;Member;P0004;USB-C Charger;Electronics;3;299.99;899.97;Mobile Pay;2026/04/19;Olivia Dlamini
T01171;S001;Sandton;C2045;Guest;P0021;Cushion Set;Home & Decor;6;299.99;1799.94;Mobile Pay;2026/06/16;Noah Pillay
T01172;S001;Sandton;C2999;Member;P0007;Air Fryer;Appliances;3;1799.99;5399.97;Cash;2026/03/17;Noah Pillay
T01173;S001;Sandton;C0232;Guest;P0007;Air Fryer;Appliances;3;1799.99;5399.97;Cash;2026/03/12;Daniel Smith
T01174;S001;Sandton;C2519;Guest;P0022;Cookware Set;Kitchen;1;1599.99;1599.99;Bank Transfer;2026/06/10;Olivia Dlamini
T01175;S001;Sandton;C0825;Member;P0024;Storage Container Set;Kitchen;6;349.99;2099.94;Cash;2026/04/26;Noah Pillay
T01176;S001;Sandton;C1219;Member;P0010;Cotton T-Shirt;Clothing;4;249.99;999.96;Card;2026/03/10;Liam Jacobs
T01177;S001;Sandton;C0745;Member;P0020;Table Lamp;Home & Decor;3;699.99;2099.97;Card;2026/04/07;Sarah Mokoena
T01178;S001;Sandton;C2419;Member;P0011;Denim Jeans;Clothing;4;799.99;3199.96;Mobile Pay;2026/03/19;Michael Williams
T01179;S001;Sandton;C2857;Guest;P0012;Hooded Sweatshirt;Clothing;3;599.99;1799.97;Card;2026/05/31;Daniel Smith
T01180;S001;Sandton;C1717;Member;P0007;Air Fryer;Appliances;5;1799.99;8999.95;Bank Transfer;2026/01/10;Sarah Mokoena
T01181;S001;Sandton;C0774;Guest;P0013;Running Shoes;Sportswear;2;1499.5;2999.0;Mobile Pay;2026/02/10;Sophie Mthembu
T01182;S001;Sandton;C1616;Member;P0024;Storage Container Set;Kitchen;3;349.99;1049.97;Cash;2026/04/02;Emma Nkosi
T01183;S001;Sandton;C0883;Member;P0015;Sports Bottle;Sportswear;6;199.99;1199.94;Cash;2026/05/03;Sarah Mokoena
T01184;S001;Sandton;C2260;Member;P0016;Skincare Set;Beauty;5;599.99;2999.95;Mobile Pay;2026/02/16;Daniel Smith
T01185;S001;Sandton;C2987;Member;P0009;Electric Kettle;Appliances;6;499.99;2999.94;Cash;2026/02/13;Sophie Mthembu
T01186;S001;Sandton;C0166;Member;P0020;Table Lamp;Home & Decor;1;699.99;699.99;Mobile Pay;2026/01/23;Emma Nkosi
T01187;S001;Sandton;C1852;Member;P0023;Dinner Plate Set;Kitchen;3;499.99;1499.97;Bank Transfer;2026/05/09;Olivia Dlamini
T01188;S001;Sandton;C1932;Member;P0021;Cushion Set;Home & Decor;4;299.99;1199.96;Mobile Pay;2026/05/16;James Botha
T01189;S001;Sandton;C1637;Member;P0022;Cookware Set;Kitchen;6;1599.99;9599.94;Cash;2026/06/03;Sophie Mthembu
T01190;S001;Sandton;C2329;Guest;P0007;Air Fryer;Appliances;4;1799.99;7199.96;Bank Transfer;2026/06/01;Sarah Mokoena
T01191;S001;Sandton;C0381;Member;P0002;Bluetooth Speaker;Electronics;1;649.99;649.99;Card;2026/05/23;Emma Nkosi
T01192;S001;Sandton;C1631;Guest;P0017;Face Moisturiser;Beauty;2;249.99;499.98;Cash;2026/05/30;Jessica Naidoo
T01193;S001;Sandton;C0848;Guest;P0003;Smart Watch;Electronics;4;1299.99;5199.96;Card;2026/02/07;Daniel Smith
T01194;S001;Sandton;C0930;Member;P0004;USB-C Charger;Electronics;2;299.99;599.98;Cash;2026/04/25;Emma Nkosi
T01195;S001;Sandton;C2736;Member;P0020;Table Lamp;Home & Decor;2;699.99;1399.98;Bank Transfer;2026/01/08;Emma Nkosi
T01196;S001;Sandton;C1871;Member;P0002;Bluetooth Speaker;Electronics;6;649.99;3899.94;Mobile Pay;2026/01/03;Sarah Mokoena
T01197;S001;Sandton;C2220;Member;P0011;Denim Jeans;Clothing;5;799.99;3999.95;Card;2026/03/18;Olivia Dlamini
T01198;S001;Sandton;C0094;Member;P0004;USB-C Charger;Electronics;2;299.99;599.98;Cash;2026/06/09;Sophie Mthembu
T01199;S001;Sandton;C2080;Guest;P0011;Denim Jeans;Clothing;2;799.99;1599.98;Card;2026/06/22;Daniel Smith
T01200;S001;Sandton;C0082;Member;P0013;Running Shoes;Sportswear;4;1499.5;5998.0;Bank Transfer;2026/03/25;Liam Jacobs
T01201;S001;Sandton;C0784;Member;P0021;Cushion Set;Home & Decor;3;299.99;899.97;Mobile Pay;2026/06/15;Liam Jacobs
T01202;S001;Sandton;C0509;Member;P0007;Air Fryer;Appliances;5;1799.99;8999.95;Bank Transfer;2026/02/12;Jessica Naidoo
T01203;S001;Sandton;C1610;Member;P0020;Table Lamp;Home & Decor;6;699.99;4199.94;Bank Transfer;2026/06/22;Olivia Dlamini
T01204;S001;Sandton;C0180;Member;P0020;Table Lamp;Home & Decor;4;699.99;2799.96;Cash;2026/03/10;Daniel Smith
T01205;S001;Sandton;C2600;Guest;P0009;Electric Kettle;Appliances;4;499.99;1999.96;Card;2026/03/08;Liam Jacobs
T01206;S001;Sandton;C0273;Guest;P0017;Face Moisturiser;Beauty;1;249.99;249.99;Cash;2026/01/09;Noah Pillay
T01207;S001;Sandton;C0385;Member;P0013;Running Shoes;Sportswear;6;1499.5;8997.0;Card;2026/05/29;James Botha
T01208;S001;Sandton;C2240;Member;P0023;Dinner Plate Set;Kitchen;6;499.99;2999.94;Mobile Pay;2026/03/20;Daniel Smith
T01209;S001;Sandton;C0816;Member;P0022;Cookware Set;Kitchen;6;1599.99;9599.94;Bank Transfer;2026/04/11;Daniel Smith
T01210;S001;Sandton;C2886;Member;P0001;Wireless Headphones;Electronics;3;899.99;2699.97;Mobile Pay;2026/03/10;Liam Jacobs
T01211;S001;Sandton;C0352;Guest;P0016;Skincare Set;Beauty;5;599.99;2999.95;Bank Transfer;2026/04/09;Jessica Naidoo
T01212;S001;Sandton;C1890;Guest;P0002;Bluetooth Speaker;Electronics;4;649.99;2599.96;Cash;2026/06/12;Noah Pillay
T01213;S001;Sandton;C1934;Member;P0004;USB-C Charger;Electronics;2;299.99;599.98;Mobile Pay;2026/01/31;Michael Williams
T01214;S001;Sandton;C1249;Guest;P0013;Running Shoes;Sportswear;4;1499.5;5998.0;Bank Transfer;2026/01/24;Noah Pillay
T01215;S001;Sandton;C1905;Member;P0023;Dinner Plate Set;Kitchen;4;499.99;1999.96;Bank Transfer;2026/01/26;Jessica Naidoo
T01216;S001;Sandton;C2170;Member;P0024;Storage Container Set;Kitchen;6;349.99;2099.94;Cash;2026/01/30;Sarah Mokoena
T01217;S001;Sandton;C0033;Member;P0022;Cookware Set;Kitchen;1;1599.99;1599.99;Card;2026/06/17;Emma Nkosi
T01218;S001;Sandton;C2847;Member;P0007;Air Fryer;Appliances;6;1799.99;10799.94;Cash;2026/03/16;Olivia Dlamini
T01219;S001;Sandton;C1464;Member;P0020;Table Lamp;Home & Decor;5;699.99;3499.95;Card;2026/05/25;Daniel Smith
T01220;S001;Sandton;C1252;Guest;P0003;Smart Watch;Electronics;6;1299.99;7799.94;Bank Transfer;2026/05/02;Sophie Mthembu
T01221;S001;Sandton;C0012;Guest;P0017;Face Moisturiser;Beauty;4;249.99;999.96;Cash;2026/05/02;Sophie Mthembu
T01222;S001;Sandton;C2963;Member;P0024;Storage Container Set;Kitchen;6;349.99;2099.94;Bank Transfer;2026/01/24;Daniel Smith
T01223;S001;Sandton;C2226;Guest;P0002;Bluetooth Speaker;Electronics;1;649.99;649.99;Mobile Pay;2026/02/04;Liam Jacobs
T01224;S001;Sandton;C0266;Member;P0006;Coffee Maker;Appliances;5;1299.99;6499.95;Mobile Pay;2026/05/16;Daniel Smith
T01225;S001;Sandton;C1425;Member;P0022;Cookware Set;Kitchen;6;1599.99;9599.94;Cash;2026/02/21;Sarah Mokoena
T01226;S001;Sandton;C2213;Guest;P0021;Cushion Set;Home & Decor;2;299.99;599.98;Cash;2026/01/07;Michael Williams
T01227;S001;Sandton;C1368;Member;P0012;Hooded Sweatshirt;Clothing;1;599.99;599.99;Mobile Pay;2026/05/17;Noah Pillay
T01228;S001;Sandton;C1533;Guest;P0004;USB-C Charger;Electronics;2;299.99;599.98;Cash;2026/03/08;Sophie Mthembu
T01229;S001;Sandton;C1955;Guest;P0010;Cotton T-Shirt;Clothing;1;249.99;249.99;Bank Transfer;2026/06/20;Daniel Smith
T01230;S001;Sandton;C2106;Member;P0010;Cotton T-Shirt;Clothing;3;249.99;749.97;Cash;2026/02/26;Emma Nkosi
T01231;S001;Sandton;C2450;Member;P0022;Cookware Set;Kitchen;4;1599.99;6399.96;Card;2026/04/23;James Botha
T01232;S001;Sandton;C0327;Guest;P0009;Electric Kettle;Appliances;6;499.99;2999.94;Mobile Pay;2026/01/24;Sarah Mokoena
T01233;S001;Sandton;C0549;Guest;P0021;Cushion Set;Home & Decor;5;299.99;1499.95;Mobile Pay;2026/06/07;Noah Pillay
T01234;S001;Sandton;C1223;Member;P0011;Denim Jeans;Clothing;5;799.99;3999.95;Cash;2026/04/11;Michael Williams
T01235;S001;Sandton;C0472;Member;P0016;Skincare Set;Beauty;2;599.99;1199.98;Cash;2026/05/18;Sarah Mokoena
T01236;S001;Sandton;C1170;Member;P0010;Cotton T-Shirt;Clothing;4;249.99;999.96;Mobile Pay;2026/06/08;Daniel Smith
T01237;S001;Sandton;C1234;Guest;P0001;Wireless Headphones;Electronics;2;899.99;1799.98;Mobile Pay;2026/01/27;Jessica Naidoo
T01238;S001;Sandton;C1635;Member;P0008;Blender;Appliances;6;899.99;5399.94;Cash;2026/02/12;Noah Pillay
T01239;S001;Sandton;C0560;Guest;P0002;Bluetooth Speaker;Electronics;2;649.99;1299.98;Card;2026/03/13;Liam Jacobs
T01240;S001;Sandton;C2757;Member;P0024;Storage Container Set;Kitchen;3;349.99;1049.97;Cash;2026/01/13;James Botha
T01241;S001;Sandton;C2943;Guest;P0020;Table Lamp;Home & Decor;4;699.99;2799.96;Card;2026/04/11;Sophie Mthembu
T01242;S001;Sandton;C0502;Member;P0001;Wireless Headphones;Electronics;5;899.99;4499.95;Cash;2026/06/17;Jessica Naidoo
T01243;S001;Sandton;C0612;Member;P0019;Throw Blanket;Home & Decor;6;449.99;2699.94;Mobile Pay;2026/05/24;Sophie Mthembu
T01244;S001;Sandton;C1687;Member;P0012;Hooded Sweatshirt;Clothing;5;599.99;2999.95;Mobile Pay;2026/06/02;Liam Jacobs
T01245;S001;Sandton;C2073;Member;P0001;Wireless Headphones;Electronics;4;899.99;3599.96;Card;2026/02/15;Daniel Smith
T01246;S001;Sandton;C2332;Guest;P0006;Coffee Maker;Appliances;4;1299.99;5199.96;Card;2026/05/19;Olivia Dlamini
T01247;S001;Sandton;C0079;Member;P0024;Storage Container Set;Kitchen;2;349.99;699.98;Card;2026/03/18;Sarah Mokoena
T01248;S001;Sandton;C2336;Member;P0024;Storage Container Set;Kitchen;4;349.99;1399.96;Mobile Pay;2026/06/24;Liam Jacobs
T01249;S001;Sandton;C2720;Member;P0006;Coffee Maker;Appliances;1;1299.99;1299.99;Cash;2026/02/28;Sarah Mokoena
T01250;S001;Sandton;C1994;Member;P0012;Hooded Sweatshirt;Clothing;5;599.99;2999.95;Mobile Pay;2026/05/25;Daniel Smith
T01251;S001;Sandton;C0359;Guest;P0010;Cotton T-Shirt;Clothing;3;249.99;749.97;Bank Transfer;2026/03/06;Noah Pillay
T01252;S001;Sandton;C2790;Member;P0021;Cushion Set;Home & Decor;3;299.99;899.97;Bank Transfer;2026/02/28;Michael Williams
T01253;S001;Sandton;C1126;Guest;P0002;Bluetooth Speaker;Electronics;4;649.99;2599.96;Card;2026/04/17;Olivia Dlamini
T01254;S001;Sandton;C0577;Member;P0019;Throw Blanket;Home & Decor;3;449.99;1349.97;Card;2026/06/22;Noah Pillay
T01255;S001;Sandton;C0334;Member;P0004;USB-C Charger;Electronics;2;299.99;599.98;Bank Transfer;2026/05/06;Liam Jacobs
T01256;S001;Sandton;C2889;Member;P0023;Dinner Plate Set;Kitchen;3;499.99;1499.97;Mobile Pay;2026/01/02;Emma Nkosi
T01257;S001;Sandton;C2454;Member;P0024;Storage Container Set;Kitchen;1;349.99;349.99;Bank Transfer;2026/05/25;Noah Pillay
T01258;S001;Sandton;C0962;Member;P0016;Skincare Set;Beauty;3;599.99;1799.97;Card;2026/06/17;Sophie Mthembu
T01259;S001;Sandton;C0026;Guest;P0014;Yoga Mat;Sportswear;1;399.99;399.99;Card;2026/04/25;Liam Jacobs
T01260;S001;Sandton;C1445;Guest;P0002;Bluetooth Speaker;Electronics;2;649.99;1299.98;Card;2026/03/04;Sarah Mokoena
T01261;S001;Sandton;C1755;Member;P0005;Laptop Backpack;Accessories;6;549.99;3299.94;Cash;2026/02/22;James Botha
T01262;S001;Sandton;C0409;Guest;P0017;Face Moisturiser;Beauty;3;249.99;749.97;Bank Transfer;2026/03/18;Sarah Mokoena
T01263;S001;Sandton;C2592;Guest;P0003;Smart Watch;Electronics;6;1299.99;7799.94;Card;2026/05/02;Sarah Mokoena
T01264;S001;Sandton;C1946;Member;P0005;Laptop Backpack;Accessories;6;549.99;3299.94;Mobile Pay;2026/04/07;Liam Jacobs
T01265;S001;Sandton;C0167;Guest;P0002;Bluetooth Speaker;Electronics;3;649.99;1949.97;Mobile Pay;2026/01/08;Jessica Naidoo
T01266;S001;Sandton;C1007;Guest;P0007;Air Fryer;Appliances;6;1799.99;10799.94;Cash;2026/06/30;James Botha
T01267;S001;Sandton;C0279;Member;P0011;Denim Jeans;Clothing;2;799.99;1599.98;Bank Transfer;2026/06/08;Liam Jacobs
T01268;S001;Sandton;C1461;Member;P0011;Denim Jeans;Clothing;3;799.99;2399.97;Bank Transfer;2026/03/27;James Botha
T01269;S001;Sandton;C2418;Member;P0013;Running Shoes;Sportswear;3;1499.5;4498.5;Cash;2026/05/11;Daniel Smith
T01270;S001;Sandton;C0363;Guest;P0023;Dinner Plate Set;Kitchen;2;499.99;999.98;Card;2026/04/27;Sophie Mthembu
T01271;S001;Sandton;C1688;Member;P0023;Dinner Plate Set;Kitchen;1;499.99;499.99;Card;2026/05/28;James Botha
T01272;S001;Sandton;C2854;Member;P0020;Table Lamp;Home & Decor;1;699.99;699.99;Bank Transfer;2026/04/27;Michael Williams
T01273;S001;Sandton;C2992;Guest;P0003;Smart Watch;Electronics;3;1299.99;3899.97;Mobile Pay;2026/04/03;Sophie Mthembu
T01274;S001;Sandton;C0838;Guest;P0001;Wireless Headphones;Electronics;6;899.99;5399.94;Bank Transfer;2026/05/21;Emma Nkosi
T01275;S001;Sandton;C0741;Guest;P0014;Yoga Mat;Sportswear;1;399.99;399.99;Bank Transfer;2026/06/07;Michael Williams
T01276;S001;Sandton;C1233;Member;P0013;Running Shoes;Sportswear;5;1499.5;7497.5;Bank Transfer;2026/03/28;Sophie Mthembu
T01277;S001;Sandton;C1671;Guest;P0022;Cookware Set;Kitchen;3;1599.99;4799.97;Cash;2026/03/15;Sarah Mokoena
T01278;S001;Sandton;C0957;Member;P0009;Electric Kettle;Appliances;5;499.99;2499.95;Mobile Pay;2026/03/07;Sarah Mokoena
T01279;S001;Sandton;C0922;Member;P0001;Wireless Headphones;Electronics;6;899.99;5399.94;Bank Transfer;2026/04/05;Sarah Mokoena
T01280;S001;Sandton;C1048;Member;P0017;Face Moisturiser;Beauty;4;249.99;999.96;Bank Transfer;2026/06/23;Noah Pillay
T01281;S001;Sandton;C1162;Guest;P0002;Bluetooth Speaker;Electronics;6;649.99;3899.94;Card;2026/05/03;James Botha
T01282;S001;Sandton;C2064;Member;P0005;Laptop Backpack;Accessories;4;549.99;2199.96;Mobile Pay;2026/02/10;Sarah Mokoena
T01283;S001;Sandton;C2100;Member;P0024;Storage Container Set;Kitchen;2;349.99;699.98;Card;2026/03/29;Emma Nkosi
T01284;S001;Sandton;C1914;Member;P0024;Storage Container Set;Kitchen;5;349.99;1749.95;Card;2026/05/25;Daniel Smith
T01285;S001;Sandton;C0337;Member;P0009;Electric Kettle;Appliances;4;499.99;1999.96;Bank Transfer;2026/05/26;Sophie Mthembu
T01286;S001;Sandton;C1326;Member;P0001;Wireless Headphones;Electronics;2;899.99;1799.98;Mobile Pay;2026/05/20;Sophie Mthembu
T01287;S001;Sandton;C0129;Member;P0018;Perfume;Beauty;6;899.99;5399.94;Card;2026/02/17;Daniel Smith
T01288;S001;Sandton;C1517;Guest;P0020;Table Lamp;Home & Decor;4;699.99;2799.96;Bank Transfer;2026/05/10;Liam Jacobs
T01289;S001;Sandton;C2973;Member;P0014;Yoga Mat;Sportswear;3;399.99;1199.97;Mobile Pay;2026/05/21;Daniel Smith
T01290;S001;Sandton;C2258;Guest;P0013;Running Shoes;Sportswear;5;1499.5;7497.5;Bank Transfer;2026/02/26;Daniel Smith
T01291;S001;Sandton;C1580;Member;P0013;Running Shoes;Sportswear;6;1499.5;8997.0;Mobile Pay;2026/03/07;Sarah Mokoena
T01292;S001;Sandton;C2806;Member;P0024;Storage Container Set;Kitchen;2;349.99;699.98;Cash;2026/06/04;Olivia Dlamini
T01293;S001;Sandton;C0945;Guest;P0020;Table Lamp;Home & Decor;3;699.99;2099.97;Mobile Pay;2026/03/18;Emma Nkosi
T01294;S001;Sandton;C2253;Member;P0017;Face Moisturiser;Beauty;1;249.99;249.99;Mobile Pay;2026/04/23;Noah Pillay
T01295;S001;Sandton;C0809;Member;P0001;Wireless Headphones;Electronics;6;899.99;5399.94;Card;2026/03/30;Liam Jacobs
T01296;S001;Sandton;C0203;Guest;P0006;Coffee Maker;Appliances;4;1299.99;5199.96;Bank Transfer;2026/01/26;Daniel Smith
T01297;S001;Sandton;C1524;Member;P0006;Coffee Maker;Appliances;1;1299.99;1299.99;Cash;2026/05/08;Sarah Mokoena
T01298;S001;Sandton;C2808;Guest;P0016;Skincare Set;Beauty;5;599.99;2999.95;Bank Transfer;2026/02/01;Liam Jacobs
T01299;S001;Sandton;C0624;Member;P0009;Electric Kettle;Appliances;1;499.99;499.99;Card;2026/04/19;Sarah Mokoena
T01300;S001;Sandton;C1553;Member;P0007;Air Fryer;Appliances;4;1799.99;7199.96;Card;2026/06/11;Jessica Naidoo
T01301;S001;Sandton;C2991;Member;P0025;Novel Book;Books;3;199.99;599.97;Mobile Pay;2026/05/03;Emma Nkosi
T01302;S001;Sandton;C0377;Guest;P0016;Skincare Set;Beauty;5;599.99;2999.95;Card;2026/04/26;Michael Williams
T01303;S001;Sandton;C0128;Member;P0013;Running Shoes;Sportswear;6;1499.5;8997.0;Mobile Pay;2026/01/21;Sarah Mokoena
T01304;S001;Sandton;C1961;Guest;P0015;Sports Bottle;Sportswear;5;199.99;999.95;Cash;2026/06/24;Noah Pillay
T01305;S001;Sandton;C2670;Member;P0015;Sports Bottle;Sportswear;5;199.99;999.95;Bank Transfer;2026/05/12;Sophie Mthembu
T01306;S001;Sandton;C0452;Member;P0016;Skincare Set;Beauty;2;599.99;1199.98;Card;2026/02/22;Emma Nkosi
T01307;S001;Sandton;C2447;Member;P0002;Bluetooth Speaker;Electronics;2;649.99;1299.98;Card;2026/06/10;Michael Williams
T01308;S001;Sandton;C1489;Guest;P0022;Cookware Set;Kitchen;5;1599.99;7999.95;Card;2026/01/15;Olivia Dlamini
T01309;S001;Sandton;C2869;Guest;P0001;Wireless Headphones;Electronics;5;899.99;4499.95;Card;2026/02/07;Olivia Dlamini
T01310;S001;Sandton;C1649;Guest;P0023;Dinner Plate Set;Kitchen;2;499.99;999.98;Mobile Pay;2026/03/12;Emma Nkosi
T01311;S001;Sandton;C0314;Guest;P0025;Novel Book;Books;1;199.99;199.99;Bank Transfer;2026/06/14;Daniel Smith
T01312;S001;Sandton;C0750;Member;P0012;Hooded Sweatshirt;Clothing;2;599.99;1199.98;Cash;2026/03/21;Olivia Dlamini
T01313;S001;Sandton;C1379;Guest;P0025;Novel Book;Books;3;199.99;599.97;Bank Transfer;2026/01/28;Olivia Dlamini
T01314;S001;Sandton;C2515;Member;P0018;Perfume;Beauty;1;899.99;899.99;Mobile Pay;2026/05/17;Michael Williams
T01315;S001;Sandton;C0098;Guest;P0013;Running Shoes;Sportswear;3;1499.5;4498.5;Mobile Pay;2026/04/24;Liam Jacobs
T01316;S001;Sandton;C1749;Guest;P0016;Skincare Set;Beauty;4;599.99;2399.96;Card;2026/01/22;Emma Nkosi
T01317;S001;Sandton;C0020;Guest;P0025;Novel Book;Books;4;199.99;799.96;Bank Transfer;2026/04/03;Jessica Naidoo
T01318;S001;Sandton;C1591;Member;P0014;Yoga Mat;Sportswear;4;399.99;1599.96;Mobile Pay;2026/02/12;Emma Nkosi
T01319;S001;Sandton;C0800;Member;P0014;Yoga Mat;Sportswear;4;399.99;1599.96;Card;2026/06/21;Michael Williams
T01320;S001;Sandton;C0754;Member;P0015;Sports Bottle;Sportswear;2;199.99;399.98;Bank Transfer;2026/03/31;Michael Williams
T01321;S001;Sandton;C1104;Member;P0004;USB-C Charger;Electronics;5;299.99;1499.95;Card;2026/06/24;Daniel Smith
T01322;S001;Sandton;C2959;Guest;P0025;Novel Book;Books;5;199.99;999.95;Cash;2026/06/11;James Botha
T01323;S001;Sandton;C1930;Guest;P0008;Blender;Appliances;5;899.99;4499.95;Mobile Pay;2026/02/02;Emma Nkosi
T01324;S001;Sandton;C2756;Member;P0011;Denim Jeans;Clothing;5;799.99;3999.95;Mobile Pay;2026/03/29;Noah Pillay
T01325;S001;Sandton;C1457;Member;P0019;Throw Blanket;Home & Decor;5;449.99;2249.95;Mobile Pay;2026/05/06;Jessica Naidoo
T01326;S001;Sandton;C2098;Guest;P0005;Laptop Backpack;Accessories;6;549.99;3299.94;Mobile Pay;2026/04/03;James Botha
T01327;S001;Sandton;C0562;Guest;P0009;Electric Kettle;Appliances;1;499.99;499.99;Card;2026/04/08;Emma Nkosi
T01328;S001;Sandton;C1201;Member;P0024;Storage Container Set;Kitchen;1;349.99;349.99;Card;2026/06/24;Emma Nkosi
T01329;S001;Sandton;C1928;Member;P0005;Laptop Backpack;Accessories;6;549.99;3299.94;Mobile Pay;2026/01/31;Michael Williams
T01330;S001;Sandton;C1316;Member;P0014;Yoga Mat;Sportswear;3;399.99;1199.97;Cash;2026/02/10;Noah Pillay
T01331;S001;Sandton;C1285;Member;P0002;Bluetooth Speaker;Electronics;6;649.99;3899.94;Bank Transfer;2026/06/07;Noah Pillay
T01332;S001;Sandton;C2053;Member;P0020;Table Lamp;Home & Decor;3;699.99;2099.97;Card;2026/05/19;Sarah Mokoena
T01333;S001;Sandton;C2227;Member;P0022;Cookware Set;Kitchen;2;1599.99;3199.98;Card;2026/06/30;Noah Pillay
T01334;S001;Sandton;C0237;Guest;P0007;Air Fryer;Appliances;6;1799.99;10799.94;Mobile Pay;2026/02/24;Olivia Dlamini
T01335;S001;Sandton;C2264;Member;P0013;Running Shoes;Sportswear;5;1499.5;7497.5;Mobile Pay;2026/03/03;James Botha
T01336;S001;Sandton;C1584;Member;P0008;Blender;Appliances;1;899.99;899.99;Cash;2026/03/07;Daniel Smith
T01337;S001;Sandton;C0680;Member;P0005;Laptop Backpack;Accessories;4;549.99;2199.96;Cash;2026/05/09;Daniel Smith
T01338;S001;Sandton;C2293;Member;P0013;Running Shoes;Sportswear;2;1499.5;2999.0;Bank Transfer;2026/06/22;Sophie Mthembu
T01339;S001;Sandton;C1869;Guest;P0014;Yoga Mat;Sportswear;6;399.99;2399.94;Cash;2026/03/15;Jessica Naidoo
T01340;S001;Sandton;C1354;Member;P0017;Face Moisturiser;Beauty;4;249.99;999.96;Cash;2026/06/04;Noah Pillay
T01341;S001;Sandton;C0702;Member;P0009;Electric Kettle;Appliances;2;499.99;999.98;Cash;2026/02/14;Daniel Smith
T01342;S001;Sandton;C1480;Guest;P0002;Bluetooth Speaker;Electronics;4;649.99;2599.96;Card;2026/03/17;Sophie Mthembu
T01343;S001;Sandton;C2268;Guest;P0010;Cotton T-Shirt;Clothing;4;249.99;999.96;Mobile Pay;2026/01/31;Noah Pillay
T01344;S001;Sandton;C2316;Member;P0013;Running Shoes;Sportswear;4;1499.5;5998.0;Bank Transfer;2026/06/29;Jessica Naidoo
T01345;S001;Sandton;C1783;Member;P0024;Storage Container Set;Kitchen;1;349.99;349.99;Card;2026/05/17;Emma Nkosi
T01346;S001;Sandton;C1096;Member;P0019;Throw Blanket;Home & Decor;6;449.99;2699.94;Bank Transfer;2026/04/09;Sarah Mokoena
T01347;S001;Sandton;C2929;Guest;P0008;Blender;Appliances;2;899.99;1799.98;Card;2026/02/01;Olivia Dlamini
T01348;S001;Sandton;C0213;Guest;P0008;Blender;Appliances;1;899.99;899.99;Card;2026/04/03;Daniel Smith
T01349;S001;Sandton;C0208;Member;P0019;Throw Blanket;Home & Decor;3;449.99;1349.97;Card;2026/03/06;Daniel Smith
T01350;S001;Sandton;C2868;Guest;P0005;Laptop Backpack;Accessories;4;549.99;2199.96;Cash;2026/06/04;James Botha
T01351;S001;Sandton;C2577;Guest;P0001;Wireless Headphones;Electronics;5;899.99;4499.95;Bank Transfer;2026/01/26;Sarah Mokoena
T01352;S001;Sandton;C1336;Member;P0024;Storage Container Set;Kitchen;1;349.99;349.99;Cash;2026/05/29;Michael Williams
T01353;S001;Sandton;C0846;Member;P0010;Cotton T-Shirt;Clothing;1;249.99;249.99;Card;2026/06/21;Michael Williams
T01354;S001;Sandton;C2797;Guest;P0004;USB-C Charger;Electronics;5;299.99;1499.95;Mobile Pay;2026/04/02;Michael Williams
T01355;S001;Sandton;C0563;Member;P0008;Blender;Appliances;2;899.99;1799.98;Mobile Pay;2026/04/05;Jessica Naidoo
T01356;S001;Sandton;C0611;Member;P0001;Wireless Headphones;Electronics;6;899.99;5399.94;Card;2026/02/15;James Botha
T01357;S001;Sandton;C2252;Guest;P0002;Bluetooth Speaker;Electronics;4;649.99;2599.96;Card;2026/01/30;Michael Williams
T01358;S001;Sandton;C0094;Member;P0023;Dinner Plate Set;Kitchen;6;499.99;2999.94;Cash;2026/05/13;James Botha
T01359;S001;Sandton;C1126;Member;P0009;Electric Kettle;Appliances;6;499.99;2999.94;Bank Transfer;2026/03/07;Emma Nkosi
T01360;S001;Sandton;C1420;Member;P0019;Throw Blanket;Home & Decor;2;449.99;899.98;Mobile Pay;2026/01/22;Daniel Smith
T01361;S001;Sandton;C0356;Member;P0014;Yoga Mat;Sportswear;2;399.99;799.98;Card;2026/05/03;Michael Williams
T01362;S001;Sandton;C1811;Member;P0007;Air Fryer;Appliances;4;1799.99;7199.96;Bank Transfer;2026/02/05;Daniel Smith
T01363;S001;Sandton;C1550;Member;P0016;Skincare Set;Beauty;2;599.99;1199.98;Mobile Pay;2026/01/30;Olivia Dlamini
T01364;S001;Sandton;C2510;Guest;P0021;Cushion Set;Home & Decor;5;299.99;1499.95;Card;2026/05/23;Olivia Dlamini
T01365;S001;Sandton;C0926;Member;P0017;Face Moisturiser;Beauty;3;249.99;749.97;Bank Transfer;2026/04/01;Daniel Smith
T01366;S001;Sandton;C0855;Member;P0014;Yoga Mat;Sportswear;4;399.99;1599.96;Card;2026/02/15;Sarah Mokoena
T01367;S001;Sandton;C1122;Member;P0012;Hooded Sweatshirt;Clothing;4;599.99;2399.96;Mobile Pay;2026/05/10;James Botha
T01368;S001;Sandton;C2537;Member;P0006;Coffee Maker;Appliances;6;1299.99;7799.94;Bank Transfer;2026/01/25;Sophie Mthembu
T01369;S001;Sandton;C2013;Member;P0019;Throw Blanket;Home & Decor;2;449.99;899.98;Cash;2026/02/15;James Botha
T01370;S001;Sandton;C1861;Member;P0002;Bluetooth Speaker;Electronics;3;649.99;1949.97;Card;2026/04/12;Daniel Smith
T01371;S001;Sandton;C1294;Member;P0013;Running Shoes;Sportswear;1;1499.5;1499.5;Card;2026/01/12;Noah Pillay
T01372;S001;Sandton;C0350;Member;P0016;Skincare Set;Beauty;3;599.99;1799.97;Cash;2026/01/22;James Botha
T01373;S001;Sandton;C2046;Guest;P0019;Throw Blanket;Home & Decor;5;449.99;2249.95;Card;2026/05/29;Olivia Dlamini
T01374;S001;Sandton;C1078;Member;P0023;Dinner Plate Set;Kitchen;2;499.99;999.98;Card;2026/01/15;Noah Pillay
T01375;S001;Sandton;C0957;Guest;P0024;Storage Container Set;Kitchen;4;349.99;1399.96;Mobile Pay;2026/06/23;Emma Nkosi
T01376;S001;Sandton;C0145;Member;P0003;Smart Watch;Electronics;5;1299.99;6499.95;Cash;2026/05/12;Olivia Dlamini
T01377;S001;Sandton;C1447;Member;P0003;Smart Watch;Electronics;5;1299.99;6499.95;Mobile Pay;2026/02/05;Daniel Smith
T01378;S001;Sandton;C1509;Member;P0003;Smart Watch;Electronics;1;1299.99;1299.99;Bank Transfer;2026/04/05;Olivia Dlamini
T01379;S001;Sandton;C2116;Member;P0003;Smart Watch;Electronics;4;1299.99;5199.96;Bank Transfer;2026/03/22;Sarah Mokoena
T01380;S001;Sandton;C0103;Member;P0020;Table Lamp;Home & Decor;5;699.99;3499.95;Bank Transfer;2026/01/31;Liam Jacobs
T01381;S001;Sandton;C1634;Guest;P0016;Skincare Set;Beauty;3;599.99;1799.97;Bank Transfer;2026/02/03;Michael Williams
T01382;S001;Sandton;C2903;Member;P0021;Cushion Set;Home & Decor;2;299.99;599.98;Cash;2026/05/11;Jessica Naidoo
T01383;S001;Sandton;C2018;Guest;P0024;Storage Container Set;Kitchen;3;349.99;1049.97;Bank Transfer;2026/02/19;James Botha
T01384;S001;Sandton;C0847;Member;P0025;Novel Book;Books;4;199.99;799.96;Cash;2026/02/17;Sarah Mokoena
T01385;S001;Sandton;C1542;Member;P0012;Hooded Sweatshirt;Clothing;2;599.99;1199.98;Card;2026/01/10;Sophie Mthembu
T01386;S001;Sandton;C1368;Guest;P0016;Skincare Set;Beauty;4;599.99;2399.96;Card;2026/04/08;Emma Nkosi
T01387;S001;Sandton;C0406;Member;P0003;Smart Watch;Electronics;6;1299.99;7799.94;Card;2026/04/13;Daniel Smith
T01388;S001;Sandton;C0129;Guest;P0015;Sports Bottle;Sportswear;4;199.99;799.96;Cash;2026/06/05;Sophie Mthembu
T01389;S001;Sandton;C1565;Member;P0005;Laptop Backpack;Accessories;3;549.99;1649.97;Mobile Pay;2026/01/24;Sophie Mthembu
T01390;S001;Sandton;C1039;Member;P0009;Electric Kettle;Appliances;6;499.99;2999.94;Cash;2026/01/28;Sarah Mokoena
T01391;S001;Sandton;C2128;Member;P0001;Wireless Headphones;Electronics;4;899.99;3599.96;Card;2026/03/15;Jessica Naidoo
T01392;S001;Sandton;C1830;Member;P0004;USB-C Charger;Electronics;1;299.99;299.99;Cash;2026/06/08;Noah Pillay
T01393;S001;Sandton;C2014;Guest;P0011;Denim Jeans;Clothing;3;799.99;2399.97;Cash;2026/04/06;Jessica Naidoo
T01394;S001;Sandton;C2897;Guest;P0005;Laptop Backpack;Accessories;6;549.99;3299.94;Mobile Pay;2026/06/01;Noah Pillay
T01395;S001;Sandton;C0531;Member;P0023;Dinner Plate Set;Kitchen;3;499.99;1499.97;Cash;2026/05/16;Jessica Naidoo
T01396;S001;Sandton;C2046;Guest;P0018;Perfume;Beauty;5;899.99;4499.95;Mobile Pay;2026/06/19;Sarah Mokoena
T01397;S001;Sandton;C2831;Member;P0015;Sports Bottle;Sportswear;4;199.99;799.96;Card;2026/03/01;Olivia Dlamini
T01398;S001;Sandton;C1488;Member;P0013;Running Shoes;Sportswear;2;1499.5;2999.0;Bank Transfer;2026/04/15;Noah Pillay
T01399;S001;Sandton;C0345;Guest;P0008;Blender;Appliances;3;899.99;2699.97;Bank Transfer;2026/06/12;Liam Jacobs
T01400;S001;Sandton;C1013;Guest;P0002;Bluetooth Speaker;Electronics;2;649.99;1299.98;Card;2026/05/23;Liam Jacobs
T01401;S001;Sandton;C2722;Guest;P0019;Throw Blanket;Home & Decor;4;449.99;1799.96;Card;2026/01/25;Sophie Mthembu
T01402;S001;Sandton;C1567;Member;P0022;Cookware Set;Kitchen;4;1599.99;6399.96;Bank Transfer;2026/06/30;Sophie Mthembu
T01403;S001;Sandton;C0029;Member;P0005;Laptop Backpack;Accessories;3;549.99;1649.97;Bank Transfer;2026/05/23;Noah Pillay
T01404;S001;Sandton;C1707;Member;P0022;Cookware Set;Kitchen;4;1599.99;6399.96;Cash;2026/01/11;Sophie Mthembu
T01405;S001;Sandton;C1870;Member;P0001;Wireless Headphones;Electronics;6;899.99;5399.94;Mobile Pay;2026/04/07;Olivia Dlamini
T01406;S001;Sandton;C1611;Guest;P0023;Dinner Plate Set;Kitchen;3;499.99;1499.97;Bank Transfer;2026/03/01;Sarah Mokoena
T01407;S001;Sandton;C0169;Guest;P0019;Throw Blanket;Home & Decor;3;449.99;1349.97;Cash;2026/03/02;Noah Pillay
T01408;S001;Sandton;C2835;Guest;P0022;Cookware Set;Kitchen;6;1599.99;9599.94;Card;2026/04/24;Sarah Mokoena
T01409;S001;Sandton;C1015;Guest;P0001;Wireless Headphones;Electronics;5;899.99;4499.95;Card;2026/03/24;Jessica Naidoo
T01410;S001;Sandton;C0015;Guest;P0023;Dinner Plate Set;Kitchen;5;499.99;2499.95;Cash;2026/04/27;Daniel Smith
T01411;S001;Sandton;C2337;Guest;P0013;Running Shoes;Sportswear;4;1499.5;5998.0;Cash;2026/06/20;Liam Jacobs
T01412;S001;Sandton;C0859;Member;P0024;Storage Container Set;Kitchen;5;349.99;1749.95;Card;2026/02/14;James Botha
T01413;S001;Sandton;C0676;Member;P0020;Table Lamp;Home & Decor;5;699.99;3499.95;Bank Transfer;2026/01/20;Jessica Naidoo
T01414;S001;Sandton;C2366;Member;P0013;Running Shoes;Sportswear;2;1499.5;2999.0;Card;2026/03/31;Jessica Naidoo
T01415;S001;Sandton;C2037;Guest;P0024;Storage Container Set;Kitchen;1;349.99;349.99;Card;2026/03/05;Liam Jacobs
T01416;S001;Sandton;C1199;Member;P0008;Blender;Appliances;2;899.99;1799.98;Bank Transfer;2026/03/31;Sophie Mthembu
T01417;S001;Sandton;C2070;Member;P0001;Wireless Headphones;Electronics;4;899.99;3599.96;Mobile Pay;2026/02/02;Sarah Mokoena
T01418;S001;Sandton;C2977;Member;P0017;Face Moisturiser;Beauty;2;249.99;499.98;Mobile Pay;2026/03/26;Olivia Dlamini
T01419;S001;Sandton;C2575;Member;P0005;Laptop Backpack;Accessories;5;549.99;2749.95;Card;2026/03/11;Liam Jacobs
T01420;S001;Sandton;C2257;Member;P0003;Smart Watch;Electronics;2;1299.99;2599.98;Mobile Pay;2026/02/20;Sarah Mokoena
T01421;S001;Sandton;C2995;Guest;P0015;Sports Bottle;Sportswear;3;199.99;599.97;Card;2026/01/01;Jessica Naidoo
T01422;S001;Sandton;C2804;Guest;P0015;Sports Bottle;Sportswear;6;199.99;1199.94;Cash;2026/01/28;Sarah Mokoena
T01423;S001;Sandton;C0108;Member;P0009;Electric Kettle;Appliances;5;499.99;2499.95;Card;2026/05/24;Michael Williams
T01424;S001;Sandton;C1556;Member;P0025;Novel Book;Books;4;199.99;799.96;Cash;2026/05/29;Jessica Naidoo
T01425;S001;Sandton;C0973;Guest;P0008;Blender;Appliances;5;899.99;4499.95;Bank Transfer;2026/03/26;Emma Nkosi
T01426;S001;Sandton;C1257;Guest;P0002;Bluetooth Speaker;Electronics;5;649.99;3249.95;Cash;2026/01/30;Liam Jacobs
T01427;S001;Sandton;C1957;Guest;P0002;Bluetooth Speaker;Electronics;2;649.99;1299.98;Bank Transfer;2026/03/02;Jessica Naidoo
T01428;S001;Sandton;C1526;Member;P0025;Novel Book;Books;6;199.99;1199.94;Mobile Pay;2026/01/20;Sophie Mthembu
T01429;S001;Sandton;C1380;Guest;P0001;Wireless Headphones;Electronics;3;899.99;2699.97;Bank Transfer;2026/03/03;Liam Jacobs
T01430;S001;Sandton;C0009;Member;P0023;Dinner Plate Set;Kitchen;1;499.99;499.99;Mobile Pay;2026/02/12;Liam Jacobs
T01431;S001;Sandton;C2959;Member;P0023;Dinner Plate Set;Kitchen;5;499.99;2499.95;Mobile Pay;2026/06/17;Sophie Mthembu
T01432;S001;Sandton;C0303;Guest;P0007;Air Fryer;Appliances;5;1799.99;8999.95;Mobile Pay;2026/06/28;Sophie Mthembu
T01433;S001;Sandton;C1393;Member;P0018;Perfume;Beauty;5;899.99;4499.95;Mobile Pay;2026/01/01;Daniel Smith
T01434;S001;Sandton;C0183;Member;P0005;Laptop Backpack;Accessories;5;549.99;2749.95;Bank Transfer;2026/01/03;Sophie Mthembu
T01435;S001;Sandton;C1142;Guest;P0018;Perfume;Beauty;3;899.99;2699.97;Cash;2026/01/31;Daniel Smith
T01436;S001;Sandton;C0095;Guest;P0018;Perfume;Beauty;1;899.99;899.99;Mobile Pay;2026/06/01;Daniel Smith
T01437;S001;Sandton;C1193;Member;P0016;Skincare Set;Beauty;1;599.99;599.99;Card;2026/06/10;Liam Jacobs
T01438;S001;Sandton;C0903;Guest;P0018;Perfume;Beauty;1;899.99;899.99;Mobile Pay;2026/03/28;Liam Jacobs
T01439;S001;Sandton;C0483;Guest;P0006;Coffee Maker;Appliances;6;1299.99;7799.94;Bank Transfer;2026/02/12;James Botha
T01440;S001;Sandton;C0555;Guest;P0020;Table Lamp;Home & Decor;3;699.99;2099.97;Mobile Pay;2026/05/04;Sarah Mokoena
T01441;S001;Sandton;C1784;Guest;P0002;Bluetooth Speaker;Electronics;1;649.99;649.99;Mobile Pay;2026/06/03;Jessica Naidoo
T01442;S001;Sandton;C2281;Member;P0007;Air Fryer;Appliances;4;1799.99;7199.96;Mobile Pay;2026/03/02;James Botha
T01443;S001;Sandton;C0630;Member;P0016;Skincare Set;Beauty;4;599.99;2399.96;Mobile Pay;2026/06/30;Daniel Smith
T01444;S001;Sandton;C1083;Guest;P0006;Coffee Maker;Appliances;2;1299.99;2599.98;Cash;2026/04/27;Noah Pillay
T01445;S001;Sandton;C1887;Member;P0017;Face Moisturiser;Beauty;6;249.99;1499.94;Mobile Pay;2026/04/10;Olivia Dlamini
T01446;S001;Sandton;C1427;Member;P0002;Bluetooth Speaker;Electronics;1;649.99;649.99;Mobile Pay;2026/02/11;Liam Jacobs
T01447;S001;Sandton;C2847;Member;P0008;Blender;Appliances;1;899.99;899.99;Card;2026/05/12;Noah Pillay
T01448;S001;Sandton;C2784;Guest;P0001;Wireless Headphones;Electronics;1;899.99;899.99;Mobile Pay;2026/01/09;James Botha
T01449;S001;Sandton;C1955;Member;P0015;Sports Bottle;Sportswear;5;199.99;999.95;Bank Transfer;2026/03/27;Emma Nkosi
T01450;S001;Sandton;C2813;Member;P0008;Blender;Appliances;6;899.99;5399.94;Cash;2026/02/01;Jessica Naidoo
T01451;S001;Sandton;C0680;Member;P0018;Perfume;Beauty;4;899.99;3599.96;Bank Transfer;2026/06/29;James Botha
T01452;S001;Sandton;C0217;Guest;P0003;Smart Watch;Electronics;4;1299.99;5199.96;Bank Transfer;2026/01/17;James Botha
T01453;S001;Sandton;C0366;Member;P0017;Face Moisturiser;Beauty;4;249.99;999.96;Mobile Pay;2026/02/07;Sarah Mokoena
T01454;S001;Sandton;C2177;Guest;P0016;Skincare Set;Beauty;3;599.99;1799.97;Bank Transfer;2026/01/22;Liam Jacobs
T01455;S001;Sandton;C2731;Member;P0007;Air Fryer;Appliances;1;1799.99;1799.99;Mobile Pay;2026/05/28;Daniel Smith
T01456;S001;Sandton;C1880;Member;P0016;Skincare Set;Beauty;3;599.99;1799.97;Cash;2026/06/27;Sarah Mokoena
T01457;S001;Sandton;C2071;Member;P0005;Laptop Backpack;Accessories;4;549.99;2199.96;Card;2026/02/04;Sarah Mokoena
T01458;S001;Sandton;C2240;Guest;P0022;Cookware Set;Kitchen;4;1599.99;6399.96;Cash;2026/03/27;Jessica Naidoo
T01459;S001;Sandton;C0340;Member;P0017;Face Moisturiser;Beauty;6;249.99;1499.94;Cash;2026/04/13;Noah Pillay
T01460;S001;Sandton;C1545;Member;P0010;Cotton T-Shirt;Clothing;6;249.99;1499.94;Mobile Pay;2026/05/07;Daniel Smith
T01461;S001;Sandton;C0002;Member;P0020;Table Lamp;Home & Decor;3;699.99;2099.97;Cash;2026/05/08;Noah Pillay
T01462;S001;Sandton;C0818;Member;P0006;Coffee Maker;Appliances;4;1299.99;5199.96;Bank Transfer;2026/01/02;Michael Williams
T01463;S001;Sandton;C3000;Guest;P0009;Electric Kettle;Appliances;4;499.99;1999.96;Mobile Pay;2026/04/26;Jessica Naidoo
T01464;S001;Sandton;C2863;Guest;P0001;Wireless Headphones;Electronics;2;899.99;1799.98;Mobile Pay;2026/03/30;Sophie Mthembu
T01465;S001;Sandton;C2562;Guest;P0011;Denim Jeans;Clothing;3;799.99;2399.97;Mobile Pay;2026/02/03;Noah Pillay
T01466;S001;Sandton;C1343;Member;P0004;USB-C Charger;Electronics;4;299.99;1199.96;Bank Transfer;2026/06/14;Sophie Mthembu
T01467;S001;Sandton;C0680;Member;P0003;Smart Watch;Electronics;1;1299.99;1299.99;Card;2026/06/22;James Botha
T01468;S001;Sandton;C1545;Member;P0006;Coffee Maker;Appliances;6;1299.99;7799.94;Bank Transfer;2026/01/06;Emma Nkosi
T01469;S001;Sandton;C2158;Member;P0025;Novel Book;Books;6;199.99;1199.94;Card;2026/06/06;Jessica Naidoo
T01470;S001;Sandton;C1656;Member;P0004;USB-C Charger;Electronics;3;299.99;899.97;Bank Transfer;2026/04/19;Sophie Mthembu
T01471;S001;Sandton;C2780;Guest;P0025;Novel Book;Books;4;199.99;799.96;Mobile Pay;2026/06/09;Emma Nkosi
T01472;S001;Sandton;C2399;Guest;P0016;Skincare Set;Beauty;5;599.99;2999.95;Cash;2026/04/02;Liam Jacobs
T01473;S001;Sandton;C0412;Guest;P0010;Cotton T-Shirt;Clothing;6;249.99;1499.94;Mobile Pay;2026/04/22;Daniel Smith
T01474;S001;Sandton;C1122;Member;P0016;Skincare Set;Beauty;4;599.99;2399.96;Bank Transfer;2026/01/04;Olivia Dlamini
T01475;S001;Sandton;C0673;Guest;P0002;Bluetooth Speaker;Electronics;4;649.99;2599.96;Card;2026/04/26;Daniel Smith
T01476;S001;Sandton;C1999;Guest;P0023;Dinner Plate Set;Kitchen;1;499.99;499.99;Cash;2026/02/15;Noah Pillay
T01477;S001;Sandton;C2752;Guest;P0018;Perfume;Beauty;6;899.99;5399.94;Bank Transfer;2026/04/22;Olivia Dlamini
T01478;S001;Sandton;C1628;Member;P0002;Bluetooth Speaker;Electronics;2;649.99;1299.98;Card;2026/01/25;Jessica Naidoo
T01479;S001;Sandton;C1800;Member;P0014;Yoga Mat;Sportswear;1;399.99;399.99;Bank Transfer;2026/03/20;Noah Pillay
T01480;S001;Sandton;C0608;Member;P0025;Novel Book;Books;6;199.99;1199.94;Cash;2026/06/24;Sarah Mokoena
T01481;S001;Sandton;C2023;Member;P0020;Table Lamp;Home & Decor;6;699.99;4199.94;Mobile Pay;2026/03/02;Jessica Naidoo
T01482;S001;Sandton;C1240;Member;P0015;Sports Bottle;Sportswear;4;199.99;799.96;Mobile Pay;2026/01/12;Sarah Mokoena
T01483;S001;Sandton;C1716;Member;P0008;Blender;Appliances;6;899.99;5399.94;Mobile Pay;2026/04/08;Sophie Mthembu
T01484;S001;Sandton;C1104;Member;P0011;Denim Jeans;Clothing;6;799.99;4799.94;Mobile Pay;2026/06/04;Liam Jacobs
T01485;S001;Sandton;C0436;Member;P0007;Air Fryer;Appliances;5;1799.99;8999.95;Card;2026/03/02;Olivia Dlamini
T01486;S001;Sandton;C2305;Member;P0015;Sports Bottle;Sportswear;1;199.99;199.99;Mobile Pay;2026/05/15;Emma Nkosi
T01487;S001;Sandton;C2499;Member;P0004;USB-C Charger;Electronics;4;299.99;1199.96;Cash;2026/04/30;Michael Williams
T01488;S001;Sandton;C0701;Member;P0002;Bluetooth Speaker;Electronics;2;649.99;1299.98;Mobile Pay;2026/03/22;James Botha
T01489;S001;Sandton;C1469;Guest;P0018;Perfume;Beauty;6;899.99;5399.94;Card;2026/02/23;Emma Nkosi
T01490;S001;Sandton;C1963;Member;P0013;Running Shoes;Sportswear;2;1499.5;2999.0;Cash;2026/05/01;Noah Pillay
T01491;S001;Sandton;C2677;Guest;P0014;Yoga Mat;Sportswear;1;399.99;399.99;Mobile Pay;2026/03/21;Liam Jacobs
T01492;S001;Sandton;C2773;Guest;P0011;Denim Jeans;Clothing;4;799.99;3199.96;Bank Transfer;2026/06/09;Sophie Mthembu
T01493;S001;Sandton;C1607;Member;P0009;Electric Kettle;Appliances;6;499.99;2999.94;Card;2026/02/20;Michael Williams
T01494;S001;Sandton;C0674;Member;P0005;Laptop Backpack;Accessories;3;549.99;1649.97;Cash;2026/01/14;James Botha
T01495;S001;Sandton;C1348;Guest;P0018;Perfume;Beauty;1;899.99;899.99;Mobile Pay;2026/04/15;Jessica Naidoo
T01496;S001;Sandton;C0329;Member;P0016;Skincare Set;Beauty;6;599.99;3599.94;Mobile Pay;2026/04/25;Liam Jacobs
T01497;S001;Sandton;C0946;Member;P0006;Coffee Maker;Appliances;3;1299.99;3899.97;Mobile Pay;2026/03/29;Jessica Naidoo
T01498;S001;Sandton;C2207;Member;P0011;Denim Jeans;Clothing;5;799.99;3999.95;Card;2026/02/03;Jessica Naidoo
T01499;S001;Sandton;C1622;Guest;P0013;Running Shoes;Sportswear;1;1499.5;1499.5;Cash;2026/01/28;James Botha
T01500;S001;Sandton;C0609;Guest;P0019;Throw Blanket;Home & Decor;6;449.99;2699.94;Cash;2026/03/25;Noah Pillay
T01501;S001;Sandton;C2811;Guest;P0015;Sports Bottle;Sportswear;3;199.99;599.97;Mobile Pay;2026/04/12;Sophie Mthembu
T01502;S001;Sandton;C2817;Member;P0006;Coffee Maker;Appliances;3;1299.99;3899.97;Mobile Pay;2026/04/15;Daniel Smith
T01503;S001;Sandton;C1709;Member;P0004;USB-C Charger;Electronics;5;299.99;1499.95;Card;2026/03/01;Noah Pillay
T01504;S001;Sandton;C1841;Member;P0003;Smart Watch;Electronics;4;1299.99;5199.96;Bank Transfer;2026/01/14;James Botha
T01505;S001;Sandton;C0785;Member;P0009;Electric Kettle;Appliances;2;499.99;999.98;Mobile Pay;2026/04/16;Jessica Naidoo
T01506;S001;Sandton;C2653;Guest;P0019;Throw Blanket;Home & Decor;1;449.99;449.99;Cash;2026/04/23;James Botha
T01507;S001;Sandton;C1427;Guest;P0023;Dinner Plate Set;Kitchen;1;499.99;499.99;Card;2026/03/06;Sarah Mokoena
T01508;S001;Sandton;C2378;Member;P0015;Sports Bottle;Sportswear;2;199.99;399.98;Cash;2026/01/09;Sarah Mokoena
T01509;S001;Sandton;C0316;Member;P0005;Laptop Backpack;Accessories;3;549.99;1649.97;Cash;2026/04/16;Noah Pillay
T01510;S001;Sandton;C0445;Guest;P0007;Air Fryer;Appliances;1;1799.99;1799.99;Mobile Pay;2026/03/29;Sophie Mthembu
T01511;S001;Sandton;C0671;Member;P0010;Cotton T-Shirt;Clothing;5;249.99;1249.95;Card;2026/03/09;Liam Jacobs
T01512;S001;Sandton;C1889;Member;P0020;Table Lamp;Home & Decor;6;699.99;4199.94;Mobile Pay;2026/06/03;Sarah Mokoena
T01513;S001;Sandton;C2522;Guest;P0014;Yoga Mat;Sportswear;1;399.99;399.99;Bank Transfer;2026/03/06;Emma Nkosi
T01514;S001;Sandton;C2872;Member;P0014;Yoga Mat;Sportswear;2;399.99;799.98;Card;2026/02/06;James Botha
T01515;S001;Sandton;C2357;Guest;P0009;Electric Kettle;Appliances;6;499.99;2999.94;Card;2026/02/15;Daniel Smith
T01516;S001;Sandton;C1387;Member;P0013;Running Shoes;Sportswear;4;1499.5;5998.0;Mobile Pay;2026/02/25;Emma Nkosi
T01517;S001;Sandton;C2863;Member;P0021;Cushion Set;Home & Decor;2;299.99;599.98;Mobile Pay;2026/05/08;Daniel Smith
T01518;S001;Sandton;C1638;Member;P0022;Cookware Set;Kitchen;5;1599.99;7999.95;Bank Transfer;2026/04/11;Olivia Dlamini
T01519;S001;Sandton;C1542;Guest;P0016;Skincare Set;Beauty;6;599.99;3599.94;Mobile Pay;2026/02/02;Liam Jacobs
T01520;S001;Sandton;C0776;Member;P0019;Throw Blanket;Home & Decor;5;449.99;2249.95;Cash;2026/05/12;Noah Pillay
T01521;S001;Sandton;C2487;Member;P0007;Air Fryer;Appliances;5;1799.99;8999.95;Mobile Pay;2026/05/04;Michael Williams
T01522;S001;Sandton;C2408;Member;P0015;Sports Bottle;Sportswear;1;199.99;199.99;Card;2026/04/05;Olivia Dlamini
T01523;S001;Sandton;C2846;Member;P0014;Yoga Mat;Sportswear;6;399.99;2399.94;Card;2026/06/12;Liam Jacobs
T01524;S001;Sandton;C2752;Member;P0013;Running Shoes;Sportswear;4;1499.5;5998.0;Bank Transfer;2026/05/08;Emma Nkosi
T01525;S001;Sandton;C0467;Member;P0006;Coffee Maker;Appliances;5;1299.99;6499.95;Mobile Pay;2026/04/26;Olivia Dlamini
T01526;S001;Sandton;C1155;Member;P0023;Dinner Plate Set;Kitchen;2;499.99;999.98;Mobile Pay;2026/05/12;Sarah Mokoena
T01527;S001;Sandton;C0124;Member;P0005;Laptop Backpack;Accessories;2;549.99;1099.98;Mobile Pay;2026/04/17;Michael Williams
T01528;S001;Sandton;C2940;Member;P0021;Cushion Set;Home & Decor;1;299.99;299.99;Bank Transfer;2026/03/30;Olivia Dlamini
T01529;S001;Sandton;C2664;Guest;P0009;Electric Kettle;Appliances;1;499.99;499.99;Mobile Pay;2026/03/15;Sophie Mthembu
T01530;S001;Sandton;C0443;Member;P0025;Novel Book;Books;4;199.99;799.96;Card;2026/03/06;Daniel Smith
T01531;S001;Sandton;C2889;Member;P0023;Dinner Plate Set;Kitchen;2;499.99;999.98;Mobile Pay;2026/06/28;Olivia Dlamini
T01532;S001;Sandton;C1336;Member;P0007;Air Fryer;Appliances;6;1799.99;10799.94;Cash;2026/06/09;Michael Williams
T01533;S001;Sandton;C1269;Member;P0014;Yoga Mat;Sportswear;2;399.99;799.98;Mobile Pay;2026/05/26;Michael Williams
T01534;S001;Sandton;C0495;Member;P0017;Face Moisturiser;Beauty;5;249.99;1249.95;Cash;2026/01/03;Jessica Naidoo
T01535;S001;Sandton;C1879;Member;P0011;Denim Jeans;Clothing;2;799.99;1599.98;Bank Transfer;2026/01/03;Michael Williams
T01536;S001;Sandton;C1169;Member;P0018;Perfume;Beauty;6;899.99;5399.94;Mobile Pay;2026/01/11;Olivia Dlamini
T01537;S001;Sandton;C2543;Member;P0016;Skincare Set;Beauty;2;599.99;1199.98;Mobile Pay;2026/06/04;James Botha
T01538;S001;Sandton;C0899;Member;P0012;Hooded Sweatshirt;Clothing;1;599.99;599.99;Mobile Pay;2026/01/11;Daniel Smith
T01539;S001;Sandton;C0365;Member;P0015;Sports Bottle;Sportswear;2;199.99;399.98;Card;2026/05/30;Liam Jacobs
T01540;S001;Sandton;C0811;Member;P0008;Blender;Appliances;2;899.99;1799.98;Mobile Pay;2026/03/11;Emma Nkosi
T01541;S001;Sandton;C1487;Guest;P0022;Cookware Set;Kitchen;4;1599.99;6399.96;Cash;2026/06/30;James Botha
T01542;S001;Sandton;C0113;Guest;P0025;Novel Book;Books;1;199.99;199.99;Card;2026/04/03;Noah Pillay
T01543;S001;Sandton;C1079;Member;P0023;Dinner Plate Set;Kitchen;3;499.99;1499.97;Bank Transfer;2026/03/10;Daniel Smith
T01544;S001;Sandton;C1700;Guest;P0019;Throw Blanket;Home & Decor;6;449.99;2699.94;Cash;2026/05/01;Noah Pillay
T01545;S001;Sandton;C1288;Member;P0015;Sports Bottle;Sportswear;3;199.99;599.97;Mobile Pay;2026/03/27;Jessica Naidoo
T01546;S001;Sandton;C2174;Member;P0015;Sports Bottle;Sportswear;4;199.99;799.96;Cash;2026/02/14;Sarah Mokoena
T01547;S001;Sandton;C0608;Member;P0008;Blender;Appliances;2;899.99;1799.98;Cash;2026/02/24;Sophie Mthembu
T01548;S001;Sandton;C0413;Member;P0002;Bluetooth Speaker;Electronics;4;649.99;2599.96;Cash;2026/01/01;Michael Williams
T01549;S001;Sandton;C2640;Member;P0001;Wireless Headphones;Electronics;3;899.99;2699.97;Card;2026/04/05;Michael Williams
T01550;S001;Sandton;C0178;Member;P0003;Smart Watch;Electronics;2;1299.99;2599.98;Mobile Pay;2026/02/22;Jessica Naidoo
T01551;S001;Sandton;C1456;Member;P0019;Throw Blanket;Home & Decor;2;449.99;899.98;Bank Transfer;2026/01/21;Jessica Naidoo
T01552;S001;Sandton;C2017;Member;P0023;Dinner Plate Set;Kitchen;4;499.99;1999.96;Cash;2026/01/23;Sophie Mthembu
T01553;S001;Sandton;C2162;Guest;P0003;Smart Watch;Electronics;6;1299.99;7799.94;Cash;2026/04/15;Noah Pillay
T01554;S001;Sandton;C2184;Member;P0005;Laptop Backpack;Accessories;1;549.99;549.99;Cash;2026/03/29;Michael Williams
T01555;S001;Sandton;C0643;Member;P0014;Yoga Mat;Sportswear;4;399.99;1599.96;Card;2026/03/26;Sarah Mokoena
T01556;S001;Sandton;C2296;Member;P0015;Sports Bottle;Sportswear;1;199.99;199.99;Cash;2026/02/16;Liam Jacobs
T01557;S001;Sandton;C0353;Member;P0008;Blender;Appliances;5;899.99;4499.95;Mobile Pay;2026/05/03;Daniel Smith
T01558;S001;Sandton;C1115;Member;P0005;Laptop Backpack;Accessories;4;549.99;2199.96;Bank Transfer;2026/06/17;Jessica Naidoo
T01559;S001;Sandton;C2578;Member;P0016;Skincare Set;Beauty;1;599.99;599.99;Card;2026/02/12;Sophie Mthembu
T01560;S001;Sandton;C0848;Member;P0001;Wireless Headphones;Electronics;6;899.99;5399.94;Mobile Pay;2026/04/03;James Botha
T01561;S001;Sandton;C0676;Member;P0025;Novel Book;Books;1;199.99;199.99;Card;2026/05/05;Sophie Mthembu
T01562;S001;Sandton;C2728;Guest;P0022;Cookware Set;Kitchen;3;1599.99;4799.97;Cash;2026/03/30;Jessica Naidoo
T01563;S001;Sandton;C0158;Member;P0020;Table Lamp;Home & Decor;3;699.99;2099.97;Card;2026/05/28;Sophie Mthembu
T01564;S001;Sandton;C2982;Guest;P0006;Coffee Maker;Appliances;6;1299.99;7799.94;Mobile Pay;2026/04/25;Daniel Smith
T01565;S001;Sandton;C0131;Guest;P0017;Face Moisturiser;Beauty;6;249.99;1499.94;Card;2026/05/22;Emma Nkosi
T01566;S001;Sandton;C0829;Guest;P0017;Face Moisturiser;Beauty;1;249.99;249.99;Mobile Pay;2026/04/10;Noah Pillay
T01567;S001;Sandton;C2052;Member;P0020;Table Lamp;Home & Decor;5;699.99;3499.95;Cash;2026/04/07;Sarah Mokoena
T01568;S001;Sandton;C1873;Member;P0006;Coffee Maker;Appliances;4;1299.99;5199.96;Cash;2026/01/13;Noah Pillay
T01569;S001;Sandton;C0392;Guest;P0012;Hooded Sweatshirt;Clothing;3;599.99;1799.97;Cash;2026/06/03;Sophie Mthembu
T01570;S001;Sandton;C0615;Guest;P0004;USB-C Charger;Electronics;5;299.99;1499.95;Mobile Pay;2026/01/22;Jessica Naidoo
T01571;S001;Sandton;C2979;Member;P0013;Running Shoes;Sportswear;2;1499.5;2999.0;Cash;2026/05/31;Olivia Dlamini
T01572;S001;Sandton;C0689;Member;P0010;Cotton T-Shirt;Clothing;4;249.99;999.96;Bank Transfer;2026/03/02;Sophie Mthembu
T01573;S001;Sandton;C0429;Member;P0008;Blender;Appliances;3;899.99;2699.97;Mobile Pay;2026/02/19;Liam Jacobs
T01574;S001;Sandton;C1850;Member;P0011;Denim Jeans;Clothing;6;799.99;4799.94;Bank Transfer;2026/03/08;Sophie Mthembu
T01575;S001;Sandton;C2796;Member;P0013;Running Shoes;Sportswear;4;1499.5;5998.0;Cash;2026/05/01;Liam Jacobs
T01576;S001;Sandton;C2157;Guest;P0002;Bluetooth Speaker;Electronics;4;649.99;2599.96;Cash;2026/02/28;Michael Williams
T01577;S001;Sandton;C0910;Member;P0002;Bluetooth Speaker;Electronics;1;649.99;649.99;Bank Transfer;2026/03/19;Liam Jacobs
T01578;S001;Sandton;C1904;Member;P0010;Cotton T-Shirt;Clothing;3;249.99;749.97;Bank Transfer;2026/06/21;Olivia Dlamini
T01579;S001;Sandton;C1965;Guest;P0001;Wireless Headphones;Electronics;4;899.99;3599.96;Mobile Pay;2026/03/22;Michael Williams
T01580;S001;Sandton;C1195;Member;P0001;Wireless Headphones;Electronics;2;899.99;1799.98;Card;2026/03/22;James Botha
T01581;S001;Sandton;C2645;Member;P0018;Perfume;Beauty;4;899.99;3599.96;Bank Transfer;2026/04/09;Jessica Naidoo
T01582;S001;Sandton;C0946;Member;P0025;Novel Book;Books;4;199.99;799.96;Mobile Pay;2026/04/26;Daniel Smith
T01583;S001;Sandton;C2128;Guest;P0007;Air Fryer;Appliances;4;1799.99;7199.96;Bank Transfer;2026/04/26;Olivia Dlamini
T01584;S001;Sandton;C1579;Member;P0016;Skincare Set;Beauty;5;599.99;2999.95;Cash;2026/05/05;Sophie Mthembu
T01585;S001;Sandton;C2781;Guest;P0018;Perfume;Beauty;6;899.99;5399.94;Mobile Pay;2026/04/12;Sarah Mokoena
T01586;S001;Sandton;C0762;Member;P0012;Hooded Sweatshirt;Clothing;1;599.99;599.99;Bank Transfer;2026/04/01;Jessica Naidoo
T01587;S001;Sandton;C2168;Member;P0020;Table Lamp;Home & Decor;5;699.99;3499.95;Mobile Pay;2026/06/24;James Botha
T01588;S001;Sandton;C1808;Guest;P0025;Novel Book;Books;5;199.99;999.95;Card;2026/06/10;Sophie Mthembu
T01589;S001;Sandton;C1255;Guest;P0012;Hooded Sweatshirt;Clothing;5;599.99;2999.95;Card;2026/02/18;Daniel Smith
T01590;S001;Sandton;C1374;Member;P0011;Denim Jeans;Clothing;2;799.99;1599.98;Cash;2026/02/17;Michael Williams
T01591;S001;Sandton;C0082;Guest;P0008;Blender;Appliances;2;899.99;1799.98;Bank Transfer;2026/04/18;Sarah Mokoena
T01592;S001;Sandton;C1055;Member;P0001;Wireless Headphones;Electronics;4;899.99;3599.96;Cash;2026/04/10;Sarah Mokoena
T01593;S001;Sandton;C1865;Member;P0021;Cushion Set;Home & Decor;5;299.99;1499.95;Card;2026/06/23;James Botha
T01594;S001;Sandton;C2556;Member;P0023;Dinner Plate Set;Kitchen;3;499.99;1499.97;Mobile Pay;2026/06/28;Jessica Naidoo
T01595;S001;Sandton;C2775;Guest;P0023;Dinner Plate Set;Kitchen;2;499.99;999.98;Bank Transfer;2026/04/06;Emma Nkosi
T01596;S001;Sandton;C0213;Member;P0016;Skincare Set;Beauty;1;599.99;599.99;Cash;2026/04/17;Sophie Mthembu
T01597;S001;Sandton;C2123;Guest;P0008;Blender;Appliances;1;899.99;899.99;Bank Transfer;2026/04/18;Emma Nkosi
T01598;S001;Sandton;C2590;Member;P0008;Blender;Appliances;1;899.99;899.99;Bank Transfer;2026/04/07;Emma Nkosi
T01599;S001;Sandton;C0588;Guest;P0008;Blender;Appliances;1;899.99;899.99;Cash;2026/04/19;Michael Williams
T01600;S001;Sandton;C0518;Member;P0006;Coffee Maker;Appliances;1;1299.99;1299.99;Card;2026/05/20;James Botha
T01601;S001;Sandton;C2713;Member;P0012;Hooded Sweatshirt;Clothing;1;599.99;599.99;Card;2026/05/23;Olivia Dlamini
T01602;S001;Sandton;C2346;Member;P0012;Hooded Sweatshirt;Clothing;2;599.99;1199.98;Card;2026/05/11;Sophie Mthembu
T01603;S001;Sandton;C1521;Member;P0001;Wireless Headphones;Electronics;2;899.99;1799.98;Mobile Pay;2026/01/19;Noah Pillay
T01604;S001;Sandton;C2888;Member;P0016;Skincare Set;Beauty;4;599.99;2399.96;Cash;2026/05/15;Noah Pillay
T01605;S001;Sandton;C2596;Member;P0014;Yoga Mat;Sportswear;3;399.99;1199.97;Cash;2026/05/27;Olivia Dlamini
T01606;S001;Sandton;C0969;Guest;P0022;Cookware Set;Kitchen;6;1599.99;9599.94;Cash;2026/04/30;Emma Nkosi
T01607;S001;Sandton;C1014;Member;P0017;Face Moisturiser;Beauty;6;249.99;1499.94;Mobile Pay;2026/05/06;Noah Pillay
T01608;S001;Sandton;C2052;Guest;P0005;Laptop Backpack;Accessories;5;549.99;2749.95;Card;2026/02/15;James Botha
T01609;S001;Sandton;C2274;Guest;P0021;Cushion Set;Home & Decor;6;299.99;1799.94;Cash;2026/03/20;Sophie Mthembu
T01610;S001;Sandton;C1925;Guest;P0020;Table Lamp;Home & Decor;2;699.99;1399.98;Cash;2026/05/09;James Botha
T01611;S001;Sandton;C1365;Guest;P0020;Table Lamp;Home & Decor;5;699.99;3499.95;Mobile Pay;2026/01/12;James Botha
T01612;S001;Sandton;C2818;Guest;P0022;Cookware Set;Kitchen;5;1599.99;7999.95;Mobile Pay;2026/02/07;Sophie Mthembu
T01613;S001;Sandton;C0237;Member;P0010;Cotton T-Shirt;Clothing;6;249.99;1499.94;Cash;2026/06/15;Sarah Mokoena
T01614;S001;Sandton;C2904;Guest;P0005;Laptop Backpack;Accessories;5;549.99;2749.95;Cash;2026/04/07;Daniel Smith
T01615;S001;Sandton;C0315;Member;P0021;Cushion Set;Home & Decor;2;299.99;599.98;Cash;2026/03/22;Daniel Smith
T01616;S001;Sandton;C2369;Guest;P0014;Yoga Mat;Sportswear;2;399.99;799.98;Mobile Pay;2026/01/10;Sophie Mthembu
T01617;S001;Sandton;C1067;Member;P0020;Table Lamp;Home & Decor;3;699.99;2099.97;Card;2026/05/12;Jessica Naidoo
T01618;S001;Sandton;C0372;Member;P0021;Cushion Set;Home & Decor;4;299.99;1199.96;Cash;2026/03/17;Sarah Mokoena
T01619;S001;Sandton;C0645;Member;P0012;Hooded Sweatshirt;Clothing;5;599.99;2999.95;Mobile Pay;2026/06/07;Daniel Smith
T01620;S001;Sandton;C2997;Member;P0006;Coffee Maker;Appliances;4;1299.99;5199.96;Card;2026/02/27;Noah Pillay
T01621;S001;Sandton;C2802;Member;P0024;Storage Container Set;Kitchen;1;349.99;349.99;Mobile Pay;2026/01/08;Jessica Naidoo
T01622;S001;Sandton;C0809;Member;P0005;Laptop Backpack;Accessories;3;549.99;1649.97;Bank Transfer;2026/04/21;Olivia Dlamini
T01623;S001;Sandton;C1634;Member;P0001;Wireless Headphones;Electronics;2;899.99;1799.98;Bank Transfer;2026/05/06;Michael Williams
T01624;S001;Sandton;C1495;Guest;P0003;Smart Watch;Electronics;3;1299.99;3899.97;Card;2026/02/28;Emma Nkosi
T01625;S001;Sandton;C0183;Guest;P0004;USB-C Charger;Electronics;1;299.99;299.99;Bank Transfer;2026/05/04;Noah Pillay
T01626;S001;Sandton;C0173;Member;P0014;Yoga Mat;Sportswear;3;399.99;1199.97;Mobile Pay;2026/06/28;Sarah Mokoena
T01627;S001;Sandton;C1521;Member;P0003;Smart Watch;Electronics;5;1299.99;6499.95;Cash;2026/04/06;Daniel Smith
T01628;S001;Sandton;C2767;Member;P0008;Blender;Appliances;1;899.99;899.99;Card;2026/04/11;Sarah Mokoena
T01629;S001;Sandton;C1844;Member;P0012;Hooded Sweatshirt;Clothing;3;599.99;1799.97;Bank Transfer;2026/03/07;James Botha
T01630;S001;Sandton;C1873;Member;P0012;Hooded Sweatshirt;Clothing;1;599.99;599.99;Bank Transfer;2026/03/26;Liam Jacobs
T01631;S001;Sandton;C1666;Member;P0007;Air Fryer;Appliances;1;1799.99;1799.99;Card;2026/05/30;Sarah Mokoena
T01632;S001;Sandton;C0598;Member;P0012;Hooded Sweatshirt;Clothing;6;599.99;3599.94;Cash;2026/04/23;Noah Pillay
T01633;S001;Sandton;C1228;Guest;P0016;Skincare Set;Beauty;6;599.99;3599.94;Cash;2026/04/26;James Botha
T01634;S001;Sandton;C2874;Guest;P0025;Novel Book;Books;3;199.99;599.97;Cash;2026/01/11;Emma Nkosi
T01635;S001;Sandton;C1132;Member;P0019;Throw Blanket;Home & Decor;1;449.99;449.99;Bank Transfer;2026/05/10;Michael Williams
T01636;S001;Sandton;C0726;Guest;P0005;Laptop Backpack;Accessories;1;549.99;549.99;Cash;2026/04/09;James Botha
T01637;S001;Sandton;C1177;Guest;P0012;Hooded Sweatshirt;Clothing;5;599.99;2999.95;Card;2026/04/08;Olivia Dlamini
T01638;S001;Sandton;C0845;Member;P0010;Cotton T-Shirt;Clothing;1;249.99;249.99;Cash;2026/02/10;Sarah Mokoena
T01639;S001;Sandton;C0460;Member;P0015;Sports Bottle;Sportswear;1;199.99;199.99;Mobile Pay;2026/05/26;Olivia Dlamini
T01640;S001;Sandton;C2787;Member;P0012;Hooded Sweatshirt;Clothing;2;599.99;1199.98;Bank Transfer;2026/03/27;Sarah Mokoena
T01641;S001;Sandton;C0677;Member;P0018;Perfume;Beauty;2;899.99;1799.98;Cash;2026/02/07;James Botha
T01642;S001;Sandton;C2695;Member;P0023;Dinner Plate Set;Kitchen;1;499.99;499.99;Bank Transfer;2026/03/29;Liam Jacobs
T01643;S001;Sandton;C1356;Member;P0025;Novel Book;Books;1;199.99;199.99;Bank Transfer;2026/05/30;Jessica Naidoo
T01644;S001;Sandton;C0699;Guest;P0001;Wireless Headphones;Electronics;6;899.99;5399.94;Mobile Pay;2026/05/10;Jessica Naidoo
T01645;S001;Sandton;C1843;Guest;P0022;Cookware Set;Kitchen;3;1599.99;4799.97;Bank Transfer;2026/01/21;Olivia Dlamini
T01646;S001;Sandton;C2946;Guest;P0012;Hooded Sweatshirt;Clothing;5;599.99;2999.95;Mobile Pay;2026/06/14;Olivia Dlamini
T01647;S001;Sandton;C2183;Guest;P0008;Blender;Appliances;1;899.99;899.99;Card;2026/02/02;Olivia Dlamini
T01648;S001;Sandton;C1533;Guest;P0003;Smart Watch;Electronics;5;1299.99;6499.95;Card;2026/04/01;Michael Williams
T01649;S001;Sandton;C0789;Member;P0025;Novel Book;Books;1;199.99;199.99;Card;2026/01/14;James Botha
T01650;S001;Sandton;C1711;Member;P0012;Hooded Sweatshirt;Clothing;3;599.99;1799.97;Mobile Pay;2026/02/13;Sarah Mokoena
T01651;S001;Sandton;C0712;Member;P0014;Yoga Mat;Sportswear;4;399.99;1599.96;Bank Transfer;2026/02/15;Sarah Mokoena
T01652;S001;Sandton;C2329;Member;P0024;Storage Container Set;Kitchen;1;349.99;349.99;Cash;2026/01/01;Emma Nkosi
T01653;S001;Sandton;C2972;Member;P0024;Storage Container Set;Kitchen;6;349.99;2099.94;Bank Transfer;2026/05/26;Emma Nkosi
T01654;S001;Sandton;C2877;Guest;P0025;Novel Book;Books;5;199.99;999.95;Cash;2026/03/13;Liam Jacobs
T01655;S001;Sandton;C0495;Guest;P0010;Cotton T-Shirt;Clothing;5;249.99;1249.95;Bank Transfer;2026/04/04;Sophie Mthembu
T01656;S001;Sandton;C2753;Member;P0024;Storage Container Set;Kitchen;3;349.99;1049.97;Cash;2026/05/09;James Botha
T01657;S001;Sandton;C2553;Member;P0006;Coffee Maker;Appliances;3;1299.99;3899.97;Mobile Pay;2026/01/16;Emma Nkosi
T01658;S001;Sandton;C0253;Member;P0002;Bluetooth Speaker;Electronics;2;649.99;1299.98;Mobile Pay;2026/05/04;Liam Jacobs
T01659;S001;Sandton;C2239;Guest;P0008;Blender;Appliances;2;899.99;1799.98;Card;2026/06/16;James Botha
T01660;S001;Sandton;C1896;Member;P0025;Novel Book;Books;6;199.99;1199.94;Mobile Pay;2026/05/15;Daniel Smith
T01661;S001;Sandton;C1104;Member;P0004;USB-C Charger;Electronics;5;299.99;1499.95;Card;2026/05/26;Olivia Dlamini
T01662;S001;Sandton;C1834;Guest;P0025;Novel Book;Books;3;199.99;599.97;Bank Transfer;2026/02/10;Daniel Smith
T01663;S001;Sandton;C2330;Member;P0008;Blender;Appliances;5;899.99;4499.95;Cash;2026/03/19;Michael Williams
T01664;S001;Sandton;C2068;Member;P0019;Throw Blanket;Home & Decor;4;449.99;1799.96;Card;2026/04/03;Noah Pillay
T01665;S001;Sandton;C1194;Member;P0012;Hooded Sweatshirt;Clothing;2;599.99;1199.98;Bank Transfer;2026/01/10;Noah Pillay
T01666;S001;Sandton;C2683;Member;P0024;Storage Container Set;Kitchen;2;349.99;699.98;Bank Transfer;2026/03/18;Sarah Mokoena
T01667;S001;Sandton;C2833;Guest;P0012;Hooded Sweatshirt;Clothing;5;599.99;2999.95;Mobile Pay;2026/02/05;Liam Jacobs
T01668;S001;Sandton;C0295;Member;P0005;Laptop Backpack;Accessories;6;549.99;3299.94;Bank Transfer;2026/01/04;James Botha
T01669;S001;Sandton;C1731;Member;P0025;Novel Book;Books;3;199.99;599.97;Bank Transfer;2026/03/11;Olivia Dlamini
T01670;S001;Sandton;C2007;Member;P0021;Cushion Set;Home & Decor;4;299.99;1199.96;Card;2026/03/20;Jessica Naidoo
T01671;S001;Sandton;C2054;Member;P0006;Coffee Maker;Appliances;6;1299.99;7799.94;Cash;2026/05/16;Michael Williams
T01672;S001;Sandton;C1994;Guest;P0010;Cotton T-Shirt;Clothing;1;249.99;249.99;Card;2026/02/02;Michael Williams
T01673;S001;Sandton;C1943;Member;P0008;Blender;Appliances;5;899.99;4499.95;Card;2026/04/30;Sophie Mthembu
T01674;S001;Sandton;C2993;Member;P0019;Throw Blanket;Home & Decor;4;449.99;1799.96;Bank Transfer;2026/05/27;Jessica Naidoo
T01675;S001;Sandton;C2596;Member;P0014;Yoga Mat;Sportswear;2;399.99;799.98;Bank Transfer;2026/01/15;Olivia Dlamini
T01676;S001;Sandton;C0054;Member;P0023;Dinner Plate Set;Kitchen;5;499.99;2499.95;Card;2026/03/08;James Botha
T01677;S001;Sandton;C0618;Member;P0008;Blender;Appliances;6;899.99;5399.94;Cash;2026/01/24;James Botha
T01678;S001;Sandton;C2365;Member;P0024;Storage Container Set;Kitchen;3;349.99;1049.97;Bank Transfer;2026/06/04;Michael Williams
T01679;S001;Sandton;C2746;Member;P0016;Skincare Set;Beauty;3;599.99;1799.97;Card;2026/02/10;Liam Jacobs
T01680;S001;Sandton;C2339;Member;P0001;Wireless Headphones;Electronics;3;899.99;2699.97;Cash;2026/02/24;Michael Williams
T01681;S001;Sandton;C1672;Guest;P0009;Electric Kettle;Appliances;1;499.99;499.99;Cash;2026/03/02;Sarah Mokoena
T01682;S001;Sandton;C2254;Member;P0017;Face Moisturiser;Beauty;4;249.99;999.96;Bank Transfer;2026/06/28;Sarah Mokoena
T01683;S001;Sandton;C1332;Member;P0006;Coffee Maker;Appliances;3;1299.99;3899.97;Mobile Pay;2026/01/11;Emma Nkosi
T01684;S001;Sandton;C0848;Member;P0007;Air Fryer;Appliances;1;1799.99;1799.99;Bank Transfer;2026/03/23;Liam Jacobs
T01685;S001;Sandton;C2599;Guest;P0013;Running Shoes;Sportswear;5;1499.5;7497.5;Cash;2026/01/15;Michael Williams
T01686;S001;Sandton;C0664;Guest;P0006;Coffee Maker;Appliances;4;1299.99;5199.96;Bank Transfer;2026/03/30;Sarah Mokoena
T01687;S001;Sandton;C0520;Member;P0006;Coffee Maker;Appliances;2;1299.99;2599.98;Mobile Pay;2026/06/01;Liam Jacobs
T01688;S001;Sandton;C0823;Member;P0012;Hooded Sweatshirt;Clothing;6;599.99;3599.94;Bank Transfer;2026/01/28;Sarah Mokoena
T01689;S001;Sandton;C2662;Member;P0025;Novel Book;Books;1;199.99;199.99;Mobile Pay;2026/01/01;Sophie Mthembu
T01690;S001;Sandton;C0506;Member;P0010;Cotton T-Shirt;Clothing;6;249.99;1499.94;Cash;2026/03/10;James Botha
T01691;S001;Sandton;C1854;Member;P0004;USB-C Charger;Electronics;6;299.99;1799.94;Cash;2026/06/04;Emma Nkosi
T01692;S001;Sandton;C0591;Member;P0008;Blender;Appliances;5;899.99;4499.95;Bank Transfer;2026/04/27;James Botha
T01693;S001;Sandton;C1843;Guest;P0015;Sports Bottle;Sportswear;4;199.99;799.96;Mobile Pay;2026/05/09;Liam Jacobs
T01694;S001;Sandton;C1447;Member;P0016;Skincare Set;Beauty;3;599.99;1799.97;Card;2026/02/05;James Botha
T01695;S001;Sandton;C2379;Member;P0024;Storage Container Set;Kitchen;1;349.99;349.99;Bank Transfer;2026/03/21;Daniel Smith
T01696;S001;Sandton;C1312;Member;P0018;Perfume;Beauty;2;899.99;1799.98;Card;2026/03/06;James Botha
T01697;S001;Sandton;C0140;Member;P0004;USB-C Charger;Electronics;2;299.99;599.98;Mobile Pay;2026/05/22;Emma Nkosi
T01698;S001;Sandton;C0654;Member;P0022;Cookware Set;Kitchen;2;1599.99;3199.98;Mobile Pay;2026/01/05;Michael Williams
T01699;S001;Sandton;C0648;Member;P0008;Blender;Appliances;4;899.99;3599.96;Bank Transfer;2026/01/12;Liam Jacobs
T01700;S001;Sandton;C0755;Member;P0020;Table Lamp;Home & Decor;5;699.99;3499.95;Bank Transfer;2026/02/06;Sarah Mokoena
T01701;S001;Sandton;C0403;Guest;P0002;Bluetooth Speaker;Electronics;4;649.99;2599.96;Bank Transfer;2026/05/06;Daniel Smith
T01702;S001;Sandton;C2635;Guest;P0009;Electric Kettle;Appliances;2;499.99;999.98;Cash;2026/04/27;Sarah Mokoena
T01703;S001;Sandton;C0054;Member;P0014;Yoga Mat;Sportswear;5;399.99;1999.95;Bank Transfer;2026/04/12;Liam Jacobs
T01704;S001;Sandton;C0440;Member;P0017;Face Moisturiser;Beauty;3;249.99;749.97;Bank Transfer;2026/05/04;Michael Williams
T01705;S001;Sandton;C0122;Member;P0009;Electric Kettle;Appliances;3;499.99;1499.97;Cash;2026/05/08;Jessica Naidoo
T01706;S001;Sandton;C2844;Guest;P0003;Smart Watch;Electronics;2;1299.99;2599.98;Bank Transfer;2026/03/11;Emma Nkosi
T01707;S001;Sandton;C2585;Member;P0022;Cookware Set;Kitchen;1;1599.99;1599.99;Cash;2026/01/19;Olivia Dlamini
T01708;S001;Sandton;C2336;Guest;P0013;Running Shoes;Sportswear;3;1499.5;4498.5;Cash;2026/01/07;Liam Jacobs
T01709;S001;Sandton;C1943;Guest;P0019;Throw Blanket;Home & Decor;2;449.99;899.98;Bank Transfer;2026/05/31;Daniel Smith
T01710;S001;Sandton;C0232;Member;P0004;USB-C Charger;Electronics;3;299.99;899.97;Card;2026/01/04;James Botha
T01711;S001;Sandton;C1005;Guest;P0025;Novel Book;Books;4;199.99;799.96;Bank Transfer;2026/03/05;Liam Jacobs
T01712;S001;Sandton;C0253;Guest;P0011;Denim Jeans;Clothing;4;799.99;3199.96;Mobile Pay;2026/03/29;Sarah Mokoena
T01713;S001;Sandton;C2017;Member;P0009;Electric Kettle;Appliances;1;499.99;499.99;Card;2026/02/19;Jessica Naidoo
T01714;S001;Sandton;C1035;Guest;P0018;Perfume;Beauty;1;899.99;899.99;Bank Transfer;2026/01/22;Jessica Naidoo
T01715;S001;Sandton;C1481;Member;P0005;Laptop Backpack;Accessories;1;549.99;549.99;Card;2026/06/26;Liam Jacobs
T01716;S001;Sandton;C2562;Member;P0011;Denim Jeans;Clothing;6;799.99;4799.94;Card;2026/05/01;Olivia Dlamini
T01717;S001;Sandton;C0952;Member;P0012;Hooded Sweatshirt;Clothing;3;599.99;1799.97;Bank Transfer;2026/05/23;Daniel Smith
T01718;S001;Sandton;C0142;Guest;P0007;Air Fryer;Appliances;3;1799.99;5399.97;Card;2026/01/19;James Botha
T01719;S001;Sandton;C0702;Member;P0015;Sports Bottle;Sportswear;3;199.99;599.97;Cash;2026/01/14;Jessica Naidoo
T01720;S001;Sandton;C0826;Member;P0005;Laptop Backpack;Accessories;4;549.99;2199.96;Card;2026/03/14;James Botha
T01721;S001;Sandton;C0455;Member;P0010;Cotton T-Shirt;Clothing;4;249.99;999.96;Card;2026/05/19;Daniel Smith
T01722;S001;Sandton;C1451;Guest;P0001;Wireless Headphones;Electronics;2;899.99;1799.98;Card;2026/06/11;Sophie Mthembu
T01723;S001;Sandton;C2293;Guest;P0009;Electric Kettle;Appliances;3;499.99;1499.97;Mobile Pay;2026/03/02;Noah Pillay
T01724;S001;Sandton;C2075;Guest;P0012;Hooded Sweatshirt;Clothing;3;599.99;1799.97;Bank Transfer;2026/06/28;Michael Williams
T01725;S001;Sandton;C0581;Member;P0016;Skincare Set;Beauty;6;599.99;3599.94;Bank Transfer;2026/06/27;Daniel Smith
T01726;S001;Sandton;C1828;Guest;P0024;Storage Container Set;Kitchen;1;349.99;349.99;Mobile Pay;2026/02/25;Michael Williams
T01727;S001;Sandton;C2477;Member;P0016;Skincare Set;Beauty;2;599.99;1199.98;Mobile Pay;2026/04/06;Emma Nkosi
T01728;S001;Sandton;C0983;Member;P0007;Air Fryer;Appliances;5;1799.99;8999.95;Cash;2026/04/06;Liam Jacobs
T01729;S001;Sandton;C0718;Member;P0019;Throw Blanket;Home & Decor;5;449.99;2249.95;Mobile Pay;2026/01/22;Jessica Naidoo
T01730;S001;Sandton;C1240;Guest;P0002;Bluetooth Speaker;Electronics;5;649.99;3249.95;Card;2026/06/04;Michael Williams
T01731;S001;Sandton;C0579;Member;P0016;Skincare Set;Beauty;3;599.99;1799.97;Card;2026/01/16;James Botha
T01732;S001;Sandton;C1038;Guest;P0005;Laptop Backpack;Accessories;4;549.99;2199.96;Cash;2026/01/16;James Botha
T01733;S001;Sandton;C2391;Guest;P0008;Blender;Appliances;4;899.99;3599.96;Bank Transfer;2026/01/30;Liam Jacobs
T01734;S001;Sandton;C2502;Member;P0003;Smart Watch;Electronics;4;1299.99;5199.96;Cash;2026/05/27;Olivia Dlamini
T01735;S001;Sandton;C0005;Member;P0023;Dinner Plate Set;Kitchen;6;499.99;2999.94;Mobile Pay;2026/01/16;Daniel Smith
T01736;S001;Sandton;C1385;Member;P0010;Cotton T-Shirt;Clothing;5;249.99;1249.95;Card;2026/02/20;Sophie Mthembu
T01737;S001;Sandton;C1524;Member;P0001;Wireless Headphones;Electronics;3;899.99;2699.97;Card;2026/03/26;Noah Pillay
T01738;S001;Sandton;C1208;Guest;P0017;Face Moisturiser;Beauty;5;249.99;1249.95;Bank Transfer;2026/02/06;Sophie Mthembu
T01739;S001;Sandton;C1563;Member;P0017;Face Moisturiser;Beauty;1;249.99;249.99;Mobile Pay;2026/04/01;Noah Pillay
T01740;S001;Sandton;C2518;Guest;P0007;Air Fryer;Appliances;4;1799.99;7199.96;Cash;2026/01/02;Daniel Smith
T01741;S001;Sandton;C1951;Member;P0004;USB-C Charger;Electronics;5;299.99;1499.95;Bank Transfer;2026/06/21;Noah Pillay
T01742;S001;Sandton;C0094;Guest;P0014;Yoga Mat;Sportswear;2;399.99;799.98;Mobile Pay;2026/02/07;Olivia Dlamini
T01743;S001;Sandton;C0157;Guest;P0021;Cushion Set;Home & Decor;6;299.99;1799.94;Mobile Pay;2026/02/23;Sarah Mokoena
T01744;S001;Sandton;C0333;Member;P0021;Cushion Set;Home & Decor;5;299.99;1499.95;Card;2026/02/23;Michael Williams
T01745;S001;Sandton;C1895;Member;P0008;Blender;Appliances;2;899.99;1799.98;Mobile Pay;2026/01/07;Michael Williams
T01746;S001;Sandton;C2295;Guest;P0019;Throw Blanket;Home & Decor;3;449.99;1349.97;Bank Transfer;2026/01/06;Michael Williams
T01747;S001;Sandton;C2403;Member;P0014;Yoga Mat;Sportswear;5;399.99;1999.95;Bank Transfer;2026/05/30;Liam Jacobs
T01748;S001;Sandton;C1046;Guest;P0014;Yoga Mat;Sportswear;5;399.99;1999.95;Mobile Pay;2026/05/06;Daniel Smith
T01749;S001;Sandton;C2995;Member;P0006;Coffee Maker;Appliances;1;1299.99;1299.99;Bank Transfer;2026/04/08;Emma Nkosi
T01750;S001;Sandton;C1590;Member;P0021;Cushion Set;Home & Decor;4;299.99;1199.96;Cash;2026/05/23;Liam Jacobs
T01751;S001;Sandton;C0392;Guest;P0014;Yoga Mat;Sportswear;3;399.99;1199.97;Cash;2026/02/11;Jessica Naidoo
T01752;S001;Sandton;C1169;Guest;P0016;Skincare Set;Beauty;4;599.99;2399.96;Bank Transfer;2026/05/05;Daniel Smith
T01753;S001;Sandton;C1824;Guest;P0002;Bluetooth Speaker;Electronics;4;649.99;2599.96;Cash;2026/04/24;Noah Pillay
T01754;S001;Sandton;C2830;Member;P0010;Cotton T-Shirt;Clothing;3;249.99;749.97;Bank Transfer;2026/01/22;Sarah Mokoena
T01755;S001;Sandton;C1734;Member;P0017;Face Moisturiser;Beauty;6;249.99;1499.94;Mobile Pay;2026/01/25;Noah Pillay
T01756;S001;Sandton;C1903;Member;P0007;Air Fryer;Appliances;6;1799.99;10799.94;Card;2026/03/10;James Botha
T01757;S001;Sandton;C0742;Member;P0010;Cotton T-Shirt;Clothing;5;249.99;1249.95;Cash;2026/01/30;James Botha
T01758;S001;Sandton;C0705;Member;P0025;Novel Book;Books;1;199.99;199.99;Cash;2026/05/20;Noah Pillay
T01759;S001;Sandton;C1786;Member;P0016;Skincare Set;Beauty;2;599.99;1199.98;Card;2026/01/28;Sarah Mokoena
T01760;S001;Sandton;C0624;Guest;P0006;Coffee Maker;Appliances;6;1299.99;7799.94;Card;2026/05/12;Liam Jacobs
T01761;S001;Sandton;C1613;Guest;P0016;Skincare Set;Beauty;4;599.99;2399.96;Cash;2026/06/08;Olivia Dlamini
T01762;S001;Sandton;C1992;Member;P0009;Electric Kettle;Appliances;6;499.99;2999.94;Card;2026/02/03;Jessica Naidoo
T01763;S001;Sandton;C2988;Guest;P0006;Coffee Maker;Appliances;2;1299.99;2599.98;Cash;2026/04/19;Daniel Smith
T01764;S001;Sandton;C0460;Member;P0021;Cushion Set;Home & Decor;1;299.99;299.99;Card;2026/01/24;Jessica Naidoo
T01765;S001;Sandton;C0642;Member;P0001;Wireless Headphones;Electronics;3;899.99;2699.97;Cash;2026/01/20;Sarah Mokoena
T01766;S001;Sandton;C2138;Member;P0012;Hooded Sweatshirt;Clothing;4;599.99;2399.96;Mobile Pay;2026/06/25;James Botha
T01767;S001;Sandton;C1954;Member;P0010;Cotton T-Shirt;Clothing;4;249.99;999.96;Bank Transfer;2026/01/12;Michael Williams
T01768;S001;Sandton;C1108;Member;P0016;Skincare Set;Beauty;2;599.99;1199.98;Mobile Pay;2026/01/08;Daniel Smith
T01769;S001;Sandton;C0512;Member;P0003;Smart Watch;Electronics;6;1299.99;7799.94;Mobile Pay;2026/04/08;Sophie Mthembu
T01770;S001;Sandton;C0562;Guest;P0010;Cotton T-Shirt;Clothing;1;249.99;249.99;Cash;2026/01/11;Sarah Mokoena
T01771;S001;Sandton;C1671;Member;P0015;Sports Bottle;Sportswear;2;199.99;399.98;Mobile Pay;2026/04/04;Michael Williams
T01772;S001;Sandton;C1959;Guest;P0016;Skincare Set;Beauty;2;599.99;1199.98;Cash;2026/01/11;James Botha
T01773;S001;Sandton;C2870;Member;P0005;Laptop Backpack;Accessories;1;549.99;549.99;Cash;2026/05/31;Sarah Mokoena
T01774;S001;Sandton;C1080;Member;P0022;Cookware Set;Kitchen;4;1599.99;6399.96;Mobile Pay;2026/01/16;Liam Jacobs
T01775;S001;Sandton;C1663;Member;P0001;Wireless Headphones;Electronics;5;899.99;4499.95;Cash;2026/03/13;Olivia Dlamini
T01776;S001;Sandton;C0918;Member;P0008;Blender;Appliances;6;899.99;5399.94;Bank Transfer;2026/04/20;James Botha
T01777;S001;Sandton;C1465;Member;P0013;Running Shoes;Sportswear;4;1499.5;5998.0;Card;2026/03/12;Emma Nkosi
T01778;S001;Sandton;C0016;Member;P0008;Blender;Appliances;2;899.99;1799.98;Bank Transfer;2026/05/19;Noah Pillay
T01779;S001;Sandton;C0423;Guest;P0012;Hooded Sweatshirt;Clothing;2;599.99;1199.98;Bank Transfer;2026/02/05;Liam Jacobs
T01780;S001;Sandton;C0237;Member;P0004;USB-C Charger;Electronics;2;299.99;599.98;Cash;2026/02/28;Daniel Smith
T01781;S001;Sandton;C2122;Member;P0022;Cookware Set;Kitchen;1;1599.99;1599.99;Bank Transfer;2026/04/04;Michael Williams
T01782;S001;Sandton;C2453;Member;P0025;Novel Book;Books;1;199.99;199.99;Bank Transfer;2026/04/02;Sophie Mthembu
T01783;S001;Sandton;C2145;Member;P0017;Face Moisturiser;Beauty;2;249.99;499.98;Bank Transfer;2026/04/06;Jessica Naidoo
T01784;S001;Sandton;C1685;Member;P0010;Cotton T-Shirt;Clothing;1;249.99;249.99;Bank Transfer;2026/04/05;James Botha
T01785;S001;Sandton;C0525;Member;P0017;Face Moisturiser;Beauty;6;249.99;1499.94;Mobile Pay;2026/04/30;Daniel Smith
T01786;S001;Sandton;C2726;Member;P0002;Bluetooth Speaker;Electronics;3;649.99;1949.97;Cash;2026/04/17;Noah Pillay
T01787;S001;Sandton;C1135;Member;P0001;Wireless Headphones;Electronics;3;899.99;2699.97;Bank Transfer;2026/03/08;Daniel Smith
T01788;S001;Sandton;C0275;Member;P0010;Cotton T-Shirt;Clothing;5;249.99;1249.95;Mobile Pay;2026/02/24;Noah Pillay
T01789;S001;Sandton;C2292;Member;P0010;Cotton T-Shirt;Clothing;2;249.99;499.98;Bank Transfer;2026/05/12;Noah Pillay
T01790;S001;Sandton;C0096;Guest;P0009;Electric Kettle;Appliances;2;499.99;999.98;Card;2026/02/28;Sophie Mthembu
T01791;S001;Sandton;C2916;Guest;P0013;Running Shoes;Sportswear;3;1499.5;4498.5;Card;2026/04/11;Sophie Mthembu
T01792;S001;Sandton;C2097;Member;P0005;Laptop Backpack;Accessories;6;549.99;3299.94;Mobile Pay;2026/03/25;Liam Jacobs
T01793;S001;Sandton;C1036;Guest;P0025;Novel Book;Books;3;199.99;599.97;Mobile Pay;2026/04/20;Sophie Mthembu
T01794;S001;Sandton;C2889;Member;P0009;Electric Kettle;Appliances;6;499.99;2999.94;Bank Transfer;2026/04/04;Liam Jacobs
T01795;S001;Sandton;C1461;Member;P0025;Novel Book;Books;4;199.99;799.96;Cash;2026/04/29;Emma Nkosi
T01796;S001;Sandton;C2520;Member;P0025;Novel Book;Books;3;199.99;599.97;Bank Transfer;2026/04/09;Liam Jacobs
T01797;S001;Sandton;C2920;Member;P0008;Blender;Appliances;2;899.99;1799.98;Cash;2026/06/24;Sarah Mokoena
T01798;S001;Sandton;C2880;Member;P0022;Cookware Set;Kitchen;2;1599.99;3199.98;Card;2026/03/30;Sophie Mthembu
T01799;S001;Sandton;C2143;Member;P0009;Electric Kettle;Appliances;2;499.99;999.98;Bank Transfer;2026/06/29;Noah Pillay
T01800;S001;Sandton;C0423;Member;P0020;Table Lamp;Home & Decor;4;699.99;2799.96;Mobile Pay;2026/02/28;Daniel Smith
T01801;S001;Sandton;C2331;Guest;P0023;Dinner Plate Set;Kitchen;2;499.99;999.98;Card;2026/01/10;Sophie Mthembu
T01802;S001;Sandton;C0926;Member;P0013;Running Shoes;Sportswear;6;1499.5;8997.0;Card;2026/03/11;Sarah Mokoena
T01803;S001;Sandton;C1602;Guest;P0002;Bluetooth Speaker;Electronics;1;649.99;649.99;Bank Transfer;2026/01/22;Olivia Dlamini
T01804;S001;Sandton;C2031;Member;P0013;Running Shoes;Sportswear;1;1499.5;1499.5;Bank Transfer;2026/05/07;Sophie Mthembu
T01805;S001;Sandton;C0253;Member;P0011;Denim Jeans;Clothing;5;799.99;3999.95;Card;2026/02/14;Olivia Dlamini
T01806;S001;Sandton;C2905;Guest;P0022;Cookware Set;Kitchen;6;1599.99;9599.94;Mobile Pay;2026/06/30;Jessica Naidoo
T01807;S001;Sandton;C2861;Member;P0008;Blender;Appliances;5;899.99;4499.95;Mobile Pay;2026/05/13;Michael Williams
T01808;S001;Sandton;C1763;Member;P0023;Dinner Plate Set;Kitchen;3;499.99;1499.97;Card;2026/04/08;James Botha
T01809;S001;Sandton;C0051;Member;P0018;Perfume;Beauty;5;899.99;4499.95;Cash;2026/05/28;Olivia Dlamini
T01810;S001;Sandton;C1554;Member;P0019;Throw Blanket;Home & Decor;3;449.99;1349.97;Bank Transfer;2026/01/29;Michael Williams
T01811;S001;Sandton;C2611;Member;P0007;Air Fryer;Appliances;3;1799.99;5399.97;Card;2026/06/03;Sophie Mthembu
T01812;S001;Sandton;C2732;Guest;P0024;Storage Container Set;Kitchen;3;349.99;1049.97;Card;2026/01/09;Liam Jacobs
T01813;S001;Sandton;C2767;Guest;P0014;Yoga Mat;Sportswear;6;399.99;2399.94;Mobile Pay;2026/02/05;Michael Williams
T01814;S001;Sandton;C1836;Guest;P0010;Cotton T-Shirt;Clothing;6;249.99;1499.94;Card;2026/04/04;Michael Williams
T01815;S001;Sandton;C0030;Guest;P0001;Wireless Headphones;Electronics;2;899.99;1799.98;Mobile Pay;2026/04/07;Olivia Dlamini
T01816;S001;Sandton;C1880;Guest;P0022;Cookware Set;Kitchen;3;1599.99;4799.97;Bank Transfer;2026/01/29;Emma Nkosi
T01817;S001;Sandton;C2447;Member;P0024;Storage Container Set;Kitchen;6;349.99;2099.94;Card;2026/02/20;Sophie Mthembu
T01818;S001;Sandton;C1398;Member;P0015;Sports Bottle;Sportswear;3;199.99;599.97;Cash;2026/02/21;Sarah Mokoena
T01819;S001;Sandton;C2888;Member;P0013;Running Shoes;Sportswear;2;1499.5;2999.0;Card;2026/01/26;Emma Nkosi
T01820;S001;Sandton;C2460;Member;P0017;Face Moisturiser;Beauty;1;249.99;249.99;Bank Transfer;2026/01/08;Emma Nkosi
T01821;S001;Sandton;C2713;Guest;P0005;Laptop Backpack;Accessories;3;549.99;1649.97;Card;2026/04/18;James Botha
T01822;S001;Sandton;C0008;Guest;P0004;USB-C Charger;Electronics;1;299.99;299.99;Mobile Pay;2026/01/21;James Botha
T01823;S001;Sandton;C1138;Member;P0024;Storage Container Set;Kitchen;3;349.99;1049.97;Mobile Pay;2026/02/20;Emma Nkosi
T01824;S001;Sandton;C1232;Member;P0006;Coffee Maker;Appliances;6;1299.99;7799.94;Bank Transfer;2026/05/02;Michael Williams
T01825;S001;Sandton;C1040;Member;P0006;Coffee Maker;Appliances;3;1299.99;3899.97;Card;2026/03/17;Sophie Mthembu
T01826;S001;Sandton;C2885;Member;P0007;Air Fryer;Appliances;5;1799.99;8999.95;Cash;2026/05/25;Liam Jacobs
T01827;S001;Sandton;C2783;Member;P0014;Yoga Mat;Sportswear;2;399.99;799.98;Card;2026/05/02;Emma Nkosi
T01828;S001;Sandton;C0655;Member;P0022;Cookware Set;Kitchen;1;1599.99;1599.99;Mobile Pay;2026/06/21;Michael Williams
T01829;S001;Sandton;C0928;Guest;P0004;USB-C Charger;Electronics;2;299.99;599.98;Cash;2026/01/23;Jessica Naidoo
T01830;S001;Sandton;C1708;Member;P0010;Cotton T-Shirt;Clothing;2;249.99;499.98;Card;2026/03/31;James Botha
T01831;S001;Sandton;C0025;Member;P0017;Face Moisturiser;Beauty;2;249.99;499.98;Mobile Pay;2026/02/18;Olivia Dlamini
T01832;S001;Sandton;C0055;Member;P0009;Electric Kettle;Appliances;3;499.99;1499.97;Bank Transfer;2026/06/18;Liam Jacobs
T01833;S001;Sandton;C2934;Guest;P0012;Hooded Sweatshirt;Clothing;1;599.99;599.99;Mobile Pay;2026/01/22;Daniel Smith
T01834;S001;Sandton;C1685;Guest;P0007;Air Fryer;Appliances;2;1799.99;3599.98;Cash;2026/01/14;Sarah Mokoena
T01835;S001;Sandton;C0859;Member;P0012;Hooded Sweatshirt;Clothing;2;599.99;1199.98;Mobile Pay;2026/01/23;Jessica Naidoo
T01836;S001;Sandton;C1348;Member;P0019;Throw Blanket;Home & Decor;2;449.99;899.98;Bank Transfer;2026/02/05;Michael Williams
T01837;S001;Sandton;C2944;Member;P0007;Air Fryer;Appliances;1;1799.99;1799.99;Card;2026/01/31;Olivia Dlamini
T01838;S001;Sandton;C2304;Member;P0003;Smart Watch;Electronics;5;1299.99;6499.95;Mobile Pay;2026/06/20;Michael Williams
T01839;S001;Sandton;C1893;Guest;P0006;Coffee Maker;Appliances;3;1299.99;3899.97;Card;2026/05/08;Liam Jacobs
T01840;S001;Sandton;C1133;Member;P0021;Cushion Set;Home & Decor;5;299.99;1499.95;Mobile Pay;2026/04/28;Liam Jacobs
T01841;S001;Sandton;C2564;Member;P0017;Face Moisturiser;Beauty;2;249.99;499.98;Cash;2026/01/04;Liam Jacobs
T01842;S001;Sandton;C2783;Member;P0010;Cotton T-Shirt;Clothing;3;249.99;749.97;Mobile Pay;2026/05/25;Emma Nkosi
T01843;S001;Sandton;C2599;Member;P0018;Perfume;Beauty;4;899.99;3599.96;Cash;2026/04/18;James Botha
T01844;S001;Sandton;C0654;Member;P0002;Bluetooth Speaker;Electronics;5;649.99;3249.95;Cash;2026/05/12;Emma Nkosi
T01845;S001;Sandton;C0827;Member;P0024;Storage Container Set;Kitchen;6;349.99;2099.94;Mobile Pay;2026/01/05;Daniel Smith
T01846;S001;Sandton;C0587;Guest;P0015;Sports Bottle;Sportswear;4;199.99;799.96;Cash;2026/02/04;Sophie Mthembu
T01847;S001;Sandton;C1147;Guest;P0012;Hooded Sweatshirt;Clothing;4;599.99;2399.96;Bank Transfer;2026/05/29;Emma Nkosi
T01848;S001;Sandton;C1682;Member;P0003;Smart Watch;Electronics;4;1299.99;5199.96;Bank Transfer;2026/03/06;Olivia Dlamini
T01849;S001;Sandton;C2862;Member;P0002;Bluetooth Speaker;Electronics;1;649.99;649.99;Mobile Pay;2026/06/28;Noah Pillay
T01850;S001;Sandton;C2053;Member;P0024;Storage Container Set;Kitchen;3;349.99;1049.97;Bank Transfer;2026/02/22;Sophie Mthembu
T01851;S001;Sandton;C1001;Member;P0008;Blender;Appliances;2;899.99;1799.98;Card;2026/06/25;Noah Pillay
T01852;S001;Sandton;C2012;Member;P0017;Face Moisturiser;Beauty;3;249.99;749.97;Card;2026/04/22;Liam Jacobs
T01853;S001;Sandton;C0316;Member;P0004;USB-C Charger;Electronics;2;299.99;599.98;Bank Transfer;2026/04/30;Michael Williams
T01854;S001;Sandton;C0985;Guest;P0004;USB-C Charger;Electronics;6;299.99;1799.94;Cash;2026/06/04;Jessica Naidoo
T01855;S001;Sandton;C1097;Member;P0025;Novel Book;Books;1;199.99;199.99;Bank Transfer;2026/02/28;Jessica Naidoo
T01856;S001;Sandton;C2273;Member;P0011;Denim Jeans;Clothing;1;799.99;799.99;Mobile Pay;2026/02/10;Liam Jacobs
T01857;S001;Sandton;C2156;Member;P0021;Cushion Set;Home & Decor;4;299.99;1199.96;Card;2026/04/09;Sophie Mthembu
T01858;S001;Sandton;C2908;Guest;P0012;Hooded Sweatshirt;Clothing;6;599.99;3599.94;Bank Transfer;2026/06/23;Emma Nkosi
T01859;S001;Sandton;C0588;Guest;P0001;Wireless Headphones;Electronics;5;899.99;4499.95;Card;2026/04/22;Sophie Mthembu
T01860;S001;Sandton;C1069;Guest;P0001;Wireless Headphones;Electronics;3;899.99;2699.97;Cash;2026/05/26;Sarah Mokoena
T01861;S001;Sandton;C0818;Member;P0014;Yoga Mat;Sportswear;1;399.99;399.99;Bank Transfer;2026/05/05;Liam Jacobs
T01862;S001;Sandton;C1644;Guest;P0020;Table Lamp;Home & Decor;3;699.99;2099.97;Mobile Pay;2026/02/02;Daniel Smith
T01863;S001;Sandton;C1838;Member;P0004;USB-C Charger;Electronics;6;299.99;1799.94;Mobile Pay;2026/05/23;Noah Pillay
T01864;S001;Sandton;C2870;Member;P0024;Storage Container Set;Kitchen;4;349.99;1399.96;Card;2026/04/28;Emma Nkosi
T01865;S001;Sandton;C1559;Member;P0004;USB-C Charger;Electronics;6;299.99;1799.94;Bank Transfer;2026/01/05;Sarah Mokoena
T01866;S001;Sandton;C2861;Member;P0018;Perfume;Beauty;3;899.99;2699.97;Cash;2026/01/30;Sarah Mokoena
T01867;S001;Sandton;C2332;Member;P0016;Skincare Set;Beauty;4;599.99;2399.96;Bank Transfer;2026/04/08;Jessica Naidoo
T01868;S001;Sandton;C2806;Member;P0018;Perfume;Beauty;2;899.99;1799.98;Bank Transfer;2026/03/07;Liam Jacobs
T01869;S001;Sandton;C0659;Guest;P0006;Coffee Maker;Appliances;4;1299.99;5199.96;Card;2026/04/07;Sarah Mokoena
T01870;S001;Sandton;C2534;Member;P0022;Cookware Set;Kitchen;2;1599.99;3199.98;Card;2026/03/30;Noah Pillay
T01871;S001;Sandton;C2662;Member;P0015;Sports Bottle;Sportswear;5;199.99;999.95;Cash;2026/04/19;Michael Williams
T01872;S001;Sandton;C2117;Member;P0005;Laptop Backpack;Accessories;5;549.99;2749.95;Card;2026/02/06;Emma Nkosi
T01873;S001;Sandton;C1514;Member;P0009;Electric Kettle;Appliances;5;499.99;2499.95;Mobile Pay;2026/06/17;Liam Jacobs
T01874;S001;Sandton;C2367;Member;P0011;Denim Jeans;Clothing;2;799.99;1599.98;Card;2026/06/05;Liam Jacobs
T01875;S001;Sandton;C1305;Member;P0002;Bluetooth Speaker;Electronics;6;649.99;3899.94;Cash;2026/04/03;Daniel Smith
T01876;S001;Sandton;C1780;Member;P0010;Cotton T-Shirt;Clothing;5;249.99;1249.95;Mobile Pay;2026/06/21;James Botha
T01877;S001;Sandton;C1803;Guest;P0025;Novel Book;Books;5;199.99;999.95;Cash;2026/06/30;Michael Williams
T01878;S001;Sandton;C2505;Member;P0018;Perfume;Beauty;4;899.99;3599.96;Bank Transfer;2026/06/30;Sophie Mthembu
T01879;S001;Sandton;C1953;Member;P0008;Blender;Appliances;6;899.99;5399.94;Bank Transfer;2026/05/15;Liam Jacobs
T01880;S001;Sandton;C2528;Guest;P0015;Sports Bottle;Sportswear;3;199.99;599.97;Bank Transfer;2026/06/14;Liam Jacobs
T01881;S001;Sandton;C1068;Member;P0016;Skincare Set;Beauty;4;599.99;2399.96;Cash;2026/04/29;James Botha
T01882;S001;Sandton;C2147;Member;P0016;Skincare Set;Beauty;2;599.99;1199.98;Cash;2026/01/27;Jessica Naidoo
T01883;S001;Sandton;C2846;Guest;P0007;Air Fryer;Appliances;5;1799.99;8999.95;Cash;2026/05/26;Jessica Naidoo
T01884;S001;Sandton;C1903;Member;P0002;Bluetooth Speaker;Electronics;3;649.99;1949.97;Cash;2026/02/01;Sarah Mokoena
T01885;S001;Sandton;C2497;Member;P0009;Electric Kettle;Appliances;4;499.99;1999.96;Mobile Pay;2026/03/31;Noah Pillay
T01886;S001;Sandton;C1235;Guest;P0017;Face Moisturiser;Beauty;3;249.99;749.97;Cash;2026/03/21;Liam Jacobs
T01887;S001;Sandton;C1058;Guest;P0001;Wireless Headphones;Electronics;1;899.99;899.99;Card;2026/05/26;Sarah Mokoena
T01888;S001;Sandton;C2898;Guest;P0025;Novel Book;Books;6;199.99;1199.94;Bank Transfer;2026/04/09;Sarah Mokoena
T01889;S001;Sandton;C1182;Member;P0002;Bluetooth Speaker;Electronics;6;649.99;3899.94;Card;2026/04/30;Liam Jacobs
T01890;S001;Sandton;C2047;Member;P0025;Novel Book;Books;4;199.99;799.96;Mobile Pay;2026/04/22;Daniel Smith
T01891;S001;Sandton;C1856;Member;P0019;Throw Blanket;Home & Decor;4;449.99;1799.96;Card;2026/06/30;Daniel Smith
T01892;S001;Sandton;C0213;Guest;P0025;Novel Book;Books;4;199.99;799.96;Cash;2026/02/27;James Botha
T01893;S001;Sandton;C1536;Guest;P0014;Yoga Mat;Sportswear;3;399.99;1199.97;Cash;2026/01/09;Daniel Smith
T01894;S001;Sandton;C2289;Guest;P0012;Hooded Sweatshirt;Clothing;6;599.99;3599.94;Bank Transfer;2026/04/13;Liam Jacobs
T01895;S001;Sandton;C0264;Guest;P0011;Denim Jeans;Clothing;5;799.99;3999.95;Mobile Pay;2026/06/12;Emma Nkosi
T01896;S001;Sandton;C1518;Guest;P0013;Running Shoes;Sportswear;6;1499.5;8997.0;Card;2026/06/08;Michael Williams
T01897;S001;Sandton;C1001;Member;P0007;Air Fryer;Appliances;5;1799.99;8999.95;Cash;2026/04/26;Sarah Mokoena
T01898;S001;Sandton;C0839;Member;P0010;Cotton T-Shirt;Clothing;2;249.99;499.98;Mobile Pay;2026/05/01;Sarah Mokoena
T01899;S001;Sandton;C2541;Guest;P0022;Cookware Set;Kitchen;5;1599.99;7999.95;Mobile Pay;2026/05/20;James Botha
T01900;S001;Sandton;C1534;Guest;P0025;Novel Book;Books;5;199.99;999.95;Card;2026/04/19;James Botha
T01901;S001;Sandton;C0547;Guest;P0013;Running Shoes;Sportswear;2;1499.5;2999.0;Mobile Pay;2026/04/03;Liam Jacobs
T01902;S001;Sandton;C2457;Member;P0011;Denim Jeans;Clothing;5;799.99;3999.95;Card;2026/03/24;Michael Williams
T01903;S001;Sandton;C2892;Member;P0002;Bluetooth Speaker;Electronics;6;649.99;3899.94;Card;2026/01/15;Emma Nkosi
T01904;S001;Sandton;C1165;Guest;P0020;Table Lamp;Home & Decor;3;699.99;2099.97;Mobile Pay;2026/04/04;Daniel Smith
T01905;S001;Sandton;C1502;Member;P0012;Hooded Sweatshirt;Clothing;3;599.99;1799.97;Mobile Pay;2026/04/18;Emma Nkosi
T01906;S001;Sandton;C2647;Member;P0021;Cushion Set;Home & Decor;3;299.99;899.97;Mobile Pay;2026/02/13;Liam Jacobs
T01907;S001;Sandton;C1492;Member;P0024;Storage Container Set;Kitchen;6;349.99;2099.94;Card;2026/01/18;Sophie Mthembu
T01908;S001;Sandton;C2922;Guest;P0004;USB-C Charger;Electronics;4;299.99;1199.96;Cash;2026/04/17;James Botha
T01909;S001;Sandton;C0696;Guest;P0025;Novel Book;Books;6;199.99;1199.94;Card;2026/05/01;Jessica Naidoo
T01910;S001;Sandton;C1252;Guest;P0003;Smart Watch;Electronics;6;1299.99;7799.94;Card;2026/02/12;Sophie Mthembu
T01911;S001;Sandton;C0724;Member;P0010;Cotton T-Shirt;Clothing;3;249.99;749.97;Card;2026/02/13;Sarah Mokoena
T01912;S001;Sandton;C1227;Member;P0019;Throw Blanket;Home & Decor;4;449.99;1799.96;Cash;2026/03/21;Sarah Mokoena
T01913;S001;Sandton;C0695;Guest;P0019;Throw Blanket;Home & Decor;3;449.99;1349.97;Cash;2026/05/03;Michael Williams
T01914;S001;Sandton;C1444;Guest;P0016;Skincare Set;Beauty;5;599.99;2999.95;Card;2026/06/04;Daniel Smith
T01915;S001;Sandton;C1608;Member;P0012;Hooded Sweatshirt;Clothing;4;599.99;2399.96;Mobile Pay;2026/03/21;Sarah Mokoena
T01916;S001;Sandton;C2079;Member;P0018;Perfume;Beauty;6;899.99;5399.94;Mobile Pay;2026/05/23;Noah Pillay
T01917;S001;Sandton;C0436;Member;P0017;Face Moisturiser;Beauty;1;249.99;249.99;Mobile Pay;2026/01/14;James Botha
T01918;S001;Sandton;C1574;Member;P0021;Cushion Set;Home & Decor;4;299.99;1199.96;Card;2026/02/20;James Botha
T01919;S001;Sandton;C1207;Guest;P0012;Hooded Sweatshirt;Clothing;5;599.99;2999.95;Mobile Pay;2026/04/05;Noah Pillay
T01920;S001;Sandton;C2902;Member;P0024;Storage Container Set;Kitchen;1;349.99;349.99;Card;2026/05/22;Sophie Mthembu
T01921;S001;Sandton;C0912;Guest;P0025;Novel Book;Books;1;199.99;199.99;Card;2026/04/11;Noah Pillay
T01922;S001;Sandton;C1979;Guest;P0015;Sports Bottle;Sportswear;3;199.99;599.97;Cash;2026/02/13;Olivia Dlamini
T01923;S001;Sandton;C2818;Member;P0006;Coffee Maker;Appliances;1;1299.99;1299.99;Cash;2026/06/25;Olivia Dlamini
T01924;S001;Sandton;C0299;Member;P0019;Throw Blanket;Home & Decor;3;449.99;1349.97;Mobile Pay;2026/02/07;Olivia Dlamini
T01925;S001;Sandton;C0298;Member;P0004;USB-C Charger;Electronics;3;299.99;899.97;Bank Transfer;2026/06/20;Olivia Dlamini
T01926;S001;Sandton;C2294;Member;P0016;Skincare Set;Beauty;6;599.99;3599.94;Card;2026/04/21;James Botha
T01927;S001;Sandton;C1772;Member;P0014;Yoga Mat;Sportswear;6;399.99;2399.94;Bank Transfer;2026/06/15;Sarah Mokoena
T01928;S001;Sandton;C0803;Guest;P0005;Laptop Backpack;Accessories;3;549.99;1649.97;Card;2026/02/08;James Botha
T01929;S001;Sandton;C1329;Guest;P0006;Coffee Maker;Appliances;3;1299.99;3899.97;Cash;2026/04/28;James Botha
T01930;S001;Sandton;C1133;Guest;P0012;Hooded Sweatshirt;Clothing;2;599.99;1199.98;Mobile Pay;2026/03/08;Michael Williams
T01931;S001;Sandton;C0714;Member;P0009;Electric Kettle;Appliances;2;499.99;999.98;Cash;2026/04/19;Sarah Mokoena
T01932;S001;Sandton;C0503;Guest;P0004;USB-C Charger;Electronics;1;299.99;299.99;Mobile Pay;2026/04/02;Emma Nkosi
T01933;S001;Sandton;C2576;Member;P0010;Cotton T-Shirt;Clothing;6;249.99;1499.94;Bank Transfer;2026/04/02;James Botha
T01934;S001;Sandton;C0901;Member;P0023;Dinner Plate Set;Kitchen;4;499.99;1999.96;Cash;2026/05/29;Liam Jacobs
T01935;S001;Sandton;C1548;Guest;P0003;Smart Watch;Electronics;6;1299.99;7799.94;Card;2026/02/18;Olivia Dlamini
T01936;S001;Sandton;C2372;Member;P0014;Yoga Mat;Sportswear;4;399.99;1599.96;Mobile Pay;2026/05/21;Noah Pillay
T01937;S001;Sandton;C0785;Guest;P0007;Air Fryer;Appliances;2;1799.99;3599.98;Mobile Pay;2026/06/24;Sophie Mthembu
T01938;S001;Sandton;C1836;Guest;P0019;Throw Blanket;Home & Decor;6;449.99;2699.94;Mobile Pay;2026/03/17;Michael Williams
T01939;S001;Sandton;C2685;Member;P0014;Yoga Mat;Sportswear;2;399.99;799.98;Bank Transfer;2026/03/12;Jessica Naidoo
T01940;S001;Sandton;C1090;Member;P0001;Wireless Headphones;Electronics;1;899.99;899.99;Card;2026/02/17;Noah Pillay
T01941;S001;Sandton;C1502;Member;P0013;Running Shoes;Sportswear;6;1499.5;8997.0;Bank Transfer;2026/06/06;Jessica Naidoo
T01942;S001;Sandton;C2853;Member;P0002;Bluetooth Speaker;Electronics;4;649.99;2599.96;Mobile Pay;2026/02/05;Emma Nkosi
T01943;S001;Sandton;C0416;Member;P0008;Blender;Appliances;5;899.99;4499.95;Card;2026/03/12;Jessica Naidoo
T01944;S001;Sandton;C0410;Member;P0024;Storage Container Set;Kitchen;3;349.99;1049.97;Cash;2026/02/06;Michael Williams
T01945;S001;Sandton;C1447;Member;P0014;Yoga Mat;Sportswear;5;399.99;1999.95;Bank Transfer;2026/04/07;Sophie Mthembu
T01946;S001;Sandton;C2018;Member;P0007;Air Fryer;Appliances;3;1799.99;5399.97;Card;2026/01/22;Jessica Naidoo
T01947;S001;Sandton;C1964;Member;P0011;Denim Jeans;Clothing;2;799.99;1599.98;Mobile Pay;2026/01/22;Daniel Smith
T01948;S001;Sandton;C2778;Member;P0010;Cotton T-Shirt;Clothing;6;249.99;1499.94;Card;2026/02/28;Daniel Smith
T01949;S001;Sandton;C1817;Member;P0017;Face Moisturiser;Beauty;6;249.99;1499.94;Card;2026/04/14;Noah Pillay
T01950;S001;Sandton;C1105;Member;P0011;Denim Jeans;Clothing;4;799.99;3199.96;Cash;2026/05/12;Sarah Mokoena
T01951;S001;Sandton;C0622;Member;P0005;Laptop Backpack;Accessories;1;549.99;549.99;Bank Transfer;2026/01/02;Jessica Naidoo
T01952;S001;Sandton;C1331;Guest;P0001;Wireless Headphones;Electronics;6;899.99;5399.94;Bank Transfer;2026/01/24;Emma Nkosi
T01953;S001;Sandton;C0853;Member;P0017;Face Moisturiser;Beauty;2;249.99;499.98;Card;2026/06/24;Liam Jacobs
T01954;S001;Sandton;C2437;Guest;P0005;Laptop Backpack;Accessories;6;549.99;3299.94;Card;2026/04/21;Olivia Dlamini
T01955;S001;Sandton;C0550;Guest;P0002;Bluetooth Speaker;Electronics;5;649.99;3249.95;Mobile Pay;2026/04/15;Olivia Dlamini
T01956;S001;Sandton;C2860;Member;P0011;Denim Jeans;Clothing;1;799.99;799.99;Mobile Pay;2026/02/19;Olivia Dlamini
T01957;S001;Sandton;C2891;Member;P0021;Cushion Set;Home & Decor;5;299.99;1499.95;Bank Transfer;2026/05/08;Liam Jacobs
T01958;S001;Sandton;C0694;Member;P0004;USB-C Charger;Electronics;3;299.99;899.97;Cash;2026/03/15;Daniel Smith
T01959;S001;Sandton;C0464;Guest;P0015;Sports Bottle;Sportswear;1;199.99;199.99;Bank Transfer;2026/02/18;James Botha
T01960;S001;Sandton;C1537;Member;P0021;Cushion Set;Home & Decor;1;299.99;299.99;Cash;2026/05/25;Daniel Smith
T01961;S001;Sandton;C1549;Guest;P0001;Wireless Headphones;Electronics;4;899.99;3599.96;Bank Transfer;2026/05/23;Daniel Smith
T01962;S001;Sandton;C2278;Guest;P0011;Denim Jeans;Clothing;1;799.99;799.99;Cash;2026/05/05;Emma Nkosi
T01963;S001;Sandton;C0131;Member;P0017;Face Moisturiser;Beauty;2;249.99;499.98;Bank Transfer;2026/02/21;Jessica Naidoo
T01964;S001;Sandton;C2629;Member;P0005;Laptop Backpack;Accessories;5;549.99;2749.95;Cash;2026/06/29;James Botha
T01965;S001;Sandton;C1295;Guest;P0013;Running Shoes;Sportswear;5;1499.5;7497.5;Cash;2026/01/01;Olivia Dlamini
T01966;S001;Sandton;C1007;Guest;P0011;Denim Jeans;Clothing;4;799.99;3199.96;Bank Transfer;2026/04/04;Jessica Naidoo
T01967;S001;Sandton;C0307;Guest;P0023;Dinner Plate Set;Kitchen;1;499.99;499.99;Cash;2026/03/23;Noah Pillay
T01968;S001;Sandton;C2042;Guest;P0005;Laptop Backpack;Accessories;4;549.99;2199.96;Cash;2026/04/29;Olivia Dlamini
T01969;S001;Sandton;C0545;Guest;P0024;Storage Container Set;Kitchen;6;349.99;2099.94;Bank Transfer;2026/05/14;Sarah Mokoena
T01970;S001;Sandton;C1077;Member;P0024;Storage Container Set;Kitchen;1;349.99;349.99;Mobile Pay;2026/01/15;Liam Jacobs
T01971;S001;Sandton;C1609;Guest;P0008;Blender;Appliances;1;899.99;899.99;Card;2026/02/14;Jessica Naidoo
T01972;S001;Sandton;C2205;Guest;P0001;Wireless Headphones;Electronics;3;899.99;2699.97;Card;2026/02/20;Noah Pillay
T01973;S001;Sandton;C0674;Guest;P0021;Cushion Set;Home & Decor;2;299.99;599.98;Card;2026/04/15;Daniel Smith
T01974;S001;Sandton;C1217;Member;P0022;Cookware Set;Kitchen;2;1599.99;3199.98;Mobile Pay;2026/05/30;Noah Pillay
T01975;S001;Sandton;C1208;Guest;P0006;Coffee Maker;Appliances;3;1299.99;3899.97;Card;2026/06/17;Sarah Mokoena
T01976;S001;Sandton;C2975;Guest;P0005;Laptop Backpack;Accessories;1;549.99;549.99;Cash;2026/06/12;Jessica Naidoo
T01977;S001;Sandton;C1353;Member;P0013;Running Shoes;Sportswear;6;1499.5;8997.0;Mobile Pay;2026/06/24;Michael Williams
T01978;S001;Sandton;C0570;Member;P0011;Denim Jeans;Clothing;6;799.99;4799.94;Mobile Pay;2026/02/02;Michael Williams
T01979;S001;Sandton;C0993;Member;P0015;Sports Bottle;Sportswear;2;199.99;399.98;Mobile Pay;2026/04/23;Olivia Dlamini
T01980;S001;Sandton;C0524;Guest;P0011;Denim Jeans;Clothing;6;799.99;4799.94;Cash;2026/04/17;James Botha
T01981;S001;Sandton;C2088;Member;P0002;Bluetooth Speaker;Electronics;6;649.99;3899.94;Mobile Pay;2026/02/03;Michael Williams
T01982;S001;Sandton;C1828;Guest;P0007;Air Fryer;Appliances;6;1799.99;10799.94;Bank Transfer;2026/02/02;Olivia Dlamini
T01983;S001;Sandton;C2268;Member;P0024;Storage Container Set;Kitchen;3;349.99;1049.97;Cash;2026/04/05;Emma Nkosi
T01984;S001;Sandton;C1025;Guest;P0011;Denim Jeans;Clothing;1;799.99;799.99;Mobile Pay;2026/02/24;Noah Pillay
T01985;S001;Sandton;C0355;Member;P0002;Bluetooth Speaker;Electronics;2;649.99;1299.98;Bank Transfer;2026/03/19;Jessica Naidoo
T01986;S001;Sandton;C0517;Member;P0018;Perfume;Beauty;6;899.99;5399.94;Card;2026/03/29;Emma Nkosi
T01987;S001;Sandton;C0583;Member;P0018;Perfume;Beauty;5;899.99;4499.95;Bank Transfer;2026/01/08;Sophie Mthembu
T01988;S001;Sandton;C0940;Guest;P0012;Hooded Sweatshirt;Clothing;2;599.99;1199.98;Cash;2026/01/27;Jessica Naidoo
T01989;S001;Sandton;C1424;Member;P0023;Dinner Plate Set;Kitchen;3;499.99;1499.97;Card;2026/04/11;Jessica Naidoo
T01990;S001;Sandton;C1327;Guest;P0017;Face Moisturiser;Beauty;6;249.99;1499.94;Card;2026/05/23;Daniel Smith
T01991;S001;Sandton;C2730;Member;P0014;Yoga Mat;Sportswear;5;399.99;1999.95;Bank Transfer;2026/03/24;Daniel Smith
T01992;S001;Sandton;C0432;Guest;P0003;Smart Watch;Electronics;5;1299.99;6499.95;Mobile Pay;2026/01/05;Sophie Mthembu
T01993;S001;Sandton;C0936;Guest;P0018;Perfume;Beauty;2;899.99;1799.98;Bank Transfer;2026/03/23;Olivia Dlamini
T01994;S001;Sandton;C1442;Guest;P0014;Yoga Mat;Sportswear;6;399.99;2399.94;Mobile Pay;2026/06/05;Noah Pillay
T01995;S001;Sandton;C0938;Member;P0024;Storage Container Set;Kitchen;5;349.99;1749.95;Mobile Pay;2026/03/26;Michael Williams
T01996;S001;Sandton;C1062;Guest;P0021;Cushion Set;Home & Decor;5;299.99;1499.95;Cash;2026/02/08;Daniel Smith
T01997;S001;Sandton;C0514;Member;P0005;Laptop Backpack;Accessories;1;549.99;549.99;Mobile Pay;2026/05/13;Emma Nkosi
T01998;S001;Sandton;C1422;Member;P0023;Dinner Plate Set;Kitchen;5;499.99;2499.95;Mobile Pay;2026/03/22;Sarah Mokoena
T01999;S001;Sandton;C2851;Member;P0012;Hooded Sweatshirt;Clothing;2;599.99;1199.98;Card;2026/01/04;Daniel Smith
T02000;S001;Sandton;C2114;Member;P0018;Perfume;Beauty;2;899.99;1799.98;Cash;2026/01/27;Sarah Mokoena
