TransactionID;StoreID;StoreLocation;CustomerID;CustomerType;ProductID;ProductName;Category;Quantity;UnitPrice;TotalAmount;PaymentMethod;SalesDate;Salesperson
T08001;S005;Midrand;C0373;Member;P0016;Skincare Set;Beauty;1;599.99;599.99;Bank Transfer;2026/03/31;Sarah Mokoena
T08002;S005;Midrand;C2922;Member;P0006;Coffee Maker;Appliances;6;1299.99;7799.94;Bank Transfer;2026/06/15;Noah Pillay
T08003;S005;Midrand;C2107;Guest;P0013;Running Shoes;Sportswear;5;1499.5;7497.5;Mobile Pay;2026/01/15;James Botha
T08004;S005;Midrand;C0337;Member;P0014;Yoga Mat;Sportswear;3;399.99;1199.97;Cash;2026/06/28;Noah Pillay
T08005;S005;Midrand;C0866;Guest;P0004;USB-C Charger;Electronics;6;299.99;1799.94;Mobile Pay;2026/04/07;Daniel Smith
T08006;S005;Midrand;C0920;Member;P0013;Running Shoes;Sportswear;4;1499.5;5998.0;Card;2026/01/02;Michael Williams
T08007;S005;Midrand;C2972;Member;P0011;Denim Jeans;Clothing;3;799.99;2399.97;Cash;2026/03/05;Olivia Dlamini
T08008;S005;Midrand;C1919;Member;P0008;Blender;Appliances;1;899.99;899.99;Mobile Pay;2026/03/13;Sophie Mthembu
T08009;S005;Midrand;C1954;Member;P0019;Throw Blanket;Home & Decor;2;449.99;899.98;Card;2026/04/28;Jessica Naidoo
T08010;S005;Midrand;C2298;Member;P0003;Smart Watch;Electronics;2;1299.99;2599.98;Bank Transfer;2026/01/24;Michael Williams
T08011;S005;Midrand;C0838;Member;P0013;Running Shoes;Sportswear;6;1499.5;8997.0;Bank Transfer;2026/03/22;Daniel Smith
T08012;S005;Midrand;C2078;Member;P0007;Air Fryer;Appliances;4;1799.99;7199.96;Card;2026/05/08;Jessica Naidoo
T08013;S005;Midrand;C0963;Member;P0012;Hooded Sweatshirt;Clothing;4;599.99;2399.96;Card;2026/02/14;Sophie Mthembu
T08014;S005;Midrand;C0671;Guest;P0013;Running Shoes;Sportswear;6;1499.5;8997.0;Mobile Pay;2026/01/03;Emma Nkosi
T08015;S005;Midrand;C0407;Guest;P0011;Denim Jeans;Clothing;2;799.99;1599.98;Cash;2026/03/18;Noah Pillay
T08016;S005;Midrand;C0910;Member;P0020;Table Lamp;Home & Decor;5;699.99;3499.95;Cash;2026/05/24;James Botha
T08017;S005;Midrand;C0118;Member;P0003;Smart Watch;Electronics;4;1299.99;5199.96;Card;2026/03/14;Emma Nkosi
T08018;S005;Midrand;C0855;Member;P0017;Face Moisturiser;Beauty;6;249.99;1499.94;Bank Transfer;2026/02/02;Daniel Smith
T08019;S005;Midrand;C0053;Member;P0015;Sports Bottle;Sportswear;6;199.99;1199.94;Mobile Pay;2026/03/31;Sarah Mokoena
T08020;S005;Midrand;C1680;Guest;P0002;Bluetooth Speaker;Electronics;5;649.99;3249.95;Mobile Pay;2026/06/07;Jessica Naidoo
T08021;S005;Midrand;C0166;Guest;P0006;Coffee Maker;Appliances;3;1299.99;3899.97;Mobile Pay;2026/04/29;Michael Williams
T08022;S005;Midrand;C0616;Member;P0016;Skincare Set;Beauty;5;599.99;2999.95;Bank Transfer;2026/04/17;Emma Nkosi
T08023;S005;Midrand;C0085;Member;P0018;Perfume;Beauty;6;899.99;5399.94;Mobile Pay;2026/05/18;James Botha
T08024;S005;Midrand;C2903;Member;P0010;Cotton T-Shirt;Clothing;5;249.99;1249.95;Cash;2026/05/30;Michael Williams
T08025;S005;Midrand;C2987;Guest;P0017;Face Moisturiser;Beauty;1;249.99;249.99;Card;2026/04/10;James Botha
T08026;S005;Midrand;C0397;Member;P0025;Novel Book;Books;5;199.99;999.95;Mobile Pay;2026/01/24;Jessica Naidoo
T08027;S005;Midrand;C2445;Guest;P0012;Hooded Sweatshirt;Clothing;1;599.99;599.99;Card;2026/03/23;Emma Nkosi
T08028;S005;Midrand;C2367;Guest;P0005;Laptop Backpack;Accessories;2;549.99;1099.98;Bank Transfer;2026/03/17;James Botha
T08029;S005;Midrand;C2510;Member;P0007;Air Fryer;Appliances;2;1799.99;3599.98;Cash;2026/03/24;Daniel Smith
T08030;S005;Midrand;C1698;Member;P0010;Cotton T-Shirt;Clothing;6;249.99;1499.94;Cash;2026/01/04;Daniel Smith
T08031;S005;Midrand;C0047;Member;P0010;Cotton T-Shirt;Clothing;3;249.99;749.97;Mobile Pay;2026/03/13;Noah Pillay
T08032;S005;Midrand;C2907;Member;P0017;Face Moisturiser;Beauty;4;249.99;999.96;Cash;2026/06/10;Sophie Mthembu
T08033;S005;Midrand;C1606;Member;P0018;Perfume;Beauty;4;899.99;3599.96;Mobile Pay;2026/06/23;Noah Pillay
T08034;S005;Midrand;C2584;Guest;P0001;Wireless Headphones;Electronics;2;899.99;1799.98;Mobile Pay;2026/03/03;Michael Williams
T08035;S005;Midrand;C0480;Guest;P0004;USB-C Charger;Electronics;5;299.99;1499.95;Mobile Pay;2026/02/15;Michael Williams
T08036;S005;Midrand;C2222;Member;P0009;Electric Kettle;Appliances;1;499.99;499.99;Bank Transfer;2026/02/27;Jessica Naidoo
T08037;S005;Midrand;C1659;Guest;P0012;Hooded Sweatshirt;Clothing;3;599.99;1799.97;Card;2026/03/21;James Botha
T08038;S005;Midrand;C0041;Guest;P0006;Coffee Maker;Appliances;1;1299.99;1299.99;Card;2026/04/12;Jessica Naidoo
T08039;S005;Midrand;C2660;Member;P0025;Novel Book;Books;3;199.99;599.97;Bank Transfer;2026/02/28;Michael Williams
T08040;S005;Midrand;C2992;Member;P0013;Running Shoes;Sportswear;4;1499.5;5998.0;Card;2026/03/18;Liam Jacobs
T08041;S005;Midrand;C2243;Member;P0019;Throw Blanket;Home & Decor;2;449.99;899.98;Cash;2026/05/04;Liam Jacobs
T08042;S005;Midrand;C2339;Guest;P0022;Cookware Set;Kitchen;2;1599.99;3199.98;Cash;2026/01/21;Sarah Mokoena
T08043;S005;Midrand;C1534;Guest;P0016;Skincare Set;Beauty;3;599.99;1799.97;Mobile Pay;2026/06/22;Liam Jacobs
T08044;S005;Midrand;C2060;Member;P0008;Blender;Appliances;5;899.99;4499.95;Bank Transfer;2026/03/04;Olivia Dlamini
T08045;S005;Midrand;C2950;Member;P0023;Dinner Plate Set;Kitchen;6;499.99;2999.94;Cash;2026/04/22;Noah Pillay
T08046;S005;Midrand;C1543;Guest;P0021;Cushion Set;Home & Decor;6;299.99;1799.94;Cash;2026/06/10;Olivia Dlamini
T08047;S005;Midrand;C1575;Member;P0007;Air Fryer;Appliances;3;1799.99;5399.97;Cash;2026/02/01;Jessica Naidoo
T08048;S005;Midrand;C1043;Guest;P0003;Smart Watch;Electronics;1;1299.99;1299.99;Card;2026/01/26;Michael Williams
T08049;S005;Midrand;C0031;Member;P0012;Hooded Sweatshirt;Clothing;5;599.99;2999.95;Card;2026/04/17;Sophie Mthembu
T08050;S005;Midrand;C1165;Member;P0014;Yoga Mat;Sportswear;2;399.99;799.98;Bank Transfer;2026/01/23;Sophie Mthembu
T08051;S005;Midrand;C1087;Guest;P0002;Bluetooth Speaker;Electronics;2;649.99;1299.98;Bank Transfer;2026/01/02;Noah Pillay
T08052;S005;Midrand;C0813;Guest;P0014;Yoga Mat;Sportswear;3;399.99;1199.97;Mobile Pay;2026/03/09;Noah Pillay
T08053;S005;Midrand;C1935;Member;P0009;Electric Kettle;Appliances;1;499.99;499.99;Mobile Pay;2026/01/03;Sarah Mokoena
T08054;S005;Midrand;C1410;Guest;P0010;Cotton T-Shirt;Clothing;1;249.99;249.99;Mobile Pay;2026/01/29;Sophie Mthembu
T08055;S005;Midrand;C0643;Member;P0020;Table Lamp;Home & Decor;5;699.99;3499.95;Mobile Pay;2026/05/19;Emma Nkosi
T08056;S005;Midrand;C0319;Guest;P0017;Face Moisturiser;Beauty;1;249.99;249.99;Cash;2026/04/15;Jessica Naidoo
T08057;S005;Midrand;C1843;Member;P0018;Perfume;Beauty;1;899.99;899.99;Bank Transfer;2026/01/15;Emma Nkosi
T08058;S005;Midrand;C2996;Member;P0003;Smart Watch;Electronics;4;1299.99;5199.96;Card;2026/03/31;Michael Williams
T08059;S005;Midrand;C0926;Member;P0009;Electric Kettle;Appliances;5;499.99;2499.95;Cash;2026/01/08;Jessica Naidoo
T08060;S005;Midrand;C1766;Guest;P0006;Coffee Maker;Appliances;3;1299.99;3899.97;Bank Transfer;2026/04/10;James Botha
T08061;S005;Midrand;C1509;Guest;P0009;Electric Kettle;Appliances;1;499.99;499.99;Card;2026/04/07;Sarah Mokoena
T08062;S005;Midrand;C0886;Guest;P0021;Cushion Set;Home & Decor;1;299.99;299.99;Mobile Pay;2026/06/26;Emma Nkosi
T08063;S005;Midrand;C2998;Guest;P0014;Yoga Mat;Sportswear;5;399.99;1999.95;Cash;2026/05/08;James Botha
T08064;S005;Midrand;C1728;Member;P0017;Face Moisturiser;Beauty;6;249.99;1499.94;Mobile Pay;2026/04/13;Jessica Naidoo
T08065;S005;Midrand;C0631;Guest;P0013;Running Shoes;Sportswear;3;1499.5;4498.5;Bank Transfer;2026/05/09;Noah Pillay
T08066;S005;Midrand;C1766;Member;P0004;USB-C Charger;Electronics;4;299.99;1199.96;Bank Transfer;2026/06/28;Liam Jacobs
T08067;S005;Midrand;C1232;Member;P0021;Cushion Set;Home & Decor;4;299.99;1199.96;Mobile Pay;2026/06/23;Liam Jacobs
T08068;S005;Midrand;C2022;Member;P0013;Running Shoes;Sportswear;5;1499.5;7497.5;Card;2026/03/02;Liam Jacobs
T08069;S005;Midrand;C2905;Member;P0002;Bluetooth Speaker;Electronics;6;649.99;3899.94;Bank Transfer;2026/03/31;Noah Pillay
T08070;S005;Midrand;C1562;Member;P0015;Sports Bottle;Sportswear;4;199.99;799.96;Card;2026/04/13;Liam Jacobs
T08071;S005;Midrand;C2619;Member;P0004;USB-C Charger;Electronics;6;299.99;1799.94;Mobile Pay;2026/02/24;Olivia Dlamini
T08072;S005;Midrand;C1213;Guest;P0018;Perfume;Beauty;6;899.99;5399.94;Bank Transfer;2026/06/27;James Botha
T08073;S005;Midrand;C1785;Member;P0011;Denim Jeans;Clothing;5;799.99;3999.95;Bank Transfer;2026/01/03;Daniel Smith
T08074;S005;Midrand;C2845;Member;P0021;Cushion Set;Home & Decor;1;299.99;299.99;Card;2026/01/03;Daniel Smith
T08075;S005;Midrand;C2839;Member;P0022;Cookware Set;Kitchen;1;1599.99;1599.99;Cash;2026/02/06;Jessica Naidoo
T08076;S005;Midrand;C2599;Guest;P0018;Perfume;Beauty;2;899.99;1799.98;Card;2026/04/05;Daniel Smith
T08077;S005;Midrand;C2206;Guest;P0003;Smart Watch;Electronics;1;1299.99;1299.99;Card;2026/01/07;Jessica Naidoo
T08078;S005;Midrand;C1371;Guest;P0003;Smart Watch;Electronics;3;1299.99;3899.97;Mobile Pay;2026/05/30;Daniel Smith
T08079;S005;Midrand;C2697;Member;P0006;Coffee Maker;Appliances;3;1299.99;3899.97;Mobile Pay;2026/03/13;Sophie Mthembu
T08080;S005;Midrand;C2511;Guest;P0012;Hooded Sweatshirt;Clothing;1;599.99;599.99;Card;2026/04/21;Liam Jacobs
T08081;S005;Midrand;C2120;Guest;P0021;Cushion Set;Home & Decor;5;299.99;1499.95;Cash;2026/03/06;James Botha
T08082;S005;Midrand;C2445;Guest;P0022;Cookware Set;Kitchen;4;1599.99;6399.96;Mobile Pay;2026/02/08;Sophie Mthembu
T08083;S005;Midrand;C1126;Member;P0007;Air Fryer;Appliances;3;1799.99;5399.97;Mobile Pay;2026/04/23;Noah Pillay
T08084;S005;Midrand;C1397;Member;P0022;Cookware Set;Kitchen;3;1599.99;4799.97;Card;2026/06/24;James Botha
T08085;S005;Midrand;C2737;Member;P0006;Coffee Maker;Appliances;5;1299.99;6499.95;Bank Transfer;2026/05/17;Daniel Smith
T08086;S005;Midrand;C0957;Member;P0021;Cushion Set;Home & Decor;1;299.99;299.99;Cash;2026/04/10;Michael Williams
T08087;S005;Midrand;C0784;Member;P0013;Running Shoes;Sportswear;1;1499.5;1499.5;Card;2026/05/31;Olivia Dlamini
T08088;S005;Midrand;C1761;Guest;P0013;Running Shoes;Sportswear;1;1499.5;1499.5;Mobile Pay;2026/05/11;Olivia Dlamini
T08089;S005;Midrand;C2429;Member;P0022;Cookware Set;Kitchen;5;1599.99;7999.95;Cash;2026/02/24;Jessica Naidoo
T08090;S005;Midrand;C1492;Guest;P0023;Dinner Plate Set;Kitchen;2;499.99;999.98;Bank Transfer;2026/04/06;Daniel Smith
T08091;S005;Midrand;C0585;Guest;P0012;Hooded Sweatshirt;Clothing;1;599.99;599.99;Mobile Pay;2026/03/25;Olivia Dlamini
T08092;S005;Midrand;C0158;Member;P0013;Running Shoes;Sportswear;4;1499.5;5998.0;Mobile Pay;2026/01/18;Daniel Smith
T08093;S005;Midrand;C1901;Member;P0006;Coffee Maker;Appliances;6;1299.99;7799.94;Mobile Pay;2026/02/21;Sarah Mokoena
T08094;S005;Midrand;C0970;Member;P0007;Air Fryer;Appliances;2;1799.99;3599.98;Card;2026/05/24;Emma Nkosi
T08095;S005;Midrand;C1977;Guest;P0003;Smart Watch;Electronics;5;1299.99;6499.95;Card;2026/05/09;Daniel Smith
T08096;S005;Midrand;C1648;Member;P0018;Perfume;Beauty;5;899.99;4499.95;Bank Transfer;2026/03/05;Daniel Smith
T08097;S005;Midrand;C0157;Guest;P0005;Laptop Backpack;Accessories;6;549.99;3299.94;Card;2026/03/11;Sophie Mthembu
T08098;S005;Midrand;C1499;Member;P0006;Coffee Maker;Appliances;3;1299.99;3899.97;Card;2026/06/27;Emma Nkosi
T08099;S005;Midrand;C0113;Member;P0003;Smart Watch;Electronics;5;1299.99;6499.95;Cash;2026/06/01;Liam Jacobs
T08100;S005;Midrand;C2352;Member;P0013;Running Shoes;Sportswear;4;1499.5;5998.0;Card;2026/03/24;Emma Nkosi
T08101;S005;Midrand;C1006;Guest;P0005;Laptop Backpack;Accessories;6;549.99;3299.94;Card;2026/04/20;Sarah Mokoena
T08102;S005;Midrand;C1814;Member;P0020;Table Lamp;Home & Decor;5;699.99;3499.95;Cash;2026/01/02;Michael Williams
T08103;S005;Midrand;C0992;Member;P0019;Throw Blanket;Home & Decor;6;449.99;2699.94;Mobile Pay;2026/06/19;Emma Nkosi
T08104;S005;Midrand;C0826;Member;P0018;Perfume;Beauty;6;899.99;5399.94;Cash;2026/03/31;Emma Nkosi
T08105;S005;Midrand;C0477;Guest;P0002;Bluetooth Speaker;Electronics;4;649.99;2599.96;Card;2026/05/31;Liam Jacobs
T08106;S005;Midrand;C0326;Guest;P0010;Cotton T-Shirt;Clothing;4;249.99;999.96;Bank Transfer;2026/01/31;Sarah Mokoena
T08107;S005;Midrand;C0263;Member;P0022;Cookware Set;Kitchen;4;1599.99;6399.96;Cash;2026/03/10;Noah Pillay
T08108;S005;Midrand;C1146;Guest;P0004;USB-C Charger;Electronics;5;299.99;1499.95;Card;2026/01/17;Jessica Naidoo
T08109;S005;Midrand;C0681;Member;P0022;Cookware Set;Kitchen;3;1599.99;4799.97;Mobile Pay;2026/03/13;Olivia Dlamini
T08110;S005;Midrand;C0773;Guest;P0001;Wireless Headphones;Electronics;1;899.99;899.99;Cash;2026/04/20;Liam Jacobs
T08111;S005;Midrand;C0063;Member;P0007;Air Fryer;Appliances;4;1799.99;7199.96;Cash;2026/05/12;Liam Jacobs
T08112;S005;Midrand;C2829;Member;P0025;Novel Book;Books;3;199.99;599.97;Bank Transfer;2026/04/27;Michael Williams
T08113;S005;Midrand;C1344;Member;P0013;Running Shoes;Sportswear;4;1499.5;5998.0;Cash;2026/04/26;Daniel Smith
T08114;S005;Midrand;C2396;Member;P0020;Table Lamp;Home & Decor;3;699.99;2099.97;Mobile Pay;2026/01/15;Daniel Smith
T08115;S005;Midrand;C2107;Guest;P0003;Smart Watch;Electronics;2;1299.99;2599.98;Bank Transfer;2026/05/17;Sarah Mokoena
T08116;S005;Midrand;C2408;Member;P0004;USB-C Charger;Electronics;4;299.99;1199.96;Card;2026/05/05;Daniel Smith
T08117;S005;Midrand;C1224;Guest;P0006;Coffee Maker;Appliances;4;1299.99;5199.96;Cash;2026/03/14;Liam Jacobs
T08118;S005;Midrand;C0299;Guest;P0020;Table Lamp;Home & Decor;2;699.99;1399.98;Cash;2026/06/05;Michael Williams
T08119;S005;Midrand;C0545;Member;P0024;Storage Container Set;Kitchen;1;349.99;349.99;Card;2026/01/18;Sophie Mthembu
T08120;S005;Midrand;C1588;Member;P0015;Sports Bottle;Sportswear;5;199.99;999.95;Card;2026/04/02;James Botha
T08121;S005;Midrand;C0276;Guest;P0015;Sports Bottle;Sportswear;3;199.99;599.97;Mobile Pay;2026/05/10;Sarah Mokoena
T08122;S005;Midrand;C1396;Member;P0008;Blender;Appliances;2;899.99;1799.98;Mobile Pay;2026/04/23;Sarah Mokoena
T08123;S005;Midrand;C0485;Member;P0022;Cookware Set;Kitchen;5;1599.99;7999.95;Bank Transfer;2026/04/24;Emma Nkosi
T08124;S005;Midrand;C0386;Guest;P0002;Bluetooth Speaker;Electronics;6;649.99;3899.94;Mobile Pay;2026/02/13;Olivia Dlamini
T08125;S005;Midrand;C2233;Guest;P0003;Smart Watch;Electronics;5;1299.99;6499.95;Card;2026/04/05;Michael Williams
T08126;S005;Midrand;C2963;Member;P0023;Dinner Plate Set;Kitchen;3;499.99;1499.97;Mobile Pay;2026/02/15;Olivia Dlamini
T08127;S005;Midrand;C0294;Member;P0011;Denim Jeans;Clothing;6;799.99;4799.94;Cash;2026/01/26;Daniel Smith
T08128;S005;Midrand;C0523;Guest;P0012;Hooded Sweatshirt;Clothing;6;599.99;3599.94;Mobile Pay;2026/01/22;James Botha
T08129;S005;Midrand;C1494;Guest;P0024;Storage Container Set;Kitchen;4;349.99;1399.96;Mobile Pay;2026/03/15;Sarah Mokoena
T08130;S005;Midrand;C2653;Member;P0011;Denim Jeans;Clothing;1;799.99;799.99;Mobile Pay;2026/04/10;Jessica Naidoo
T08131;S005;Midrand;C2911;Member;P0014;Yoga Mat;Sportswear;6;399.99;2399.94;Card;2026/02/14;Daniel Smith
T08132;S005;Midrand;C1767;Guest;P0016;Skincare Set;Beauty;2;599.99;1199.98;Bank Transfer;2026/03/12;Olivia Dlamini
T08133;S005;Midrand;C0958;Guest;P0022;Cookware Set;Kitchen;5;1599.99;7999.95;Cash;2026/04/21;Liam Jacobs
T08134;S005;Midrand;C1015;Member;P0008;Blender;Appliances;1;899.99;899.99;Bank Transfer;2026/06/05;Michael Williams
T08135;S005;Midrand;C2737;Guest;P0023;Dinner Plate Set;Kitchen;2;499.99;999.98;Bank Transfer;2026/02/26;Sophie Mthembu
T08136;S005;Midrand;C0093;Guest;P0009;Electric Kettle;Appliances;6;499.99;2999.94;Card;2026/03/11;Emma Nkosi
T08137;S005;Midrand;C1075;Member;P0003;Smart Watch;Electronics;2;1299.99;2599.98;Mobile Pay;2026/03/04;Emma Nkosi
T08138;S005;Midrand;C0292;Member;P0017;Face Moisturiser;Beauty;2;249.99;499.98;Cash;2026/02/23;Michael Williams
T08139;S005;Midrand;C2904;Guest;P0011;Denim Jeans;Clothing;2;799.99;1599.98;Mobile Pay;2026/06/10;Jessica Naidoo
T08140;S005;Midrand;C0254;Member;P0023;Dinner Plate Set;Kitchen;5;499.99;2499.95;Cash;2026/06/12;Emma Nkosi
T08141;S005;Midrand;C0929;Member;P0002;Bluetooth Speaker;Electronics;2;649.99;1299.98;Cash;2026/02/27;Jessica Naidoo
T08142;S005;Midrand;C2792;Guest;P0018;Perfume;Beauty;1;899.99;899.99;Cash;2026/01/24;Daniel Smith
T08143;S005;Midrand;C1294;Guest;P0020;Table Lamp;Home & Decor;1;699.99;699.99;Cash;2026/04/07;Michael Williams
T08144;S005;Midrand;C2579;Guest;P0015;Sports Bottle;Sportswear;1;199.99;199.99;Cash;2026/04/24;Sophie Mthembu
T08145;S005;Midrand;C1230;Guest;P0020;Table Lamp;Home & Decor;2;699.99;1399.98;Cash;2026/01/27;Daniel Smith
T08146;S005;Midrand;C1563;Member;P0011;Denim Jeans;Clothing;1;799.99;799.99;Mobile Pay;2026/02/23;Jessica Naidoo
T08147;S005;Midrand;C2625;Member;P0007;Air Fryer;Appliances;5;1799.99;8999.95;Bank Transfer;2026/04/17;Sarah Mokoena
T08148;S005;Midrand;C0235;Member;P0024;Storage Container Set;Kitchen;6;349.99;2099.94;Cash;2026/04/10;James Botha
T08149;S005;Midrand;C2016;Member;P0019;Throw Blanket;Home & Decor;3;449.99;1349.97;Mobile Pay;2026/05/12;Emma Nkosi
T08150;S005;Midrand;C1982;Member;P0018;Perfume;Beauty;1;899.99;899.99;Card;2026/04/06;Olivia Dlamini
T08151;S005;Midrand;C2028;Guest;P0012;Hooded Sweatshirt;Clothing;2;599.99;1199.98;Mobile Pay;2026/01/24;James Botha
T08152;S005;Midrand;C1625;Guest;P0001;Wireless Headphones;Electronics;1;899.99;899.99;Cash;2026/06/18;Emma Nkosi
T08153;S005;Midrand;C1992;Guest;P0025;Novel Book;Books;5;199.99;999.95;Card;2026/03/10;Emma Nkosi
T08154;S005;Midrand;C2335;Member;P0016;Skincare Set;Beauty;1;599.99;599.99;Card;2026/03/13;Sarah Mokoena
T08155;S005;Midrand;C2533;Member;P0009;Electric Kettle;Appliances;1;499.99;499.99;Cash;2026/02/06;Sarah Mokoena
T08156;S005;Midrand;C1016;Guest;P0006;Coffee Maker;Appliances;2;1299.99;2599.98;Mobile Pay;2026/01/03;Jessica Naidoo
T08157;S005;Midrand;C0779;Guest;P0010;Cotton T-Shirt;Clothing;5;249.99;1249.95;Card;2026/01/30;Liam Jacobs
T08158;S005;Midrand;C0490;Guest;P0004;USB-C Charger;Electronics;2;299.99;599.98;Card;2026/04/12;Jessica Naidoo
T08159;S005;Midrand;C1269;Guest;P0022;Cookware Set;Kitchen;6;1599.99;9599.94;Cash;2026/04/29;Michael Williams
T08160;S005;Midrand;C2978;Guest;P0007;Air Fryer;Appliances;3;1799.99;5399.97;Card;2026/06/13;Michael Williams
T08161;S005;Midrand;C1509;Member;P0013;Running Shoes;Sportswear;2;1499.5;2999.0;Card;2026/06/14;Olivia Dlamini
T08162;S005;Midrand;C2355;Guest;P0019;Throw Blanket;Home & Decor;6;449.99;2699.94;Mobile Pay;2026/03/11;Michael Williams
T08163;S005;Midrand;C0904;Member;P0024;Storage Container Set;Kitchen;1;349.99;349.99;Mobile Pay;2026/02/21;Emma Nkosi
T08164;S005;Midrand;C0652;Member;P0008;Blender;Appliances;1;899.99;899.99;Card;2026/01/17;Olivia Dlamini
T08165;S005;Midrand;C2132;Guest;P0015;Sports Bottle;Sportswear;6;199.99;1199.94;Cash;2026/03/22;Sophie Mthembu
T08166;S005;Midrand;C1081;Member;P0004;USB-C Charger;Electronics;6;299.99;1799.94;Cash;2026/05/23;Sarah Mokoena
T08167;S005;Midrand;C0581;Member;P0013;Running Shoes;Sportswear;1;1499.5;1499.5;Cash;2026/05/10;Noah Pillay
T08168;S005;Midrand;C0849;Guest;P0025;Novel Book;Books;5;199.99;999.95;Mobile Pay;2026/04/06;James Botha
T08169;S005;Midrand;C1046;Member;P0003;Smart Watch;Electronics;1;1299.99;1299.99;Card;2026/06/17;Sarah Mokoena
T08170;S005;Midrand;C1864;Member;P0022;Cookware Set;Kitchen;4;1599.99;6399.96;Card;2026/01/29;Noah Pillay
T08171;S005;Midrand;C0377;Member;P0024;Storage Container Set;Kitchen;4;349.99;1399.96;Bank Transfer;2026/05/19;Liam Jacobs
T08172;S005;Midrand;C2340;Member;P0004;USB-C Charger;Electronics;5;299.99;1499.95;Cash;2026/03/04;Michael Williams
T08173;S005;Midrand;C1241;Member;P0013;Running Shoes;Sportswear;5;1499.5;7497.5;Bank Transfer;2026/02/17;Daniel Smith
T08174;S005;Midrand;C0827;Member;P0002;Bluetooth Speaker;Electronics;4;649.99;2599.96;Card;2026/05/20;Michael Williams
T08175;S005;Midrand;C2070;Guest;P0019;Throw Blanket;Home & Decor;2;449.99;899.98;Bank Transfer;2026/06/12;Emma Nkosi
T08176;S005;Midrand;C0873;Member;P0010;Cotton T-Shirt;Clothing;2;249.99;499.98;Cash;2026/03/18;Sarah Mokoena
T08177;S005;Midrand;C2483;Member;P0010;Cotton T-Shirt;Clothing;2;249.99;499.98;Card;2026/02/18;James Botha
T08178;S005;Midrand;C1027;Member;P0001;Wireless Headphones;Electronics;6;899.99;5399.94;Bank Transfer;2026/05/07;Daniel Smith
T08179;S005;Midrand;C0823;Guest;P0023;Dinner Plate Set;Kitchen;2;499.99;999.98;Cash;2026/01/11;Noah Pillay
T08180;S005;Midrand;C0794;Member;P0015;Sports Bottle;Sportswear;1;199.99;199.99;Card;2026/06/24;Sarah Mokoena
T08181;S005;Midrand;C1750;Guest;P0001;Wireless Headphones;Electronics;6;899.99;5399.94;Mobile Pay;2026/04/16;Sophie Mthembu
T08182;S005;Midrand;C1540;Member;P0005;Laptop Backpack;Accessories;4;549.99;2199.96;Mobile Pay;2026/01/20;Liam Jacobs
T08183;S005;Midrand;C1359;Member;P0002;Bluetooth Speaker;Electronics;4;649.99;2599.96;Bank Transfer;2026/04/04;Emma Nkosi
T08184;S005;Midrand;C1230;Guest;P0005;Laptop Backpack;Accessories;6;549.99;3299.94;Cash;2026/02/12;Jessica Naidoo
T08185;S005;Midrand;C0792;Member;P0005;Laptop Backpack;Accessories;3;549.99;1649.97;Card;2026/02/27;Daniel Smith
T08186;S005;Midrand;C1712;Member;P0025;Novel Book;Books;1;199.99;199.99;Cash;2026/05/18;Sarah Mokoena
T08187;S005;Midrand;C0222;Member;P0013;Running Shoes;Sportswear;1;1499.5;1499.5;Bank Transfer;2026/01/06;Jessica Naidoo
T08188;S005;Midrand;C1581;Guest;P0018;Perfume;Beauty;2;899.99;1799.98;Card;2026/03/02;Daniel Smith
T08189;S005;Midrand;C1792;Guest;P0010;Cotton T-Shirt;Clothing;5;249.99;1249.95;Cash;2026/04/19;Liam Jacobs
T08190;S005;Midrand;C0490;Member;P0006;Coffee Maker;Appliances;3;1299.99;3899.97;Mobile Pay;2026/01/08;Michael Williams
T08191;S005;Midrand;C1073;Guest;P0008;Blender;Appliances;4;899.99;3599.96;Card;2026/03/20;Emma Nkosi
T08192;S005;Midrand;C0928;Member;P0007;Air Fryer;Appliances;6;1799.99;10799.94;Bank Transfer;2026/01/18;James Botha
T08193;S005;Midrand;C1002;Member;P0004;USB-C Charger;Electronics;1;299.99;299.99;Card;2026/05/28;James Botha
T08194;S005;Midrand;C2186;Member;P0012;Hooded Sweatshirt;Clothing;1;599.99;599.99;Mobile Pay;2026/02/20;Sarah Mokoena
T08195;S005;Midrand;C0176;Member;P0014;Yoga Mat;Sportswear;4;399.99;1599.96;Mobile Pay;2026/03/08;Jessica Naidoo
T08196;S005;Midrand;C0566;Guest;P0011;Denim Jeans;Clothing;3;799.99;2399.97;Mobile Pay;2026/02/01;Noah Pillay
T08197;S005;Midrand;C2201;Member;P0023;Dinner Plate Set;Kitchen;2;499.99;999.98;Bank Transfer;2026/06/18;Daniel Smith
T08198;S005;Midrand;C0172;Member;P0024;Storage Container Set;Kitchen;3;349.99;1049.97;Card;2026/02/21;Liam Jacobs
T08199;S005;Midrand;C0906;Member;P0018;Perfume;Beauty;3;899.99;2699.97;Card;2026/05/12;Olivia Dlamini
T08200;S005;Midrand;C1284;Member;P0024;Storage Container Set;Kitchen;4;349.99;1399.96;Card;2026/01/08;Emma Nkosi
T08201;S005;Midrand;C2872;Member;P0016;Skincare Set;Beauty;5;599.99;2999.95;Bank Transfer;2026/06/19;Olivia Dlamini
T08202;S005;Midrand;C2023;Member;P0013;Running Shoes;Sportswear;3;1499.5;4498.5;Bank Transfer;2026/03/20;Liam Jacobs
T08203;S005;Midrand;C2294;Member;P0018;Perfume;Beauty;6;899.99;5399.94;Mobile Pay;2026/06/05;Emma Nkosi
T08204;S005;Midrand;C2169;Guest;P0004;USB-C Charger;Electronics;3;299.99;899.97;Card;2026/02/07;Liam Jacobs
T08205;S005;Midrand;C2089;Guest;P0022;Cookware Set;Kitchen;3;1599.99;4799.97;Cash;2026/01/19;Jessica Naidoo
T08206;S005;Midrand;C0125;Member;P0025;Novel Book;Books;3;199.99;599.97;Mobile Pay;2026/02/15;Noah Pillay
T08207;S005;Midrand;C0164;Guest;P0011;Denim Jeans;Clothing;1;799.99;799.99;Card;2026/04/09;Liam Jacobs
T08208;S005;Midrand;C2616;Member;P0024;Storage Container Set;Kitchen;1;349.99;349.99;Bank Transfer;2026/03/26;Jessica Naidoo
T08209;S005;Midrand;C2782;Guest;P0005;Laptop Backpack;Accessories;2;549.99;1099.98;Mobile Pay;2026/06/29;Emma Nkosi
T08210;S005;Midrand;C0523;Member;P0004;USB-C Charger;Electronics;5;299.99;1499.95;Cash;2026/02/01;Michael Williams
T08211;S005;Midrand;C0768;Member;P0017;Face Moisturiser;Beauty;3;249.99;749.97;Cash;2026/03/25;Sarah Mokoena
T08212;S005;Midrand;C2773;Guest;P0005;Laptop Backpack;Accessories;5;549.99;2749.95;Bank Transfer;2026/06/24;Michael Williams
T08213;S005;Midrand;C2754;Member;P0011;Denim Jeans;Clothing;1;799.99;799.99;Card;2026/05/07;Liam Jacobs
T08214;S005;Midrand;C0895;Member;P0019;Throw Blanket;Home & Decor;2;449.99;899.98;Cash;2026/06/20;Daniel Smith
T08215;S005;Midrand;C1023;Guest;P0013;Running Shoes;Sportswear;1;1499.5;1499.5;Bank Transfer;2026/06/30;Noah Pillay
T08216;S005;Midrand;C1283;Member;P0016;Skincare Set;Beauty;4;599.99;2399.96;Bank Transfer;2026/02/21;Michael Williams
T08217;S005;Midrand;C1827;Member;P0019;Throw Blanket;Home & Decor;4;449.99;1799.96;Cash;2026/06/11;Noah Pillay
T08218;S005;Midrand;C0279;Member;P0001;Wireless Headphones;Electronics;3;899.99;2699.97;Cash;2026/06/11;Emma Nkosi
T08219;S005;Midrand;C2355;Guest;P0008;Blender;Appliances;2;899.99;1799.98;Cash;2026/05/29;Michael Williams
T08220;S005;Midrand;C0517;Member;P0019;Throw Blanket;Home & Decor;4;449.99;1799.96;Mobile Pay;2026/03/27;Liam Jacobs
T08221;S005;Midrand;C1300;Member;P0015;Sports Bottle;Sportswear;4;199.99;799.96;Cash;2026/03/21;Noah Pillay
T08222;S005;Midrand;C1548;Member;P0010;Cotton T-Shirt;Clothing;2;249.99;499.98;Cash;2026/01/24;Daniel Smith
T08223;S005;Midrand;C2561;Member;P0016;Skincare Set;Beauty;4;599.99;2399.96;Cash;2026/01/14;Jessica Naidoo
T08224;S005;Midrand;C2513;Member;P0007;Air Fryer;Appliances;6;1799.99;10799.94;Card;2026/05/15;Daniel Smith
T08225;S005;Midrand;C0872;Guest;P0021;Cushion Set;Home & Decor;2;299.99;599.98;Card;2026/04/09;James Botha
T08226;S005;Midrand;C1476;Guest;P0017;Face Moisturiser;Beauty;2;249.99;499.98;Bank Transfer;2026/05/28;Emma Nkosi
T08227;S005;Midrand;C0169;Guest;P0008;Blender;Appliances;4;899.99;3599.96;Mobile Pay;2026/02/19;Daniel Smith
T08228;S005;Midrand;C1964;Guest;P0010;Cotton T-Shirt;Clothing;5;249.99;1249.95;Mobile Pay;2026/02/09;James Botha
T08229;S005;Midrand;C2520;Member;P0007;Air Fryer;Appliances;2;1799.99;3599.98;Mobile Pay;2026/01/20;Sophie Mthembu
T08230;S005;Midrand;C2484;Member;P0017;Face Moisturiser;Beauty;4;249.99;999.96;Bank Transfer;2026/02/24;Emma Nkosi
T08231;S005;Midrand;C2654;Member;P0004;USB-C Charger;Electronics;1;299.99;299.99;Bank Transfer;2026/03/27;Noah Pillay
T08232;S005;Midrand;C2558;Member;P0024;Storage Container Set;Kitchen;1;349.99;349.99;Mobile Pay;2026/01/19;Michael Williams
T08233;S005;Midrand;C0193;Member;P0015;Sports Bottle;Sportswear;5;199.99;999.95;Cash;2026/02/15;Noah Pillay
T08234;S005;Midrand;C2161;Guest;P0004;USB-C Charger;Electronics;3;299.99;899.97;Mobile Pay;2026/06/16;Jessica Naidoo
T08235;S005;Midrand;C1752;Member;P0015;Sports Bottle;Sportswear;6;199.99;1199.94;Bank Transfer;2026/06/21;Olivia Dlamini
T08236;S005;Midrand;C0849;Member;P0023;Dinner Plate Set;Kitchen;6;499.99;2999.94;Card;2026/01/27;Olivia Dlamini
T08237;S005;Midrand;C2032;Member;P0022;Cookware Set;Kitchen;2;1599.99;3199.98;Card;2026/06/18;Sarah Mokoena
T08238;S005;Midrand;C0407;Member;P0008;Blender;Appliances;2;899.99;1799.98;Card;2026/01/09;Sarah Mokoena
T08239;S005;Midrand;C0143;Guest;P0008;Blender;Appliances;4;899.99;3599.96;Card;2026/05/01;Sarah Mokoena
T08240;S005;Midrand;C2242;Member;P0001;Wireless Headphones;Electronics;3;899.99;2699.97;Mobile Pay;2026/05/04;Jessica Naidoo
T08241;S005;Midrand;C2268;Member;P0024;Storage Container Set;Kitchen;5;349.99;1749.95;Mobile Pay;2026/04/23;Emma Nkosi
T08242;S005;Midrand;C1574;Member;P0014;Yoga Mat;Sportswear;1;399.99;399.99;Mobile Pay;2026/04/09;Emma Nkosi
T08243;S005;Midrand;C0854;Member;P0009;Electric Kettle;Appliances;2;499.99;999.98;Mobile Pay;2026/04/25;James Botha
T08244;S005;Midrand;C1189;Member;P0002;Bluetooth Speaker;Electronics;6;649.99;3899.94;Bank Transfer;2026/05/31;Sarah Mokoena
T08245;S005;Midrand;C1764;Member;P0014;Yoga Mat;Sportswear;3;399.99;1199.97;Card;2026/06/10;Jessica Naidoo
T08246;S005;Midrand;C1212;Member;P0025;Novel Book;Books;5;199.99;999.95;Bank Transfer;2026/02/27;Liam Jacobs
T08247;S005;Midrand;C2885;Member;P0003;Smart Watch;Electronics;1;1299.99;1299.99;Mobile Pay;2026/01/01;Olivia Dlamini
T08248;S005;Midrand;C1387;Guest;P0022;Cookware Set;Kitchen;3;1599.99;4799.97;Card;2026/02/26;Emma Nkosi
T08249;S005;Midrand;C1614;Guest;P0004;USB-C Charger;Electronics;1;299.99;299.99;Bank Transfer;2026/03/15;Noah Pillay
T08250;S005;Midrand;C0937;Member;P0012;Hooded Sweatshirt;Clothing;1;599.99;599.99;Card;2026/06/28;Jessica Naidoo
T08251;S005;Midrand;C2681;Member;P0006;Coffee Maker;Appliances;6;1299.99;7799.94;Cash;2026/03/15;Noah Pillay
T08252;S005;Midrand;C1851;Member;P0001;Wireless Headphones;Electronics;4;899.99;3599.96;Cash;2026/01/31;Liam Jacobs
T08253;S005;Midrand;C2697;Guest;P0021;Cushion Set;Home & Decor;1;299.99;299.99;Card;2026/05/18;Sarah Mokoena
T08254;S005;Midrand;C1101;Member;P0004;USB-C Charger;Electronics;3;299.99;899.97;Bank Transfer;2026/03/18;Sarah Mokoena
T08255;S005;Midrand;C2268;Member;P0021;Cushion Set;Home & Decor;3;299.99;899.97;Cash;2026/02/20;Liam Jacobs
T08256;S005;Midrand;C2951;Member;P0014;Yoga Mat;Sportswear;4;399.99;1599.96;Bank Transfer;2026/06/17;Emma Nkosi
T08257;S005;Midrand;C2599;Member;P0005;Laptop Backpack;Accessories;5;549.99;2749.95;Bank Transfer;2026/04/07;Michael Williams
T08258;S005;Midrand;C1148;Member;P0018;Perfume;Beauty;6;899.99;5399.94;Mobile Pay;2026/01/30;Michael Williams
T08259;S005;Midrand;C2429;Member;P0008;Blender;Appliances;6;899.99;5399.94;Card;2026/02/02;Sarah Mokoena
T08260;S005;Midrand;C0384;Member;P0014;Yoga Mat;Sportswear;5;399.99;1999.95;Cash;2026/05/17;Jessica Naidoo
T08261;S005;Midrand;C2890;Guest;P0016;Skincare Set;Beauty;5;599.99;2999.95;Mobile Pay;2026/01/15;Noah Pillay
T08262;S005;Midrand;C2955;Guest;P0008;Blender;Appliances;1;899.99;899.99;Card;2026/02/28;Noah Pillay
T08263;S005;Midrand;C0790;Member;P0023;Dinner Plate Set;Kitchen;2;499.99;999.98;Bank Transfer;2026/02/20;James Botha
T08264;S005;Midrand;C0401;Guest;P0011;Denim Jeans;Clothing;1;799.99;799.99;Bank Transfer;2026/01/28;Liam Jacobs
T08265;S005;Midrand;C1799;Guest;P0014;Yoga Mat;Sportswear;2;399.99;799.98;Cash;2026/04/26;James Botha
T08266;S005;Midrand;C0054;Member;P0020;Table Lamp;Home & Decor;1;699.99;699.99;Bank Transfer;2026/03/08;Sarah Mokoena
T08267;S005;Midrand;C1688;Member;P0010;Cotton T-Shirt;Clothing;1;249.99;249.99;Bank Transfer;2026/01/21;Olivia Dlamini
T08268;S005;Midrand;C0153;Guest;P0009;Electric Kettle;Appliances;6;499.99;2999.94;Card;2026/05/14;Jessica Naidoo
T08269;S005;Midrand;C2376;Guest;P0012;Hooded Sweatshirt;Clothing;2;599.99;1199.98;Card;2026/04/12;Daniel Smith
T08270;S005;Midrand;C0264;Member;P0019;Throw Blanket;Home & Decor;6;449.99;2699.94;Bank Transfer;2026/01/27;Liam Jacobs
T08271;S005;Midrand;C2181;Member;P0021;Cushion Set;Home & Decor;5;299.99;1499.95;Card;2026/02/09;Emma Nkosi
T08272;S005;Midrand;C0840;Member;P0001;Wireless Headphones;Electronics;3;899.99;2699.97;Cash;2026/01/11;Daniel Smith
T08273;S005;Midrand;C0659;Guest;P0023;Dinner Plate Set;Kitchen;1;499.99;499.99;Cash;2026/03/17;James Botha
T08274;S005;Midrand;C2527;Member;P0001;Wireless Headphones;Electronics;4;899.99;3599.96;Cash;2026/03/21;Daniel Smith
T08275;S005;Midrand;C1915;Guest;P0006;Coffee Maker;Appliances;1;1299.99;1299.99;Cash;2026/04/02;Michael Williams
T08276;S005;Midrand;C0880;Member;P0019;Throw Blanket;Home & Decor;5;449.99;2249.95;Cash;2026/03/24;Michael Williams
T08277;S005;Midrand;C2506;Member;P0010;Cotton T-Shirt;Clothing;4;249.99;999.96;Cash;2026/06/28;Emma Nkosi
T08278;S005;Midrand;C2767;Member;P0013;Running Shoes;Sportswear;1;1499.5;1499.5;Card;2026/02/08;Jessica Naidoo
T08279;S005;Midrand;C0990;Member;P0011;Denim Jeans;Clothing;5;799.99;3999.95;Card;2026/05/17;Sarah Mokoena
T08280;S005;Midrand;C2398;Member;P0011;Denim Jeans;Clothing;4;799.99;3199.96;Cash;2026/03/12;Liam Jacobs
T08281;S005;Midrand;C1196;Member;P0025;Novel Book;Books;5;199.99;999.95;Card;2026/06/18;Sarah Mokoena
T08282;S005;Midrand;C1535;Member;P0021;Cushion Set;Home & Decor;2;299.99;599.98;Cash;2026/04/04;Sarah Mokoena
T08283;S005;Midrand;C0725;Member;P0022;Cookware Set;Kitchen;2;1599.99;3199.98;Mobile Pay;2026/02/08;Liam Jacobs
T08284;S005;Midrand;C0641;Member;P0018;Perfume;Beauty;4;899.99;3599.96;Card;2026/01/04;Sarah Mokoena
T08285;S005;Midrand;C1277;Member;P0009;Electric Kettle;Appliances;1;499.99;499.99;Cash;2026/04/21;Sarah Mokoena
T08286;S005;Midrand;C1318;Guest;P0004;USB-C Charger;Electronics;3;299.99;899.97;Bank Transfer;2026/03/12;James Botha
T08287;S005;Midrand;C0718;Member;P0022;Cookware Set;Kitchen;6;1599.99;9599.94;Card;2026/03/20;Sarah Mokoena
T08288;S005;Midrand;C2620;Member;P0013;Running Shoes;Sportswear;4;1499.5;5998.0;Bank Transfer;2026/01/27;Sophie Mthembu
T08289;S005;Midrand;C0624;Guest;P0011;Denim Jeans;Clothing;6;799.99;4799.94;Mobile Pay;2026/04/09;Noah Pillay
T08290;S005;Midrand;C2846;Member;P0016;Skincare Set;Beauty;6;599.99;3599.94;Mobile Pay;2026/03/14;Michael Williams
T08291;S005;Midrand;C2830;Guest;P0003;Smart Watch;Electronics;6;1299.99;7799.94;Bank Transfer;2026/06/28;Liam Jacobs
T08292;S005;Midrand;C2594;Member;P0009;Electric Kettle;Appliances;3;499.99;1499.97;Cash;2026/04/17;Jessica Naidoo
T08293;S005;Midrand;C2205;Member;P0018;Perfume;Beauty;3;899.99;2699.97;Bank Transfer;2026/01/06;Daniel Smith
T08294;S005;Midrand;C1250;Member;P0016;Skincare Set;Beauty;1;599.99;599.99;Mobile Pay;2026/01/01;Michael Williams
T08295;S005;Midrand;C1167;Member;P0002;Bluetooth Speaker;Electronics;3;649.99;1949.97;Cash;2026/05/26;Noah Pillay
T08296;S005;Midrand;C2169;Guest;P0010;Cotton T-Shirt;Clothing;5;249.99;1249.95;Mobile Pay;2026/02/22;Sophie Mthembu
T08297;S005;Midrand;C2405;Member;P0013;Running Shoes;Sportswear;6;1499.5;8997.0;Cash;2026/06/20;James Botha
T08298;S005;Midrand;C1229;Member;P0011;Denim Jeans;Clothing;3;799.99;2399.97;Bank Transfer;2026/04/12;James Botha
T08299;S005;Midrand;C2969;Member;P0004;USB-C Charger;Electronics;2;299.99;599.98;Cash;2026/04/12;Liam Jacobs
T08300;S005;Midrand;C0554;Guest;P0022;Cookware Set;Kitchen;3;1599.99;4799.97;Mobile Pay;2026/06/09;Daniel Smith
T08301;S005;Midrand;C0031;Member;P0024;Storage Container Set;Kitchen;5;349.99;1749.95;Mobile Pay;2026/03/30;Michael Williams
T08302;S005;Midrand;C1866;Guest;P0025;Novel Book;Books;4;199.99;799.96;Mobile Pay;2026/05/20;Noah Pillay
T08303;S005;Midrand;C2111;Member;P0001;Wireless Headphones;Electronics;1;899.99;899.99;Bank Transfer;2026/01/03;Sophie Mthembu
T08304;S005;Midrand;C2560;Guest;P0013;Running Shoes;Sportswear;3;1499.5;4498.5;Mobile Pay;2026/01/31;Daniel Smith
T08305;S005;Midrand;C0381;Member;P0001;Wireless Headphones;Electronics;2;899.99;1799.98;Bank Transfer;2026/02/27;James Botha
T08306;S005;Midrand;C0630;Member;P0024;Storage Container Set;Kitchen;4;349.99;1399.96;Cash;2026/01/16;Noah Pillay
T08307;S005;Midrand;C0004;Guest;P0011;Denim Jeans;Clothing;2;799.99;1599.98;Mobile Pay;2026/01/27;Emma Nkosi
T08308;S005;Midrand;C1003;Member;P0015;Sports Bottle;Sportswear;3;199.99;599.97;Mobile Pay;2026/02/06;Jessica Naidoo
T08309;S005;Midrand;C1340;Member;P0013;Running Shoes;Sportswear;5;1499.5;7497.5;Card;2026/05/08;Olivia Dlamini
T08310;S005;Midrand;C2446;Guest;P0007;Air Fryer;Appliances;2;1799.99;3599.98;Bank Transfer;2026/03/21;Sophie Mthembu
T08311;S005;Midrand;C1737;Member;P0010;Cotton T-Shirt;Clothing;6;249.99;1499.94;Cash;2026/02/16;Michael Williams
T08312;S005;Midrand;C0041;Guest;P0019;Throw Blanket;Home & Decor;4;449.99;1799.96;Bank Transfer;2026/04/05;Noah Pillay
T08313;S005;Midrand;C1931;Member;P0007;Air Fryer;Appliances;2;1799.99;3599.98;Cash;2026/01/10;Sarah Mokoena
T08314;S005;Midrand;C1551;Member;P0023;Dinner Plate Set;Kitchen;5;499.99;2499.95;Card;2026/02/06;Sarah Mokoena
T08315;S005;Midrand;C0843;Member;P0005;Laptop Backpack;Accessories;1;549.99;549.99;Bank Transfer;2026/05/09;Sarah Mokoena
T08316;S005;Midrand;C2466;Guest;P0007;Air Fryer;Appliances;3;1799.99;5399.97;Bank Transfer;2026/06/30;Olivia Dlamini
T08317;S005;Midrand;C0659;Member;P0011;Denim Jeans;Clothing;1;799.99;799.99;Card;2026/05/12;Sarah Mokoena
T08318;S005;Midrand;C2985;Member;P0012;Hooded Sweatshirt;Clothing;4;599.99;2399.96;Mobile Pay;2026/06/12;Jessica Naidoo
T08319;S005;Midrand;C0880;Guest;P0001;Wireless Headphones;Electronics;5;899.99;4499.95;Mobile Pay;2026/03/28;Emma Nkosi
T08320;S005;Midrand;C1791;Guest;P0010;Cotton T-Shirt;Clothing;2;249.99;499.98;Cash;2026/06/18;Olivia Dlamini
T08321;S005;Midrand;C0401;Guest;P0006;Coffee Maker;Appliances;2;1299.99;2599.98;Mobile Pay;2026/02/18;James Botha
T08322;S005;Midrand;C1577;Member;P0010;Cotton T-Shirt;Clothing;5;249.99;1249.95;Bank Transfer;2026/03/21;Sophie Mthembu
T08323;S005;Midrand;C0052;Member;P0007;Air Fryer;Appliances;2;1799.99;3599.98;Bank Transfer;2026/02/15;Olivia Dlamini
T08324;S005;Midrand;C2141;Member;P0019;Throw Blanket;Home & Decor;2;449.99;899.98;Bank Transfer;2026/03/29;Noah Pillay
T08325;S005;Midrand;C0993;Guest;P0017;Face Moisturiser;Beauty;3;249.99;749.97;Cash;2026/01/09;James Botha
T08326;S005;Midrand;C0590;Guest;P0017;Face Moisturiser;Beauty;3;249.99;749.97;Bank Transfer;2026/04/15;James Botha
T08327;S005;Midrand;C2519;Member;P0008;Blender;Appliances;1;899.99;899.99;Mobile Pay;2026/01/20;Sophie Mthembu
T08328;S005;Midrand;C0568;Member;P0010;Cotton T-Shirt;Clothing;1;249.99;249.99;Cash;2026/06/20;Jessica Naidoo
T08329;S005;Midrand;C1299;Member;P0005;Laptop Backpack;Accessories;2;549.99;1099.98;Cash;2026/01/05;Michael Williams
T08330;S005;Midrand;C2972;Member;P0002;Bluetooth Speaker;Electronics;1;649.99;649.99;Cash;2026/05/26;Sarah Mokoena
T08331;S005;Midrand;C0504;Member;P0017;Face Moisturiser;Beauty;1;249.99;249.99;Bank Transfer;2026/01/29;Liam Jacobs
T08332;S005;Midrand;C1565;Member;P0025;Novel Book;Books;6;199.99;1199.94;Bank Transfer;2026/02/16;Noah Pillay
T08333;S005;Midrand;C2907;Member;P0024;Storage Container Set;Kitchen;1;349.99;349.99;Bank Transfer;2026/01/19;Jessica Naidoo
T08334;S005;Midrand;C0703;Member;P0006;Coffee Maker;Appliances;2;1299.99;2599.98;Card;2026/05/21;Noah Pillay
T08335;S005;Midrand;C1740;Member;P0010;Cotton T-Shirt;Clothing;6;249.99;1499.94;Bank Transfer;2026/06/16;James Botha
T08336;S005;Midrand;C2307;Guest;P0024;Storage Container Set;Kitchen;6;349.99;2099.94;Mobile Pay;2026/03/08;Jessica Naidoo
T08337;S005;Midrand;C2819;Member;P0023;Dinner Plate Set;Kitchen;3;499.99;1499.97;Mobile Pay;2026/01/23;Noah Pillay
T08338;S005;Midrand;C2904;Member;P0010;Cotton T-Shirt;Clothing;6;249.99;1499.94;Cash;2026/02/28;Sophie Mthembu
T08339;S005;Midrand;C1385;Member;P0003;Smart Watch;Electronics;3;1299.99;3899.97;Bank Transfer;2026/05/31;Emma Nkosi
T08340;S005;Midrand;C0178;Member;P0004;USB-C Charger;Electronics;2;299.99;599.98;Mobile Pay;2026/01/27;Emma Nkosi
T08341;S005;Midrand;C1689;Guest;P0025;Novel Book;Books;4;199.99;799.96;Cash;2026/01/04;Daniel Smith
T08342;S005;Midrand;C2202;Member;P0013;Running Shoes;Sportswear;1;1499.5;1499.5;Cash;2026/03/26;Sophie Mthembu
T08343;S005;Midrand;C0338;Member;P0019;Throw Blanket;Home & Decor;1;449.99;449.99;Cash;2026/05/22;Michael Williams
T08344;S005;Midrand;C0839;Member;P0021;Cushion Set;Home & Decor;2;299.99;599.98;Cash;2026/05/23;Michael Williams
T08345;S005;Midrand;C0488;Member;P0021;Cushion Set;Home & Decor;5;299.99;1499.95;Cash;2026/02/04;Emma Nkosi
T08346;S005;Midrand;C0646;Member;P0004;USB-C Charger;Electronics;2;299.99;599.98;Cash;2026/04/16;Noah Pillay
T08347;S005;Midrand;C2365;Member;P0006;Coffee Maker;Appliances;5;1299.99;6499.95;Bank Transfer;2026/04/10;Daniel Smith
T08348;S005;Midrand;C0015;Member;P0006;Coffee Maker;Appliances;1;1299.99;1299.99;Bank Transfer;2026/03/28;Sophie Mthembu
T08349;S005;Midrand;C0904;Guest;P0007;Air Fryer;Appliances;2;1799.99;3599.98;Bank Transfer;2026/04/22;Noah Pillay
T08350;S005;Midrand;C2965;Member;P0006;Coffee Maker;Appliances;3;1299.99;3899.97;Card;2026/02/06;Sophie Mthembu
T08351;S005;Midrand;C1557;Member;P0016;Skincare Set;Beauty;3;599.99;1799.97;Card;2026/01/22;Jessica Naidoo
T08352;S005;Midrand;C1310;Guest;P0011;Denim Jeans;Clothing;4;799.99;3199.96;Cash;2026/06/13;Daniel Smith
T08353;S005;Midrand;C2582;Member;P0019;Throw Blanket;Home & Decor;1;449.99;449.99;Bank Transfer;2026/04/08;Daniel Smith
T08354;S005;Midrand;C1599;Member;P0002;Bluetooth Speaker;Electronics;3;649.99;1949.97;Mobile Pay;2026/01/08;Emma Nkosi
T08355;S005;Midrand;C0182;Member;P0016;Skincare Set;Beauty;2;599.99;1199.98;Cash;2026/06/19;Noah Pillay
T08356;S005;Midrand;C2594;Member;P0024;Storage Container Set;Kitchen;6;349.99;2099.94;Cash;2026/02/24;Sophie Mthembu
T08357;S005;Midrand;C2403;Member;P0008;Blender;Appliances;1;899.99;899.99;Card;2026/05/13;Jessica Naidoo
T08358;S005;Midrand;C1857;Member;P0025;Novel Book;Books;1;199.99;199.99;Mobile Pay;2026/03/12;Sophie Mthembu
T08359;S005;Midrand;C1353;Member;P0016;Skincare Set;Beauty;2;599.99;1199.98;Bank Transfer;2026/06/05;Daniel Smith
T08360;S005;Midrand;C2763;Member;P0007;Air Fryer;Appliances;6;1799.99;10799.94;Cash;2026/02/20;Liam Jacobs
T08361;S005;Midrand;C0170;Guest;P0019;Throw Blanket;Home & Decor;5;449.99;2249.95;Bank Transfer;2026/03/20;James Botha
T08362;S005;Midrand;C1725;Member;P0022;Cookware Set;Kitchen;6;1599.99;9599.94;Mobile Pay;2026/06/08;Sarah Mokoena
T08363;S005;Midrand;C2239;Member;P0010;Cotton T-Shirt;Clothing;5;249.99;1249.95;Mobile Pay;2026/03/13;Olivia Dlamini
T08364;S005;Midrand;C1643;Guest;P0010;Cotton T-Shirt;Clothing;1;249.99;249.99;Cash;2026/05/01;Liam Jacobs
T08365;S005;Midrand;C1639;Guest;P0014;Yoga Mat;Sportswear;6;399.99;2399.94;Cash;2026/06/14;James Botha
T08366;S005;Midrand;C1150;Member;P0018;Perfume;Beauty;6;899.99;5399.94;Bank Transfer;2026/01/26;James Botha
T08367;S005;Midrand;C0525;Member;P0012;Hooded Sweatshirt;Clothing;1;599.99;599.99;Card;2026/03/25;James Botha
T08368;S005;Midrand;C2678;Guest;P0020;Table Lamp;Home & Decor;5;699.99;3499.95;Card;2026/06/17;Sarah Mokoena
T08369;S005;Midrand;C0454;Member;P0015;Sports Bottle;Sportswear;6;199.99;1199.94;Cash;2026/01/11;James Botha
T08370;S005;Midrand;C0052;Member;P0002;Bluetooth Speaker;Electronics;2;649.99;1299.98;Card;2026/06/26;Olivia Dlamini
T08371;S005;Midrand;C1181;Member;P0009;Electric Kettle;Appliances;4;499.99;1999.96;Card;2026/04/26;Michael Williams
T08372;S005;Midrand;C1628;Member;P0007;Air Fryer;Appliances;4;1799.99;7199.96;Mobile Pay;2026/01/30;Sarah Mokoena
T08373;S005;Midrand;C0260;Guest;P0014;Yoga Mat;Sportswear;5;399.99;1999.95;Cash;2026/01/26;Michael Williams
T08374;S005;Midrand;C1987;Member;P0014;Yoga Mat;Sportswear;2;399.99;799.98;Cash;2026/05/17;Liam Jacobs
T08375;S005;Midrand;C2260;Member;P0016;Skincare Set;Beauty;1;599.99;599.99;Card;2026/02/06;Sarah Mokoena
T08376;S005;Midrand;C0778;Member;P0009;Electric Kettle;Appliances;2;499.99;999.98;Card;2026/02/19;James Botha
T08377;S005;Midrand;C2526;Member;P0020;Table Lamp;Home & Decor;5;699.99;3499.95;Card;2026/02/07;Sarah Mokoena
T08378;S005;Midrand;C0924;Guest;P0025;Novel Book;Books;1;199.99;199.99;Mobile Pay;2026/01/31;Michael Williams
T08379;S005;Midrand;C2094;Guest;P0004;USB-C Charger;Electronics;6;299.99;1799.94;Mobile Pay;2026/02/21;Liam Jacobs
T08380;S005;Midrand;C1067;Member;P0008;Blender;Appliances;4;899.99;3599.96;Cash;2026/03/09;Sarah Mokoena
T08381;S005;Midrand;C2577;Guest;P0010;Cotton T-Shirt;Clothing;5;249.99;1249.95;Bank Transfer;2026/04/12;Michael Williams
T08382;S005;Midrand;C0481;Guest;P0020;Table Lamp;Home & Decor;3;699.99;2099.97;Cash;2026/05/27;Sophie Mthembu
T08383;S005;Midrand;C2842;Member;P0005;Laptop Backpack;Accessories;2;549.99;1099.98;Cash;2026/05/21;James Botha
T08384;S005;Midrand;C2842;Guest;P0022;Cookware Set;Kitchen;1;1599.99;1599.99;Card;2026/04/18;Daniel Smith
T08385;S005;Midrand;C2229;Member;P0019;Throw Blanket;Home & Decor;4;449.99;1799.96;Card;2026/06/26;James Botha
T08386;S005;Midrand;C0334;Member;P0002;Bluetooth Speaker;Electronics;6;649.99;3899.94;Bank Transfer;2026/04/18;Noah Pillay
T08387;S005;Midrand;C0011;Member;P0016;Skincare Set;Beauty;2;599.99;1199.98;Card;2026/06/25;Noah Pillay
T08388;S005;Midrand;C0564;Guest;P0001;Wireless Headphones;Electronics;4;899.99;3599.96;Mobile Pay;2026/01/11;Olivia Dlamini
T08389;S005;Midrand;C2131;Member;P0006;Coffee Maker;Appliances;1;1299.99;1299.99;Card;2026/02/07;Olivia Dlamini
T08390;S005;Midrand;C2710;Member;P0022;Cookware Set;Kitchen;6;1599.99;9599.94;Card;2026/06/11;Sarah Mokoena
T08391;S005;Midrand;C0938;Member;P0019;Throw Blanket;Home & Decor;2;449.99;899.98;Cash;2026/01/28;Olivia Dlamini
T08392;S005;Midrand;C2494;Member;P0002;Bluetooth Speaker;Electronics;3;649.99;1949.97;Card;2026/05/29;Liam Jacobs
T08393;S005;Midrand;C2086;Guest;P0022;Cookware Set;Kitchen;4;1599.99;6399.96;Cash;2026/05/24;Noah Pillay
T08394;S005;Midrand;C2791;Member;P0005;Laptop Backpack;Accessories;1;549.99;549.99;Cash;2026/06/13;Sophie Mthembu
T08395;S005;Midrand;C2704;Guest;P0024;Storage Container Set;Kitchen;5;349.99;1749.95;Bank Transfer;2026/06/24;Jessica Naidoo
T08396;S005;Midrand;C1244;Member;P0001;Wireless Headphones;Electronics;3;899.99;2699.97;Card;2026/06/06;Michael Williams
T08397;S005;Midrand;C1560;Member;P0007;Air Fryer;Appliances;4;1799.99;7199.96;Card;2026/05/05;Sophie Mthembu
T08398;S005;Midrand;C0075;Member;P0005;Laptop Backpack;Accessories;6;549.99;3299.94;Bank Transfer;2026/01/05;James Botha
T08399;S005;Midrand;C2527;Guest;P0004;USB-C Charger;Electronics;1;299.99;299.99;Bank Transfer;2026/05/19;Sarah Mokoena
T08400;S005;Midrand;C2370;Member;P0023;Dinner Plate Set;Kitchen;2;499.99;999.98;Bank Transfer;2026/01/11;James Botha
T08401;S005;Midrand;C0563;Member;P0011;Denim Jeans;Clothing;4;799.99;3199.96;Bank Transfer;2026/05/05;Sophie Mthembu
T08402;S005;Midrand;C0263;Member;P0015;Sports Bottle;Sportswear;2;199.99;399.98;Card;2026/01/08;Daniel Smith
T08403;S005;Midrand;C2261;Guest;P0016;Skincare Set;Beauty;5;599.99;2999.95;Cash;2026/05/28;Emma Nkosi
T08404;S005;Midrand;C0032;Guest;P0021;Cushion Set;Home & Decor;5;299.99;1499.95;Card;2026/06/03;Sarah Mokoena
T08405;S005;Midrand;C0483;Guest;P0023;Dinner Plate Set;Kitchen;3;499.99;1499.97;Bank Transfer;2026/02/20;Emma Nkosi
T08406;S005;Midrand;C1843;Member;P0012;Hooded Sweatshirt;Clothing;2;599.99;1199.98;Card;2026/02/25;Liam Jacobs
T08407;S005;Midrand;C1915;Member;P0014;Yoga Mat;Sportswear;2;399.99;799.98;Mobile Pay;2026/06/27;Sarah Mokoena
T08408;S005;Midrand;C1517;Member;P0018;Perfume;Beauty;1;899.99;899.99;Card;2026/02/03;Noah Pillay
T08409;S005;Midrand;C2352;Member;P0009;Electric Kettle;Appliances;6;499.99;2999.94;Bank Transfer;2026/04/04;Daniel Smith
T08410;S005;Midrand;C0967;Member;P0009;Electric Kettle;Appliances;6;499.99;2999.94;Card;2026/02/14;Michael Williams
T08411;S005;Midrand;C2589;Member;P0021;Cushion Set;Home & Decor;1;299.99;299.99;Mobile Pay;2026/05/17;Michael Williams
T08412;S005;Midrand;C2269;Member;P0001;Wireless Headphones;Electronics;1;899.99;899.99;Mobile Pay;2026/06/01;Emma Nkosi
T08413;S005;Midrand;C2295;Member;P0005;Laptop Backpack;Accessories;1;549.99;549.99;Card;2026/06/05;Noah Pillay
T08414;S005;Midrand;C1471;Guest;P0012;Hooded Sweatshirt;Clothing;4;599.99;2399.96;Mobile Pay;2026/04/13;Daniel Smith
T08415;S005;Midrand;C2540;Member;P0012;Hooded Sweatshirt;Clothing;3;599.99;1799.97;Cash;2026/04/12;Sophie Mthembu
T08416;S005;Midrand;C0434;Guest;P0006;Coffee Maker;Appliances;1;1299.99;1299.99;Card;2026/06/27;Sarah Mokoena
T08417;S005;Midrand;C0741;Member;P0016;Skincare Set;Beauty;2;599.99;1199.98;Bank Transfer;2026/05/16;Olivia Dlamini
T08418;S005;Midrand;C2469;Member;P0003;Smart Watch;Electronics;3;1299.99;3899.97;Cash;2026/03/18;Sarah Mokoena
T08419;S005;Midrand;C1335;Guest;P0023;Dinner Plate Set;Kitchen;3;499.99;1499.97;Card;2026/02/05;Jessica Naidoo
T08420;S005;Midrand;C1861;Member;P0005;Laptop Backpack;Accessories;5;549.99;2749.95;Bank Transfer;2026/04/28;Michael Williams
T08421;S005;Midrand;C1150;Guest;P0007;Air Fryer;Appliances;1;1799.99;1799.99;Cash;2026/02/26;Sarah Mokoena
T08422;S005;Midrand;C0805;Member;P0001;Wireless Headphones;Electronics;6;899.99;5399.94;Mobile Pay;2026/05/01;Michael Williams
T08423;S005;Midrand;C1030;Member;P0012;Hooded Sweatshirt;Clothing;2;599.99;1199.98;Bank Transfer;2026/06/02;Olivia Dlamini
T08424;S005;Midrand;C1549;Member;P0019;Throw Blanket;Home & Decor;1;449.99;449.99;Bank Transfer;2026/03/10;Noah Pillay
T08425;S005;Midrand;C0943;Guest;P0012;Hooded Sweatshirt;Clothing;5;599.99;2999.95;Mobile Pay;2026/02/26;Jessica Naidoo
T08426;S005;Midrand;C2741;Member;P0019;Throw Blanket;Home & Decor;1;449.99;449.99;Mobile Pay;2026/02/25;James Botha
T08427;S005;Midrand;C2608;Guest;P0001;Wireless Headphones;Electronics;3;899.99;2699.97;Card;2026/06/27;Daniel Smith
T08428;S005;Midrand;C1584;Member;P0001;Wireless Headphones;Electronics;4;899.99;3599.96;Mobile Pay;2026/06/30;Olivia Dlamini
T08429;S005;Midrand;C0266;Guest;P0021;Cushion Set;Home & Decor;1;299.99;299.99;Card;2026/05/21;Michael Williams
T08430;S005;Midrand;C2781;Member;P0015;Sports Bottle;Sportswear;4;199.99;799.96;Cash;2026/01/09;Emma Nkosi
T08431;S005;Midrand;C1295;Member;P0001;Wireless Headphones;Electronics;4;899.99;3599.96;Bank Transfer;2026/06/06;Emma Nkosi
T08432;S005;Midrand;C0757;Member;P0014;Yoga Mat;Sportswear;1;399.99;399.99;Card;2026/04/20;Jessica Naidoo
T08433;S005;Midrand;C2956;Guest;P0022;Cookware Set;Kitchen;2;1599.99;3199.98;Mobile Pay;2026/06/30;Sarah Mokoena
T08434;S005;Midrand;C1325;Member;P0022;Cookware Set;Kitchen;4;1599.99;6399.96;Cash;2026/03/26;Daniel Smith
T08435;S005;Midrand;C2015;Guest;P0020;Table Lamp;Home & Decor;2;699.99;1399.98;Mobile Pay;2026/01/19;James Botha
T08436;S005;Midrand;C0145;Guest;P0014;Yoga Mat;Sportswear;1;399.99;399.99;Card;2026/06/05;Jessica Naidoo
T08437;S005;Midrand;C1969;Guest;P0022;Cookware Set;Kitchen;2;1599.99;3199.98;Card;2026/01/22;Olivia Dlamini
T08438;S005;Midrand;C0867;Member;P0004;USB-C Charger;Electronics;4;299.99;1199.96;Bank Transfer;2026/01/19;James Botha
T08439;S005;Midrand;C1344;Member;P0022;Cookware Set;Kitchen;5;1599.99;7999.95;Card;2026/03/30;Sarah Mokoena
T08440;S005;Midrand;C2964;Member;P0001;Wireless Headphones;Electronics;4;899.99;3599.96;Mobile Pay;2026/01/13;James Botha
T08441;S005;Midrand;C0445;Member;P0002;Bluetooth Speaker;Electronics;5;649.99;3249.95;Bank Transfer;2026/04/09;Sophie Mthembu
T08442;S005;Midrand;C0588;Member;P0023;Dinner Plate Set;Kitchen;1;499.99;499.99;Bank Transfer;2026/04/24;Jessica Naidoo
T08443;S005;Midrand;C2973;Guest;P0001;Wireless Headphones;Electronics;6;899.99;5399.94;Card;2026/03/07;Jessica Naidoo
T08444;S005;Midrand;C2166;Member;P0007;Air Fryer;Appliances;2;1799.99;3599.98;Mobile Pay;2026/04/01;Olivia Dlamini
T08445;S005;Midrand;C0406;Member;P0008;Blender;Appliances;4;899.99;3599.96;Card;2026/05/20;Noah Pillay
T08446;S005;Midrand;C0011;Guest;P0006;Coffee Maker;Appliances;4;1299.99;5199.96;Mobile Pay;2026/03/31;Sarah Mokoena
T08447;S005;Midrand;C0881;Guest;P0021;Cushion Set;Home & Decor;2;299.99;599.98;Mobile Pay;2026/04/11;Liam Jacobs
T08448;S005;Midrand;C2149;Member;P0025;Novel Book;Books;1;199.99;199.99;Cash;2026/02/23;Olivia Dlamini
T08449;S005;Midrand;C1205;Member;P0005;Laptop Backpack;Accessories;3;549.99;1649.97;Cash;2026/03/10;Jessica Naidoo
T08450;S005;Midrand;C0984;Guest;P0005;Laptop Backpack;Accessories;3;549.99;1649.97;Mobile Pay;2026/04/30;Emma Nkosi
T08451;S005;Midrand;C2961;Guest;P0025;Novel Book;Books;3;199.99;599.97;Card;2026/03/24;Jessica Naidoo
T08452;S005;Midrand;C1559;Member;P0020;Table Lamp;Home & Decor;6;699.99;4199.94;Bank Transfer;2026/03/15;Olivia Dlamini
T08453;S005;Midrand;C0090;Member;P0024;Storage Container Set;Kitchen;5;349.99;1749.95;Card;2026/03/20;Daniel Smith
T08454;S005;Midrand;C0974;Member;P0025;Novel Book;Books;1;199.99;199.99;Cash;2026/03/21;Jessica Naidoo
T08455;S005;Midrand;C2483;Member;P0007;Air Fryer;Appliances;4;1799.99;7199.96;Card;2026/06/15;Olivia Dlamini
T08456;S005;Midrand;C1334;Member;P0017;Face Moisturiser;Beauty;5;249.99;1249.95;Cash;2026/03/21;Jessica Naidoo
T08457;S005;Midrand;C0427;Member;P0007;Air Fryer;Appliances;3;1799.99;5399.97;Cash;2026/01/19;Jessica Naidoo
T08458;S005;Midrand;C1825;Member;P0005;Laptop Backpack;Accessories;3;549.99;1649.97;Mobile Pay;2026/05/16;Sarah Mokoena
T08459;S005;Midrand;C1047;Member;P0008;Blender;Appliances;1;899.99;899.99;Cash;2026/02/19;Michael Williams
T08460;S005;Midrand;C1107;Member;P0025;Novel Book;Books;5;199.99;999.95;Bank Transfer;2026/06/09;Michael Williams
T08461;S005;Midrand;C0546;Member;P0024;Storage Container Set;Kitchen;6;349.99;2099.94;Mobile Pay;2026/02/07;Sophie Mthembu
T08462;S005;Midrand;C2414;Member;P0018;Perfume;Beauty;4;899.99;3599.96;Cash;2026/04/21;Olivia Dlamini
T08463;S005;Midrand;C2104;Member;P0023;Dinner Plate Set;Kitchen;6;499.99;2999.94;Cash;2026/03/13;Noah Pillay
T08464;S005;Midrand;C2312;Member;P0018;Perfume;Beauty;1;899.99;899.99;Card;2026/06/21;James Botha
T08465;S005;Midrand;C2153;Guest;P0012;Hooded Sweatshirt;Clothing;1;599.99;599.99;Mobile Pay;2026/04/24;Jessica Naidoo
T08466;S005;Midrand;C0370;Member;P0010;Cotton T-Shirt;Clothing;5;249.99;1249.95;Mobile Pay;2026/04/19;Daniel Smith
T08467;S005;Midrand;C2630;Guest;P0015;Sports Bottle;Sportswear;6;199.99;1199.94;Bank Transfer;2026/01/15;Michael Williams
T08468;S005;Midrand;C1178;Member;P0007;Air Fryer;Appliances;2;1799.99;3599.98;Bank Transfer;2026/01/01;Sarah Mokoena
T08469;S005;Midrand;C0071;Guest;P0016;Skincare Set;Beauty;4;599.99;2399.96;Mobile Pay;2026/02/27;Emma Nkosi
T08470;S005;Midrand;C1016;Guest;P0014;Yoga Mat;Sportswear;1;399.99;399.99;Mobile Pay;2026/03/20;Emma Nkosi
T08471;S005;Midrand;C0951;Member;P0001;Wireless Headphones;Electronics;1;899.99;899.99;Cash;2026/02/16;Sophie Mthembu
T08472;S005;Midrand;C2954;Member;P0006;Coffee Maker;Appliances;3;1299.99;3899.97;Bank Transfer;2026/03/26;Noah Pillay
T08473;S005;Midrand;C2299;Member;P0002;Bluetooth Speaker;Electronics;1;649.99;649.99;Mobile Pay;2026/01/09;Sophie Mthembu
T08474;S005;Midrand;C2925;Guest;P0014;Yoga Mat;Sportswear;2;399.99;799.98;Mobile Pay;2026/05/12;Michael Williams
T08475;S005;Midrand;C0793;Member;P0023;Dinner Plate Set;Kitchen;6;499.99;2999.94;Card;2026/04/16;Sophie Mthembu
T08476;S005;Midrand;C1392;Guest;P0014;Yoga Mat;Sportswear;5;399.99;1999.95;Mobile Pay;2026/03/28;Emma Nkosi
T08477;S005;Midrand;C0796;Guest;P0019;Throw Blanket;Home & Decor;1;449.99;449.99;Card;2026/04/12;Jessica Naidoo
T08478;S005;Midrand;C0027;Member;P0013;Running Shoes;Sportswear;2;1499.5;2999.0;Card;2026/03/15;Michael Williams
T08479;S005;Midrand;C0392;Guest;P0013;Running Shoes;Sportswear;3;1499.5;4498.5;Bank Transfer;2026/02/25;James Botha
T08480;S005;Midrand;C0783;Guest;P0005;Laptop Backpack;Accessories;4;549.99;2199.96;Mobile Pay;2026/03/20;Olivia Dlamini
T08481;S005;Midrand;C0543;Member;P0018;Perfume;Beauty;3;899.99;2699.97;Card;2026/02/05;Sarah Mokoena
T08482;S005;Midrand;C2618;Member;P0009;Electric Kettle;Appliances;3;499.99;1499.97;Card;2026/02/02;Liam Jacobs
T08483;S005;Midrand;C2869;Member;P0018;Perfume;Beauty;3;899.99;2699.97;Mobile Pay;2026/06/26;Jessica Naidoo
T08484;S005;Midrand;C2627;Member;P0018;Perfume;Beauty;2;899.99;1799.98;Bank Transfer;2026/02/19;Noah Pillay
T08485;S005;Midrand;C2192;Guest;P0004;USB-C Charger;Electronics;1;299.99;299.99;Cash;2026/06/27;Emma Nkosi
T08486;S005;Midrand;C2629;Member;P0004;USB-C Charger;Electronics;3;299.99;899.97;Card;2026/06/13;Sophie Mthembu
T08487;S005;Midrand;C1300;Member;P0024;Storage Container Set;Kitchen;3;349.99;1049.97;Cash;2026/01/19;Sophie Mthembu
T08488;S005;Midrand;C1570;Member;P0011;Denim Jeans;Clothing;3;799.99;2399.97;Mobile Pay;2026/04/10;Liam Jacobs
T08489;S005;Midrand;C0815;Guest;P0004;USB-C Charger;Electronics;6;299.99;1799.94;Cash;2026/02/03;Liam Jacobs
T08490;S005;Midrand;C0135;Member;P0011;Denim Jeans;Clothing;3;799.99;2399.97;Bank Transfer;2026/05/25;Sarah Mokoena
T08491;S005;Midrand;C0855;Member;P0016;Skincare Set;Beauty;1;599.99;599.99;Bank Transfer;2026/03/13;Michael Williams
T08492;S005;Midrand;C0891;Guest;P0010;Cotton T-Shirt;Clothing;2;249.99;499.98;Bank Transfer;2026/01/21;Michael Williams
T08493;S005;Midrand;C1968;Member;P0018;Perfume;Beauty;6;899.99;5399.94;Mobile Pay;2026/03/27;Olivia Dlamini
T08494;S005;Midrand;C2582;Member;P0007;Air Fryer;Appliances;5;1799.99;8999.95;Bank Transfer;2026/04/13;Michael Williams
T08495;S005;Midrand;C1239;Guest;P0018;Perfume;Beauty;1;899.99;899.99;Mobile Pay;2026/06/01;Daniel Smith
T08496;S005;Midrand;C0505;Member;P0022;Cookware Set;Kitchen;4;1599.99;6399.96;Mobile Pay;2026/05/07;Sophie Mthembu
T08497;S005;Midrand;C2902;Member;P0022;Cookware Set;Kitchen;5;1599.99;7999.95;Cash;2026/01/21;Noah Pillay
T08498;S005;Midrand;C2996;Guest;P0001;Wireless Headphones;Electronics;6;899.99;5399.94;Mobile Pay;2026/02/09;Noah Pillay
T08499;S005;Midrand;C2177;Guest;P0010;Cotton T-Shirt;Clothing;1;249.99;249.99;Cash;2026/05/03;Noah Pillay
T08500;S005;Midrand;C2033;Guest;P0019;Throw Blanket;Home & Decor;4;449.99;1799.96;Cash;2026/05/06;Michael Williams
T08501;S005;Midrand;C2549;Member;P0015;Sports Bottle;Sportswear;4;199.99;799.96;Card;2026/04/20;Olivia Dlamini
T08502;S005;Midrand;C1390;Member;P0022;Cookware Set;Kitchen;1;1599.99;1599.99;Bank Transfer;2026/04/07;Noah Pillay
T08503;S005;Midrand;C0699;Member;P0025;Novel Book;Books;2;199.99;399.98;Card;2026/06/27;Sophie Mthembu
T08504;S005;Midrand;C1846;Member;P0021;Cushion Set;Home & Decor;1;299.99;299.99;Bank Transfer;2026/01/16;Sophie Mthembu
T08505;S005;Midrand;C2567;Member;P0010;Cotton T-Shirt;Clothing;3;249.99;749.97;Card;2026/04/11;Jessica Naidoo
T08506;S005;Midrand;C1210;Guest;P0023;Dinner Plate Set;Kitchen;3;499.99;1499.97;Card;2026/02/05;Jessica Naidoo
T08507;S005;Midrand;C2347;Guest;P0010;Cotton T-Shirt;Clothing;5;249.99;1249.95;Bank Transfer;2026/03/10;Emma Nkosi
T08508;S005;Midrand;C0742;Member;P0007;Air Fryer;Appliances;2;1799.99;3599.98;Cash;2026/04/09;Liam Jacobs
T08509;S005;Midrand;C1897;Guest;P0012;Hooded Sweatshirt;Clothing;1;599.99;599.99;Cash;2026/03/02;Sarah Mokoena
T08510;S005;Midrand;C1261;Guest;P0010;Cotton T-Shirt;Clothing;4;249.99;999.96;Mobile Pay;2026/06/21;Emma Nkosi
T08511;S005;Midrand;C0868;Member;P0004;USB-C Charger;Electronics;3;299.99;899.97;Cash;2026/02/22;Michael Williams
T08512;S005;Midrand;C1840;Member;P0020;Table Lamp;Home & Decor;3;699.99;2099.97;Card;2026/06/20;Daniel Smith
T08513;S005;Midrand;C2281;Guest;P0022;Cookware Set;Kitchen;3;1599.99;4799.97;Bank Transfer;2026/01/08;Sarah Mokoena
T08514;S005;Midrand;C2880;Member;P0022;Cookware Set;Kitchen;2;1599.99;3199.98;Mobile Pay;2026/04/15;Sarah Mokoena
T08515;S005;Midrand;C0106;Guest;P0003;Smart Watch;Electronics;3;1299.99;3899.97;Cash;2026/04/19;Olivia Dlamini
T08516;S005;Midrand;C1636;Guest;P0016;Skincare Set;Beauty;2;599.99;1199.98;Card;2026/03/07;Olivia Dlamini
T08517;S005;Midrand;C0771;Member;P0021;Cushion Set;Home & Decor;6;299.99;1799.94;Bank Transfer;2026/06/09;Sophie Mthembu
T08518;S005;Midrand;C1081;Member;P0006;Coffee Maker;Appliances;4;1299.99;5199.96;Bank Transfer;2026/05/30;James Botha
T08519;S005;Midrand;C1279;Guest;P0015;Sports Bottle;Sportswear;3;199.99;599.97;Mobile Pay;2026/06/15;Liam Jacobs
T08520;S005;Midrand;C2837;Member;P0020;Table Lamp;Home & Decor;4;699.99;2799.96;Mobile Pay;2026/03/09;Daniel Smith
T08521;S005;Midrand;C2382;Member;P0008;Blender;Appliances;4;899.99;3599.96;Mobile Pay;2026/02/20;Daniel Smith
T08522;S005;Midrand;C2843;Guest;P0001;Wireless Headphones;Electronics;6;899.99;5399.94;Card;2026/04/04;Daniel Smith
T08523;S005;Midrand;C2372;Guest;P0009;Electric Kettle;Appliances;4;499.99;1999.96;Card;2026/04/19;Michael Williams
T08524;S005;Midrand;C2916;Member;P0025;Novel Book;Books;6;199.99;1199.94;Card;2026/03/06;Olivia Dlamini
T08525;S005;Midrand;C2638;Member;P0001;Wireless Headphones;Electronics;4;899.99;3599.96;Cash;2026/01/30;Daniel Smith
T08526;S005;Midrand;C2390;Guest;P0022;Cookware Set;Kitchen;2;1599.99;3199.98;Bank Transfer;2026/04/24;Sarah Mokoena
T08527;S005;Midrand;C0085;Guest;P0005;Laptop Backpack;Accessories;6;549.99;3299.94;Bank Transfer;2026/03/11;Olivia Dlamini
T08528;S005;Midrand;C0766;Guest;P0010;Cotton T-Shirt;Clothing;1;249.99;249.99;Card;2026/03/02;Olivia Dlamini
T08529;S005;Midrand;C0784;Member;P0005;Laptop Backpack;Accessories;4;549.99;2199.96;Card;2026/03/19;Sarah Mokoena
T08530;S005;Midrand;C0482;Member;P0020;Table Lamp;Home & Decor;1;699.99;699.99;Card;2026/06/20;Sarah Mokoena
T08531;S005;Midrand;C0762;Guest;P0019;Throw Blanket;Home & Decor;1;449.99;449.99;Bank Transfer;2026/02/15;Jessica Naidoo
T08532;S005;Midrand;C2029;Member;P0003;Smart Watch;Electronics;5;1299.99;6499.95;Cash;2026/06/24;Daniel Smith
T08533;S005;Midrand;C1884;Guest;P0010;Cotton T-Shirt;Clothing;2;249.99;499.98;Card;2026/05/10;Jessica Naidoo
T08534;S005;Midrand;C0403;Guest;P0002;Bluetooth Speaker;Electronics;2;649.99;1299.98;Card;2026/02/18;Sophie Mthembu
T08535;S005;Midrand;C0323;Member;P0008;Blender;Appliances;2;899.99;1799.98;Mobile Pay;2026/01/13;Sarah Mokoena
T08536;S005;Midrand;C2989;Member;P0003;Smart Watch;Electronics;2;1299.99;2599.98;Card;2026/03/13;Sophie Mthembu
T08537;S005;Midrand;C2242;Member;P0003;Smart Watch;Electronics;3;1299.99;3899.97;Cash;2026/03/23;Daniel Smith
T08538;S005;Midrand;C2711;Member;P0003;Smart Watch;Electronics;3;1299.99;3899.97;Bank Transfer;2026/05/24;Emma Nkosi
T08539;S005;Midrand;C1265;Member;P0019;Throw Blanket;Home & Decor;6;449.99;2699.94;Bank Transfer;2026/01/24;Emma Nkosi
T08540;S005;Midrand;C0931;Member;P0020;Table Lamp;Home & Decor;1;699.99;699.99;Bank Transfer;2026/05/10;Olivia Dlamini
T08541;S005;Midrand;C1545;Member;P0013;Running Shoes;Sportswear;5;1499.5;7497.5;Bank Transfer;2026/06/05;Olivia Dlamini
T08542;S005;Midrand;C2061;Member;P0011;Denim Jeans;Clothing;1;799.99;799.99;Bank Transfer;2026/04/14;Michael Williams
T08543;S005;Midrand;C1326;Guest;P0012;Hooded Sweatshirt;Clothing;6;599.99;3599.94;Mobile Pay;2026/05/23;Michael Williams
T08544;S005;Midrand;C1381;Member;P0010;Cotton T-Shirt;Clothing;3;249.99;749.97;Card;2026/01/15;Liam Jacobs
T08545;S005;Midrand;C2740;Guest;P0009;Electric Kettle;Appliances;2;499.99;999.98;Mobile Pay;2026/05/21;Emma Nkosi
T08546;S005;Midrand;C2245;Member;P0011;Denim Jeans;Clothing;3;799.99;2399.97;Bank Transfer;2026/04/24;Sophie Mthembu
T08547;S005;Midrand;C0469;Guest;P0004;USB-C Charger;Electronics;2;299.99;599.98;Bank Transfer;2026/01/04;Sarah Mokoena
T08548;S005;Midrand;C2714;Guest;P0018;Perfume;Beauty;6;899.99;5399.94;Mobile Pay;2026/02/13;Michael Williams
T08549;S005;Midrand;C1342;Member;P0011;Denim Jeans;Clothing;5;799.99;3999.95;Card;2026/03/12;Michael Williams
T08550;S005;Midrand;C0246;Member;P0022;Cookware Set;Kitchen;3;1599.99;4799.97;Bank Transfer;2026/03/20;Michael Williams
T08551;S005;Midrand;C1596;Member;P0001;Wireless Headphones;Electronics;6;899.99;5399.94;Cash;2026/02/09;James Botha
T08552;S005;Midrand;C2969;Member;P0015;Sports Bottle;Sportswear;1;199.99;199.99;Bank Transfer;2026/01/23;Emma Nkosi
T08553;S005;Midrand;C1120;Member;P0019;Throw Blanket;Home & Decor;3;449.99;1349.97;Cash;2026/03/22;Sarah Mokoena
T08554;S005;Midrand;C0485;Member;P0019;Throw Blanket;Home & Decor;4;449.99;1799.96;Mobile Pay;2026/06/25;Noah Pillay
T08555;S005;Midrand;C1514;Member;P0021;Cushion Set;Home & Decor;3;299.99;899.97;Card;2026/03/29;Emma Nkosi
T08556;S005;Midrand;C2720;Member;P0007;Air Fryer;Appliances;1;1799.99;1799.99;Bank Transfer;2026/01/03;James Botha
T08557;S005;Midrand;C1972;Guest;P0002;Bluetooth Speaker;Electronics;1;649.99;649.99;Cash;2026/03/29;Sophie Mthembu
T08558;S005;Midrand;C2752;Member;P0021;Cushion Set;Home & Decor;4;299.99;1199.96;Card;2026/05/20;Sophie Mthembu
T08559;S005;Midrand;C0096;Guest;P0003;Smart Watch;Electronics;3;1299.99;3899.97;Bank Transfer;2026/04/09;Liam Jacobs
T08560;S005;Midrand;C2554;Member;P0019;Throw Blanket;Home & Decor;4;449.99;1799.96;Cash;2026/05/22;Emma Nkosi
T08561;S005;Midrand;C1602;Member;P0005;Laptop Backpack;Accessories;2;549.99;1099.98;Card;2026/03/21;Jessica Naidoo
T08562;S005;Midrand;C1982;Member;P0010;Cotton T-Shirt;Clothing;4;249.99;999.96;Mobile Pay;2026/04/14;Olivia Dlamini
T08563;S005;Midrand;C2995;Guest;P0016;Skincare Set;Beauty;1;599.99;599.99;Mobile Pay;2026/04/22;Emma Nkosi
T08564;S005;Midrand;C1015;Member;P0008;Blender;Appliances;5;899.99;4499.95;Cash;2026/06/09;Liam Jacobs
T08565;S005;Midrand;C0446;Member;P0012;Hooded Sweatshirt;Clothing;3;599.99;1799.97;Card;2026/04/01;Sophie Mthembu
T08566;S005;Midrand;C0466;Member;P0005;Laptop Backpack;Accessories;3;549.99;1649.97;Mobile Pay;2026/03/27;Michael Williams
T08567;S005;Midrand;C0053;Member;P0020;Table Lamp;Home & Decor;1;699.99;699.99;Cash;2026/01/18;Emma Nkosi
T08568;S005;Midrand;C2251;Member;P0013;Running Shoes;Sportswear;5;1499.5;7497.5;Card;2026/03/26;Daniel Smith
T08569;S005;Midrand;C0320;Member;P0006;Coffee Maker;Appliances;5;1299.99;6499.95;Bank Transfer;2026/05/25;Michael Williams
T08570;S005;Midrand;C0413;Guest;P0010;Cotton T-Shirt;Clothing;1;249.99;249.99;Bank Transfer;2026/06/12;Noah Pillay
T08571;S005;Midrand;C2959;Member;P0024;Storage Container Set;Kitchen;2;349.99;699.98;Cash;2026/04/08;Olivia Dlamini
T08572;S005;Midrand;C0237;Guest;P0015;Sports Bottle;Sportswear;4;199.99;799.96;Cash;2026/06/22;Michael Williams
T08573;S005;Midrand;C1186;Guest;P0025;Novel Book;Books;2;199.99;399.98;Mobile Pay;2026/01/15;Noah Pillay
T08574;S005;Midrand;C1968;Member;P0006;Coffee Maker;Appliances;2;1299.99;2599.98;Mobile Pay;2026/03/12;Michael Williams
T08575;S005;Midrand;C0207;Member;P0016;Skincare Set;Beauty;5;599.99;2999.95;Card;2026/02/02;Jessica Naidoo
T08576;S005;Midrand;C0294;Member;P0010;Cotton T-Shirt;Clothing;6;249.99;1499.94;Cash;2026/03/16;Liam Jacobs
T08577;S005;Midrand;C2895;Member;P0024;Storage Container Set;Kitchen;4;349.99;1399.96;Cash;2026/05/12;Daniel Smith
T08578;S005;Midrand;C0285;Member;P0012;Hooded Sweatshirt;Clothing;4;599.99;2399.96;Cash;2026/02/12;Emma Nkosi
T08579;S005;Midrand;C1307;Guest;P0004;USB-C Charger;Electronics;3;299.99;899.97;Bank Transfer;2026/04/22;Emma Nkosi
T08580;S005;Midrand;C0438;Member;P0018;Perfume;Beauty;1;899.99;899.99;Mobile Pay;2026/03/09;Sophie Mthembu
T08581;S005;Midrand;C1969;Guest;P0004;USB-C Charger;Electronics;5;299.99;1499.95;Bank Transfer;2026/04/16;Sarah Mokoena
T08582;S005;Midrand;C0385;Guest;P0001;Wireless Headphones;Electronics;6;899.99;5399.94;Mobile Pay;2026/01/31;Olivia Dlamini
T08583;S005;Midrand;C1273;Member;P0008;Blender;Appliances;6;899.99;5399.94;Bank Transfer;2026/04/13;Jessica Naidoo
T08584;S005;Midrand;C1385;Member;P0007;Air Fryer;Appliances;6;1799.99;10799.94;Card;2026/02/23;Jessica Naidoo
T08585;S005;Midrand;C1266;Member;P0021;Cushion Set;Home & Decor;4;299.99;1199.96;Bank Transfer;2026/03/02;James Botha
T08586;S005;Midrand;C0732;Member;P0005;Laptop Backpack;Accessories;6;549.99;3299.94;Mobile Pay;2026/03/18;Daniel Smith
T08587;S005;Midrand;C0794;Member;P0004;USB-C Charger;Electronics;6;299.99;1799.94;Bank Transfer;2026/03/18;Sophie Mthembu
T08588;S005;Midrand;C0586;Member;P0005;Laptop Backpack;Accessories;2;549.99;1099.98;Card;2026/03/20;Michael Williams
T08589;S005;Midrand;C2947;Member;P0025;Novel Book;Books;1;199.99;199.99;Card;2026/01/24;Emma Nkosi
T08590;S005;Midrand;C2010;Member;P0007;Air Fryer;Appliances;6;1799.99;10799.94;Card;2026/06/20;Michael Williams
T08591;S005;Midrand;C0468;Guest;P0005;Laptop Backpack;Accessories;3;549.99;1649.97;Mobile Pay;2026/02/03;Emma Nkosi
T08592;S005;Midrand;C1964;Member;P0011;Denim Jeans;Clothing;4;799.99;3199.96;Card;2026/04/12;Emma Nkosi
T08593;S005;Midrand;C2466;Member;P0025;Novel Book;Books;3;199.99;599.97;Mobile Pay;2026/03/11;Daniel Smith
T08594;S005;Midrand;C1518;Guest;P0017;Face Moisturiser;Beauty;6;249.99;1499.94;Mobile Pay;2026/05/22;Liam Jacobs
T08595;S005;Midrand;C0365;Guest;P0003;Smart Watch;Electronics;4;1299.99;5199.96;Bank Transfer;2026/04/09;Sarah Mokoena
T08596;S005;Midrand;C1871;Member;P0015;Sports Bottle;Sportswear;2;199.99;399.98;Card;2026/02/12;Liam Jacobs
T08597;S005;Midrand;C1695;Guest;P0019;Throw Blanket;Home & Decor;6;449.99;2699.94;Bank Transfer;2026/05/05;Michael Williams
T08598;S005;Midrand;C0782;Member;P0018;Perfume;Beauty;1;899.99;899.99;Cash;2026/05/03;Olivia Dlamini
T08599;S005;Midrand;C1652;Member;P0022;Cookware Set;Kitchen;6;1599.99;9599.94;Card;2026/03/09;James Botha
T08600;S005;Midrand;C0341;Member;P0003;Smart Watch;Electronics;5;1299.99;6499.95;Cash;2026/03/26;Sophie Mthembu
T08601;S005;Midrand;C0317;Guest;P0014;Yoga Mat;Sportswear;5;399.99;1999.95;Mobile Pay;2026/01/16;Michael Williams
T08602;S005;Midrand;C2756;Member;P0013;Running Shoes;Sportswear;3;1499.5;4498.5;Cash;2026/04/02;Liam Jacobs
T08603;S005;Midrand;C0345;Member;P0006;Coffee Maker;Appliances;6;1299.99;7799.94;Mobile Pay;2026/02/22;Emma Nkosi
T08604;S005;Midrand;C1101;Guest;P0016;Skincare Set;Beauty;2;599.99;1199.98;Cash;2026/01/10;Daniel Smith
T08605;S005;Midrand;C2158;Guest;P0020;Table Lamp;Home & Decor;3;699.99;2099.97;Mobile Pay;2026/03/13;James Botha
T08606;S005;Midrand;C1809;Member;P0014;Yoga Mat;Sportswear;6;399.99;2399.94;Bank Transfer;2026/04/07;Daniel Smith
T08607;S005;Midrand;C2817;Member;P0001;Wireless Headphones;Electronics;4;899.99;3599.96;Mobile Pay;2026/02/01;Noah Pillay
T08608;S005;Midrand;C0205;Member;P0020;Table Lamp;Home & Decor;1;699.99;699.99;Cash;2026/04/25;Sarah Mokoena
T08609;S005;Midrand;C2820;Member;P0020;Table Lamp;Home & Decor;4;699.99;2799.96;Mobile Pay;2026/02/20;Emma Nkosi
T08610;S005;Midrand;C0858;Guest;P0003;Smart Watch;Electronics;6;1299.99;7799.94;Bank Transfer;2026/05/27;Michael Williams
T08611;S005;Midrand;C0999;Guest;P0023;Dinner Plate Set;Kitchen;3;499.99;1499.97;Cash;2026/02/16;Noah Pillay
T08612;S005;Midrand;C0732;Member;P0003;Smart Watch;Electronics;1;1299.99;1299.99;Bank Transfer;2026/01/10;Michael Williams
T08613;S005;Midrand;C0474;Member;P0017;Face Moisturiser;Beauty;4;249.99;999.96;Card;2026/04/25;Noah Pillay
T08614;S005;Midrand;C1818;Member;P0010;Cotton T-Shirt;Clothing;6;249.99;1499.94;Bank Transfer;2026/04/10;Sarah Mokoena
T08615;S005;Midrand;C2033;Member;P0019;Throw Blanket;Home & Decor;5;449.99;2249.95;Mobile Pay;2026/06/08;Noah Pillay
T08616;S005;Midrand;C2366;Member;P0022;Cookware Set;Kitchen;4;1599.99;6399.96;Mobile Pay;2026/05/18;Daniel Smith
T08617;S005;Midrand;C0335;Member;P0022;Cookware Set;Kitchen;3;1599.99;4799.97;Bank Transfer;2026/03/28;Jessica Naidoo
T08618;S005;Midrand;C2717;Guest;P0020;Table Lamp;Home & Decor;4;699.99;2799.96;Card;2026/05/29;Liam Jacobs
T08619;S005;Midrand;C2174;Member;P0012;Hooded Sweatshirt;Clothing;6;599.99;3599.94;Cash;2026/02/10;Michael Williams
T08620;S005;Midrand;C0384;Member;P0007;Air Fryer;Appliances;2;1799.99;3599.98;Cash;2026/06/27;Michael Williams
T08621;S005;Midrand;C1881;Member;P0016;Skincare Set;Beauty;1;599.99;599.99;Card;2026/01/22;James Botha
T08622;S005;Midrand;C0968;Guest;P0007;Air Fryer;Appliances;6;1799.99;10799.94;Bank Transfer;2026/05/29;Sarah Mokoena
T08623;S005;Midrand;C1768;Member;P0017;Face Moisturiser;Beauty;5;249.99;1249.95;Card;2026/02/25;Noah Pillay
T08624;S005;Midrand;C2080;Member;P0002;Bluetooth Speaker;Electronics;1;649.99;649.99;Bank Transfer;2026/05/18;Emma Nkosi
T08625;S005;Midrand;C1199;Member;P0005;Laptop Backpack;Accessories;1;549.99;549.99;Cash;2026/05/17;Sarah Mokoena
T08626;S005;Midrand;C1482;Guest;P0010;Cotton T-Shirt;Clothing;1;249.99;249.99;Mobile Pay;2026/05/18;Sarah Mokoena
T08627;S005;Midrand;C2992;Member;P0005;Laptop Backpack;Accessories;3;549.99;1649.97;Bank Transfer;2026/06/28;Sarah Mokoena
T08628;S005;Midrand;C2228;Member;P0025;Novel Book;Books;6;199.99;1199.94;Card;2026/05/11;Noah Pillay
T08629;S005;Midrand;C0877;Member;P0010;Cotton T-Shirt;Clothing;5;249.99;1249.95;Mobile Pay;2026/06/10;Sophie Mthembu
T08630;S005;Midrand;C0069;Member;P0004;USB-C Charger;Electronics;3;299.99;899.97;Card;2026/03/10;Emma Nkosi
T08631;S005;Midrand;C1722;Member;P0020;Table Lamp;Home & Decor;1;699.99;699.99;Cash;2026/05/14;Sarah Mokoena
T08632;S005;Midrand;C0134;Guest;P0008;Blender;Appliances;6;899.99;5399.94;Bank Transfer;2026/06/08;James Botha
T08633;S005;Midrand;C1654;Guest;P0006;Coffee Maker;Appliances;3;1299.99;3899.97;Card;2026/04/02;Sarah Mokoena
T08634;S005;Midrand;C1061;Guest;P0012;Hooded Sweatshirt;Clothing;2;599.99;1199.98;Cash;2026/04/05;James Botha
T08635;S005;Midrand;C2210;Guest;P0001;Wireless Headphones;Electronics;3;899.99;2699.97;Card;2026/05/26;Sophie Mthembu
T08636;S005;Midrand;C1719;Guest;P0009;Electric Kettle;Appliances;2;499.99;999.98;Bank Transfer;2026/06/05;Daniel Smith
T08637;S005;Midrand;C0344;Guest;P0004;USB-C Charger;Electronics;3;299.99;899.97;Bank Transfer;2026/03/19;Liam Jacobs
T08638;S005;Midrand;C1677;Member;P0012;Hooded Sweatshirt;Clothing;3;599.99;1799.97;Mobile Pay;2026/05/30;Liam Jacobs
T08639;S005;Midrand;C2270;Member;P0015;Sports Bottle;Sportswear;5;199.99;999.95;Mobile Pay;2026/06/01;Jessica Naidoo
T08640;S005;Midrand;C2407;Member;P0021;Cushion Set;Home & Decor;3;299.99;899.97;Cash;2026/06/05;Daniel Smith
T08641;S005;Midrand;C2084;Guest;P0007;Air Fryer;Appliances;5;1799.99;8999.95;Cash;2026/02/02;Emma Nkosi
T08642;S005;Midrand;C0652;Member;P0013;Running Shoes;Sportswear;1;1499.5;1499.5;Card;2026/05/27;Liam Jacobs
T08643;S005;Midrand;C2842;Guest;P0012;Hooded Sweatshirt;Clothing;5;599.99;2999.95;Cash;2026/01/27;James Botha
T08644;S005;Midrand;C2599;Member;P0017;Face Moisturiser;Beauty;6;249.99;1499.94;Mobile Pay;2026/06/08;Noah Pillay
T08645;S005;Midrand;C0912;Member;P0009;Electric Kettle;Appliances;4;499.99;1999.96;Bank Transfer;2026/02/21;Liam Jacobs
T08646;S005;Midrand;C0167;Member;P0017;Face Moisturiser;Beauty;5;249.99;1249.95;Mobile Pay;2026/02/23;Sophie Mthembu
T08647;S005;Midrand;C2257;Member;P0022;Cookware Set;Kitchen;3;1599.99;4799.97;Bank Transfer;2026/01/31;Sophie Mthembu
T08648;S005;Midrand;C1679;Member;P0011;Denim Jeans;Clothing;4;799.99;3199.96;Card;2026/05/25;Daniel Smith
T08649;S005;Midrand;C2287;Member;P0006;Coffee Maker;Appliances;4;1299.99;5199.96;Bank Transfer;2026/06/18;Michael Williams
T08650;S005;Midrand;C1272;Member;P0015;Sports Bottle;Sportswear;6;199.99;1199.94;Card;2026/06/09;Sophie Mthembu
T08651;S005;Midrand;C1232;Member;P0002;Bluetooth Speaker;Electronics;6;649.99;3899.94;Mobile Pay;2026/05/01;Liam Jacobs
T08652;S005;Midrand;C0162;Member;P0024;Storage Container Set;Kitchen;1;349.99;349.99;Mobile Pay;2026/05/27;Daniel Smith
T08653;S005;Midrand;C1862;Member;P0005;Laptop Backpack;Accessories;3;549.99;1649.97;Cash;2026/01/11;Sarah Mokoena
T08654;S005;Midrand;C2759;Member;P0013;Running Shoes;Sportswear;1;1499.5;1499.5;Card;2026/02/13;Olivia Dlamini
T08655;S005;Midrand;C2459;Guest;P0024;Storage Container Set;Kitchen;6;349.99;2099.94;Cash;2026/03/04;Sophie Mthembu
T08656;S005;Midrand;C0542;Member;P0009;Electric Kettle;Appliances;5;499.99;2499.95;Cash;2026/06/12;Sarah Mokoena
T08657;S005;Midrand;C2173;Guest;P0019;Throw Blanket;Home & Decor;6;449.99;2699.94;Card;2026/03/27;James Botha
T08658;S005;Midrand;C1748;Member;P0006;Coffee Maker;Appliances;6;1299.99;7799.94;Bank Transfer;2026/06/08;Olivia Dlamini
T08659;S005;Midrand;C1572;Guest;P0005;Laptop Backpack;Accessories;2;549.99;1099.98;Card;2026/05/16;Emma Nkosi
T08660;S005;Midrand;C2191;Member;P0015;Sports Bottle;Sportswear;5;199.99;999.95;Cash;2026/05/21;James Botha
T08661;S005;Midrand;C1408;Member;P0002;Bluetooth Speaker;Electronics;2;649.99;1299.98;Mobile Pay;2026/02/22;Olivia Dlamini
T08662;S005;Midrand;C0948;Guest;P0012;Hooded Sweatshirt;Clothing;5;599.99;2999.95;Bank Transfer;2026/04/02;Sophie Mthembu
T08663;S005;Midrand;C0908;Guest;P0003;Smart Watch;Electronics;4;1299.99;5199.96;Mobile Pay;2026/02/27;Sarah Mokoena
T08664;S005;Midrand;C2513;Member;P0017;Face Moisturiser;Beauty;1;249.99;249.99;Card;2026/05/15;Emma Nkosi
T08665;S005;Midrand;C0491;Member;P0021;Cushion Set;Home & Decor;5;299.99;1499.95;Mobile Pay;2026/06/17;Olivia Dlamini
T08666;S005;Midrand;C0501;Member;P0017;Face Moisturiser;Beauty;1;249.99;249.99;Mobile Pay;2026/02/22;Emma Nkosi
T08667;S005;Midrand;C0098;Member;P0002;Bluetooth Speaker;Electronics;3;649.99;1949.97;Bank Transfer;2026/06/01;Jessica Naidoo
T08668;S005;Midrand;C0373;Guest;P0014;Yoga Mat;Sportswear;1;399.99;399.99;Cash;2026/05/08;Emma Nkosi
T08669;S005;Midrand;C1957;Member;P0008;Blender;Appliances;6;899.99;5399.94;Mobile Pay;2026/02/11;Emma Nkosi
T08670;S005;Midrand;C0501;Guest;P0018;Perfume;Beauty;5;899.99;4499.95;Mobile Pay;2026/02/06;Liam Jacobs
T08671;S005;Midrand;C0623;Member;P0021;Cushion Set;Home & Decor;2;299.99;599.98;Cash;2026/05/31;Olivia Dlamini
T08672;S005;Midrand;C0950;Guest;P0003;Smart Watch;Electronics;3;1299.99;3899.97;Mobile Pay;2026/05/07;Sarah Mokoena
T08673;S005;Midrand;C2461;Guest;P0020;Table Lamp;Home & Decor;6;699.99;4199.94;Bank Transfer;2026/02/22;Liam Jacobs
T08674;S005;Midrand;C1358;Member;P0013;Running Shoes;Sportswear;2;1499.5;2999.0;Card;2026/01/21;Jessica Naidoo
T08675;S005;Midrand;C1564;Guest;P0020;Table Lamp;Home & Decor;6;699.99;4199.94;Card;2026/03/08;Sophie Mthembu
T08676;S005;Midrand;C2920;Member;P0010;Cotton T-Shirt;Clothing;5;249.99;1249.95;Cash;2026/04/15;Emma Nkosi
T08677;S005;Midrand;C0574;Member;P0024;Storage Container Set;Kitchen;4;349.99;1399.96;Card;2026/01/09;Jessica Naidoo
T08678;S005;Midrand;C2208;Member;P0002;Bluetooth Speaker;Electronics;1;649.99;649.99;Bank Transfer;2026/05/23;Noah Pillay
T08679;S005;Midrand;C0209;Guest;P0001;Wireless Headphones;Electronics;1;899.99;899.99;Cash;2026/02/14;Noah Pillay
T08680;S005;Midrand;C0480;Member;P0022;Cookware Set;Kitchen;5;1599.99;7999.95;Card;2026/04/14;Sophie Mthembu
T08681;S005;Midrand;C0093;Member;P0010;Cotton T-Shirt;Clothing;4;249.99;999.96;Bank Transfer;2026/05/16;Emma Nkosi
T08682;S005;Midrand;C2616;Member;P0007;Air Fryer;Appliances;5;1799.99;8999.95;Mobile Pay;2026/01/09;Noah Pillay
T08683;S005;Midrand;C0155;Guest;P0020;Table Lamp;Home & Decor;4;699.99;2799.96;Cash;2026/04/16;Michael Williams
T08684;S005;Midrand;C1223;Guest;P0023;Dinner Plate Set;Kitchen;3;499.99;1499.97;Card;2026/06/06;Jessica Naidoo
T08685;S005;Midrand;C1521;Member;P0004;USB-C Charger;Electronics;1;299.99;299.99;Bank Transfer;2026/06/23;James Botha
T08686;S005;Midrand;C2956;Guest;P0011;Denim Jeans;Clothing;3;799.99;2399.97;Cash;2026/03/13;Daniel Smith
T08687;S005;Midrand;C0400;Member;P0016;Skincare Set;Beauty;5;599.99;2999.95;Cash;2026/01/30;Jessica Naidoo
T08688;S005;Midrand;C0926;Member;P0005;Laptop Backpack;Accessories;1;549.99;549.99;Mobile Pay;2026/03/06;Noah Pillay
T08689;S005;Midrand;C1985;Member;P0019;Throw Blanket;Home & Decor;6;449.99;2699.94;Cash;2026/06/15;Liam Jacobs
T08690;S005;Midrand;C1281;Guest;P0005;Laptop Backpack;Accessories;3;549.99;1649.97;Bank Transfer;2026/03/07;Olivia Dlamini
T08691;S005;Midrand;C2273;Member;P0023;Dinner Plate Set;Kitchen;2;499.99;999.98;Mobile Pay;2026/03/12;Michael Williams
T08692;S005;Midrand;C0886;Member;P0007;Air Fryer;Appliances;4;1799.99;7199.96;Card;2026/04/28;Liam Jacobs
T08693;S005;Midrand;C2690;Guest;P0012;Hooded Sweatshirt;Clothing;3;599.99;1799.97;Bank Transfer;2026/04/20;Michael Williams
T08694;S005;Midrand;C1983;Member;P0012;Hooded Sweatshirt;Clothing;5;599.99;2999.95;Card;2026/02/05;Michael Williams
T08695;S005;Midrand;C2777;Member;P0020;Table Lamp;Home & Decor;2;699.99;1399.98;Cash;2026/01/24;Sarah Mokoena
T08696;S005;Midrand;C1040;Guest;P0008;Blender;Appliances;2;899.99;1799.98;Mobile Pay;2026/04/01;James Botha
T08697;S005;Midrand;C0804;Member;P0005;Laptop Backpack;Accessories;5;549.99;2749.95;Mobile Pay;2026/04/23;Jessica Naidoo
T08698;S005;Midrand;C1748;Guest;P0017;Face Moisturiser;Beauty;1;249.99;249.99;Cash;2026/02/01;Jessica Naidoo
T08699;S005;Midrand;C2771;Member;P0007;Air Fryer;Appliances;4;1799.99;7199.96;Card;2026/02/11;Olivia Dlamini
T08700;S005;Midrand;C2158;Member;P0022;Cookware Set;Kitchen;5;1599.99;7999.95;Card;2026/06/25;Sophie Mthembu
T08701;S005;Midrand;C2814;Member;P0022;Cookware Set;Kitchen;1;1599.99;1599.99;Card;2026/05/19;Michael Williams
T08702;S005;Midrand;C1348;Member;P0024;Storage Container Set;Kitchen;2;349.99;699.98;Bank Transfer;2026/03/14;Sophie Mthembu
T08703;S005;Midrand;C0137;Member;P0004;USB-C Charger;Electronics;6;299.99;1799.94;Mobile Pay;2026/04/13;James Botha
T08704;S005;Midrand;C2913;Guest;P0019;Throw Blanket;Home & Decor;1;449.99;449.99;Mobile Pay;2026/03/29;Noah Pillay
T08705;S005;Midrand;C2097;Member;P0025;Novel Book;Books;2;199.99;399.98;Bank Transfer;2026/04/09;Olivia Dlamini
T08706;S005;Midrand;C0009;Guest;P0011;Denim Jeans;Clothing;6;799.99;4799.94;Bank Transfer;2026/04/05;James Botha
T08707;S005;Midrand;C2661;Member;P0024;Storage Container Set;Kitchen;6;349.99;2099.94;Cash;2026/06/19;Sarah Mokoena
T08708;S005;Midrand;C0036;Guest;P0014;Yoga Mat;Sportswear;6;399.99;2399.94;Cash;2026/04/12;James Botha
T08709;S005;Midrand;C1754;Member;P0009;Electric Kettle;Appliances;5;499.99;2499.95;Cash;2026/02/19;James Botha
T08710;S005;Midrand;C0955;Member;P0018;Perfume;Beauty;1;899.99;899.99;Card;2026/01/12;Emma Nkosi
T08711;S005;Midrand;C2064;Member;P0009;Electric Kettle;Appliances;1;499.99;499.99;Card;2026/05/15;Michael Williams
T08712;S005;Midrand;C0897;Member;P0022;Cookware Set;Kitchen;5;1599.99;7999.95;Bank Transfer;2026/02/05;Daniel Smith
T08713;S005;Midrand;C0093;Guest;P0017;Face Moisturiser;Beauty;1;249.99;249.99;Card;2026/05/30;Jessica Naidoo
T08714;S005;Midrand;C0239;Member;P0016;Skincare Set;Beauty;2;599.99;1199.98;Bank Transfer;2026/03/17;Michael Williams
T08715;S005;Midrand;C2358;Member;P0016;Skincare Set;Beauty;3;599.99;1799.97;Card;2026/03/28;Sarah Mokoena
T08716;S005;Midrand;C1524;Member;P0011;Denim Jeans;Clothing;5;799.99;3999.95;Bank Transfer;2026/05/26;Emma Nkosi
T08717;S005;Midrand;C1671;Member;P0012;Hooded Sweatshirt;Clothing;4;599.99;2399.96;Mobile Pay;2026/03/15;Sarah Mokoena
T08718;S005;Midrand;C2120;Guest;P0013;Running Shoes;Sportswear;5;1499.5;7497.5;Mobile Pay;2026/04/19;Jessica Naidoo
T08719;S005;Midrand;C0089;Guest;P0007;Air Fryer;Appliances;6;1799.99;10799.94;Card;2026/04/17;Olivia Dlamini
T08720;S005;Midrand;C1046;Guest;P0019;Throw Blanket;Home & Decor;4;449.99;1799.96;Cash;2026/06/13;Noah Pillay
T08721;S005;Midrand;C2428;Member;P0010;Cotton T-Shirt;Clothing;4;249.99;999.96;Cash;2026/01/28;Olivia Dlamini
T08722;S005;Midrand;C1229;Member;P0022;Cookware Set;Kitchen;3;1599.99;4799.97;Mobile Pay;2026/02/25;Sophie Mthembu
T08723;S005;Midrand;C2349;Member;P0003;Smart Watch;Electronics;5;1299.99;6499.95;Mobile Pay;2026/05/30;Sophie Mthembu
T08724;S005;Midrand;C1815;Member;P0021;Cushion Set;Home & Decor;2;299.99;599.98;Cash;2026/04/06;Noah Pillay
T08725;S005;Midrand;C1681;Member;P0008;Blender;Appliances;2;899.99;1799.98;Bank Transfer;2026/02/06;Jessica Naidoo
T08726;S005;Midrand;C1451;Guest;P0004;USB-C Charger;Electronics;1;299.99;299.99;Bank Transfer;2026/06/14;Jessica Naidoo
T08727;S005;Midrand;C1140;Member;P0010;Cotton T-Shirt;Clothing;2;249.99;499.98;Bank Transfer;2026/03/01;Liam Jacobs
T08728;S005;Midrand;C0121;Member;P0004;USB-C Charger;Electronics;6;299.99;1799.94;Mobile Pay;2026/06/10;Jessica Naidoo
T08729;S005;Midrand;C0235;Member;P0001;Wireless Headphones;Electronics;5;899.99;4499.95;Card;2026/04/02;Emma Nkosi
T08730;S005;Midrand;C0744;Member;P0023;Dinner Plate Set;Kitchen;1;499.99;499.99;Mobile Pay;2026/06/27;Emma Nkosi
T08731;S005;Midrand;C0854;Guest;P0021;Cushion Set;Home & Decor;6;299.99;1799.94;Card;2026/05/26;Sophie Mthembu
T08732;S005;Midrand;C2538;Guest;P0006;Coffee Maker;Appliances;4;1299.99;5199.96;Bank Transfer;2026/02/05;Sophie Mthembu
T08733;S005;Midrand;C1038;Guest;P0003;Smart Watch;Electronics;4;1299.99;5199.96;Mobile Pay;2026/06/19;Sophie Mthembu
T08734;S005;Midrand;C1375;Guest;P0003;Smart Watch;Electronics;2;1299.99;2599.98;Bank Transfer;2026/05/09;Emma Nkosi
T08735;S005;Midrand;C2693;Member;P0021;Cushion Set;Home & Decor;3;299.99;899.97;Bank Transfer;2026/01/24;James Botha
T08736;S005;Midrand;C0146;Guest;P0012;Hooded Sweatshirt;Clothing;6;599.99;3599.94;Mobile Pay;2026/03/19;Emma Nkosi
T08737;S005;Midrand;C0736;Guest;P0002;Bluetooth Speaker;Electronics;2;649.99;1299.98;Card;2026/06/06;Sarah Mokoena
T08738;S005;Midrand;C1707;Member;P0013;Running Shoes;Sportswear;5;1499.5;7497.5;Mobile Pay;2026/04/01;James Botha
T08739;S005;Midrand;C2642;Guest;P0002;Bluetooth Speaker;Electronics;6;649.99;3899.94;Cash;2026/05/13;Noah Pillay
T08740;S005;Midrand;C1022;Member;P0014;Yoga Mat;Sportswear;1;399.99;399.99;Mobile Pay;2026/04/25;Olivia Dlamini
T08741;S005;Midrand;C0901;Member;P0007;Air Fryer;Appliances;1;1799.99;1799.99;Bank Transfer;2026/04/05;Michael Williams
T08742;S005;Midrand;C2629;Member;P0011;Denim Jeans;Clothing;5;799.99;3999.95;Card;2026/04/15;Sophie Mthembu
T08743;S005;Midrand;C1124;Member;P0003;Smart Watch;Electronics;2;1299.99;2599.98;Cash;2026/06/10;Sarah Mokoena
T08744;S005;Midrand;C0571;Member;P0024;Storage Container Set;Kitchen;1;349.99;349.99;Mobile Pay;2026/05/13;James Botha
T08745;S005;Midrand;C1685;Guest;P0001;Wireless Headphones;Electronics;2;899.99;1799.98;Mobile Pay;2026/03/18;Emma Nkosi
T08746;S005;Midrand;C0492;Guest;P0020;Table Lamp;Home & Decor;5;699.99;3499.95;Mobile Pay;2026/04/14;James Botha
T08747;S005;Midrand;C1168;Member;P0012;Hooded Sweatshirt;Clothing;3;599.99;1799.97;Bank Transfer;2026/06/03;Daniel Smith
T08748;S005;Midrand;C1980;Guest;P0006;Coffee Maker;Appliances;1;1299.99;1299.99;Cash;2026/04/21;Sarah Mokoena
T08749;S005;Midrand;C1403;Member;P0013;Running Shoes;Sportswear;4;1499.5;5998.0;Card;2026/02/25;Michael Williams
T08750;S005;Midrand;C1932;Member;P0023;Dinner Plate Set;Kitchen;5;499.99;2499.95;Bank Transfer;2026/03/28;Liam Jacobs
T08751;S005;Midrand;C1950;Member;P0010;Cotton T-Shirt;Clothing;3;249.99;749.97;Bank Transfer;2026/02/26;Noah Pillay
T08752;S005;Midrand;C2743;Member;P0009;Electric Kettle;Appliances;1;499.99;499.99;Bank Transfer;2026/02/08;Emma Nkosi
T08753;S005;Midrand;C2084;Member;P0021;Cushion Set;Home & Decor;2;299.99;599.98;Cash;2026/04/15;Daniel Smith
T08754;S005;Midrand;C1799;Member;P0025;Novel Book;Books;1;199.99;199.99;Mobile Pay;2026/01/30;Sophie Mthembu
T08755;S005;Midrand;C2105;Member;P0021;Cushion Set;Home & Decor;2;299.99;599.98;Card;2026/05/20;Michael Williams
T08756;S005;Midrand;C0001;Guest;P0006;Coffee Maker;Appliances;3;1299.99;3899.97;Card;2026/04/23;Noah Pillay
T08757;S005;Midrand;C1271;Guest;P0011;Denim Jeans;Clothing;2;799.99;1599.98;Cash;2026/02/19;Sarah Mokoena
T08758;S005;Midrand;C1508;Member;P0012;Hooded Sweatshirt;Clothing;5;599.99;2999.95;Bank Transfer;2026/06/21;Olivia Dlamini
T08759;S005;Midrand;C0625;Guest;P0008;Blender;Appliances;1;899.99;899.99;Mobile Pay;2026/02/06;Jessica Naidoo
T08760;S005;Midrand;C0235;Member;P0005;Laptop Backpack;Accessories;2;549.99;1099.98;Cash;2026/02/19;Jessica Naidoo
T08761;S005;Midrand;C2731;Member;P0006;Coffee Maker;Appliances;4;1299.99;5199.96;Bank Transfer;2026/06/21;James Botha
T08762;S005;Midrand;C0711;Member;P0005;Laptop Backpack;Accessories;4;549.99;2199.96;Card;2026/03/21;Jessica Naidoo
T08763;S005;Midrand;C0799;Member;P0010;Cotton T-Shirt;Clothing;4;249.99;999.96;Mobile Pay;2026/06/30;Olivia Dlamini
T08764;S005;Midrand;C0779;Member;P0003;Smart Watch;Electronics;1;1299.99;1299.99;Mobile Pay;2026/06/29;Sarah Mokoena
T08765;S005;Midrand;C1261;Guest;P0022;Cookware Set;Kitchen;4;1599.99;6399.96;Bank Transfer;2026/02/09;Noah Pillay
T08766;S005;Midrand;C2501;Guest;P0003;Smart Watch;Electronics;6;1299.99;7799.94;Mobile Pay;2026/02/28;Liam Jacobs
T08767;S005;Midrand;C0181;Guest;P0023;Dinner Plate Set;Kitchen;6;499.99;2999.94;Cash;2026/03/11;Emma Nkosi
T08768;S005;Midrand;C1403;Member;P0022;Cookware Set;Kitchen;6;1599.99;9599.94;Bank Transfer;2026/01/11;Noah Pillay
T08769;S005;Midrand;C1048;Member;P0010;Cotton T-Shirt;Clothing;3;249.99;749.97;Mobile Pay;2026/02/25;Emma Nkosi
T08770;S005;Midrand;C0126;Member;P0015;Sports Bottle;Sportswear;1;199.99;199.99;Bank Transfer;2026/06/21;Liam Jacobs
T08771;S005;Midrand;C1758;Member;P0024;Storage Container Set;Kitchen;5;349.99;1749.95;Card;2026/05/13;Jessica Naidoo
T08772;S005;Midrand;C0316;Guest;P0004;USB-C Charger;Electronics;3;299.99;899.97;Card;2026/02/24;Sophie Mthembu
T08773;S005;Midrand;C0544;Guest;P0013;Running Shoes;Sportswear;5;1499.5;7497.5;Bank Transfer;2026/02/16;Jessica Naidoo
T08774;S005;Midrand;C0367;Member;P0012;Hooded Sweatshirt;Clothing;1;599.99;599.99;Cash;2026/05/16;Michael Williams
T08775;S005;Midrand;C2218;Guest;P0008;Blender;Appliances;5;899.99;4499.95;Cash;2026/01/05;James Botha
T08776;S005;Midrand;C0140;Member;P0015;Sports Bottle;Sportswear;3;199.99;599.97;Cash;2026/03/26;Olivia Dlamini
T08777;S005;Midrand;C1484;Guest;P0005;Laptop Backpack;Accessories;4;549.99;2199.96;Mobile Pay;2026/01/10;Noah Pillay
T08778;S005;Midrand;C2398;Guest;P0012;Hooded Sweatshirt;Clothing;1;599.99;599.99;Mobile Pay;2026/01/31;Liam Jacobs
T08779;S005;Midrand;C1208;Member;P0021;Cushion Set;Home & Decor;1;299.99;299.99;Mobile Pay;2026/03/05;Michael Williams
T08780;S005;Midrand;C2552;Member;P0015;Sports Bottle;Sportswear;3;199.99;599.97;Cash;2026/03/20;James Botha
T08781;S005;Midrand;C2239;Member;P0017;Face Moisturiser;Beauty;1;249.99;249.99;Bank Transfer;2026/06/23;Sarah Mokoena
T08782;S005;Midrand;C0140;Guest;P0013;Running Shoes;Sportswear;1;1499.5;1499.5;Bank Transfer;2026/04/18;Jessica Naidoo
T08783;S005;Midrand;C0948;Member;P0021;Cushion Set;Home & Decor;4;299.99;1199.96;Cash;2026/01/26;Noah Pillay
T08784;S005;Midrand;C0604;Member;P0013;Running Shoes;Sportswear;4;1499.5;5998.0;Cash;2026/06/25;Emma Nkosi
T08785;S005;Midrand;C2839;Guest;P0005;Laptop Backpack;Accessories;3;549.99;1649.97;Mobile Pay;2026/03/09;Sophie Mthembu
T08786;S005;Midrand;C1513;Guest;P0004;USB-C Charger;Electronics;5;299.99;1499.95;Card;2026/06/28;Sophie Mthembu
T08787;S005;Midrand;C2437;Member;P0025;Novel Book;Books;4;199.99;799.96;Cash;2026/05/24;James Botha
T08788;S005;Midrand;C2825;Member;P0018;Perfume;Beauty;2;899.99;1799.98;Cash;2026/05/24;Emma Nkosi
T08789;S005;Midrand;C3000;Member;P0023;Dinner Plate Set;Kitchen;5;499.99;2499.95;Cash;2026/04/19;Sophie Mthembu
T08790;S005;Midrand;C0930;Guest;P0018;Perfume;Beauty;4;899.99;3599.96;Card;2026/05/20;Olivia Dlamini
T08791;S005;Midrand;C0611;Member;P0008;Blender;Appliances;4;899.99;3599.96;Bank Transfer;2026/03/31;Sophie Mthembu
T08792;S005;Midrand;C1458;Guest;P0007;Air Fryer;Appliances;2;1799.99;3599.98;Card;2026/02/17;Sophie Mthembu
T08793;S005;Midrand;C1627;Member;P0022;Cookware Set;Kitchen;2;1599.99;3199.98;Bank Transfer;2026/06/06;Olivia Dlamini
T08794;S005;Midrand;C1977;Guest;P0004;USB-C Charger;Electronics;1;299.99;299.99;Cash;2026/05/18;Liam Jacobs
T08795;S005;Midrand;C2664;Member;P0001;Wireless Headphones;Electronics;6;899.99;5399.94;Mobile Pay;2026/03/03;Emma Nkosi
T08796;S005;Midrand;C0698;Member;P0008;Blender;Appliances;5;899.99;4499.95;Card;2026/04/21;Sarah Mokoena
T08797;S005;Midrand;C1354;Member;P0017;Face Moisturiser;Beauty;4;249.99;999.96;Cash;2026/03/12;Daniel Smith
T08798;S005;Midrand;C2398;Member;P0017;Face Moisturiser;Beauty;2;249.99;499.98;Cash;2026/01/07;Daniel Smith
T08799;S005;Midrand;C0469;Member;P0018;Perfume;Beauty;2;899.99;1799.98;Cash;2026/01/09;James Botha
T08800;S005;Midrand;C2025;Member;P0025;Novel Book;Books;1;199.99;199.99;Bank Transfer;2026/04/29;Michael Williams
T08801;S005;Midrand;C1794;Member;P0009;Electric Kettle;Appliances;4;499.99;1999.96;Mobile Pay;2026/04/02;Sarah Mokoena
T08802;S005;Midrand;C2765;Member;P0013;Running Shoes;Sportswear;2;1499.5;2999.0;Mobile Pay;2026/02/28;James Botha
T08803;S005;Midrand;C2466;Member;P0013;Running Shoes;Sportswear;3;1499.5;4498.5;Card;2026/05/15;Emma Nkosi
T08804;S005;Midrand;C0695;Guest;P0018;Perfume;Beauty;2;899.99;1799.98;Cash;2026/01/28;James Botha
T08805;S005;Midrand;C2279;Member;P0009;Electric Kettle;Appliances;5;499.99;2499.95;Cash;2026/04/10;Noah Pillay
T08806;S005;Midrand;C0912;Guest;P0025;Novel Book;Books;3;199.99;599.97;Card;2026/06/10;Sophie Mthembu
T08807;S005;Midrand;C0357;Member;P0009;Electric Kettle;Appliances;2;499.99;999.98;Mobile Pay;2026/04/08;Sophie Mthembu
T08808;S005;Midrand;C2083;Member;P0013;Running Shoes;Sportswear;2;1499.5;2999.0;Bank Transfer;2026/06/07;Olivia Dlamini
T08809;S005;Midrand;C0595;Guest;P0011;Denim Jeans;Clothing;1;799.99;799.99;Bank Transfer;2026/04/02;Emma Nkosi
T08810;S005;Midrand;C1878;Member;P0002;Bluetooth Speaker;Electronics;4;649.99;2599.96;Cash;2026/06/08;Emma Nkosi
T08811;S005;Midrand;C0749;Guest;P0009;Electric Kettle;Appliances;4;499.99;1999.96;Mobile Pay;2026/01/09;Sarah Mokoena
T08812;S005;Midrand;C2326;Guest;P0009;Electric Kettle;Appliances;6;499.99;2999.94;Mobile Pay;2026/02/25;Sophie Mthembu
T08813;S005;Midrand;C2954;Member;P0008;Blender;Appliances;6;899.99;5399.94;Mobile Pay;2026/02/04;Michael Williams
T08814;S005;Midrand;C2867;Guest;P0007;Air Fryer;Appliances;6;1799.99;10799.94;Card;2026/06/21;James Botha
T08815;S005;Midrand;C0673;Member;P0008;Blender;Appliances;1;899.99;899.99;Mobile Pay;2026/02/19;Sarah Mokoena
T08816;S005;Midrand;C0729;Member;P0002;Bluetooth Speaker;Electronics;5;649.99;3249.95;Bank Transfer;2026/01/13;James Botha
T08817;S005;Midrand;C0108;Guest;P0024;Storage Container Set;Kitchen;2;349.99;699.98;Bank Transfer;2026/03/16;Noah Pillay
T08818;S005;Midrand;C2298;Member;P0020;Table Lamp;Home & Decor;1;699.99;699.99;Cash;2026/04/19;Olivia Dlamini
T08819;S005;Midrand;C2573;Member;P0002;Bluetooth Speaker;Electronics;5;649.99;3249.95;Card;2026/04/27;James Botha
T08820;S005;Midrand;C1215;Guest;P0007;Air Fryer;Appliances;3;1799.99;5399.97;Mobile Pay;2026/03/17;Liam Jacobs
T08821;S005;Midrand;C2214;Guest;P0001;Wireless Headphones;Electronics;5;899.99;4499.95;Mobile Pay;2026/03/09;Noah Pillay
T08822;S005;Midrand;C1019;Guest;P0021;Cushion Set;Home & Decor;4;299.99;1199.96;Cash;2026/01/28;Emma Nkosi
T08823;S005;Midrand;C0167;Guest;P0012;Hooded Sweatshirt;Clothing;2;599.99;1199.98;Mobile Pay;2026/04/29;Emma Nkosi
T08824;S005;Midrand;C0777;Member;P0003;Smart Watch;Electronics;2;1299.99;2599.98;Cash;2026/06/18;Noah Pillay
T08825;S005;Midrand;C1513;Member;P0015;Sports Bottle;Sportswear;5;199.99;999.95;Cash;2026/04/01;Daniel Smith
T08826;S005;Midrand;C1286;Guest;P0006;Coffee Maker;Appliances;1;1299.99;1299.99;Bank Transfer;2026/04/01;Liam Jacobs
T08827;S005;Midrand;C0829;Member;P0012;Hooded Sweatshirt;Clothing;5;599.99;2999.95;Card;2026/06/10;Olivia Dlamini
T08828;S005;Midrand;C1157;Member;P0017;Face Moisturiser;Beauty;3;249.99;749.97;Bank Transfer;2026/04/24;James Botha
T08829;S005;Midrand;C2316;Guest;P0012;Hooded Sweatshirt;Clothing;1;599.99;599.99;Cash;2026/02/22;Sarah Mokoena
T08830;S005;Midrand;C1071;Member;P0015;Sports Bottle;Sportswear;2;199.99;399.98;Card;2026/05/27;James Botha
T08831;S005;Midrand;C2366;Guest;P0005;Laptop Backpack;Accessories;3;549.99;1649.97;Mobile Pay;2026/03/18;Sophie Mthembu
T08832;S005;Midrand;C2700;Member;P0002;Bluetooth Speaker;Electronics;3;649.99;1949.97;Card;2026/06/09;Daniel Smith
T08833;S005;Midrand;C0945;Guest;P0013;Running Shoes;Sportswear;1;1499.5;1499.5;Mobile Pay;2026/03/30;Jessica Naidoo
T08834;S005;Midrand;C2300;Member;P0002;Bluetooth Speaker;Electronics;4;649.99;2599.96;Mobile Pay;2026/03/09;Michael Williams
T08835;S005;Midrand;C0584;Member;P0013;Running Shoes;Sportswear;3;1499.5;4498.5;Card;2026/02/23;Jessica Naidoo
T08836;S005;Midrand;C0943;Member;P0003;Smart Watch;Electronics;5;1299.99;6499.95;Card;2026/04/30;Daniel Smith
T08837;S005;Midrand;C0567;Guest;P0022;Cookware Set;Kitchen;3;1599.99;4799.97;Cash;2026/04/19;Olivia Dlamini
T08838;S005;Midrand;C0753;Guest;P0011;Denim Jeans;Clothing;4;799.99;3199.96;Cash;2026/02/22;Noah Pillay
T08839;S005;Midrand;C2080;Member;P0007;Air Fryer;Appliances;2;1799.99;3599.98;Mobile Pay;2026/05/17;Daniel Smith
T08840;S005;Midrand;C2008;Member;P0020;Table Lamp;Home & Decor;1;699.99;699.99;Cash;2026/03/01;Olivia Dlamini
T08841;S005;Midrand;C1749;Guest;P0024;Storage Container Set;Kitchen;2;349.99;699.98;Mobile Pay;2026/04/04;Sophie Mthembu
T08842;S005;Midrand;C2161;Member;P0016;Skincare Set;Beauty;3;599.99;1799.97;Cash;2026/05/13;Emma Nkosi
T08843;S005;Midrand;C2224;Member;P0003;Smart Watch;Electronics;1;1299.99;1299.99;Cash;2026/01/18;Noah Pillay
T08844;S005;Midrand;C2186;Member;P0021;Cushion Set;Home & Decor;1;299.99;299.99;Cash;2026/04/18;Michael Williams
T08845;S005;Midrand;C0843;Member;P0001;Wireless Headphones;Electronics;2;899.99;1799.98;Cash;2026/04/04;Emma Nkosi
T08846;S005;Midrand;C2110;Member;P0019;Throw Blanket;Home & Decor;1;449.99;449.99;Card;2026/03/29;Liam Jacobs
T08847;S005;Midrand;C2157;Guest;P0014;Yoga Mat;Sportswear;1;399.99;399.99;Mobile Pay;2026/03/26;Jessica Naidoo
T08848;S005;Midrand;C0034;Guest;P0018;Perfume;Beauty;1;899.99;899.99;Card;2026/06/10;James Botha
T08849;S005;Midrand;C0896;Guest;P0004;USB-C Charger;Electronics;2;299.99;599.98;Cash;2026/04/11;Daniel Smith
T08850;S005;Midrand;C0731;Guest;P0015;Sports Bottle;Sportswear;2;199.99;399.98;Card;2026/06/10;Noah Pillay
T08851;S005;Midrand;C1252;Member;P0017;Face Moisturiser;Beauty;5;249.99;1249.95;Card;2026/05/26;Emma Nkosi
T08852;S005;Midrand;C2792;Member;P0013;Running Shoes;Sportswear;1;1499.5;1499.5;Bank Transfer;2026/05/24;Sophie Mthembu
T08853;S005;Midrand;C0401;Member;P0016;Skincare Set;Beauty;4;599.99;2399.96;Card;2026/06/11;Noah Pillay
T08854;S005;Midrand;C0201;Member;P0024;Storage Container Set;Kitchen;3;349.99;1049.97;Bank Transfer;2026/02/22;Noah Pillay
T08855;S005;Midrand;C1077;Guest;P0001;Wireless Headphones;Electronics;5;899.99;4499.95;Bank Transfer;2026/06/10;Sarah Mokoena
T08856;S005;Midrand;C0705;Guest;P0021;Cushion Set;Home & Decor;4;299.99;1199.96;Mobile Pay;2026/05/05;Michael Williams
T08857;S005;Midrand;C1699;Guest;P0010;Cotton T-Shirt;Clothing;2;249.99;499.98;Cash;2026/05/19;Emma Nkosi
T08858;S005;Midrand;C1057;Member;P0006;Coffee Maker;Appliances;5;1299.99;6499.95;Cash;2026/01/03;Sarah Mokoena
T08859;S005;Midrand;C2349;Guest;P0004;USB-C Charger;Electronics;2;299.99;599.98;Bank Transfer;2026/03/10;Sophie Mthembu
T08860;S005;Midrand;C1955;Member;P0011;Denim Jeans;Clothing;3;799.99;2399.97;Mobile Pay;2026/05/09;Daniel Smith
T08861;S005;Midrand;C0623;Member;P0011;Denim Jeans;Clothing;6;799.99;4799.94;Cash;2026/06/02;Noah Pillay
T08862;S005;Midrand;C0017;Guest;P0015;Sports Bottle;Sportswear;3;199.99;599.97;Mobile Pay;2026/05/26;Emma Nkosi
T08863;S005;Midrand;C2557;Member;P0021;Cushion Set;Home & Decor;6;299.99;1799.94;Bank Transfer;2026/06/28;Sarah Mokoena
T08864;S005;Midrand;C1463;Guest;P0010;Cotton T-Shirt;Clothing;4;249.99;999.96;Cash;2026/02/08;Sophie Mthembu
T08865;S005;Midrand;C2453;Member;P0023;Dinner Plate Set;Kitchen;5;499.99;2499.95;Card;2026/04/08;Sophie Mthembu
T08866;S005;Midrand;C0558;Member;P0013;Running Shoes;Sportswear;6;1499.5;8997.0;Mobile Pay;2026/02/05;Daniel Smith
T08867;S005;Midrand;C0181;Member;P0008;Blender;Appliances;3;899.99;2699.97;Bank Transfer;2026/05/20;Sophie Mthembu
T08868;S005;Midrand;C0302;Member;P0025;Novel Book;Books;4;199.99;799.96;Card;2026/02/12;Noah Pillay
T08869;S005;Midrand;C2445;Guest;P0023;Dinner Plate Set;Kitchen;6;499.99;2999.94;Card;2026/01/22;Sophie Mthembu
T08870;S005;Midrand;C2331;Member;P0010;Cotton T-Shirt;Clothing;3;249.99;749.97;Card;2026/04/24;Noah Pillay
T08871;S005;Midrand;C0557;Guest;P0002;Bluetooth Speaker;Electronics;4;649.99;2599.96;Cash;2026/05/14;Olivia Dlamini
T08872;S005;Midrand;C2130;Member;P0022;Cookware Set;Kitchen;4;1599.99;6399.96;Mobile Pay;2026/05/16;James Botha
T08873;S005;Midrand;C0999;Member;P0012;Hooded Sweatshirt;Clothing;1;599.99;599.99;Mobile Pay;2026/03/04;Daniel Smith
T08874;S005;Midrand;C0859;Member;P0012;Hooded Sweatshirt;Clothing;1;599.99;599.99;Bank Transfer;2026/06/02;Olivia Dlamini
T08875;S005;Midrand;C0194;Member;P0018;Perfume;Beauty;5;899.99;4499.95;Card;2026/01/31;Sophie Mthembu
T08876;S005;Midrand;C2646;Guest;P0001;Wireless Headphones;Electronics;1;899.99;899.99;Card;2026/04/27;Jessica Naidoo
T08877;S005;Midrand;C1196;Guest;P0013;Running Shoes;Sportswear;3;1499.5;4498.5;Card;2026/06/26;Liam Jacobs
T08878;S005;Midrand;C1185;Member;P0021;Cushion Set;Home & Decor;3;299.99;899.97;Card;2026/04/12;Olivia Dlamini
T08879;S005;Midrand;C0156;Guest;P0016;Skincare Set;Beauty;2;599.99;1199.98;Mobile Pay;2026/05/12;Noah Pillay
T08880;S005;Midrand;C1475;Member;P0017;Face Moisturiser;Beauty;3;249.99;749.97;Cash;2026/05/17;Sarah Mokoena
T08881;S005;Midrand;C1287;Guest;P0010;Cotton T-Shirt;Clothing;3;249.99;749.97;Cash;2026/03/02;Noah Pillay
T08882;S005;Midrand;C2395;Member;P0009;Electric Kettle;Appliances;2;499.99;999.98;Bank Transfer;2026/02/01;Olivia Dlamini
T08883;S005;Midrand;C2867;Member;P0015;Sports Bottle;Sportswear;5;199.99;999.95;Cash;2026/05/20;Jessica Naidoo
T08884;S005;Midrand;C1765;Member;P0009;Electric Kettle;Appliances;3;499.99;1499.97;Mobile Pay;2026/04/01;Michael Williams
T08885;S005;Midrand;C0928;Member;P0002;Bluetooth Speaker;Electronics;5;649.99;3249.95;Mobile Pay;2026/05/02;Olivia Dlamini
T08886;S005;Midrand;C2124;Guest;P0018;Perfume;Beauty;6;899.99;5399.94;Card;2026/03/17;Jessica Naidoo
T08887;S005;Midrand;C1798;Member;P0023;Dinner Plate Set;Kitchen;6;499.99;2999.94;Mobile Pay;2026/02/14;Emma Nkosi
T08888;S005;Midrand;C1134;Guest;P0013;Running Shoes;Sportswear;5;1499.5;7497.5;Bank Transfer;2026/03/25;Olivia Dlamini
T08889;S005;Midrand;C1549;Guest;P0004;USB-C Charger;Electronics;6;299.99;1799.94;Mobile Pay;2026/04/21;Noah Pillay
T08890;S005;Midrand;C2456;Member;P0016;Skincare Set;Beauty;2;599.99;1199.98;Bank Transfer;2026/06/14;Sophie Mthembu
T08891;S005;Midrand;C1812;Guest;P0004;USB-C Charger;Electronics;6;299.99;1799.94;Cash;2026/05/23;Liam Jacobs
T08892;S005;Midrand;C0495;Member;P0012;Hooded Sweatshirt;Clothing;4;599.99;2399.96;Card;2026/02/14;Emma Nkosi
T08893;S005;Midrand;C1150;Guest;P0013;Running Shoes;Sportswear;1;1499.5;1499.5;Bank Transfer;2026/04/28;Sarah Mokoena
T08894;S005;Midrand;C1806;Guest;P0015;Sports Bottle;Sportswear;4;199.99;799.96;Mobile Pay;2026/06/11;Sophie Mthembu
T08895;S005;Midrand;C0159;Guest;P0009;Electric Kettle;Appliances;3;499.99;1499.97;Cash;2026/04/24;Emma Nkosi
T08896;S005;Midrand;C2199;Guest;P0010;Cotton T-Shirt;Clothing;4;249.99;999.96;Bank Transfer;2026/05/17;Michael Williams
T08897;S005;Midrand;C2200;Member;P0002;Bluetooth Speaker;Electronics;3;649.99;1949.97;Card;2026/06/30;Noah Pillay
T08898;S005;Midrand;C2064;Guest;P0015;Sports Bottle;Sportswear;4;199.99;799.96;Bank Transfer;2026/06/14;Noah Pillay
T08899;S005;Midrand;C2050;Guest;P0022;Cookware Set;Kitchen;5;1599.99;7999.95;Bank Transfer;2026/01/06;Emma Nkosi
T08900;S005;Midrand;C0017;Member;P0006;Coffee Maker;Appliances;5;1299.99;6499.95;Bank Transfer;2026/06/16;Sarah Mokoena
T08901;S005;Midrand;C0012;Member;P0005;Laptop Backpack;Accessories;4;549.99;2199.96;Cash;2026/05/05;Sophie Mthembu
T08902;S005;Midrand;C0193;Member;P0025;Novel Book;Books;4;199.99;799.96;Bank Transfer;2026/03/13;Noah Pillay
T08903;S005;Midrand;C1590;Member;P0013;Running Shoes;Sportswear;1;1499.5;1499.5;Bank Transfer;2026/03/27;Daniel Smith
T08904;S005;Midrand;C2759;Guest;P0012;Hooded Sweatshirt;Clothing;4;599.99;2399.96;Bank Transfer;2026/03/10;Olivia Dlamini
T08905;S005;Midrand;C1460;Guest;P0019;Throw Blanket;Home & Decor;6;449.99;2699.94;Mobile Pay;2026/01/11;Emma Nkosi
T08906;S005;Midrand;C0159;Member;P0024;Storage Container Set;Kitchen;2;349.99;699.98;Cash;2026/01/28;Olivia Dlamini
T08907;S005;Midrand;C2928;Member;P0024;Storage Container Set;Kitchen;5;349.99;1749.95;Bank Transfer;2026/03/09;Emma Nkosi
T08908;S005;Midrand;C2892;Guest;P0009;Electric Kettle;Appliances;4;499.99;1999.96;Bank Transfer;2026/05/10;Noah Pillay
T08909;S005;Midrand;C1684;Member;P0018;Perfume;Beauty;2;899.99;1799.98;Cash;2026/06/02;Sarah Mokoena
T08910;S005;Midrand;C1498;Member;P0004;USB-C Charger;Electronics;6;299.99;1799.94;Card;2026/05/16;Jessica Naidoo
T08911;S005;Midrand;C1192;Guest;P0009;Electric Kettle;Appliances;3;499.99;1499.97;Card;2026/02/14;James Botha
T08912;S005;Midrand;C2009;Guest;P0024;Storage Container Set;Kitchen;6;349.99;2099.94;Cash;2026/01/23;Olivia Dlamini
T08913;S005;Midrand;C0006;Member;P0016;Skincare Set;Beauty;5;599.99;2999.95;Bank Transfer;2026/04/06;Sarah Mokoena
T08914;S005;Midrand;C0083;Member;P0016;Skincare Set;Beauty;2;599.99;1199.98;Cash;2026/03/27;James Botha
T08915;S005;Midrand;C0349;Member;P0010;Cotton T-Shirt;Clothing;3;249.99;749.97;Mobile Pay;2026/04/15;Olivia Dlamini
T08916;S005;Midrand;C0905;Guest;P0013;Running Shoes;Sportswear;1;1499.5;1499.5;Mobile Pay;2026/01/29;Michael Williams
T08917;S005;Midrand;C1298;Member;P0001;Wireless Headphones;Electronics;4;899.99;3599.96;Mobile Pay;2026/02/24;Olivia Dlamini
T08918;S005;Midrand;C2626;Member;P0017;Face Moisturiser;Beauty;1;249.99;249.99;Bank Transfer;2026/02/11;James Botha
T08919;S005;Midrand;C1287;Guest;P0005;Laptop Backpack;Accessories;2;549.99;1099.98;Bank Transfer;2026/05/19;James Botha
T08920;S005;Midrand;C2119;Member;P0002;Bluetooth Speaker;Electronics;3;649.99;1949.97;Bank Transfer;2026/01/12;Sophie Mthembu
T08921;S005;Midrand;C0413;Member;P0006;Coffee Maker;Appliances;2;1299.99;2599.98;Mobile Pay;2026/01/27;Liam Jacobs
T08922;S005;Midrand;C1115;Guest;P0013;Running Shoes;Sportswear;3;1499.5;4498.5;Card;2026/01/05;Michael Williams
T08923;S005;Midrand;C1284;Member;P0010;Cotton T-Shirt;Clothing;6;249.99;1499.94;Card;2026/04/30;Jessica Naidoo
T08924;S005;Midrand;C2256;Member;P0013;Running Shoes;Sportswear;4;1499.5;5998.0;Card;2026/06/04;Michael Williams
T08925;S005;Midrand;C0283;Member;P0009;Electric Kettle;Appliances;4;499.99;1999.96;Cash;2026/06/10;Daniel Smith
T08926;S005;Midrand;C0571;Guest;P0014;Yoga Mat;Sportswear;5;399.99;1999.95;Cash;2026/01/24;Olivia Dlamini
T08927;S005;Midrand;C2856;Member;P0023;Dinner Plate Set;Kitchen;5;499.99;2499.95;Cash;2026/01/14;Michael Williams
T08928;S005;Midrand;C0659;Member;P0017;Face Moisturiser;Beauty;4;249.99;999.96;Bank Transfer;2026/03/10;Jessica Naidoo
T08929;S005;Midrand;C2851;Member;P0018;Perfume;Beauty;5;899.99;4499.95;Cash;2026/05/05;Liam Jacobs
T08930;S005;Midrand;C0092;Member;P0006;Coffee Maker;Appliances;4;1299.99;5199.96;Mobile Pay;2026/03/13;Olivia Dlamini
T08931;S005;Midrand;C0572;Member;P0016;Skincare Set;Beauty;2;599.99;1199.98;Cash;2026/05/29;Sophie Mthembu
T08932;S005;Midrand;C2049;Guest;P0023;Dinner Plate Set;Kitchen;2;499.99;999.98;Cash;2026/04/01;Emma Nkosi
T08933;S005;Midrand;C1055;Guest;P0012;Hooded Sweatshirt;Clothing;4;599.99;2399.96;Bank Transfer;2026/05/12;Emma Nkosi
T08934;S005;Midrand;C2527;Guest;P0020;Table Lamp;Home & Decor;3;699.99;2099.97;Bank Transfer;2026/05/20;Liam Jacobs
T08935;S005;Midrand;C0535;Guest;P0005;Laptop Backpack;Accessories;6;549.99;3299.94;Mobile Pay;2026/02/09;Emma Nkosi
T08936;S005;Midrand;C2334;Member;P0005;Laptop Backpack;Accessories;2;549.99;1099.98;Cash;2026/03/15;Michael Williams
T08937;S005;Midrand;C2830;Member;P0007;Air Fryer;Appliances;1;1799.99;1799.99;Cash;2026/02/27;Emma Nkosi
T08938;S005;Midrand;C0182;Member;P0022;Cookware Set;Kitchen;3;1599.99;4799.97;Bank Transfer;2026/04/11;Sophie Mthembu
T08939;S005;Midrand;C0056;Member;P0022;Cookware Set;Kitchen;5;1599.99;7999.95;Bank Transfer;2026/01/10;Emma Nkosi
T08940;S005;Midrand;C1095;Guest;P0024;Storage Container Set;Kitchen;3;349.99;1049.97;Mobile Pay;2026/03/15;Liam Jacobs
T08941;S005;Midrand;C2079;Guest;P0005;Laptop Backpack;Accessories;5;549.99;2749.95;Bank Transfer;2026/01/24;Olivia Dlamini
T08942;S005;Midrand;C1040;Member;P0016;Skincare Set;Beauty;2;599.99;1199.98;Cash;2026/04/21;Jessica Naidoo
T08943;S005;Midrand;C1765;Guest;P0008;Blender;Appliances;1;899.99;899.99;Card;2026/04/09;Michael Williams
T08944;S005;Midrand;C1666;Guest;P0014;Yoga Mat;Sportswear;6;399.99;2399.94;Cash;2026/04/16;Sarah Mokoena
T08945;S005;Midrand;C0619;Member;P0012;Hooded Sweatshirt;Clothing;4;599.99;2399.96;Cash;2026/06/24;James Botha
T08946;S005;Midrand;C0861;Member;P0007;Air Fryer;Appliances;2;1799.99;3599.98;Card;2026/05/16;Liam Jacobs
T08947;S005;Midrand;C1579;Member;P0022;Cookware Set;Kitchen;1;1599.99;1599.99;Mobile Pay;2026/03/15;Olivia Dlamini
T08948;S005;Midrand;C0032;Member;P0021;Cushion Set;Home & Decor;3;299.99;899.97;Cash;2026/03/28;Michael Williams
T08949;S005;Midrand;C0182;Member;P0021;Cushion Set;Home & Decor;6;299.99;1799.94;Card;2026/04/15;James Botha
T08950;S005;Midrand;C0955;Member;P0018;Perfume;Beauty;3;899.99;2699.97;Mobile Pay;2026/04/10;Jessica Naidoo
T08951;S005;Midrand;C1342;Guest;P0024;Storage Container Set;Kitchen;6;349.99;2099.94;Cash;2026/04/07;Sophie Mthembu
T08952;S005;Midrand;C2949;Member;P0019;Throw Blanket;Home & Decor;6;449.99;2699.94;Card;2026/01/31;Jessica Naidoo
T08953;S005;Midrand;C0888;Guest;P0010;Cotton T-Shirt;Clothing;5;249.99;1249.95;Mobile Pay;2026/01/01;James Botha
T08954;S005;Midrand;C0502;Member;P0003;Smart Watch;Electronics;5;1299.99;6499.95;Cash;2026/05/08;Daniel Smith
T08955;S005;Midrand;C0042;Guest;P0015;Sports Bottle;Sportswear;1;199.99;199.99;Mobile Pay;2026/04/27;Olivia Dlamini
T08956;S005;Midrand;C1187;Guest;P0007;Air Fryer;Appliances;5;1799.99;8999.95;Mobile Pay;2026/03/11;Sarah Mokoena
T08957;S005;Midrand;C2748;Guest;P0022;Cookware Set;Kitchen;5;1599.99;7999.95;Bank Transfer;2026/02/09;Emma Nkosi
T08958;S005;Midrand;C0784;Member;P0007;Air Fryer;Appliances;3;1799.99;5399.97;Cash;2026/06/25;Daniel Smith
T08959;S005;Midrand;C0597;Guest;P0016;Skincare Set;Beauty;3;599.99;1799.97;Bank Transfer;2026/05/16;Liam Jacobs
T08960;S005;Midrand;C2141;Member;P0025;Novel Book;Books;1;199.99;199.99;Bank Transfer;2026/05/09;Noah Pillay
T08961;S005;Midrand;C2944;Member;P0005;Laptop Backpack;Accessories;1;549.99;549.99;Mobile Pay;2026/01/09;James Botha
T08962;S005;Midrand;C1500;Member;P0011;Denim Jeans;Clothing;1;799.99;799.99;Bank Transfer;2026/02/15;Sarah Mokoena
T08963;S005;Midrand;C1640;Member;P0003;Smart Watch;Electronics;6;1299.99;7799.94;Cash;2026/01/12;Jessica Naidoo
T08964;S005;Midrand;C0436;Member;P0021;Cushion Set;Home & Decor;4;299.99;1199.96;Card;2026/04/02;Sarah Mokoena
T08965;S005;Midrand;C1611;Member;P0001;Wireless Headphones;Electronics;6;899.99;5399.94;Cash;2026/06/18;Emma Nkosi
T08966;S005;Midrand;C2354;Guest;P0007;Air Fryer;Appliances;4;1799.99;7199.96;Mobile Pay;2026/02/12;Olivia Dlamini
T08967;S005;Midrand;C1504;Guest;P0022;Cookware Set;Kitchen;5;1599.99;7999.95;Card;2026/06/17;Jessica Naidoo
T08968;S005;Midrand;C1572;Member;P0008;Blender;Appliances;6;899.99;5399.94;Cash;2026/02/23;Liam Jacobs
T08969;S005;Midrand;C2304;Member;P0002;Bluetooth Speaker;Electronics;4;649.99;2599.96;Mobile Pay;2026/06/09;James Botha
T08970;S005;Midrand;C2317;Guest;P0018;Perfume;Beauty;5;899.99;4499.95;Cash;2026/06/10;Emma Nkosi
T08971;S005;Midrand;C1441;Member;P0005;Laptop Backpack;Accessories;1;549.99;549.99;Card;2026/05/05;Noah Pillay
T08972;S005;Midrand;C0298;Guest;P0004;USB-C Charger;Electronics;3;299.99;899.97;Card;2026/02/09;Olivia Dlamini
T08973;S005;Midrand;C1943;Member;P0003;Smart Watch;Electronics;2;1299.99;2599.98;Bank Transfer;2026/04/30;Liam Jacobs
T08974;S005;Midrand;C1855;Member;P0015;Sports Bottle;Sportswear;3;199.99;599.97;Card;2026/03/20;Jessica Naidoo
T08975;S005;Midrand;C2602;Guest;P0008;Blender;Appliances;3;899.99;2699.97;Bank Transfer;2026/02/16;Sarah Mokoena
T08976;S005;Midrand;C1362;Guest;P0005;Laptop Backpack;Accessories;4;549.99;2199.96;Mobile Pay;2026/03/11;Noah Pillay
T08977;S005;Midrand;C1352;Guest;P0003;Smart Watch;Electronics;5;1299.99;6499.95;Mobile Pay;2026/05/28;Sarah Mokoena
T08978;S005;Midrand;C1038;Member;P0010;Cotton T-Shirt;Clothing;1;249.99;249.99;Bank Transfer;2026/05/08;Olivia Dlamini
T08979;S005;Midrand;C2293;Member;P0004;USB-C Charger;Electronics;3;299.99;899.97;Cash;2026/01/01;Olivia Dlamini
T08980;S005;Midrand;C2579;Member;P0021;Cushion Set;Home & Decor;4;299.99;1199.96;Card;2026/05/03;Daniel Smith
T08981;S005;Midrand;C2225;Member;P0022;Cookware Set;Kitchen;5;1599.99;7999.95;Mobile Pay;2026/02/09;Olivia Dlamini
T08982;S005;Midrand;C0104;Member;P0024;Storage Container Set;Kitchen;3;349.99;1049.97;Mobile Pay;2026/06/11;Michael Williams
T08983;S005;Midrand;C0857;Guest;P0005;Laptop Backpack;Accessories;5;549.99;2749.95;Bank Transfer;2026/06/27;Noah Pillay
T08984;S005;Midrand;C2659;Member;P0021;Cushion Set;Home & Decor;4;299.99;1199.96;Cash;2026/04/04;Olivia Dlamini
T08985;S005;Midrand;C2360;Guest;P0018;Perfume;Beauty;1;899.99;899.99;Card;2026/03/19;Liam Jacobs
T08986;S005;Midrand;C1861;Guest;P0016;Skincare Set;Beauty;5;599.99;2999.95;Mobile Pay;2026/06/12;Emma Nkosi
T08987;S005;Midrand;C0844;Guest;P0008;Blender;Appliances;1;899.99;899.99;Card;2026/04/11;Sophie Mthembu
T08988;S005;Midrand;C2053;Guest;P0019;Throw Blanket;Home & Decor;5;449.99;2249.95;Mobile Pay;2026/04/23;Noah Pillay
T08989;S005;Midrand;C0957;Guest;P0003;Smart Watch;Electronics;4;1299.99;5199.96;Cash;2026/05/12;James Botha
T08990;S005;Midrand;C2663;Member;P0016;Skincare Set;Beauty;5;599.99;2999.95;Bank Transfer;2026/01/20;James Botha
T08991;S005;Midrand;C1288;Member;P0012;Hooded Sweatshirt;Clothing;6;599.99;3599.94;Card;2026/01/13;Noah Pillay
T08992;S005;Midrand;C2617;Guest;P0001;Wireless Headphones;Electronics;6;899.99;5399.94;Card;2026/05/22;Emma Nkosi
T08993;S005;Midrand;C2847;Guest;P0001;Wireless Headphones;Electronics;1;899.99;899.99;Cash;2026/02/17;Michael Williams
T08994;S005;Midrand;C0947;Guest;P0010;Cotton T-Shirt;Clothing;5;249.99;1249.95;Card;2026/05/19;Sarah Mokoena
T08995;S005;Midrand;C0637;Member;P0002;Bluetooth Speaker;Electronics;2;649.99;1299.98;Mobile Pay;2026/06/29;Noah Pillay
T08996;S005;Midrand;C2886;Guest;P0025;Novel Book;Books;2;199.99;399.98;Bank Transfer;2026/02/01;Sophie Mthembu
T08997;S005;Midrand;C0415;Member;P0009;Electric Kettle;Appliances;2;499.99;999.98;Mobile Pay;2026/03/16;Daniel Smith
T08998;S005;Midrand;C2480;Member;P0018;Perfume;Beauty;4;899.99;3599.96;Mobile Pay;2026/01/02;Noah Pillay
T08999;S005;Midrand;C0819;Member;P0007;Air Fryer;Appliances;2;1799.99;3599.98;Bank Transfer;2026/05/02;Michael Williams
T09000;S005;Midrand;C0141;Member;P0022;Cookware Set;Kitchen;3;1599.99;4799.97;Cash;2026/02/17;Emma Nkosi
T09001;S005;Midrand;C1204;Member;P0025;Novel Book;Books;6;199.99;1199.94;Mobile Pay;2026/06/11;Sophie Mthembu
T09002;S005;Midrand;C2359;Guest;P0013;Running Shoes;Sportswear;4;1499.5;5998.0;Card;2026/05/22;Olivia Dlamini
T09003;S005;Midrand;C2755;Member;P0021;Cushion Set;Home & Decor;4;299.99;1199.96;Bank Transfer;2026/06/25;Jessica Naidoo
T09004;S005;Midrand;C0997;Member;P0004;USB-C Charger;Electronics;1;299.99;299.99;Mobile Pay;2026/04/08;Jessica Naidoo
T09005;S005;Midrand;C0364;Member;P0019;Throw Blanket;Home & Decor;3;449.99;1349.97;Card;2026/02/28;Emma Nkosi
T09006;S005;Midrand;C0762;Member;P0001;Wireless Headphones;Electronics;4;899.99;3599.96;Bank Transfer;2026/04/16;Jessica Naidoo
T09007;S005;Midrand;C2819;Member;P0011;Denim Jeans;Clothing;3;799.99;2399.97;Cash;2026/05/16;Olivia Dlamini
T09008;S005;Midrand;C2376;Guest;P0006;Coffee Maker;Appliances;3;1299.99;3899.97;Mobile Pay;2026/05/11;Emma Nkosi
T09009;S005;Midrand;C2726;Guest;P0012;Hooded Sweatshirt;Clothing;6;599.99;3599.94;Card;2026/04/22;Daniel Smith
T09010;S005;Midrand;C0431;Member;P0009;Electric Kettle;Appliances;1;499.99;499.99;Cash;2026/02/12;James Botha
T09011;S005;Midrand;C0901;Member;P0012;Hooded Sweatshirt;Clothing;1;599.99;599.99;Cash;2026/01/17;Emma Nkosi
T09012;S005;Midrand;C2693;Member;P0017;Face Moisturiser;Beauty;5;249.99;1249.95;Bank Transfer;2026/01/08;Liam Jacobs
T09013;S005;Midrand;C1268;Member;P0003;Smart Watch;Electronics;5;1299.99;6499.95;Cash;2026/03/04;Sarah Mokoena
T09014;S005;Midrand;C2309;Member;P0016;Skincare Set;Beauty;3;599.99;1799.97;Bank Transfer;2026/03/24;Sarah Mokoena
T09015;S005;Midrand;C1193;Guest;P0025;Novel Book;Books;6;199.99;1199.94;Mobile Pay;2026/05/03;Liam Jacobs
T09016;S005;Midrand;C2696;Member;P0018;Perfume;Beauty;2;899.99;1799.98;Card;2026/04/28;Jessica Naidoo
T09017;S005;Midrand;C0158;Member;P0001;Wireless Headphones;Electronics;5;899.99;4499.95;Mobile Pay;2026/01/07;Sarah Mokoena
T09018;S005;Midrand;C0232;Member;P0008;Blender;Appliances;4;899.99;3599.96;Cash;2026/02/26;Michael Williams
T09019;S005;Midrand;C0276;Member;P0003;Smart Watch;Electronics;5;1299.99;6499.95;Card;2026/02/18;Daniel Smith
T09020;S005;Midrand;C1389;Member;P0006;Coffee Maker;Appliances;1;1299.99;1299.99;Mobile Pay;2026/04/10;Jessica Naidoo
T09021;S005;Midrand;C2209;Guest;P0007;Air Fryer;Appliances;4;1799.99;7199.96;Bank Transfer;2026/01/06;Sarah Mokoena
T09022;S005;Midrand;C0783;Guest;P0016;Skincare Set;Beauty;3;599.99;1799.97;Cash;2026/02/20;Liam Jacobs
T09023;S005;Midrand;C0446;Guest;P0025;Novel Book;Books;4;199.99;799.96;Mobile Pay;2026/05/11;Daniel Smith
T09024;S005;Midrand;C1101;Member;P0019;Throw Blanket;Home & Decor;6;449.99;2699.94;Cash;2026/04/01;Sophie Mthembu
T09025;S005;Midrand;C1333;Member;P0012;Hooded Sweatshirt;Clothing;1;599.99;599.99;Bank Transfer;2026/03/25;Sarah Mokoena
T09026;S005;Midrand;C1177;Member;P0009;Electric Kettle;Appliances;4;499.99;1999.96;Mobile Pay;2026/04/29;Jessica Naidoo
T09027;S005;Midrand;C0767;Member;P0022;Cookware Set;Kitchen;2;1599.99;3199.98;Card;2026/05/03;Olivia Dlamini
T09028;S005;Midrand;C0947;Guest;P0009;Electric Kettle;Appliances;6;499.99;2999.94;Card;2026/05/10;Daniel Smith
T09029;S005;Midrand;C0091;Member;P0012;Hooded Sweatshirt;Clothing;4;599.99;2399.96;Mobile Pay;2026/02/01;Olivia Dlamini
T09030;S005;Midrand;C2574;Member;P0002;Bluetooth Speaker;Electronics;5;649.99;3249.95;Bank Transfer;2026/06/23;Sophie Mthembu
T09031;S005;Midrand;C2273;Member;P0020;Table Lamp;Home & Decor;2;699.99;1399.98;Mobile Pay;2026/06/02;Noah Pillay
T09032;S005;Midrand;C1313;Member;P0021;Cushion Set;Home & Decor;3;299.99;899.97;Card;2026/02/02;Michael Williams
T09033;S005;Midrand;C1605;Member;P0017;Face Moisturiser;Beauty;3;249.99;749.97;Cash;2026/06/11;Sarah Mokoena
T09034;S005;Midrand;C0133;Member;P0012;Hooded Sweatshirt;Clothing;6;599.99;3599.94;Bank Transfer;2026/02/25;Jessica Naidoo
T09035;S005;Midrand;C2678;Member;P0011;Denim Jeans;Clothing;6;799.99;4799.94;Cash;2026/02/17;Emma Nkosi
T09036;S005;Midrand;C1508;Guest;P0021;Cushion Set;Home & Decor;4;299.99;1199.96;Card;2026/03/01;Sarah Mokoena
T09037;S005;Midrand;C0513;Guest;P0009;Electric Kettle;Appliances;1;499.99;499.99;Card;2026/03/28;Emma Nkosi
T09038;S005;Midrand;C1552;Member;P0015;Sports Bottle;Sportswear;1;199.99;199.99;Bank Transfer;2026/01/25;Daniel Smith
T09039;S005;Midrand;C0574;Guest;P0010;Cotton T-Shirt;Clothing;4;249.99;999.96;Mobile Pay;2026/03/09;Emma Nkosi
T09040;S005;Midrand;C0843;Guest;P0018;Perfume;Beauty;2;899.99;1799.98;Card;2026/03/18;Sophie Mthembu
T09041;S005;Midrand;C0517;Member;P0015;Sports Bottle;Sportswear;4;199.99;799.96;Cash;2026/04/24;Olivia Dlamini
T09042;S005;Midrand;C1315;Member;P0024;Storage Container Set;Kitchen;3;349.99;1049.97;Bank Transfer;2026/04/20;Jessica Naidoo
T09043;S005;Midrand;C0207;Member;P0015;Sports Bottle;Sportswear;4;199.99;799.96;Mobile Pay;2026/01/15;Sophie Mthembu
T09044;S005;Midrand;C0750;Member;P0015;Sports Bottle;Sportswear;3;199.99;599.97;Bank Transfer;2026/02/25;James Botha
T09045;S005;Midrand;C1423;Member;P0015;Sports Bottle;Sportswear;5;199.99;999.95;Card;2026/01/28;Jessica Naidoo
T09046;S005;Midrand;C2642;Member;P0017;Face Moisturiser;Beauty;6;249.99;1499.94;Card;2026/01/08;Sarah Mokoena
T09047;S005;Midrand;C1514;Member;P0001;Wireless Headphones;Electronics;1;899.99;899.99;Mobile Pay;2026/05/12;James Botha
T09048;S005;Midrand;C0760;Guest;P0017;Face Moisturiser;Beauty;4;249.99;999.96;Mobile Pay;2026/01/03;Noah Pillay
T09049;S005;Midrand;C2985;Member;P0021;Cushion Set;Home & Decor;1;299.99;299.99;Card;2026/02/14;Sophie Mthembu
T09050;S005;Midrand;C2352;Member;P0025;Novel Book;Books;5;199.99;999.95;Card;2026/06/20;Olivia Dlamini
T09051;S005;Midrand;C1365;Member;P0025;Novel Book;Books;3;199.99;599.97;Cash;2026/06/08;Olivia Dlamini
T09052;S005;Midrand;C2409;Guest;P0020;Table Lamp;Home & Decor;3;699.99;2099.97;Mobile Pay;2026/06/10;Liam Jacobs
T09053;S005;Midrand;C0039;Member;P0018;Perfume;Beauty;2;899.99;1799.98;Card;2026/03/22;Jessica Naidoo
T09054;S005;Midrand;C0431;Guest;P0018;Perfume;Beauty;5;899.99;4499.95;Card;2026/06/10;Michael Williams
T09055;S005;Midrand;C2994;Member;P0022;Cookware Set;Kitchen;2;1599.99;3199.98;Mobile Pay;2026/05/29;Noah Pillay
T09056;S005;Midrand;C1072;Member;P0004;USB-C Charger;Electronics;5;299.99;1499.95;Bank Transfer;2026/05/27;Noah Pillay
T09057;S005;Midrand;C0699;Member;P0007;Air Fryer;Appliances;3;1799.99;5399.97;Bank Transfer;2026/04/17;James Botha
T09058;S005;Midrand;C2149;Member;P0024;Storage Container Set;Kitchen;1;349.99;349.99;Bank Transfer;2026/02/04;Daniel Smith
T09059;S005;Midrand;C2239;Guest;P0003;Smart Watch;Electronics;2;1299.99;2599.98;Bank Transfer;2026/03/10;Michael Williams
T09060;S005;Midrand;C2328;Member;P0021;Cushion Set;Home & Decor;1;299.99;299.99;Cash;2026/06/30;Emma Nkosi
T09061;S005;Midrand;C1491;Member;P0018;Perfume;Beauty;6;899.99;5399.94;Mobile Pay;2026/03/06;Emma Nkosi
T09062;S005;Midrand;C2529;Member;P0004;USB-C Charger;Electronics;3;299.99;899.97;Bank Transfer;2026/03/28;James Botha
T09063;S005;Midrand;C0115;Member;P0025;Novel Book;Books;2;199.99;399.98;Mobile Pay;2026/01/12;Olivia Dlamini
T09064;S005;Midrand;C1516;Member;P0013;Running Shoes;Sportswear;2;1499.5;2999.0;Mobile Pay;2026/03/30;Noah Pillay
T09065;S005;Midrand;C1988;Member;P0016;Skincare Set;Beauty;1;599.99;599.99;Bank Transfer;2026/04/18;James Botha
T09066;S005;Midrand;C0853;Member;P0007;Air Fryer;Appliances;5;1799.99;8999.95;Cash;2026/05/20;Sarah Mokoena
T09067;S005;Midrand;C1077;Member;P0006;Coffee Maker;Appliances;5;1299.99;6499.95;Bank Transfer;2026/01/27;Emma Nkosi
T09068;S005;Midrand;C2715;Member;P0011;Denim Jeans;Clothing;4;799.99;3199.96;Mobile Pay;2026/03/17;James Botha
T09069;S005;Midrand;C0916;Member;P0005;Laptop Backpack;Accessories;2;549.99;1099.98;Cash;2026/01/27;Noah Pillay
T09070;S005;Midrand;C2895;Member;P0025;Novel Book;Books;1;199.99;199.99;Cash;2026/01/23;Liam Jacobs
T09071;S005;Midrand;C0744;Member;P0014;Yoga Mat;Sportswear;2;399.99;799.98;Cash;2026/02/07;James Botha
T09072;S005;Midrand;C0164;Member;P0009;Electric Kettle;Appliances;5;499.99;2499.95;Bank Transfer;2026/06/15;Olivia Dlamini
T09073;S005;Midrand;C1725;Member;P0009;Electric Kettle;Appliances;1;499.99;499.99;Card;2026/02/26;James Botha
T09074;S005;Midrand;C1534;Member;P0002;Bluetooth Speaker;Electronics;6;649.99;3899.94;Mobile Pay;2026/01/21;Emma Nkosi
T09075;S005;Midrand;C0201;Member;P0016;Skincare Set;Beauty;3;599.99;1799.97;Bank Transfer;2026/06/01;Daniel Smith
T09076;S005;Midrand;C2988;Guest;P0003;Smart Watch;Electronics;4;1299.99;5199.96;Bank Transfer;2026/03/15;Emma Nkosi
T09077;S005;Midrand;C2278;Member;P0024;Storage Container Set;Kitchen;2;349.99;699.98;Cash;2026/03/03;Emma Nkosi
T09078;S005;Midrand;C2931;Member;P0025;Novel Book;Books;3;199.99;599.97;Mobile Pay;2026/06/09;Jessica Naidoo
T09079;S005;Midrand;C2483;Member;P0019;Throw Blanket;Home & Decor;6;449.99;2699.94;Cash;2026/02/09;Michael Williams
T09080;S005;Midrand;C0454;Guest;P0019;Throw Blanket;Home & Decor;2;449.99;899.98;Bank Transfer;2026/01/08;Emma Nkosi
T09081;S005;Midrand;C1900;Member;P0002;Bluetooth Speaker;Electronics;5;649.99;3249.95;Mobile Pay;2026/04/02;Emma Nkosi
T09082;S005;Midrand;C1980;Member;P0011;Denim Jeans;Clothing;6;799.99;4799.94;Cash;2026/02/21;Michael Williams
T09083;S005;Midrand;C0866;Member;P0003;Smart Watch;Electronics;4;1299.99;5199.96;Mobile Pay;2026/04/24;Michael Williams
T09084;S005;Midrand;C2728;Member;P0023;Dinner Plate Set;Kitchen;6;499.99;2999.94;Mobile Pay;2026/03/27;Olivia Dlamini
T09085;S005;Midrand;C1853;Member;P0013;Running Shoes;Sportswear;6;1499.5;8997.0;Bank Transfer;2026/01/23;Sarah Mokoena
T09086;S005;Midrand;C2652;Member;P0007;Air Fryer;Appliances;3;1799.99;5399.97;Mobile Pay;2026/02/20;Sarah Mokoena
T09087;S005;Midrand;C2853;Member;P0003;Smart Watch;Electronics;5;1299.99;6499.95;Card;2026/05/18;Liam Jacobs
T09088;S005;Midrand;C0852;Member;P0018;Perfume;Beauty;2;899.99;1799.98;Bank Transfer;2026/06/03;Noah Pillay
T09089;S005;Midrand;C1171;Member;P0005;Laptop Backpack;Accessories;3;549.99;1649.97;Mobile Pay;2026/05/21;James Botha
T09090;S005;Midrand;C1117;Guest;P0013;Running Shoes;Sportswear;5;1499.5;7497.5;Cash;2026/01/24;Michael Williams
T09091;S005;Midrand;C0244;Member;P0018;Perfume;Beauty;5;899.99;4499.95;Bank Transfer;2026/05/10;Jessica Naidoo
T09092;S005;Midrand;C0622;Member;P0021;Cushion Set;Home & Decor;5;299.99;1499.95;Card;2026/05/14;Olivia Dlamini
T09093;S005;Midrand;C0757;Guest;P0025;Novel Book;Books;5;199.99;999.95;Bank Transfer;2026/03/10;Olivia Dlamini
T09094;S005;Midrand;C1149;Member;P0017;Face Moisturiser;Beauty;2;249.99;499.98;Card;2026/03/11;Sarah Mokoena
T09095;S005;Midrand;C0197;Guest;P0010;Cotton T-Shirt;Clothing;3;249.99;749.97;Mobile Pay;2026/06/16;James Botha
T09096;S005;Midrand;C1261;Guest;P0022;Cookware Set;Kitchen;6;1599.99;9599.94;Mobile Pay;2026/05/08;Sophie Mthembu
T09097;S005;Midrand;C2045;Member;P0016;Skincare Set;Beauty;6;599.99;3599.94;Mobile Pay;2026/06/20;Sophie Mthembu
T09098;S005;Midrand;C0004;Member;P0025;Novel Book;Books;1;199.99;199.99;Bank Transfer;2026/06/29;Michael Williams
T09099;S005;Midrand;C1052;Member;P0003;Smart Watch;Electronics;6;1299.99;7799.94;Mobile Pay;2026/01/23;Jessica Naidoo
T09100;S005;Midrand;C2366;Guest;P0023;Dinner Plate Set;Kitchen;3;499.99;1499.97;Cash;2026/02/09;Sophie Mthembu
T09101;S005;Midrand;C1717;Guest;P0003;Smart Watch;Electronics;5;1299.99;6499.95;Bank Transfer;2026/03/31;James Botha
T09102;S005;Midrand;C1337;Guest;P0003;Smart Watch;Electronics;6;1299.99;7799.94;Card;2026/05/12;Emma Nkosi
T09103;S005;Midrand;C0282;Member;P0015;Sports Bottle;Sportswear;5;199.99;999.95;Mobile Pay;2026/06/09;James Botha
T09104;S005;Midrand;C0949;Member;P0019;Throw Blanket;Home & Decor;6;449.99;2699.94;Card;2026/01/24;Sarah Mokoena
T09105;S005;Midrand;C1699;Guest;P0020;Table Lamp;Home & Decor;5;699.99;3499.95;Bank Transfer;2026/03/20;Emma Nkosi
T09106;S005;Midrand;C1245;Guest;P0024;Storage Container Set;Kitchen;6;349.99;2099.94;Cash;2026/04/30;Liam Jacobs
T09107;S005;Midrand;C2183;Guest;P0013;Running Shoes;Sportswear;5;1499.5;7497.5;Mobile Pay;2026/01/23;Sarah Mokoena
T09108;S005;Midrand;C0080;Member;P0011;Denim Jeans;Clothing;4;799.99;3199.96;Mobile Pay;2026/03/04;Jessica Naidoo
T09109;S005;Midrand;C0633;Member;P0021;Cushion Set;Home & Decor;1;299.99;299.99;Bank Transfer;2026/06/15;Noah Pillay
T09110;S005;Midrand;C1642;Guest;P0003;Smart Watch;Electronics;1;1299.99;1299.99;Card;2026/06/14;James Botha
T09111;S005;Midrand;C0083;Member;P0023;Dinner Plate Set;Kitchen;4;499.99;1999.96;Mobile Pay;2026/03/18;Jessica Naidoo
T09112;S005;Midrand;C1627;Member;P0007;Air Fryer;Appliances;1;1799.99;1799.99;Bank Transfer;2026/02/03;James Botha
T09113;S005;Midrand;C2270;Guest;P0007;Air Fryer;Appliances;1;1799.99;1799.99;Mobile Pay;2026/04/03;Olivia Dlamini
T09114;S005;Midrand;C1476;Member;P0016;Skincare Set;Beauty;5;599.99;2999.95;Card;2026/03/13;Jessica Naidoo
T09115;S005;Midrand;C2611;Guest;P0008;Blender;Appliances;3;899.99;2699.97;Bank Transfer;2026/06/14;Emma Nkosi
T09116;S005;Midrand;C2444;Member;P0001;Wireless Headphones;Electronics;3;899.99;2699.97;Cash;2026/04/19;Olivia Dlamini
T09117;S005;Midrand;C0011;Member;P0016;Skincare Set;Beauty;2;599.99;1199.98;Bank Transfer;2026/02/28;James Botha
T09118;S005;Midrand;C0360;Member;P0012;Hooded Sweatshirt;Clothing;2;599.99;1199.98;Cash;2026/04/19;Liam Jacobs
T09119;S005;Midrand;C1412;Member;P0019;Throw Blanket;Home & Decor;3;449.99;1349.97;Bank Transfer;2026/05/26;Sarah Mokoena
T09120;S005;Midrand;C2995;Guest;P0011;Denim Jeans;Clothing;4;799.99;3199.96;Card;2026/01/18;Jessica Naidoo
T09121;S005;Midrand;C0877;Member;P0001;Wireless Headphones;Electronics;6;899.99;5399.94;Cash;2026/06/28;Michael Williams
T09122;S005;Midrand;C2705;Member;P0016;Skincare Set;Beauty;5;599.99;2999.95;Cash;2026/04/11;Noah Pillay
T09123;S005;Midrand;C0075;Member;P0025;Novel Book;Books;4;199.99;799.96;Card;2026/05/22;Liam Jacobs
T09124;S005;Midrand;C2926;Guest;P0008;Blender;Appliances;1;899.99;899.99;Cash;2026/06/27;Sophie Mthembu
T09125;S005;Midrand;C0829;Guest;P0021;Cushion Set;Home & Decor;6;299.99;1799.94;Cash;2026/02/17;Liam Jacobs
T09126;S005;Midrand;C1539;Guest;P0001;Wireless Headphones;Electronics;3;899.99;2699.97;Mobile Pay;2026/06/09;Emma Nkosi
T09127;S005;Midrand;C0351;Member;P0022;Cookware Set;Kitchen;4;1599.99;6399.96;Bank Transfer;2026/02/04;Noah Pillay
T09128;S005;Midrand;C0406;Guest;P0014;Yoga Mat;Sportswear;5;399.99;1999.95;Cash;2026/03/31;Daniel Smith
T09129;S005;Midrand;C1671;Member;P0001;Wireless Headphones;Electronics;5;899.99;4499.95;Cash;2026/02/20;Emma Nkosi
T09130;S005;Midrand;C1192;Member;P0018;Perfume;Beauty;1;899.99;899.99;Bank Transfer;2026/02/27;Sophie Mthembu
T09131;S005;Midrand;C2637;Member;P0025;Novel Book;Books;2;199.99;399.98;Mobile Pay;2026/06/24;Jessica Naidoo
T09132;S005;Midrand;C0387;Member;P0004;USB-C Charger;Electronics;4;299.99;1199.96;Bank Transfer;2026/03/08;Emma Nkosi
T09133;S005;Midrand;C2371;Guest;P0012;Hooded Sweatshirt;Clothing;5;599.99;2999.95;Card;2026/02/18;Daniel Smith
T09134;S005;Midrand;C2715;Member;P0017;Face Moisturiser;Beauty;2;249.99;499.98;Mobile Pay;2026/02/03;Sophie Mthembu
T09135;S005;Midrand;C1211;Guest;P0008;Blender;Appliances;5;899.99;4499.95;Card;2026/04/05;Sarah Mokoena
T09136;S005;Midrand;C2097;Member;P0025;Novel Book;Books;5;199.99;999.95;Card;2026/03/10;Liam Jacobs
T09137;S005;Midrand;C2207;Guest;P0025;Novel Book;Books;2;199.99;399.98;Card;2026/02/22;Olivia Dlamini
T09138;S005;Midrand;C2596;Member;P0005;Laptop Backpack;Accessories;3;549.99;1649.97;Cash;2026/05/16;Sarah Mokoena
T09139;S005;Midrand;C0382;Guest;P0015;Sports Bottle;Sportswear;5;199.99;999.95;Bank Transfer;2026/01/12;Jessica Naidoo
T09140;S005;Midrand;C1036;Member;P0015;Sports Bottle;Sportswear;4;199.99;799.96;Mobile Pay;2026/02/10;Noah Pillay
T09141;S005;Midrand;C2849;Member;P0014;Yoga Mat;Sportswear;1;399.99;399.99;Mobile Pay;2026/03/14;Olivia Dlamini
T09142;S005;Midrand;C0430;Member;P0004;USB-C Charger;Electronics;5;299.99;1499.95;Mobile Pay;2026/04/16;Daniel Smith
T09143;S005;Midrand;C1113;Guest;P0005;Laptop Backpack;Accessories;3;549.99;1649.97;Bank Transfer;2026/02/25;Daniel Smith
T09144;S005;Midrand;C1416;Guest;P0005;Laptop Backpack;Accessories;4;549.99;2199.96;Mobile Pay;2026/02/23;Olivia Dlamini
T09145;S005;Midrand;C2517;Member;P0025;Novel Book;Books;3;199.99;599.97;Card;2026/04/12;Michael Williams
T09146;S005;Midrand;C2826;Member;P0009;Electric Kettle;Appliances;2;499.99;999.98;Card;2026/03/25;Olivia Dlamini
T09147;S005;Midrand;C0499;Guest;P0010;Cotton T-Shirt;Clothing;4;249.99;999.96;Mobile Pay;2026/03/22;James Botha
T09148;S005;Midrand;C0875;Guest;P0012;Hooded Sweatshirt;Clothing;4;599.99;2399.96;Card;2026/01/03;Daniel Smith
T09149;S005;Midrand;C1309;Member;P0021;Cushion Set;Home & Decor;6;299.99;1799.94;Bank Transfer;2026/02/02;Noah Pillay
T09150;S005;Midrand;C2445;Member;P0007;Air Fryer;Appliances;3;1799.99;5399.97;Cash;2026/03/26;Noah Pillay
T09151;S005;Midrand;C2722;Member;P0020;Table Lamp;Home & Decor;6;699.99;4199.94;Cash;2026/02/18;Sophie Mthembu
T09152;S005;Midrand;C1435;Guest;P0023;Dinner Plate Set;Kitchen;3;499.99;1499.97;Mobile Pay;2026/06/26;Jessica Naidoo
T09153;S005;Midrand;C1534;Member;P0008;Blender;Appliances;3;899.99;2699.97;Mobile Pay;2026/06/22;Emma Nkosi
T09154;S005;Midrand;C0466;Member;P0019;Throw Blanket;Home & Decor;2;449.99;899.98;Card;2026/04/12;Liam Jacobs
T09155;S005;Midrand;C2776;Member;P0001;Wireless Headphones;Electronics;4;899.99;3599.96;Card;2026/06/21;Noah Pillay
T09156;S005;Midrand;C2400;Member;P0013;Running Shoes;Sportswear;4;1499.5;5998.0;Bank Transfer;2026/03/12;Emma Nkosi
T09157;S005;Midrand;C0979;Member;P0015;Sports Bottle;Sportswear;2;199.99;399.98;Bank Transfer;2026/04/22;Jessica Naidoo
T09158;S005;Midrand;C1201;Guest;P0011;Denim Jeans;Clothing;2;799.99;1599.98;Card;2026/05/30;James Botha
T09159;S005;Midrand;C0201;Guest;P0018;Perfume;Beauty;6;899.99;5399.94;Cash;2026/01/29;Sophie Mthembu
T09160;S005;Midrand;C2019;Member;P0024;Storage Container Set;Kitchen;3;349.99;1049.97;Card;2026/04/30;Daniel Smith
T09161;S005;Midrand;C2302;Member;P0015;Sports Bottle;Sportswear;4;199.99;799.96;Card;2026/03/13;James Botha
T09162;S005;Midrand;C0315;Member;P0005;Laptop Backpack;Accessories;6;549.99;3299.94;Mobile Pay;2026/06/08;Noah Pillay
T09163;S005;Midrand;C0030;Guest;P0024;Storage Container Set;Kitchen;3;349.99;1049.97;Mobile Pay;2026/02/23;Olivia Dlamini
T09164;S005;Midrand;C1759;Member;P0006;Coffee Maker;Appliances;6;1299.99;7799.94;Bank Transfer;2026/05/13;Liam Jacobs
T09165;S005;Midrand;C0611;Guest;P0006;Coffee Maker;Appliances;6;1299.99;7799.94;Mobile Pay;2026/03/03;Olivia Dlamini
T09166;S005;Midrand;C0834;Member;P0018;Perfume;Beauty;5;899.99;4499.95;Card;2026/04/21;Olivia Dlamini
T09167;S005;Midrand;C2419;Guest;P0022;Cookware Set;Kitchen;4;1599.99;6399.96;Card;2026/03/19;Daniel Smith
T09168;S005;Midrand;C2337;Member;P0018;Perfume;Beauty;1;899.99;899.99;Cash;2026/06/25;Noah Pillay
T09169;S005;Midrand;C1042;Member;P0022;Cookware Set;Kitchen;2;1599.99;3199.98;Bank Transfer;2026/04/29;Sarah Mokoena
T09170;S005;Midrand;C1466;Member;P0012;Hooded Sweatshirt;Clothing;2;599.99;1199.98;Bank Transfer;2026/05/19;Olivia Dlamini
T09171;S005;Midrand;C0994;Member;P0009;Electric Kettle;Appliances;4;499.99;1999.96;Mobile Pay;2026/02/17;Sarah Mokoena
T09172;S005;Midrand;C2740;Guest;P0005;Laptop Backpack;Accessories;2;549.99;1099.98;Mobile Pay;2026/01/02;Noah Pillay
T09173;S005;Midrand;C1527;Member;P0014;Yoga Mat;Sportswear;2;399.99;799.98;Cash;2026/06/13;Michael Williams
T09174;S005;Midrand;C2876;Member;P0003;Smart Watch;Electronics;4;1299.99;5199.96;Mobile Pay;2026/04/18;James Botha
T09175;S005;Midrand;C0854;Member;P0013;Running Shoes;Sportswear;4;1499.5;5998.0;Cash;2026/04/01;Sophie Mthembu
T09176;S005;Midrand;C0685;Member;P0007;Air Fryer;Appliances;4;1799.99;7199.96;Mobile Pay;2026/04/12;Sarah Mokoena
T09177;S005;Midrand;C1407;Guest;P0005;Laptop Backpack;Accessories;2;549.99;1099.98;Mobile Pay;2026/03/21;Noah Pillay
T09178;S005;Midrand;C0923;Guest;P0012;Hooded Sweatshirt;Clothing;5;599.99;2999.95;Cash;2026/05/04;Liam Jacobs
T09179;S005;Midrand;C2778;Member;P0009;Electric Kettle;Appliances;6;499.99;2999.94;Bank Transfer;2026/05/01;James Botha
T09180;S005;Midrand;C2948;Guest;P0002;Bluetooth Speaker;Electronics;2;649.99;1299.98;Mobile Pay;2026/03/25;Emma Nkosi
T09181;S005;Midrand;C0850;Guest;P0023;Dinner Plate Set;Kitchen;4;499.99;1999.96;Bank Transfer;2026/06/30;Olivia Dlamini
T09182;S005;Midrand;C2949;Member;P0010;Cotton T-Shirt;Clothing;4;249.99;999.96;Card;2026/06/14;Emma Nkosi
T09183;S005;Midrand;C0075;Member;P0013;Running Shoes;Sportswear;4;1499.5;5998.0;Cash;2026/01/19;Noah Pillay
T09184;S005;Midrand;C1938;Member;P0018;Perfume;Beauty;5;899.99;4499.95;Mobile Pay;2026/01/30;Noah Pillay
T09185;S005;Midrand;C2352;Member;P0017;Face Moisturiser;Beauty;1;249.99;249.99;Cash;2026/06/28;Michael Williams
T09186;S005;Midrand;C1129;Member;P0008;Blender;Appliances;3;899.99;2699.97;Cash;2026/04/15;Daniel Smith
T09187;S005;Midrand;C0705;Member;P0024;Storage Container Set;Kitchen;1;349.99;349.99;Mobile Pay;2026/01/06;James Botha
T09188;S005;Midrand;C0025;Member;P0011;Denim Jeans;Clothing;1;799.99;799.99;Card;2026/06/10;Sophie Mthembu
T09189;S005;Midrand;C2724;Guest;P0024;Storage Container Set;Kitchen;2;349.99;699.98;Mobile Pay;2026/02/13;Daniel Smith
T09190;S005;Midrand;C0547;Member;P0005;Laptop Backpack;Accessories;2;549.99;1099.98;Bank Transfer;2026/01/12;Liam Jacobs
T09191;S005;Midrand;C0498;Member;P0009;Electric Kettle;Appliances;3;499.99;1499.97;Cash;2026/06/25;Sophie Mthembu
T09192;S005;Midrand;C1582;Guest;P0006;Coffee Maker;Appliances;3;1299.99;3899.97;Mobile Pay;2026/06/17;Noah Pillay
T09193;S005;Midrand;C1404;Member;P0024;Storage Container Set;Kitchen;5;349.99;1749.95;Mobile Pay;2026/01/11;Liam Jacobs
T09194;S005;Midrand;C2253;Member;P0022;Cookware Set;Kitchen;4;1599.99;6399.96;Bank Transfer;2026/04/01;Emma Nkosi
T09195;S005;Midrand;C0463;Member;P0022;Cookware Set;Kitchen;6;1599.99;9599.94;Cash;2026/06/28;Olivia Dlamini
T09196;S005;Midrand;C1068;Member;P0025;Novel Book;Books;3;199.99;599.97;Mobile Pay;2026/04/12;Emma Nkosi
T09197;S005;Midrand;C1026;Member;P0007;Air Fryer;Appliances;3;1799.99;5399.97;Mobile Pay;2026/05/30;Emma Nkosi
T09198;S005;Midrand;C1794;Guest;P0019;Throw Blanket;Home & Decor;6;449.99;2699.94;Card;2026/05/17;Sarah Mokoena
T09199;S005;Midrand;C2389;Member;P0002;Bluetooth Speaker;Electronics;2;649.99;1299.98;Cash;2026/02/24;Jessica Naidoo
T09200;S005;Midrand;C0402;Guest;P0017;Face Moisturiser;Beauty;1;249.99;249.99;Cash;2026/04/10;Noah Pillay
T09201;S005;Midrand;C2172;Guest;P0003;Smart Watch;Electronics;5;1299.99;6499.95;Card;2026/03/08;Noah Pillay
T09202;S005;Midrand;C2336;Guest;P0001;Wireless Headphones;Electronics;6;899.99;5399.94;Card;2026/05/09;Olivia Dlamini
T09203;S005;Midrand;C0141;Guest;P0009;Electric Kettle;Appliances;4;499.99;1999.96;Mobile Pay;2026/05/06;Olivia Dlamini
T09204;S005;Midrand;C1183;Guest;P0009;Electric Kettle;Appliances;2;499.99;999.98;Cash;2026/01/29;Jessica Naidoo
T09205;S005;Midrand;C1936;Member;P0005;Laptop Backpack;Accessories;4;549.99;2199.96;Cash;2026/01/27;Noah Pillay
T09206;S005;Midrand;C1341;Member;P0016;Skincare Set;Beauty;3;599.99;1799.97;Cash;2026/01/31;James Botha
T09207;S005;Midrand;C2790;Member;P0004;USB-C Charger;Electronics;5;299.99;1499.95;Bank Transfer;2026/05/13;Michael Williams
T09208;S005;Midrand;C2675;Guest;P0023;Dinner Plate Set;Kitchen;2;499.99;999.98;Card;2026/04/05;James Botha
T09209;S005;Midrand;C2612;Member;P0005;Laptop Backpack;Accessories;6;549.99;3299.94;Card;2026/05/26;Liam Jacobs
T09210;S005;Midrand;C1053;Guest;P0003;Smart Watch;Electronics;5;1299.99;6499.95;Bank Transfer;2026/03/21;Sarah Mokoena
T09211;S005;Midrand;C1684;Guest;P0023;Dinner Plate Set;Kitchen;4;499.99;1999.96;Bank Transfer;2026/06/07;Noah Pillay
T09212;S005;Midrand;C2898;Member;P0014;Yoga Mat;Sportswear;4;399.99;1599.96;Mobile Pay;2026/05/23;James Botha
T09213;S005;Midrand;C2962;Member;P0020;Table Lamp;Home & Decor;1;699.99;699.99;Cash;2026/03/30;Liam Jacobs
T09214;S005;Midrand;C1585;Member;P0023;Dinner Plate Set;Kitchen;3;499.99;1499.97;Mobile Pay;2026/01/27;Sarah Mokoena
T09215;S005;Midrand;C0475;Guest;P0009;Electric Kettle;Appliances;2;499.99;999.98;Cash;2026/01/08;James Botha
T09216;S005;Midrand;C0683;Member;P0006;Coffee Maker;Appliances;5;1299.99;6499.95;Mobile Pay;2026/05/25;Sophie Mthembu
T09217;S005;Midrand;C1189;Member;P0006;Coffee Maker;Appliances;4;1299.99;5199.96;Mobile Pay;2026/05/09;Noah Pillay
T09218;S005;Midrand;C1816;Member;P0014;Yoga Mat;Sportswear;2;399.99;799.98;Bank Transfer;2026/03/12;Michael Williams
T09219;S005;Midrand;C2805;Member;P0021;Cushion Set;Home & Decor;4;299.99;1199.96;Mobile Pay;2026/03/05;Michael Williams
T09220;S005;Midrand;C0109;Member;P0016;Skincare Set;Beauty;6;599.99;3599.94;Bank Transfer;2026/03/29;James Botha
T09221;S005;Midrand;C1540;Member;P0008;Blender;Appliances;1;899.99;899.99;Mobile Pay;2026/01/18;James Botha
T09222;S005;Midrand;C1065;Guest;P0011;Denim Jeans;Clothing;6;799.99;4799.94;Bank Transfer;2026/04/11;Jessica Naidoo
T09223;S005;Midrand;C2096;Member;P0013;Running Shoes;Sportswear;5;1499.5;7497.5;Card;2026/01/14;Sarah Mokoena
T09224;S005;Midrand;C0270;Member;P0024;Storage Container Set;Kitchen;6;349.99;2099.94;Mobile Pay;2026/02/15;James Botha
T09225;S005;Midrand;C2558;Member;P0024;Storage Container Set;Kitchen;6;349.99;2099.94;Mobile Pay;2026/01/22;Emma Nkosi
T09226;S005;Midrand;C1595;Guest;P0021;Cushion Set;Home & Decor;3;299.99;899.97;Mobile Pay;2026/02/16;Sophie Mthembu
T09227;S005;Midrand;C2955;Member;P0010;Cotton T-Shirt;Clothing;3;249.99;749.97;Bank Transfer;2026/01/20;Sarah Mokoena
T09228;S005;Midrand;C0014;Guest;P0009;Electric Kettle;Appliances;4;499.99;1999.96;Card;2026/02/15;Noah Pillay
T09229;S005;Midrand;C0189;Member;P0021;Cushion Set;Home & Decor;5;299.99;1499.95;Bank Transfer;2026/05/11;James Botha
T09230;S005;Midrand;C2864;Member;P0003;Smart Watch;Electronics;4;1299.99;5199.96;Bank Transfer;2026/01/02;Jessica Naidoo
T09231;S005;Midrand;C1071;Member;P0005;Laptop Backpack;Accessories;6;549.99;3299.94;Bank Transfer;2026/04/01;Noah Pillay
T09232;S005;Midrand;C0856;Guest;P0025;Novel Book;Books;1;199.99;199.99;Mobile Pay;2026/06/22;James Botha
T09233;S005;Midrand;C2030;Guest;P0024;Storage Container Set;Kitchen;4;349.99;1399.96;Mobile Pay;2026/03/29;Emma Nkosi
T09234;S005;Midrand;C0414;Member;P0023;Dinner Plate Set;Kitchen;1;499.99;499.99;Card;2026/01/28;Michael Williams
T09235;S005;Midrand;C0112;Member;P0002;Bluetooth Speaker;Electronics;1;649.99;649.99;Cash;2026/05/03;Emma Nkosi
T09236;S005;Midrand;C2725;Guest;P0007;Air Fryer;Appliances;4;1799.99;7199.96;Cash;2026/06/30;Emma Nkosi
T09237;S005;Midrand;C2959;Member;P0015;Sports Bottle;Sportswear;1;199.99;199.99;Mobile Pay;2026/02/17;Emma Nkosi
T09238;S005;Midrand;C0508;Guest;P0023;Dinner Plate Set;Kitchen;6;499.99;2999.94;Mobile Pay;2026/02/25;Michael Williams
T09239;S005;Midrand;C0068;Member;P0022;Cookware Set;Kitchen;6;1599.99;9599.94;Card;2026/04/25;Sarah Mokoena
T09240;S005;Midrand;C0143;Member;P0022;Cookware Set;Kitchen;6;1599.99;9599.94;Bank Transfer;2026/04/22;Liam Jacobs
T09241;S005;Midrand;C2951;Member;P0018;Perfume;Beauty;5;899.99;4499.95;Card;2026/01/11;Sarah Mokoena
T09242;S005;Midrand;C2330;Member;P0023;Dinner Plate Set;Kitchen;5;499.99;2499.95;Cash;2026/03/19;Emma Nkosi
T09243;S005;Midrand;C2460;Member;P0002;Bluetooth Speaker;Electronics;2;649.99;1299.98;Bank Transfer;2026/01/24;Emma Nkosi
T09244;S005;Midrand;C2437;Member;P0002;Bluetooth Speaker;Electronics;5;649.99;3249.95;Cash;2026/05/18;Noah Pillay
T09245;S005;Midrand;C2039;Member;P0003;Smart Watch;Electronics;1;1299.99;1299.99;Cash;2026/04/26;Liam Jacobs
T09246;S005;Midrand;C0490;Guest;P0013;Running Shoes;Sportswear;4;1499.5;5998.0;Mobile Pay;2026/03/30;Daniel Smith
T09247;S005;Midrand;C0084;Member;P0001;Wireless Headphones;Electronics;1;899.99;899.99;Bank Transfer;2026/06/13;Jessica Naidoo
T09248;S005;Midrand;C2559;Guest;P0002;Bluetooth Speaker;Electronics;3;649.99;1949.97;Cash;2026/06/17;Olivia Dlamini
T09249;S005;Midrand;C1466;Member;P0001;Wireless Headphones;Electronics;3;899.99;2699.97;Mobile Pay;2026/05/16;James Botha
T09250;S005;Midrand;C2052;Member;P0004;USB-C Charger;Electronics;2;299.99;599.98;Card;2026/01/06;Olivia Dlamini
T09251;S005;Midrand;C1583;Guest;P0003;Smart Watch;Electronics;4;1299.99;5199.96;Cash;2026/03/18;Noah Pillay
T09252;S005;Midrand;C0843;Guest;P0012;Hooded Sweatshirt;Clothing;5;599.99;2999.95;Bank Transfer;2026/01/20;Sarah Mokoena
T09253;S005;Midrand;C0996;Guest;P0013;Running Shoes;Sportswear;3;1499.5;4498.5;Bank Transfer;2026/06/14;Noah Pillay
T09254;S005;Midrand;C1502;Guest;P0001;Wireless Headphones;Electronics;4;899.99;3599.96;Cash;2026/02/07;James Botha
T09255;S005;Midrand;C1067;Guest;P0004;USB-C Charger;Electronics;1;299.99;299.99;Card;2026/06/16;Noah Pillay
T09256;S005;Midrand;C2268;Member;P0013;Running Shoes;Sportswear;2;1499.5;2999.0;Mobile Pay;2026/03/24;Sophie Mthembu
T09257;S005;Midrand;C1698;Guest;P0021;Cushion Set;Home & Decor;4;299.99;1199.96;Card;2026/06/01;Sophie Mthembu
T09258;S005;Midrand;C1873;Member;P0009;Electric Kettle;Appliances;5;499.99;2499.95;Card;2026/06/01;Jessica Naidoo
T09259;S005;Midrand;C1916;Member;P0017;Face Moisturiser;Beauty;5;249.99;1249.95;Bank Transfer;2026/01/26;Olivia Dlamini
T09260;S005;Midrand;C0661;Member;P0007;Air Fryer;Appliances;3;1799.99;5399.97;Cash;2026/04/09;Noah Pillay
T09261;S005;Midrand;C2688;Guest;P0016;Skincare Set;Beauty;3;599.99;1799.97;Mobile Pay;2026/03/07;Michael Williams
T09262;S005;Midrand;C0326;Guest;P0014;Yoga Mat;Sportswear;3;399.99;1199.97;Mobile Pay;2026/05/20;Daniel Smith
T09263;S005;Midrand;C0145;Member;P0025;Novel Book;Books;6;199.99;1199.94;Cash;2026/02/17;Olivia Dlamini
T09264;S005;Midrand;C2001;Member;P0014;Yoga Mat;Sportswear;6;399.99;2399.94;Card;2026/03/11;Michael Williams
T09265;S005;Midrand;C2131;Member;P0015;Sports Bottle;Sportswear;5;199.99;999.95;Mobile Pay;2026/01/09;Sophie Mthembu
T09266;S005;Midrand;C2585;Guest;P0007;Air Fryer;Appliances;1;1799.99;1799.99;Bank Transfer;2026/06/16;Sophie Mthembu
T09267;S005;Midrand;C0808;Member;P0025;Novel Book;Books;2;199.99;399.98;Mobile Pay;2026/01/27;James Botha
T09268;S005;Midrand;C0650;Guest;P0025;Novel Book;Books;5;199.99;999.95;Cash;2026/04/29;Sophie Mthembu
T09269;S005;Midrand;C0825;Member;P0015;Sports Bottle;Sportswear;6;199.99;1199.94;Mobile Pay;2026/04/09;Jessica Naidoo
T09270;S005;Midrand;C2734;Member;P0013;Running Shoes;Sportswear;1;1499.5;1499.5;Bank Transfer;2026/02/21;James Botha
T09271;S005;Midrand;C0439;Member;P0007;Air Fryer;Appliances;4;1799.99;7199.96;Card;2026/04/09;James Botha
T09272;S005;Midrand;C2566;Member;P0018;Perfume;Beauty;6;899.99;5399.94;Bank Transfer;2026/04/13;Michael Williams
T09273;S005;Midrand;C0924;Member;P0024;Storage Container Set;Kitchen;5;349.99;1749.95;Card;2026/03/13;Noah Pillay
T09274;S005;Midrand;C2453;Member;P0017;Face Moisturiser;Beauty;4;249.99;999.96;Mobile Pay;2026/04/24;Michael Williams
T09275;S005;Midrand;C0189;Member;P0010;Cotton T-Shirt;Clothing;2;249.99;499.98;Bank Transfer;2026/04/28;James Botha
T09276;S005;Midrand;C1998;Guest;P0006;Coffee Maker;Appliances;4;1299.99;5199.96;Bank Transfer;2026/02/05;James Botha
T09277;S005;Midrand;C2788;Member;P0005;Laptop Backpack;Accessories;1;549.99;549.99;Bank Transfer;2026/06/18;Olivia Dlamini
T09278;S005;Midrand;C1232;Member;P0017;Face Moisturiser;Beauty;2;249.99;499.98;Bank Transfer;2026/05/21;Sophie Mthembu
T09279;S005;Midrand;C2983;Guest;P0003;Smart Watch;Electronics;1;1299.99;1299.99;Bank Transfer;2026/05/21;Olivia Dlamini
T09280;S005;Midrand;C1302;Member;P0018;Perfume;Beauty;4;899.99;3599.96;Bank Transfer;2026/02/07;James Botha
T09281;S005;Midrand;C1221;Member;P0025;Novel Book;Books;5;199.99;999.95;Cash;2026/03/03;Emma Nkosi
T09282;S005;Midrand;C1709;Member;P0002;Bluetooth Speaker;Electronics;4;649.99;2599.96;Bank Transfer;2026/04/04;Jessica Naidoo
T09283;S005;Midrand;C2764;Guest;P0007;Air Fryer;Appliances;2;1799.99;3599.98;Bank Transfer;2026/01/15;Olivia Dlamini
T09284;S005;Midrand;C2471;Member;P0005;Laptop Backpack;Accessories;1;549.99;549.99;Cash;2026/03/23;Liam Jacobs
T09285;S005;Midrand;C2003;Member;P0015;Sports Bottle;Sportswear;5;199.99;999.95;Card;2026/06/24;Liam Jacobs
T09286;S005;Midrand;C1428;Guest;P0024;Storage Container Set;Kitchen;2;349.99;699.98;Cash;2026/06/12;Liam Jacobs
T09287;S005;Midrand;C1837;Member;P0025;Novel Book;Books;6;199.99;1199.94;Card;2026/05/07;Daniel Smith
T09288;S005;Midrand;C1978;Member;P0025;Novel Book;Books;4;199.99;799.96;Cash;2026/05/12;Sarah Mokoena
T09289;S005;Midrand;C1843;Guest;P0019;Throw Blanket;Home & Decor;5;449.99;2249.95;Cash;2026/06/28;James Botha
T09290;S005;Midrand;C2154;Member;P0016;Skincare Set;Beauty;6;599.99;3599.94;Mobile Pay;2026/04/02;Sophie Mthembu
T09291;S005;Midrand;C2035;Guest;P0008;Blender;Appliances;3;899.99;2699.97;Cash;2026/03/03;James Botha
T09292;S005;Midrand;C1118;Member;P0020;Table Lamp;Home & Decor;6;699.99;4199.94;Card;2026/04/03;Sophie Mthembu
T09293;S005;Midrand;C1199;Member;P0023;Dinner Plate Set;Kitchen;4;499.99;1999.96;Card;2026/06/03;James Botha
T09294;S005;Midrand;C0759;Member;P0001;Wireless Headphones;Electronics;4;899.99;3599.96;Card;2026/01/06;James Botha
T09295;S005;Midrand;C2771;Member;P0012;Hooded Sweatshirt;Clothing;1;599.99;599.99;Bank Transfer;2026/06/08;Michael Williams
T09296;S005;Midrand;C2722;Member;P0002;Bluetooth Speaker;Electronics;6;649.99;3899.94;Mobile Pay;2026/05/23;Sophie Mthembu
T09297;S005;Midrand;C1798;Guest;P0013;Running Shoes;Sportswear;2;1499.5;2999.0;Bank Transfer;2026/01/04;James Botha
T09298;S005;Midrand;C1530;Member;P0006;Coffee Maker;Appliances;6;1299.99;7799.94;Bank Transfer;2026/01/19;Jessica Naidoo
T09299;S005;Midrand;C0704;Member;P0002;Bluetooth Speaker;Electronics;1;649.99;649.99;Bank Transfer;2026/03/07;Daniel Smith
T09300;S005;Midrand;C1800;Member;P0014;Yoga Mat;Sportswear;4;399.99;1599.96;Bank Transfer;2026/06/01;Daniel Smith
T09301;S005;Midrand;C0077;Guest;P0003;Smart Watch;Electronics;3;1299.99;3899.97;Mobile Pay;2026/02/04;Liam Jacobs
T09302;S005;Midrand;C2338;Guest;P0007;Air Fryer;Appliances;5;1799.99;8999.95;Bank Transfer;2026/01/27;Michael Williams
T09303;S005;Midrand;C0091;Member;P0006;Coffee Maker;Appliances;2;1299.99;2599.98;Mobile Pay;2026/05/08;Emma Nkosi
T09304;S005;Midrand;C2691;Member;P0009;Electric Kettle;Appliances;5;499.99;2499.95;Cash;2026/05/05;Daniel Smith
T09305;S005;Midrand;C1258;Member;P0015;Sports Bottle;Sportswear;5;199.99;999.95;Bank Transfer;2026/04/04;Daniel Smith
T09306;S005;Midrand;C0609;Member;P0025;Novel Book;Books;6;199.99;1199.94;Bank Transfer;2026/05/19;Sarah Mokoena
T09307;S005;Midrand;C1339;Member;P0005;Laptop Backpack;Accessories;2;549.99;1099.98;Card;2026/03/17;Noah Pillay
T09308;S005;Midrand;C1134;Member;P0025;Novel Book;Books;2;199.99;399.98;Cash;2026/02/13;Michael Williams
T09309;S005;Midrand;C2983;Member;P0011;Denim Jeans;Clothing;4;799.99;3199.96;Card;2026/02/27;Noah Pillay
T09310;S005;Midrand;C2806;Member;P0025;Novel Book;Books;5;199.99;999.95;Cash;2026/05/11;Liam Jacobs
T09311;S005;Midrand;C0276;Guest;P0002;Bluetooth Speaker;Electronics;2;649.99;1299.98;Bank Transfer;2026/01/04;Olivia Dlamini
T09312;S005;Midrand;C2543;Member;P0008;Blender;Appliances;2;899.99;1799.98;Cash;2026/04/18;Sophie Mthembu
T09313;S005;Midrand;C2638;Member;P0005;Laptop Backpack;Accessories;4;549.99;2199.96;Cash;2026/04/14;Jessica Naidoo
T09314;S005;Midrand;C1873;Guest;P0024;Storage Container Set;Kitchen;4;349.99;1399.96;Card;2026/06/16;Michael Williams
T09315;S005;Midrand;C2930;Guest;P0009;Electric Kettle;Appliances;5;499.99;2499.95;Bank Transfer;2026/02/03;Sophie Mthembu
T09316;S005;Midrand;C1375;Member;P0008;Blender;Appliances;6;899.99;5399.94;Card;2026/02/04;Daniel Smith
T09317;S005;Midrand;C1191;Member;P0011;Denim Jeans;Clothing;2;799.99;1599.98;Cash;2026/04/24;Sophie Mthembu
T09318;S005;Midrand;C1794;Guest;P0020;Table Lamp;Home & Decor;3;699.99;2099.97;Cash;2026/06/02;Liam Jacobs
T09319;S005;Midrand;C2598;Guest;P0023;Dinner Plate Set;Kitchen;3;499.99;1499.97;Card;2026/02/26;Michael Williams
T09320;S005;Midrand;C1595;Member;P0006;Coffee Maker;Appliances;5;1299.99;6499.95;Card;2026/04/04;James Botha
T09321;S005;Midrand;C1856;Member;P0021;Cushion Set;Home & Decor;3;299.99;899.97;Cash;2026/04/13;Jessica Naidoo
T09322;S005;Midrand;C0986;Member;P0013;Running Shoes;Sportswear;1;1499.5;1499.5;Bank Transfer;2026/05/19;Noah Pillay
T09323;S005;Midrand;C2674;Member;P0016;Skincare Set;Beauty;5;599.99;2999.95;Card;2026/01/14;James Botha
T09324;S005;Midrand;C0667;Guest;P0010;Cotton T-Shirt;Clothing;4;249.99;999.96;Mobile Pay;2026/03/17;Noah Pillay
T09325;S005;Midrand;C1043;Member;P0010;Cotton T-Shirt;Clothing;1;249.99;249.99;Bank Transfer;2026/06/13;Noah Pillay
T09326;S005;Midrand;C0867;Member;P0001;Wireless Headphones;Electronics;4;899.99;3599.96;Mobile Pay;2026/05/19;Olivia Dlamini
T09327;S005;Midrand;C2838;Guest;P0023;Dinner Plate Set;Kitchen;6;499.99;2999.94;Card;2026/06/19;James Botha
T09328;S005;Midrand;C0527;Member;P0001;Wireless Headphones;Electronics;4;899.99;3599.96;Mobile Pay;2026/06/23;Emma Nkosi
T09329;S005;Midrand;C0800;Member;P0014;Yoga Mat;Sportswear;6;399.99;2399.94;Cash;2026/04/27;Michael Williams
T09330;S005;Midrand;C1529;Guest;P0001;Wireless Headphones;Electronics;2;899.99;1799.98;Card;2026/05/26;James Botha
T09331;S005;Midrand;C0278;Member;P0025;Novel Book;Books;1;199.99;199.99;Cash;2026/03/01;Emma Nkosi
T09332;S005;Midrand;C1321;Member;P0022;Cookware Set;Kitchen;1;1599.99;1599.99;Bank Transfer;2026/04/01;Sarah Mokoena
T09333;S005;Midrand;C1548;Guest;P0021;Cushion Set;Home & Decor;4;299.99;1199.96;Cash;2026/01/12;Olivia Dlamini
T09334;S005;Midrand;C2536;Member;P0020;Table Lamp;Home & Decor;5;699.99;3499.95;Mobile Pay;2026/02/06;Sophie Mthembu
T09335;S005;Midrand;C1816;Member;P0020;Table Lamp;Home & Decor;3;699.99;2099.97;Mobile Pay;2026/02/06;Sarah Mokoena
T09336;S005;Midrand;C0551;Member;P0007;Air Fryer;Appliances;6;1799.99;10799.94;Bank Transfer;2026/01/03;Emma Nkosi
T09337;S005;Midrand;C0113;Member;P0001;Wireless Headphones;Electronics;1;899.99;899.99;Cash;2026/03/30;James Botha
T09338;S005;Midrand;C0740;Member;P0007;Air Fryer;Appliances;5;1799.99;8999.95;Card;2026/03/06;James Botha
T09339;S005;Midrand;C0917;Member;P0021;Cushion Set;Home & Decor;4;299.99;1199.96;Card;2026/05/26;Michael Williams
T09340;S005;Midrand;C0611;Member;P0017;Face Moisturiser;Beauty;4;249.99;999.96;Mobile Pay;2026/01/20;Daniel Smith
T09341;S005;Midrand;C1692;Guest;P0005;Laptop Backpack;Accessories;3;549.99;1649.97;Card;2026/01/18;Liam Jacobs
T09342;S005;Midrand;C0635;Member;P0018;Perfume;Beauty;3;899.99;2699.97;Bank Transfer;2026/02/22;Liam Jacobs
T09343;S005;Midrand;C0040;Guest;P0001;Wireless Headphones;Electronics;4;899.99;3599.96;Card;2026/05/18;Olivia Dlamini
T09344;S005;Midrand;C2824;Guest;P0023;Dinner Plate Set;Kitchen;6;499.99;2999.94;Cash;2026/03/29;Olivia Dlamini
T09345;S005;Midrand;C1969;Member;P0025;Novel Book;Books;5;199.99;999.95;Bank Transfer;2026/03/05;Michael Williams
T09346;S005;Midrand;C0772;Guest;P0006;Coffee Maker;Appliances;6;1299.99;7799.94;Bank Transfer;2026/05/22;Olivia Dlamini
T09347;S005;Midrand;C1972;Member;P0018;Perfume;Beauty;3;899.99;2699.97;Bank Transfer;2026/05/06;Olivia Dlamini
T09348;S005;Midrand;C0210;Guest;P0014;Yoga Mat;Sportswear;3;399.99;1199.97;Card;2026/03/13;Daniel Smith
T09349;S005;Midrand;C0887;Guest;P0003;Smart Watch;Electronics;2;1299.99;2599.98;Mobile Pay;2026/04/24;Sophie Mthembu
T09350;S005;Midrand;C0089;Guest;P0015;Sports Bottle;Sportswear;2;199.99;399.98;Card;2026/06/28;Daniel Smith
T09351;S005;Midrand;C1030;Member;P0017;Face Moisturiser;Beauty;6;249.99;1499.94;Mobile Pay;2026/04/23;Liam Jacobs
T09352;S005;Midrand;C0020;Member;P0003;Smart Watch;Electronics;2;1299.99;2599.98;Mobile Pay;2026/03/13;Emma Nkosi
T09353;S005;Midrand;C2666;Guest;P0001;Wireless Headphones;Electronics;2;899.99;1799.98;Card;2026/05/06;Sarah Mokoena
T09354;S005;Midrand;C1707;Member;P0023;Dinner Plate Set;Kitchen;3;499.99;1499.97;Cash;2026/01/10;Noah Pillay
T09355;S005;Midrand;C0082;Guest;P0025;Novel Book;Books;3;199.99;599.97;Card;2026/02/11;Liam Jacobs
T09356;S005;Midrand;C1604;Guest;P0024;Storage Container Set;Kitchen;3;349.99;1049.97;Cash;2026/01/27;Sophie Mthembu
T09357;S005;Midrand;C1599;Member;P0014;Yoga Mat;Sportswear;5;399.99;1999.95;Cash;2026/05/12;Noah Pillay
T09358;S005;Midrand;C1125;Member;P0025;Novel Book;Books;6;199.99;1199.94;Mobile Pay;2026/06/12;Michael Williams
T09359;S005;Midrand;C0541;Member;P0019;Throw Blanket;Home & Decor;3;449.99;1349.97;Bank Transfer;2026/01/01;Michael Williams
T09360;S005;Midrand;C2516;Member;P0014;Yoga Mat;Sportswear;6;399.99;2399.94;Mobile Pay;2026/04/10;Michael Williams
T09361;S005;Midrand;C1929;Guest;P0003;Smart Watch;Electronics;4;1299.99;5199.96;Cash;2026/01/25;Liam Jacobs
T09362;S005;Midrand;C0927;Member;P0006;Coffee Maker;Appliances;6;1299.99;7799.94;Bank Transfer;2026/04/05;Jessica Naidoo
T09363;S005;Midrand;C1698;Guest;P0005;Laptop Backpack;Accessories;3;549.99;1649.97;Mobile Pay;2026/03/26;Emma Nkosi
T09364;S005;Midrand;C0362;Member;P0022;Cookware Set;Kitchen;1;1599.99;1599.99;Cash;2026/02/09;Michael Williams
T09365;S005;Midrand;C1464;Member;P0008;Blender;Appliances;2;899.99;1799.98;Cash;2026/03/22;James Botha
T09366;S005;Midrand;C1842;Member;P0022;Cookware Set;Kitchen;5;1599.99;7999.95;Card;2026/03/24;Daniel Smith
T09367;S005;Midrand;C2877;Member;P0011;Denim Jeans;Clothing;1;799.99;799.99;Cash;2026/01/20;Michael Williams
T09368;S005;Midrand;C1892;Member;P0011;Denim Jeans;Clothing;2;799.99;1599.98;Mobile Pay;2026/03/12;Daniel Smith
T09369;S005;Midrand;C1739;Member;P0001;Wireless Headphones;Electronics;5;899.99;4499.95;Card;2026/05/06;Jessica Naidoo
T09370;S005;Midrand;C1901;Member;P0018;Perfume;Beauty;4;899.99;3599.96;Card;2026/06/13;Michael Williams
T09371;S005;Midrand;C0019;Member;P0005;Laptop Backpack;Accessories;2;549.99;1099.98;Mobile Pay;2026/03/15;Noah Pillay
T09372;S005;Midrand;C1285;Guest;P0003;Smart Watch;Electronics;2;1299.99;2599.98;Mobile Pay;2026/02/28;Sophie Mthembu
T09373;S005;Midrand;C0436;Member;P0021;Cushion Set;Home & Decor;1;299.99;299.99;Card;2026/05/14;Liam Jacobs
T09374;S005;Midrand;C2924;Guest;P0013;Running Shoes;Sportswear;4;1499.5;5998.0;Bank Transfer;2026/06/05;Sophie Mthembu
T09375;S005;Midrand;C0870;Member;P0025;Novel Book;Books;2;199.99;399.98;Mobile Pay;2026/02/05;Olivia Dlamini
T09376;S005;Midrand;C0321;Member;P0011;Denim Jeans;Clothing;5;799.99;3999.95;Card;2026/03/25;Jessica Naidoo
T09377;S005;Midrand;C0791;Member;P0011;Denim Jeans;Clothing;3;799.99;2399.97;Card;2026/06/08;Liam Jacobs
T09378;S005;Midrand;C2573;Guest;P0015;Sports Bottle;Sportswear;5;199.99;999.95;Cash;2026/04/06;Noah Pillay
T09379;S005;Midrand;C2071;Member;P0001;Wireless Headphones;Electronics;3;899.99;2699.97;Card;2026/06/26;James Botha
T09380;S005;Midrand;C0995;Member;P0015;Sports Bottle;Sportswear;1;199.99;199.99;Mobile Pay;2026/05/07;Michael Williams
T09381;S005;Midrand;C0509;Member;P0025;Novel Book;Books;2;199.99;399.98;Card;2026/04/08;Emma Nkosi
T09382;S005;Midrand;C0481;Member;P0007;Air Fryer;Appliances;4;1799.99;7199.96;Card;2026/02/07;James Botha
T09383;S005;Midrand;C2212;Guest;P0025;Novel Book;Books;3;199.99;599.97;Mobile Pay;2026/01/24;Michael Williams
T09384;S005;Midrand;C0422;Guest;P0022;Cookware Set;Kitchen;2;1599.99;3199.98;Card;2026/03/05;Daniel Smith
T09385;S005;Midrand;C2807;Guest;P0006;Coffee Maker;Appliances;6;1299.99;7799.94;Card;2026/03/13;Emma Nkosi
T09386;S005;Midrand;C1676;Member;P0002;Bluetooth Speaker;Electronics;2;649.99;1299.98;Bank Transfer;2026/03/04;Sarah Mokoena
T09387;S005;Midrand;C0587;Member;P0008;Blender;Appliances;1;899.99;899.99;Bank Transfer;2026/01/09;Sarah Mokoena
T09388;S005;Midrand;C1840;Member;P0011;Denim Jeans;Clothing;5;799.99;3999.95;Mobile Pay;2026/06/01;Sophie Mthembu
T09389;S005;Midrand;C1219;Member;P0016;Skincare Set;Beauty;1;599.99;599.99;Bank Transfer;2026/01/09;Michael Williams
T09390;S005;Midrand;C0232;Guest;P0001;Wireless Headphones;Electronics;6;899.99;5399.94;Mobile Pay;2026/05/19;James Botha
T09391;S005;Midrand;C1721;Member;P0020;Table Lamp;Home & Decor;2;699.99;1399.98;Card;2026/03/19;James Botha
T09392;S005;Midrand;C0427;Member;P0025;Novel Book;Books;1;199.99;199.99;Cash;2026/01/01;James Botha
T09393;S005;Midrand;C0341;Guest;P0025;Novel Book;Books;2;199.99;399.98;Bank Transfer;2026/04/08;Sophie Mthembu
T09394;S005;Midrand;C0625;Member;P0013;Running Shoes;Sportswear;3;1499.5;4498.5;Cash;2026/06/15;James Botha
T09395;S005;Midrand;C2339;Member;P0009;Electric Kettle;Appliances;2;499.99;999.98;Bank Transfer;2026/05/29;James Botha
T09396;S005;Midrand;C1498;Member;P0001;Wireless Headphones;Electronics;4;899.99;3599.96;Card;2026/03/14;Olivia Dlamini
T09397;S005;Midrand;C1101;Member;P0007;Air Fryer;Appliances;6;1799.99;10799.94;Mobile Pay;2026/04/02;Michael Williams
T09398;S005;Midrand;C1635;Member;P0011;Denim Jeans;Clothing;5;799.99;3999.95;Mobile Pay;2026/04/04;Emma Nkosi
T09399;S005;Midrand;C1211;Member;P0014;Yoga Mat;Sportswear;6;399.99;2399.94;Mobile Pay;2026/03/27;Sarah Mokoena
T09400;S005;Midrand;C1497;Member;P0008;Blender;Appliances;4;899.99;3599.96;Card;2026/04/12;Jessica Naidoo
T09401;S005;Midrand;C2137;Guest;P0001;Wireless Headphones;Electronics;6;899.99;5399.94;Bank Transfer;2026/02/03;Emma Nkosi
T09402;S005;Midrand;C2764;Member;P0016;Skincare Set;Beauty;1;599.99;599.99;Bank Transfer;2026/04/23;Noah Pillay
T09403;S005;Midrand;C1413;Member;P0008;Blender;Appliances;3;899.99;2699.97;Bank Transfer;2026/04/28;Noah Pillay
T09404;S005;Midrand;C2283;Member;P0016;Skincare Set;Beauty;2;599.99;1199.98;Mobile Pay;2026/04/18;Daniel Smith
T09405;S005;Midrand;C1725;Member;P0005;Laptop Backpack;Accessories;2;549.99;1099.98;Cash;2026/06/13;Daniel Smith
T09406;S005;Midrand;C0175;Guest;P0013;Running Shoes;Sportswear;6;1499.5;8997.0;Cash;2026/04/25;Jessica Naidoo
T09407;S005;Midrand;C1256;Member;P0008;Blender;Appliances;5;899.99;4499.95;Cash;2026/02/06;Noah Pillay
T09408;S005;Midrand;C1152;Guest;P0021;Cushion Set;Home & Decor;1;299.99;299.99;Cash;2026/01/29;Liam Jacobs
T09409;S005;Midrand;C2828;Member;P0004;USB-C Charger;Electronics;5;299.99;1499.95;Bank Transfer;2026/01/15;Daniel Smith
T09410;S005;Midrand;C0092;Guest;P0005;Laptop Backpack;Accessories;1;549.99;549.99;Cash;2026/01/01;Daniel Smith
T09411;S005;Midrand;C1810;Guest;P0001;Wireless Headphones;Electronics;4;899.99;3599.96;Card;2026/04/10;Sarah Mokoena
T09412;S005;Midrand;C0703;Guest;P0016;Skincare Set;Beauty;2;599.99;1199.98;Bank Transfer;2026/06/06;Emma Nkosi
T09413;S005;Midrand;C2256;Member;P0016;Skincare Set;Beauty;3;599.99;1799.97;Cash;2026/04/18;Jessica Naidoo
T09414;S005;Midrand;C0939;Member;P0005;Laptop Backpack;Accessories;3;549.99;1649.97;Cash;2026/03/31;Daniel Smith
T09415;S005;Midrand;C1202;Member;P0005;Laptop Backpack;Accessories;2;549.99;1099.98;Mobile Pay;2026/01/26;Michael Williams
T09416;S005;Midrand;C1420;Guest;P0012;Hooded Sweatshirt;Clothing;5;599.99;2999.95;Mobile Pay;2026/01/06;Michael Williams
T09417;S005;Midrand;C1503;Member;P0022;Cookware Set;Kitchen;6;1599.99;9599.94;Bank Transfer;2026/05/23;Daniel Smith
T09418;S005;Midrand;C0229;Guest;P0024;Storage Container Set;Kitchen;3;349.99;1049.97;Card;2026/04/05;Sarah Mokoena
T09419;S005;Midrand;C2748;Member;P0017;Face Moisturiser;Beauty;6;249.99;1499.94;Mobile Pay;2026/04/05;Olivia Dlamini
T09420;S005;Midrand;C1357;Guest;P0022;Cookware Set;Kitchen;5;1599.99;7999.95;Bank Transfer;2026/06/11;Sophie Mthembu
T09421;S005;Midrand;C2171;Guest;P0013;Running Shoes;Sportswear;5;1499.5;7497.5;Card;2026/01/18;Michael Williams
T09422;S005;Midrand;C2318;Member;P0011;Denim Jeans;Clothing;4;799.99;3199.96;Cash;2026/06/27;Sophie Mthembu
T09423;S005;Midrand;C0006;Member;P0014;Yoga Mat;Sportswear;4;399.99;1599.96;Card;2026/02/16;Daniel Smith
T09424;S005;Midrand;C1018;Guest;P0021;Cushion Set;Home & Decor;3;299.99;899.97;Cash;2026/02/03;Emma Nkosi
T09425;S005;Midrand;C1584;Guest;P0007;Air Fryer;Appliances;2;1799.99;3599.98;Bank Transfer;2026/02/18;Sophie Mthembu
T09426;S005;Midrand;C1247;Guest;P0016;Skincare Set;Beauty;3;599.99;1799.97;Card;2026/03/27;Olivia Dlamini
T09427;S005;Midrand;C1138;Member;P0008;Blender;Appliances;2;899.99;1799.98;Bank Transfer;2026/05/27;Emma Nkosi
T09428;S005;Midrand;C1245;Member;P0007;Air Fryer;Appliances;2;1799.99;3599.98;Bank Transfer;2026/03/22;Sarah Mokoena
T09429;S005;Midrand;C2439;Guest;P0013;Running Shoes;Sportswear;1;1499.5;1499.5;Bank Transfer;2026/04/16;James Botha
T09430;S005;Midrand;C0798;Member;P0012;Hooded Sweatshirt;Clothing;2;599.99;1199.98;Bank Transfer;2026/05/21;Olivia Dlamini
T09431;S005;Midrand;C1692;Member;P0005;Laptop Backpack;Accessories;5;549.99;2749.95;Bank Transfer;2026/03/16;Liam Jacobs
T09432;S005;Midrand;C1098;Guest;P0019;Throw Blanket;Home & Decor;6;449.99;2699.94;Mobile Pay;2026/05/02;Emma Nkosi
T09433;S005;Midrand;C2646;Member;P0020;Table Lamp;Home & Decor;4;699.99;2799.96;Card;2026/03/21;Noah Pillay
T09434;S005;Midrand;C0577;Member;P0011;Denim Jeans;Clothing;4;799.99;3199.96;Mobile Pay;2026/03/07;Daniel Smith
T09435;S005;Midrand;C2744;Member;P0006;Coffee Maker;Appliances;5;1299.99;6499.95;Cash;2026/01/11;James Botha
T09436;S005;Midrand;C1622;Guest;P0014;Yoga Mat;Sportswear;2;399.99;799.98;Bank Transfer;2026/01/18;Jessica Naidoo
T09437;S005;Midrand;C0712;Member;P0015;Sports Bottle;Sportswear;2;199.99;399.98;Mobile Pay;2026/04/11;Jessica Naidoo
T09438;S005;Midrand;C0985;Guest;P0022;Cookware Set;Kitchen;5;1599.99;7999.95;Bank Transfer;2026/03/16;Noah Pillay
T09439;S005;Midrand;C1338;Guest;P0018;Perfume;Beauty;3;899.99;2699.97;Cash;2026/06/03;Olivia Dlamini
T09440;S005;Midrand;C2553;Member;P0005;Laptop Backpack;Accessories;2;549.99;1099.98;Cash;2026/06/10;Jessica Naidoo
T09441;S005;Midrand;C0033;Guest;P0025;Novel Book;Books;4;199.99;799.96;Cash;2026/02/10;Olivia Dlamini
T09442;S005;Midrand;C0432;Member;P0011;Denim Jeans;Clothing;3;799.99;2399.97;Cash;2026/01/12;Sophie Mthembu
T09443;S005;Midrand;C2791;Guest;P0006;Coffee Maker;Appliances;1;1299.99;1299.99;Card;2026/05/17;Sarah Mokoena
T09444;S005;Midrand;C2180;Member;P0010;Cotton T-Shirt;Clothing;3;249.99;749.97;Bank Transfer;2026/02/22;Olivia Dlamini
T09445;S005;Midrand;C0162;Member;P0001;Wireless Headphones;Electronics;5;899.99;4499.95;Bank Transfer;2026/01/04;Daniel Smith
T09446;S005;Midrand;C1243;Guest;P0006;Coffee Maker;Appliances;5;1299.99;6499.95;Bank Transfer;2026/06/15;Sophie Mthembu
T09447;S005;Midrand;C1699;Guest;P0011;Denim Jeans;Clothing;5;799.99;3999.95;Card;2026/06/14;Sarah Mokoena
T09448;S005;Midrand;C2903;Member;P0018;Perfume;Beauty;4;899.99;3599.96;Card;2026/01/24;Liam Jacobs
T09449;S005;Midrand;C2414;Member;P0016;Skincare Set;Beauty;3;599.99;1799.97;Bank Transfer;2026/06/03;James Botha
T09450;S005;Midrand;C0665;Member;P0021;Cushion Set;Home & Decor;6;299.99;1799.94;Bank Transfer;2026/02/20;Noah Pillay
T09451;S005;Midrand;C2933;Guest;P0015;Sports Bottle;Sportswear;4;199.99;799.96;Bank Transfer;2026/05/21;Noah Pillay
T09452;S005;Midrand;C0960;Guest;P0006;Coffee Maker;Appliances;5;1299.99;6499.95;Card;2026/04/27;James Botha
T09453;S005;Midrand;C2020;Member;P0002;Bluetooth Speaker;Electronics;4;649.99;2599.96;Cash;2026/02/19;Sophie Mthembu
T09454;S005;Midrand;C1900;Member;P0019;Throw Blanket;Home & Decor;5;449.99;2249.95;Cash;2026/06/21;Liam Jacobs
T09455;S005;Midrand;C1816;Guest;P0021;Cushion Set;Home & Decor;4;299.99;1199.96;Card;2026/05/01;Michael Williams
T09456;S005;Midrand;C1220;Guest;P0001;Wireless Headphones;Electronics;2;899.99;1799.98;Bank Transfer;2026/01/24;Michael Williams
T09457;S005;Midrand;C1166;Guest;P0017;Face Moisturiser;Beauty;6;249.99;1499.94;Mobile Pay;2026/02/20;Sophie Mthembu
T09458;S005;Midrand;C2744;Guest;P0025;Novel Book;Books;2;199.99;399.98;Card;2026/01/15;Sarah Mokoena
T09459;S005;Midrand;C0819;Member;P0021;Cushion Set;Home & Decor;3;299.99;899.97;Cash;2026/01/09;Jessica Naidoo
T09460;S005;Midrand;C1782;Guest;P0001;Wireless Headphones;Electronics;3;899.99;2699.97;Bank Transfer;2026/01/22;Olivia Dlamini
T09461;S005;Midrand;C2407;Member;P0008;Blender;Appliances;6;899.99;5399.94;Cash;2026/05/14;Emma Nkosi
T09462;S005;Midrand;C1748;Member;P0025;Novel Book;Books;4;199.99;799.96;Bank Transfer;2026/04/21;Daniel Smith
T09463;S005;Midrand;C2109;Member;P0022;Cookware Set;Kitchen;3;1599.99;4799.97;Bank Transfer;2026/01/13;Jessica Naidoo
T09464;S005;Midrand;C2001;Guest;P0007;Air Fryer;Appliances;5;1799.99;8999.95;Mobile Pay;2026/01/18;Liam Jacobs
T09465;S005;Midrand;C0851;Member;P0003;Smart Watch;Electronics;4;1299.99;5199.96;Card;2026/02/02;Sophie Mthembu
T09466;S005;Midrand;C0886;Member;P0025;Novel Book;Books;2;199.99;399.98;Cash;2026/06/19;Olivia Dlamini
T09467;S005;Midrand;C1204;Member;P0001;Wireless Headphones;Electronics;4;899.99;3599.96;Cash;2026/02/19;Jessica Naidoo
T09468;S005;Midrand;C1316;Member;P0004;USB-C Charger;Electronics;5;299.99;1499.95;Card;2026/04/13;Noah Pillay
T09469;S005;Midrand;C2882;Member;P0001;Wireless Headphones;Electronics;4;899.99;3599.96;Mobile Pay;2026/06/25;James Botha
T09470;S005;Midrand;C2214;Member;P0019;Throw Blanket;Home & Decor;6;449.99;2699.94;Mobile Pay;2026/01/17;Sophie Mthembu
T09471;S005;Midrand;C1650;Member;P0013;Running Shoes;Sportswear;3;1499.5;4498.5;Mobile Pay;2026/02/01;Sophie Mthembu
T09472;S005;Midrand;C2045;Member;P0007;Air Fryer;Appliances;3;1799.99;5399.97;Cash;2026/06/16;Michael Williams
T09473;S005;Midrand;C2945;Guest;P0013;Running Shoes;Sportswear;1;1499.5;1499.5;Card;2026/03/22;Liam Jacobs
T09474;S005;Midrand;C0063;Member;P0012;Hooded Sweatshirt;Clothing;4;599.99;2399.96;Mobile Pay;2026/05/02;Sophie Mthembu
T09475;S005;Midrand;C0770;Member;P0011;Denim Jeans;Clothing;4;799.99;3199.96;Bank Transfer;2026/03/19;Liam Jacobs
T09476;S005;Midrand;C0900;Member;P0015;Sports Bottle;Sportswear;5;199.99;999.95;Bank Transfer;2026/05/25;Olivia Dlamini
T09477;S005;Midrand;C1170;Member;P0009;Electric Kettle;Appliances;4;499.99;1999.96;Cash;2026/05/15;Sarah Mokoena
T09478;S005;Midrand;C0880;Guest;P0005;Laptop Backpack;Accessories;1;549.99;549.99;Cash;2026/01/10;James Botha
T09479;S005;Midrand;C1262;Guest;P0015;Sports Bottle;Sportswear;5;199.99;999.95;Mobile Pay;2026/05/24;Liam Jacobs
T09480;S005;Midrand;C1559;Member;P0010;Cotton T-Shirt;Clothing;1;249.99;249.99;Bank Transfer;2026/02/19;Jessica Naidoo
T09481;S005;Midrand;C0801;Guest;P0002;Bluetooth Speaker;Electronics;3;649.99;1949.97;Card;2026/04/24;Liam Jacobs
T09482;S005;Midrand;C1719;Member;P0006;Coffee Maker;Appliances;1;1299.99;1299.99;Card;2026/03/24;Liam Jacobs
T09483;S005;Midrand;C1203;Member;P0007;Air Fryer;Appliances;3;1799.99;5399.97;Bank Transfer;2026/01/18;Sarah Mokoena
T09484;S005;Midrand;C1311;Guest;P0003;Smart Watch;Electronics;1;1299.99;1299.99;Cash;2026/06/26;Olivia Dlamini
T09485;S005;Midrand;C2180;Guest;P0019;Throw Blanket;Home & Decor;2;449.99;899.98;Card;2026/06/10;Sophie Mthembu
T09486;S005;Midrand;C1350;Guest;P0021;Cushion Set;Home & Decor;1;299.99;299.99;Mobile Pay;2026/04/26;Liam Jacobs
T09487;S005;Midrand;C0743;Member;P0023;Dinner Plate Set;Kitchen;1;499.99;499.99;Cash;2026/05/10;Jessica Naidoo
T09488;S005;Midrand;C0328;Member;P0018;Perfume;Beauty;6;899.99;5399.94;Bank Transfer;2026/03/30;Emma Nkosi
T09489;S005;Midrand;C1683;Guest;P0018;Perfume;Beauty;3;899.99;2699.97;Cash;2026/01/02;Jessica Naidoo
T09490;S005;Midrand;C0479;Member;P0010;Cotton T-Shirt;Clothing;1;249.99;249.99;Mobile Pay;2026/01/14;Sarah Mokoena
T09491;S005;Midrand;C0999;Guest;P0013;Running Shoes;Sportswear;5;1499.5;7497.5;Card;2026/02/12;Liam Jacobs
T09492;S005;Midrand;C2686;Member;P0010;Cotton T-Shirt;Clothing;4;249.99;999.96;Mobile Pay;2026/02/22;James Botha
T09493;S005;Midrand;C2312;Guest;P0015;Sports Bottle;Sportswear;3;199.99;599.97;Cash;2026/01/22;Olivia Dlamini
T09494;S005;Midrand;C1426;Member;P0020;Table Lamp;Home & Decor;1;699.99;699.99;Cash;2026/01/16;Daniel Smith
T09495;S005;Midrand;C0302;Member;P0014;Yoga Mat;Sportswear;2;399.99;799.98;Card;2026/06/04;Sophie Mthembu
T09496;S005;Midrand;C1484;Guest;P0005;Laptop Backpack;Accessories;2;549.99;1099.98;Cash;2026/01/22;James Botha
T09497;S005;Midrand;C2070;Member;P0024;Storage Container Set;Kitchen;4;349.99;1399.96;Mobile Pay;2026/05/17;Michael Williams
T09498;S005;Midrand;C2743;Guest;P0023;Dinner Plate Set;Kitchen;1;499.99;499.99;Mobile Pay;2026/05/28;Jessica Naidoo
T09499;S005;Midrand;C1826;Member;P0025;Novel Book;Books;6;199.99;1199.94;Bank Transfer;2026/03/24;Noah Pillay
T09500;S005;Midrand;C1959;Member;P0004;USB-C Charger;Electronics;1;299.99;299.99;Mobile Pay;2026/02/12;Jessica Naidoo
T09501;S005;Midrand;C1096;Guest;P0008;Blender;Appliances;4;899.99;3599.96;Bank Transfer;2026/03/03;Sophie Mthembu
T09502;S005;Midrand;C0922;Member;P0019;Throw Blanket;Home & Decor;6;449.99;2699.94;Bank Transfer;2026/05/20;Noah Pillay
T09503;S005;Midrand;C2689;Member;P0021;Cushion Set;Home & Decor;4;299.99;1199.96;Cash;2026/02/12;James Botha
T09504;S005;Midrand;C1300;Member;P0001;Wireless Headphones;Electronics;1;899.99;899.99;Bank Transfer;2026/05/08;Sarah Mokoena
T09505;S005;Midrand;C2069;Member;P0024;Storage Container Set;Kitchen;4;349.99;1399.96;Card;2026/03/10;Sophie Mthembu
T09506;S005;Midrand;C2452;Guest;P0003;Smart Watch;Electronics;2;1299.99;2599.98;Mobile Pay;2026/05/02;Noah Pillay
T09507;S005;Midrand;C1266;Member;P0007;Air Fryer;Appliances;6;1799.99;10799.94;Mobile Pay;2026/01/13;Daniel Smith
T09508;S005;Midrand;C0953;Member;P0011;Denim Jeans;Clothing;4;799.99;3199.96;Bank Transfer;2026/02/12;Sarah Mokoena
T09509;S005;Midrand;C0675;Member;P0007;Air Fryer;Appliances;4;1799.99;7199.96;Mobile Pay;2026/02/17;Olivia Dlamini
T09510;S005;Midrand;C0723;Member;P0012;Hooded Sweatshirt;Clothing;4;599.99;2399.96;Bank Transfer;2026/05/07;Noah Pillay
T09511;S005;Midrand;C1198;Guest;P0020;Table Lamp;Home & Decor;2;699.99;1399.98;Bank Transfer;2026/05/09;James Botha
T09512;S005;Midrand;C1822;Member;P0025;Novel Book;Books;5;199.99;999.95;Mobile Pay;2026/04/30;Noah Pillay
T09513;S005;Midrand;C0703;Guest;P0001;Wireless Headphones;Electronics;1;899.99;899.99;Bank Transfer;2026/04/03;Liam Jacobs
T09514;S005;Midrand;C2437;Guest;P0006;Coffee Maker;Appliances;6;1299.99;7799.94;Bank Transfer;2026/04/30;Emma Nkosi
T09515;S005;Midrand;C2705;Member;P0003;Smart Watch;Electronics;4;1299.99;5199.96;Cash;2026/01/10;Jessica Naidoo
T09516;S005;Midrand;C1296;Guest;P0023;Dinner Plate Set;Kitchen;1;499.99;499.99;Bank Transfer;2026/05/16;Sarah Mokoena
T09517;S005;Midrand;C2780;Member;P0005;Laptop Backpack;Accessories;1;549.99;549.99;Cash;2026/01/12;Michael Williams
T09518;S005;Midrand;C1969;Member;P0023;Dinner Plate Set;Kitchen;4;499.99;1999.96;Card;2026/02/19;James Botha
T09519;S005;Midrand;C0813;Member;P0013;Running Shoes;Sportswear;2;1499.5;2999.0;Cash;2026/05/09;Liam Jacobs
T09520;S005;Midrand;C0232;Member;P0002;Bluetooth Speaker;Electronics;5;649.99;3249.95;Cash;2026/02/15;Daniel Smith
T09521;S005;Midrand;C1960;Member;P0019;Throw Blanket;Home & Decor;1;449.99;449.99;Card;2026/06/18;Sarah Mokoena
T09522;S005;Midrand;C0193;Member;P0016;Skincare Set;Beauty;4;599.99;2399.96;Bank Transfer;2026/04/23;Sarah Mokoena
T09523;S005;Midrand;C2247;Guest;P0016;Skincare Set;Beauty;3;599.99;1799.97;Card;2026/02/27;Olivia Dlamini
T09524;S005;Midrand;C1986;Guest;P0008;Blender;Appliances;4;899.99;3599.96;Bank Transfer;2026/02/23;Liam Jacobs
T09525;S005;Midrand;C1460;Member;P0025;Novel Book;Books;2;199.99;399.98;Bank Transfer;2026/01/28;Emma Nkosi
T09526;S005;Midrand;C1921;Guest;P0007;Air Fryer;Appliances;4;1799.99;7199.96;Cash;2026/01/03;Sarah Mokoena
T09527;S005;Midrand;C0400;Member;P0011;Denim Jeans;Clothing;1;799.99;799.99;Mobile Pay;2026/05/18;Sophie Mthembu
T09528;S005;Midrand;C1453;Member;P0008;Blender;Appliances;2;899.99;1799.98;Card;2026/03/26;Jessica Naidoo
T09529;S005;Midrand;C0076;Member;P0006;Coffee Maker;Appliances;4;1299.99;5199.96;Cash;2026/03/20;Liam Jacobs
T09530;S005;Midrand;C0158;Guest;P0001;Wireless Headphones;Electronics;1;899.99;899.99;Bank Transfer;2026/01/03;Emma Nkosi
T09531;S005;Midrand;C1744;Member;P0005;Laptop Backpack;Accessories;3;549.99;1649.97;Mobile Pay;2026/06/01;Noah Pillay
T09532;S005;Midrand;C2439;Member;P0023;Dinner Plate Set;Kitchen;3;499.99;1499.97;Card;2026/04/15;Jessica Naidoo
T09533;S005;Midrand;C2619;Guest;P0006;Coffee Maker;Appliances;3;1299.99;3899.97;Cash;2026/02/19;Sarah Mokoena
T09534;S005;Midrand;C2143;Member;P0017;Face Moisturiser;Beauty;4;249.99;999.96;Mobile Pay;2026/05/03;James Botha
T09535;S005;Midrand;C0622;Member;P0021;Cushion Set;Home & Decor;2;299.99;599.98;Mobile Pay;2026/05/28;Michael Williams
T09536;S005;Midrand;C2416;Guest;P0004;USB-C Charger;Electronics;1;299.99;299.99;Bank Transfer;2026/04/28;Michael Williams
T09537;S005;Midrand;C2817;Guest;P0020;Table Lamp;Home & Decor;6;699.99;4199.94;Bank Transfer;2026/06/29;Michael Williams
T09538;S005;Midrand;C1346;Guest;P0010;Cotton T-Shirt;Clothing;6;249.99;1499.94;Mobile Pay;2026/03/23;Sarah Mokoena
T09539;S005;Midrand;C0119;Member;P0016;Skincare Set;Beauty;3;599.99;1799.97;Cash;2026/01/02;Michael Williams
T09540;S005;Midrand;C2881;Guest;P0018;Perfume;Beauty;2;899.99;1799.98;Cash;2026/02/11;Emma Nkosi
T09541;S005;Midrand;C1014;Member;P0009;Electric Kettle;Appliances;3;499.99;1499.97;Card;2026/01/20;Sophie Mthembu
T09542;S005;Midrand;C0006;Guest;P0021;Cushion Set;Home & Decor;2;299.99;599.98;Bank Transfer;2026/05/06;Jessica Naidoo
T09543;S005;Midrand;C1420;Guest;P0008;Blender;Appliances;5;899.99;4499.95;Cash;2026/01/13;Noah Pillay
T09544;S005;Midrand;C1756;Guest;P0025;Novel Book;Books;4;199.99;799.96;Mobile Pay;2026/06/26;James Botha
T09545;S005;Midrand;C0619;Guest;P0017;Face Moisturiser;Beauty;6;249.99;1499.94;Card;2026/01/17;Liam Jacobs
T09546;S005;Midrand;C0409;Guest;P0001;Wireless Headphones;Electronics;4;899.99;3599.96;Bank Transfer;2026/01/09;Liam Jacobs
T09547;S005;Midrand;C2889;Guest;P0001;Wireless Headphones;Electronics;1;899.99;899.99;Bank Transfer;2026/02/23;Sophie Mthembu
T09548;S005;Midrand;C0081;Guest;P0025;Novel Book;Books;5;199.99;999.95;Card;2026/04/14;Emma Nkosi
T09549;S005;Midrand;C0021;Member;P0017;Face Moisturiser;Beauty;5;249.99;1249.95;Mobile Pay;2026/02/09;James Botha
T09550;S005;Midrand;C0993;Guest;P0003;Smart Watch;Electronics;2;1299.99;2599.98;Bank Transfer;2026/05/19;Olivia Dlamini
T09551;S005;Midrand;C2859;Member;P0015;Sports Bottle;Sportswear;2;199.99;399.98;Mobile Pay;2026/04/02;Sarah Mokoena
T09552;S005;Midrand;C0470;Guest;P0007;Air Fryer;Appliances;5;1799.99;8999.95;Bank Transfer;2026/06/09;Daniel Smith
T09553;S005;Midrand;C1354;Member;P0014;Yoga Mat;Sportswear;1;399.99;399.99;Bank Transfer;2026/04/17;Olivia Dlamini
T09554;S005;Midrand;C2591;Member;P0019;Throw Blanket;Home & Decor;2;449.99;899.98;Mobile Pay;2026/03/17;Sophie Mthembu
T09555;S005;Midrand;C0492;Member;P0002;Bluetooth Speaker;Electronics;3;649.99;1949.97;Mobile Pay;2026/04/06;Sophie Mthembu
T09556;S005;Midrand;C0139;Member;P0005;Laptop Backpack;Accessories;3;549.99;1649.97;Card;2026/04/05;Jessica Naidoo
T09557;S005;Midrand;C0567;Member;P0008;Blender;Appliances;3;899.99;2699.97;Card;2026/04/07;Liam Jacobs
T09558;S005;Midrand;C0777;Member;P0011;Denim Jeans;Clothing;4;799.99;3199.96;Mobile Pay;2026/05/07;Emma Nkosi
T09559;S005;Midrand;C0361;Member;P0013;Running Shoes;Sportswear;4;1499.5;5998.0;Mobile Pay;2026/05/27;Sophie Mthembu
T09560;S005;Midrand;C1037;Member;P0007;Air Fryer;Appliances;2;1799.99;3599.98;Bank Transfer;2026/04/29;Michael Williams
T09561;S005;Midrand;C0129;Member;P0013;Running Shoes;Sportswear;2;1499.5;2999.0;Cash;2026/03/29;Sarah Mokoena
T09562;S005;Midrand;C0215;Guest;P0022;Cookware Set;Kitchen;4;1599.99;6399.96;Card;2026/01/16;Noah Pillay
T09563;S005;Midrand;C1561;Member;P0018;Perfume;Beauty;5;899.99;4499.95;Mobile Pay;2026/02/13;Noah Pillay
T09564;S005;Midrand;C0117;Guest;P0023;Dinner Plate Set;Kitchen;4;499.99;1999.96;Card;2026/04/01;Michael Williams
T09565;S005;Midrand;C2558;Guest;P0015;Sports Bottle;Sportswear;4;199.99;799.96;Mobile Pay;2026/01/15;Sophie Mthembu
T09566;S005;Midrand;C0020;Member;P0005;Laptop Backpack;Accessories;1;549.99;549.99;Card;2026/01/11;Jessica Naidoo
T09567;S005;Midrand;C1656;Guest;P0010;Cotton T-Shirt;Clothing;1;249.99;249.99;Cash;2026/04/06;Emma Nkosi
T09568;S005;Midrand;C2424;Guest;P0019;Throw Blanket;Home & Decor;6;449.99;2699.94;Card;2026/01/28;James Botha
T09569;S005;Midrand;C2693;Member;P0014;Yoga Mat;Sportswear;4;399.99;1599.96;Bank Transfer;2026/01/21;Jessica Naidoo
T09570;S005;Midrand;C1596;Member;P0018;Perfume;Beauty;2;899.99;1799.98;Cash;2026/03/14;Emma Nkosi
T09571;S005;Midrand;C0876;Guest;P0019;Throw Blanket;Home & Decor;1;449.99;449.99;Cash;2026/03/30;Sarah Mokoena
T09572;S005;Midrand;C2521;Member;P0004;USB-C Charger;Electronics;2;299.99;599.98;Mobile Pay;2026/04/27;James Botha
T09573;S005;Midrand;C0905;Member;P0013;Running Shoes;Sportswear;1;1499.5;1499.5;Mobile Pay;2026/02/18;Noah Pillay
T09574;S005;Midrand;C1318;Member;P0007;Air Fryer;Appliances;2;1799.99;3599.98;Mobile Pay;2026/06/09;James Botha
T09575;S005;Midrand;C0060;Member;P0022;Cookware Set;Kitchen;5;1599.99;7999.95;Mobile Pay;2026/03/05;James Botha
T09576;S005;Midrand;C1225;Guest;P0001;Wireless Headphones;Electronics;4;899.99;3599.96;Cash;2026/04/13;Sophie Mthembu
T09577;S005;Midrand;C0480;Guest;P0019;Throw Blanket;Home & Decor;2;449.99;899.98;Mobile Pay;2026/03/07;Noah Pillay
T09578;S005;Midrand;C0551;Guest;P0021;Cushion Set;Home & Decor;5;299.99;1499.95;Card;2026/06/28;Daniel Smith
T09579;S005;Midrand;C2507;Guest;P0002;Bluetooth Speaker;Electronics;5;649.99;3249.95;Cash;2026/06/25;Sophie Mthembu
T09580;S005;Midrand;C1573;Member;P0011;Denim Jeans;Clothing;1;799.99;799.99;Cash;2026/05/17;Jessica Naidoo
T09581;S005;Midrand;C2381;Member;P0001;Wireless Headphones;Electronics;6;899.99;5399.94;Bank Transfer;2026/02/05;Noah Pillay
T09582;S005;Midrand;C1051;Member;P0003;Smart Watch;Electronics;5;1299.99;6499.95;Bank Transfer;2026/01/15;Olivia Dlamini
T09583;S005;Midrand;C0029;Member;P0019;Throw Blanket;Home & Decor;6;449.99;2699.94;Card;2026/06/01;Jessica Naidoo
T09584;S005;Midrand;C2159;Member;P0017;Face Moisturiser;Beauty;1;249.99;249.99;Bank Transfer;2026/04/25;Jessica Naidoo
T09585;S005;Midrand;C0541;Member;P0022;Cookware Set;Kitchen;2;1599.99;3199.98;Bank Transfer;2026/05/22;Sarah Mokoena
T09586;S005;Midrand;C2500;Member;P0016;Skincare Set;Beauty;3;599.99;1799.97;Bank Transfer;2026/05/24;Noah Pillay
T09587;S005;Midrand;C0842;Guest;P0022;Cookware Set;Kitchen;2;1599.99;3199.98;Card;2026/02/13;James Botha
T09588;S005;Midrand;C0138;Member;P0010;Cotton T-Shirt;Clothing;3;249.99;749.97;Bank Transfer;2026/05/20;Noah Pillay
T09589;S005;Midrand;C0602;Guest;P0014;Yoga Mat;Sportswear;2;399.99;799.98;Cash;2026/05/15;Olivia Dlamini
T09590;S005;Midrand;C2537;Member;P0018;Perfume;Beauty;4;899.99;3599.96;Bank Transfer;2026/03/29;Jessica Naidoo
T09591;S005;Midrand;C0779;Guest;P0009;Electric Kettle;Appliances;6;499.99;2999.94;Mobile Pay;2026/03/28;Michael Williams
T09592;S005;Midrand;C1284;Guest;P0010;Cotton T-Shirt;Clothing;6;249.99;1499.94;Card;2026/01/12;James Botha
T09593;S005;Midrand;C1973;Guest;P0010;Cotton T-Shirt;Clothing;6;249.99;1499.94;Cash;2026/05/09;Sarah Mokoena
T09594;S005;Midrand;C1867;Guest;P0017;Face Moisturiser;Beauty;3;249.99;749.97;Cash;2026/02/22;Daniel Smith
T09595;S005;Midrand;C1634;Member;P0008;Blender;Appliances;2;899.99;1799.98;Cash;2026/01/18;Sarah Mokoena
T09596;S005;Midrand;C2625;Member;P0017;Face Moisturiser;Beauty;5;249.99;1249.95;Bank Transfer;2026/06/11;Liam Jacobs
T09597;S005;Midrand;C1404;Guest;P0014;Yoga Mat;Sportswear;5;399.99;1999.95;Mobile Pay;2026/01/31;Emma Nkosi
T09598;S005;Midrand;C2406;Member;P0023;Dinner Plate Set;Kitchen;6;499.99;2999.94;Bank Transfer;2026/05/11;Michael Williams
T09599;S005;Midrand;C0019;Member;P0023;Dinner Plate Set;Kitchen;5;499.99;2499.95;Mobile Pay;2026/02/20;Noah Pillay
T09600;S005;Midrand;C2645;Member;P0006;Coffee Maker;Appliances;1;1299.99;1299.99;Mobile Pay;2026/05/06;Olivia Dlamini
T09601;S005;Midrand;C2839;Member;P0006;Coffee Maker;Appliances;4;1299.99;5199.96;Bank Transfer;2026/03/24;Noah Pillay
T09602;S005;Midrand;C2915;Guest;P0019;Throw Blanket;Home & Decor;4;449.99;1799.96;Cash;2026/06/08;James Botha
T09603;S005;Midrand;C1314;Guest;P0023;Dinner Plate Set;Kitchen;2;499.99;999.98;Card;2026/01/20;Sophie Mthembu
T09604;S005;Midrand;C0904;Member;P0025;Novel Book;Books;2;199.99;399.98;Bank Transfer;2026/04/27;Noah Pillay
T09605;S005;Midrand;C1296;Member;P0021;Cushion Set;Home & Decor;2;299.99;599.98;Card;2026/05/22;Emma Nkosi
T09606;S005;Midrand;C0150;Guest;P0023;Dinner Plate Set;Kitchen;5;499.99;2499.95;Card;2026/03/19;Jessica Naidoo
T09607;S005;Midrand;C1774;Member;P0021;Cushion Set;Home & Decor;1;299.99;299.99;Mobile Pay;2026/03/30;Olivia Dlamini
T09608;S005;Midrand;C2478;Member;P0019;Throw Blanket;Home & Decor;1;449.99;449.99;Cash;2026/02/02;Liam Jacobs
T09609;S005;Midrand;C2282;Member;P0012;Hooded Sweatshirt;Clothing;3;599.99;1799.97;Card;2026/02/16;Noah Pillay
T09610;S005;Midrand;C0616;Member;P0017;Face Moisturiser;Beauty;4;249.99;999.96;Bank Transfer;2026/06/25;Sarah Mokoena
T09611;S005;Midrand;C1668;Member;P0022;Cookware Set;Kitchen;6;1599.99;9599.94;Card;2026/04/04;Michael Williams
T09612;S005;Midrand;C1342;Guest;P0013;Running Shoes;Sportswear;5;1499.5;7497.5;Card;2026/01/22;Jessica Naidoo
T09613;S005;Midrand;C1599;Guest;P0023;Dinner Plate Set;Kitchen;6;499.99;2999.94;Mobile Pay;2026/06/16;Noah Pillay
T09614;S005;Midrand;C0873;Guest;P0022;Cookware Set;Kitchen;2;1599.99;3199.98;Bank Transfer;2026/03/20;Michael Williams
T09615;S005;Midrand;C2302;Member;P0013;Running Shoes;Sportswear;3;1499.5;4498.5;Bank Transfer;2026/05/21;Jessica Naidoo
T09616;S005;Midrand;C0261;Member;P0009;Electric Kettle;Appliances;3;499.99;1499.97;Mobile Pay;2026/01/16;James Botha
T09617;S005;Midrand;C1349;Member;P0015;Sports Bottle;Sportswear;4;199.99;799.96;Bank Transfer;2026/04/18;Olivia Dlamini
T09618;S005;Midrand;C1696;Member;P0015;Sports Bottle;Sportswear;6;199.99;1199.94;Mobile Pay;2026/02/15;Olivia Dlamini
T09619;S005;Midrand;C1763;Member;P0002;Bluetooth Speaker;Electronics;2;649.99;1299.98;Bank Transfer;2026/03/28;Noah Pillay
T09620;S005;Midrand;C1555;Member;P0003;Smart Watch;Electronics;2;1299.99;2599.98;Mobile Pay;2026/02/16;Olivia Dlamini
T09621;S005;Midrand;C1966;Guest;P0006;Coffee Maker;Appliances;2;1299.99;2599.98;Card;2026/03/24;Noah Pillay
T09622;S005;Midrand;C0427;Member;P0025;Novel Book;Books;5;199.99;999.95;Card;2026/06/13;Noah Pillay
T09623;S005;Midrand;C0686;Member;P0023;Dinner Plate Set;Kitchen;4;499.99;1999.96;Bank Transfer;2026/06/22;James Botha
T09624;S005;Midrand;C1896;Member;P0025;Novel Book;Books;4;199.99;799.96;Card;2026/05/07;Jessica Naidoo
T09625;S005;Midrand;C2284;Member;P0016;Skincare Set;Beauty;6;599.99;3599.94;Mobile Pay;2026/01/28;Emma Nkosi
T09626;S005;Midrand;C1994;Member;P0016;Skincare Set;Beauty;3;599.99;1799.97;Cash;2026/03/07;James Botha
T09627;S005;Midrand;C0734;Member;P0004;USB-C Charger;Electronics;1;299.99;299.99;Card;2026/06/01;Daniel Smith
T09628;S005;Midrand;C1822;Member;P0008;Blender;Appliances;4;899.99;3599.96;Mobile Pay;2026/03/02;Sophie Mthembu
T09629;S005;Midrand;C0822;Member;P0012;Hooded Sweatshirt;Clothing;2;599.99;1199.98;Bank Transfer;2026/06/02;Emma Nkosi
T09630;S005;Midrand;C2782;Guest;P0023;Dinner Plate Set;Kitchen;6;499.99;2999.94;Bank Transfer;2026/01/28;Jessica Naidoo
T09631;S005;Midrand;C1929;Member;P0002;Bluetooth Speaker;Electronics;2;649.99;1299.98;Cash;2026/06/11;Olivia Dlamini
T09632;S005;Midrand;C2087;Guest;P0021;Cushion Set;Home & Decor;3;299.99;899.97;Bank Transfer;2026/03/01;Daniel Smith
T09633;S005;Midrand;C0682;Guest;P0005;Laptop Backpack;Accessories;4;549.99;2199.96;Card;2026/01/22;Liam Jacobs
T09634;S005;Midrand;C2327;Member;P0007;Air Fryer;Appliances;2;1799.99;3599.98;Card;2026/06/05;Sophie Mthembu
T09635;S005;Midrand;C2391;Member;P0011;Denim Jeans;Clothing;6;799.99;4799.94;Card;2026/03/10;Sophie Mthembu
T09636;S005;Midrand;C1913;Member;P0006;Coffee Maker;Appliances;5;1299.99;6499.95;Bank Transfer;2026/06/22;Sophie Mthembu
T09637;S005;Midrand;C2824;Member;P0011;Denim Jeans;Clothing;2;799.99;1599.98;Bank Transfer;2026/04/02;Sophie Mthembu
T09638;S005;Midrand;C1651;Member;P0014;Yoga Mat;Sportswear;6;399.99;2399.94;Mobile Pay;2026/03/29;James Botha
T09639;S005;Midrand;C0792;Guest;P0023;Dinner Plate Set;Kitchen;3;499.99;1499.97;Cash;2026/04/15;Emma Nkosi
T09640;S005;Midrand;C0973;Guest;P0010;Cotton T-Shirt;Clothing;2;249.99;499.98;Mobile Pay;2026/02/10;Olivia Dlamini
T09641;S005;Midrand;C0347;Member;P0021;Cushion Set;Home & Decor;1;299.99;299.99;Cash;2026/02/18;Noah Pillay
T09642;S005;Midrand;C0701;Member;P0015;Sports Bottle;Sportswear;3;199.99;599.97;Cash;2026/01/25;Sarah Mokoena
T09643;S005;Midrand;C2890;Member;P0013;Running Shoes;Sportswear;5;1499.5;7497.5;Card;2026/01/10;Sophie Mthembu
T09644;S005;Midrand;C2537;Member;P0016;Skincare Set;Beauty;5;599.99;2999.95;Card;2026/05/12;Noah Pillay
T09645;S005;Midrand;C1524;Member;P0024;Storage Container Set;Kitchen;6;349.99;2099.94;Bank Transfer;2026/01/19;Daniel Smith
T09646;S005;Midrand;C0228;Member;P0016;Skincare Set;Beauty;1;599.99;599.99;Card;2026/02/16;Daniel Smith
T09647;S005;Midrand;C2180;Guest;P0016;Skincare Set;Beauty;4;599.99;2399.96;Mobile Pay;2026/06/05;James Botha
T09648;S005;Midrand;C2251;Guest;P0016;Skincare Set;Beauty;5;599.99;2999.95;Card;2026/03/31;Daniel Smith
T09649;S005;Midrand;C2684;Member;P0004;USB-C Charger;Electronics;3;299.99;899.97;Card;2026/01/17;Emma Nkosi
T09650;S005;Midrand;C1066;Guest;P0025;Novel Book;Books;2;199.99;399.98;Bank Transfer;2026/04/26;Sophie Mthembu
T09651;S005;Midrand;C0395;Member;P0022;Cookware Set;Kitchen;4;1599.99;6399.96;Mobile Pay;2026/02/27;Daniel Smith
T09652;S005;Midrand;C2263;Member;P0019;Throw Blanket;Home & Decor;2;449.99;899.98;Bank Transfer;2026/01/04;Sophie Mthembu
T09653;S005;Midrand;C0074;Member;P0014;Yoga Mat;Sportswear;5;399.99;1999.95;Cash;2026/02/26;James Botha
T09654;S005;Midrand;C2139;Member;P0008;Blender;Appliances;3;899.99;2699.97;Card;2026/05/21;Noah Pillay
T09655;S005;Midrand;C0254;Guest;P0018;Perfume;Beauty;4;899.99;3599.96;Card;2026/04/03;Sarah Mokoena
T09656;S005;Midrand;C1887;Guest;P0008;Blender;Appliances;3;899.99;2699.97;Bank Transfer;2026/01/22;Michael Williams
T09657;S005;Midrand;C2492;Guest;P0016;Skincare Set;Beauty;1;599.99;599.99;Cash;2026/03/09;Noah Pillay
T09658;S005;Midrand;C2345;Member;P0004;USB-C Charger;Electronics;3;299.99;899.97;Bank Transfer;2026/01/09;Emma Nkosi
T09659;S005;Midrand;C2169;Member;P0020;Table Lamp;Home & Decor;5;699.99;3499.95;Mobile Pay;2026/03/18;Michael Williams
T09660;S005;Midrand;C1224;Member;P0014;Yoga Mat;Sportswear;3;399.99;1199.97;Cash;2026/02/20;Jessica Naidoo
T09661;S005;Midrand;C1477;Guest;P0025;Novel Book;Books;6;199.99;1199.94;Cash;2026/04/06;Daniel Smith
T09662;S005;Midrand;C2062;Member;P0019;Throw Blanket;Home & Decor;1;449.99;449.99;Bank Transfer;2026/01/13;Sarah Mokoena
T09663;S005;Midrand;C2482;Guest;P0006;Coffee Maker;Appliances;3;1299.99;3899.97;Cash;2026/04/23;Daniel Smith
T09664;S005;Midrand;C0625;Member;P0023;Dinner Plate Set;Kitchen;6;499.99;2999.94;Cash;2026/01/15;Jessica Naidoo
T09665;S005;Midrand;C2871;Member;P0024;Storage Container Set;Kitchen;3;349.99;1049.97;Card;2026/06/20;Sarah Mokoena
T09666;S005;Midrand;C0359;Guest;P0009;Electric Kettle;Appliances;4;499.99;1999.96;Bank Transfer;2026/02/22;Olivia Dlamini
T09667;S005;Midrand;C1973;Member;P0021;Cushion Set;Home & Decor;1;299.99;299.99;Mobile Pay;2026/02/04;Olivia Dlamini
T09668;S005;Midrand;C0289;Guest;P0011;Denim Jeans;Clothing;1;799.99;799.99;Mobile Pay;2026/02/15;Michael Williams
T09669;S005;Midrand;C1833;Guest;P0015;Sports Bottle;Sportswear;2;199.99;399.98;Mobile Pay;2026/05/10;Daniel Smith
T09670;S005;Midrand;C2115;Member;P0025;Novel Book;Books;2;199.99;399.98;Bank Transfer;2026/01/14;Sophie Mthembu
T09671;S005;Midrand;C0471;Guest;P0025;Novel Book;Books;1;199.99;199.99;Cash;2026/06/28;Jessica Naidoo
T09672;S005;Midrand;C1263;Member;P0021;Cushion Set;Home & Decor;2;299.99;599.98;Cash;2026/02/28;Liam Jacobs
T09673;S005;Midrand;C0155;Guest;P0015;Sports Bottle;Sportswear;3;199.99;599.97;Cash;2026/05/03;Sarah Mokoena
T09674;S005;Midrand;C1936;Member;P0025;Novel Book;Books;1;199.99;199.99;Mobile Pay;2026/03/09;Daniel Smith
T09675;S005;Midrand;C1036;Member;P0021;Cushion Set;Home & Decor;5;299.99;1499.95;Mobile Pay;2026/03/05;James Botha
T09676;S005;Midrand;C1004;Member;P0007;Air Fryer;Appliances;4;1799.99;7199.96;Cash;2026/06/12;Jessica Naidoo
T09677;S005;Midrand;C0744;Member;P0003;Smart Watch;Electronics;6;1299.99;7799.94;Card;2026/05/02;Sarah Mokoena
T09678;S005;Midrand;C1701;Member;P0021;Cushion Set;Home & Decor;4;299.99;1199.96;Bank Transfer;2026/04/27;Michael Williams
T09679;S005;Midrand;C2369;Member;P0013;Running Shoes;Sportswear;4;1499.5;5998.0;Mobile Pay;2026/05/18;Emma Nkosi
T09680;S005;Midrand;C1868;Member;P0023;Dinner Plate Set;Kitchen;2;499.99;999.98;Cash;2026/03/13;Liam Jacobs
T09681;S005;Midrand;C0746;Member;P0014;Yoga Mat;Sportswear;6;399.99;2399.94;Card;2026/01/09;Sophie Mthembu
T09682;S005;Midrand;C1065;Member;P0018;Perfume;Beauty;5;899.99;4499.95;Cash;2026/01/10;Sophie Mthembu
T09683;S005;Midrand;C2129;Guest;P0006;Coffee Maker;Appliances;2;1299.99;2599.98;Mobile Pay;2026/04/15;Liam Jacobs
T09684;S005;Midrand;C1596;Member;P0015;Sports Bottle;Sportswear;3;199.99;599.97;Card;2026/06/07;Noah Pillay
T09685;S005;Midrand;C0484;Guest;P0022;Cookware Set;Kitchen;6;1599.99;9599.94;Card;2026/03/26;Michael Williams
T09686;S005;Midrand;C1239;Member;P0005;Laptop Backpack;Accessories;1;549.99;549.99;Card;2026/06/01;Jessica Naidoo
T09687;S005;Midrand;C0326;Guest;P0010;Cotton T-Shirt;Clothing;4;249.99;999.96;Bank Transfer;2026/03/21;Jessica Naidoo
T09688;S005;Midrand;C1940;Guest;P0017;Face Moisturiser;Beauty;2;249.99;499.98;Mobile Pay;2026/05/21;Daniel Smith
T09689;S005;Midrand;C1332;Member;P0006;Coffee Maker;Appliances;1;1299.99;1299.99;Bank Transfer;2026/06/15;Olivia Dlamini
T09690;S005;Midrand;C0914;Member;P0017;Face Moisturiser;Beauty;4;249.99;999.96;Mobile Pay;2026/02/09;Liam Jacobs
T09691;S005;Midrand;C0560;Guest;P0007;Air Fryer;Appliances;4;1799.99;7199.96;Cash;2026/04/30;Olivia Dlamini
T09692;S005;Midrand;C1628;Member;P0001;Wireless Headphones;Electronics;6;899.99;5399.94;Bank Transfer;2026/04/19;Daniel Smith
T09693;S005;Midrand;C0886;Member;P0022;Cookware Set;Kitchen;1;1599.99;1599.99;Cash;2026/04/25;Emma Nkosi
T09694;S005;Midrand;C2963;Member;P0017;Face Moisturiser;Beauty;4;249.99;999.96;Cash;2026/05/15;Daniel Smith
T09695;S005;Midrand;C2067;Member;P0009;Electric Kettle;Appliances;3;499.99;1499.97;Card;2026/02/25;James Botha
T09696;S005;Midrand;C0859;Member;P0019;Throw Blanket;Home & Decor;1;449.99;449.99;Cash;2026/04/09;Sophie Mthembu
T09697;S005;Midrand;C1682;Member;P0024;Storage Container Set;Kitchen;6;349.99;2099.94;Cash;2026/01/26;Emma Nkosi
T09698;S005;Midrand;C0765;Member;P0015;Sports Bottle;Sportswear;3;199.99;599.97;Mobile Pay;2026/03/19;Daniel Smith
T09699;S005;Midrand;C0420;Guest;P0021;Cushion Set;Home & Decor;5;299.99;1499.95;Card;2026/02/11;Jessica Naidoo
T09700;S005;Midrand;C2154;Member;P0014;Yoga Mat;Sportswear;2;399.99;799.98;Mobile Pay;2026/05/17;Noah Pillay
T09701;S005;Midrand;C2127;Guest;P0008;Blender;Appliances;2;899.99;1799.98;Card;2026/05/04;Michael Williams
T09702;S005;Midrand;C2910;Member;P0025;Novel Book;Books;3;199.99;599.97;Bank Transfer;2026/01/22;James Botha
T09703;S005;Midrand;C2289;Member;P0010;Cotton T-Shirt;Clothing;1;249.99;249.99;Mobile Pay;2026/04/11;James Botha
T09704;S005;Midrand;C0745;Member;P0001;Wireless Headphones;Electronics;6;899.99;5399.94;Cash;2026/03/08;Olivia Dlamini
T09705;S005;Midrand;C2916;Guest;P0013;Running Shoes;Sportswear;1;1499.5;1499.5;Card;2026/04/01;James Botha
T09706;S005;Midrand;C2025;Member;P0024;Storage Container Set;Kitchen;1;349.99;349.99;Cash;2026/01/19;Sarah Mokoena
T09707;S005;Midrand;C0783;Member;P0023;Dinner Plate Set;Kitchen;6;499.99;2999.94;Card;2026/02/21;Noah Pillay
T09708;S005;Midrand;C1450;Member;P0013;Running Shoes;Sportswear;2;1499.5;2999.0;Cash;2026/02/17;Jessica Naidoo
T09709;S005;Midrand;C2903;Guest;P0021;Cushion Set;Home & Decor;3;299.99;899.97;Bank Transfer;2026/06/05;Emma Nkosi
T09710;S005;Midrand;C2480;Member;P0004;USB-C Charger;Electronics;1;299.99;299.99;Card;2026/02/28;Daniel Smith
T09711;S005;Midrand;C0229;Guest;P0003;Smart Watch;Electronics;2;1299.99;2599.98;Bank Transfer;2026/04/26;Jessica Naidoo
T09712;S005;Midrand;C1272;Guest;P0012;Hooded Sweatshirt;Clothing;5;599.99;2999.95;Card;2026/03/30;Michael Williams
T09713;S005;Midrand;C0349;Member;P0009;Electric Kettle;Appliances;2;499.99;999.98;Mobile Pay;2026/06/24;Michael Williams
T09714;S005;Midrand;C2065;Member;P0017;Face Moisturiser;Beauty;4;249.99;999.96;Cash;2026/02/24;Emma Nkosi
T09715;S005;Midrand;C1608;Member;P0022;Cookware Set;Kitchen;2;1599.99;3199.98;Bank Transfer;2026/02/26;Daniel Smith
T09716;S005;Midrand;C2047;Guest;P0025;Novel Book;Books;1;199.99;199.99;Mobile Pay;2026/04/08;Noah Pillay
T09717;S005;Midrand;C0830;Member;P0002;Bluetooth Speaker;Electronics;4;649.99;2599.96;Bank Transfer;2026/01/03;Sophie Mthembu
T09718;S005;Midrand;C2023;Guest;P0011;Denim Jeans;Clothing;6;799.99;4799.94;Card;2026/03/31;Sophie Mthembu
T09719;S005;Midrand;C0148;Member;P0021;Cushion Set;Home & Decor;6;299.99;1799.94;Cash;2026/01/06;Noah Pillay
T09720;S005;Midrand;C1537;Guest;P0013;Running Shoes;Sportswear;3;1499.5;4498.5;Cash;2026/02/27;Noah Pillay
T09721;S005;Midrand;C0721;Member;P0023;Dinner Plate Set;Kitchen;2;499.99;999.98;Mobile Pay;2026/02/03;Sarah Mokoena
T09722;S005;Midrand;C2041;Member;P0023;Dinner Plate Set;Kitchen;3;499.99;1499.97;Mobile Pay;2026/05/21;Emma Nkosi
T09723;S005;Midrand;C1082;Member;P0009;Electric Kettle;Appliances;5;499.99;2499.95;Mobile Pay;2026/04/03;Jessica Naidoo
T09724;S005;Midrand;C0045;Member;P0011;Denim Jeans;Clothing;4;799.99;3199.96;Mobile Pay;2026/06/02;Jessica Naidoo
T09725;S005;Midrand;C2221;Member;P0005;Laptop Backpack;Accessories;1;549.99;549.99;Mobile Pay;2026/02/05;Emma Nkosi
T09726;S005;Midrand;C0215;Guest;P0008;Blender;Appliances;6;899.99;5399.94;Mobile Pay;2026/02/12;Michael Williams
T09727;S005;Midrand;C0880;Member;P0011;Denim Jeans;Clothing;4;799.99;3199.96;Card;2026/02/26;Liam Jacobs
T09728;S005;Midrand;C0666;Member;P0020;Table Lamp;Home & Decor;3;699.99;2099.97;Bank Transfer;2026/02/07;Michael Williams
T09729;S005;Midrand;C0900;Member;P0002;Bluetooth Speaker;Electronics;4;649.99;2599.96;Bank Transfer;2026/06/12;Liam Jacobs
T09730;S005;Midrand;C2661;Member;P0001;Wireless Headphones;Electronics;5;899.99;4499.95;Bank Transfer;2026/01/29;Olivia Dlamini
T09731;S005;Midrand;C2723;Member;P0009;Electric Kettle;Appliances;4;499.99;1999.96;Bank Transfer;2026/04/23;Sarah Mokoena
T09732;S005;Midrand;C1216;Member;P0005;Laptop Backpack;Accessories;2;549.99;1099.98;Bank Transfer;2026/02/21;Sarah Mokoena
T09733;S005;Midrand;C2427;Member;P0012;Hooded Sweatshirt;Clothing;1;599.99;599.99;Bank Transfer;2026/02/23;Noah Pillay
T09734;S005;Midrand;C1184;Guest;P0002;Bluetooth Speaker;Electronics;1;649.99;649.99;Mobile Pay;2026/05/21;Sophie Mthembu
T09735;S005;Midrand;C1472;Member;P0023;Dinner Plate Set;Kitchen;1;499.99;499.99;Cash;2026/01/07;Emma Nkosi
T09736;S005;Midrand;C2297;Member;P0011;Denim Jeans;Clothing;1;799.99;799.99;Bank Transfer;2026/01/02;Daniel Smith
T09737;S005;Midrand;C1064;Guest;P0003;Smart Watch;Electronics;3;1299.99;3899.97;Card;2026/01/21;Liam Jacobs
T09738;S005;Midrand;C1653;Guest;P0001;Wireless Headphones;Electronics;6;899.99;5399.94;Bank Transfer;2026/03/02;Emma Nkosi
T09739;S005;Midrand;C0803;Member;P0023;Dinner Plate Set;Kitchen;2;499.99;999.98;Card;2026/06/02;Emma Nkosi
T09740;S005;Midrand;C2741;Member;P0016;Skincare Set;Beauty;4;599.99;2399.96;Cash;2026/03/27;Emma Nkosi
T09741;S005;Midrand;C0150;Member;P0020;Table Lamp;Home & Decor;1;699.99;699.99;Card;2026/06/05;Olivia Dlamini
T09742;S005;Midrand;C1571;Guest;P0016;Skincare Set;Beauty;4;599.99;2399.96;Mobile Pay;2026/03/05;Jessica Naidoo
T09743;S005;Midrand;C2510;Member;P0007;Air Fryer;Appliances;2;1799.99;3599.98;Bank Transfer;2026/06/10;Michael Williams
T09744;S005;Midrand;C1755;Member;P0018;Perfume;Beauty;6;899.99;5399.94;Bank Transfer;2026/05/18;Sarah Mokoena
T09745;S005;Midrand;C1040;Member;P0007;Air Fryer;Appliances;6;1799.99;10799.94;Card;2026/01/26;Liam Jacobs
T09746;S005;Midrand;C2854;Member;P0011;Denim Jeans;Clothing;3;799.99;2399.97;Bank Transfer;2026/03/11;Michael Williams
T09747;S005;Midrand;C1612;Member;P0015;Sports Bottle;Sportswear;4;199.99;799.96;Bank Transfer;2026/02/25;Olivia Dlamini
T09748;S005;Midrand;C0791;Member;P0023;Dinner Plate Set;Kitchen;6;499.99;2999.94;Bank Transfer;2026/01/02;Noah Pillay
T09749;S005;Midrand;C2767;Member;P0012;Hooded Sweatshirt;Clothing;4;599.99;2399.96;Card;2026/05/24;Daniel Smith
T09750;S005;Midrand;C1491;Member;P0023;Dinner Plate Set;Kitchen;4;499.99;1999.96;Bank Transfer;2026/02/15;Olivia Dlamini
T09751;S005;Midrand;C0210;Member;P0020;Table Lamp;Home & Decor;1;699.99;699.99;Mobile Pay;2026/02/12;Olivia Dlamini
T09752;S005;Midrand;C1950;Member;P0008;Blender;Appliances;4;899.99;3599.96;Cash;2026/06/17;Emma Nkosi
T09753;S005;Midrand;C1129;Member;P0015;Sports Bottle;Sportswear;1;199.99;199.99;Cash;2026/03/19;Jessica Naidoo
T09754;S005;Midrand;C1116;Guest;P0024;Storage Container Set;Kitchen;2;349.99;699.98;Card;2026/04/11;Liam Jacobs
T09755;S005;Midrand;C2486;Guest;P0019;Throw Blanket;Home & Decor;5;449.99;2249.95;Cash;2026/02/20;Emma Nkosi
T09756;S005;Midrand;C0097;Member;P0014;Yoga Mat;Sportswear;2;399.99;799.98;Cash;2026/06/05;Emma Nkosi
T09757;S005;Midrand;C0834;Guest;P0002;Bluetooth Speaker;Electronics;5;649.99;3249.95;Bank Transfer;2026/05/09;Sophie Mthembu
T09758;S005;Midrand;C1603;Guest;P0012;Hooded Sweatshirt;Clothing;5;599.99;2999.95;Cash;2026/06/10;Daniel Smith
T09759;S005;Midrand;C2574;Member;P0013;Running Shoes;Sportswear;1;1499.5;1499.5;Mobile Pay;2026/02/22;Noah Pillay
T09760;S005;Midrand;C2207;Member;P0018;Perfume;Beauty;1;899.99;899.99;Bank Transfer;2026/01/05;Sarah Mokoena
T09761;S005;Midrand;C1864;Guest;P0025;Novel Book;Books;1;199.99;199.99;Cash;2026/03/02;Jessica Naidoo
T09762;S005;Midrand;C1284;Guest;P0024;Storage Container Set;Kitchen;3;349.99;1049.97;Cash;2026/03/11;Sarah Mokoena
T09763;S005;Midrand;C2806;Member;P0018;Perfume;Beauty;3;899.99;2699.97;Mobile Pay;2026/03/06;Michael Williams
T09764;S005;Midrand;C1139;Guest;P0021;Cushion Set;Home & Decor;5;299.99;1499.95;Card;2026/03/16;Emma Nkosi
T09765;S005;Midrand;C1663;Member;P0002;Bluetooth Speaker;Electronics;5;649.99;3249.95;Mobile Pay;2026/01/03;Liam Jacobs
T09766;S005;Midrand;C2396;Member;P0023;Dinner Plate Set;Kitchen;1;499.99;499.99;Cash;2026/06/10;Emma Nkosi
T09767;S005;Midrand;C1437;Member;P0008;Blender;Appliances;4;899.99;3599.96;Mobile Pay;2026/06/02;Olivia Dlamini
T09768;S005;Midrand;C2940;Member;P0006;Coffee Maker;Appliances;2;1299.99;2599.98;Bank Transfer;2026/02/11;Jessica Naidoo
T09769;S005;Midrand;C2557;Member;P0021;Cushion Set;Home & Decor;2;299.99;599.98;Card;2026/04/15;Sophie Mthembu
T09770;S005;Midrand;C2872;Member;P0009;Electric Kettle;Appliances;5;499.99;2499.95;Mobile Pay;2026/02/13;Sophie Mthembu
T09771;S005;Midrand;C1672;Member;P0006;Coffee Maker;Appliances;3;1299.99;3899.97;Bank Transfer;2026/06/09;Olivia Dlamini
T09772;S005;Midrand;C0984;Guest;P0011;Denim Jeans;Clothing;4;799.99;3199.96;Card;2026/04/29;Michael Williams
T09773;S005;Midrand;C1882;Guest;P0022;Cookware Set;Kitchen;3;1599.99;4799.97;Cash;2026/04/25;Liam Jacobs
T09774;S005;Midrand;C1496;Member;P0014;Yoga Mat;Sportswear;6;399.99;2399.94;Bank Transfer;2026/06/15;Sophie Mthembu
T09775;S005;Midrand;C0480;Guest;P0009;Electric Kettle;Appliances;5;499.99;2499.95;Cash;2026/05/15;Olivia Dlamini
T09776;S005;Midrand;C0058;Guest;P0004;USB-C Charger;Electronics;4;299.99;1199.96;Cash;2026/02/26;Jessica Naidoo
T09777;S005;Midrand;C2469;Member;P0003;Smart Watch;Electronics;5;1299.99;6499.95;Card;2026/01/07;Olivia Dlamini
T09778;S005;Midrand;C0853;Member;P0015;Sports Bottle;Sportswear;6;199.99;1199.94;Mobile Pay;2026/05/25;Noah Pillay
T09779;S005;Midrand;C0115;Member;P0001;Wireless Headphones;Electronics;2;899.99;1799.98;Cash;2026/01/21;Noah Pillay
T09780;S005;Midrand;C1352;Guest;P0014;Yoga Mat;Sportswear;6;399.99;2399.94;Cash;2026/04/09;Emma Nkosi
T09781;S005;Midrand;C1668;Guest;P0023;Dinner Plate Set;Kitchen;6;499.99;2999.94;Mobile Pay;2026/05/25;Olivia Dlamini
T09782;S005;Midrand;C0917;Guest;P0002;Bluetooth Speaker;Electronics;1;649.99;649.99;Mobile Pay;2026/04/29;Emma Nkosi
T09783;S005;Midrand;C2032;Guest;P0020;Table Lamp;Home & Decor;5;699.99;3499.95;Bank Transfer;2026/01/15;Liam Jacobs
T09784;S005;Midrand;C0069;Member;P0019;Throw Blanket;Home & Decor;1;449.99;449.99;Mobile Pay;2026/01/05;Sophie Mthembu
T09785;S005;Midrand;C2705;Member;P0023;Dinner Plate Set;Kitchen;1;499.99;499.99;Card;2026/03/27;Michael Williams
T09786;S005;Midrand;C2306;Member;P0012;Hooded Sweatshirt;Clothing;5;599.99;2999.95;Cash;2026/02/03;Sophie Mthembu
T09787;S005;Midrand;C0265;Guest;P0009;Electric Kettle;Appliances;2;499.99;999.98;Cash;2026/05/07;Emma Nkosi
T09788;S005;Midrand;C1817;Guest;P0005;Laptop Backpack;Accessories;1;549.99;549.99;Bank Transfer;2026/04/06;Noah Pillay
T09789;S005;Midrand;C1306;Member;P0021;Cushion Set;Home & Decor;2;299.99;599.98;Card;2026/02/13;Emma Nkosi
T09790;S005;Midrand;C1309;Guest;P0017;Face Moisturiser;Beauty;4;249.99;999.96;Cash;2026/04/20;Sarah Mokoena
T09791;S005;Midrand;C0379;Member;P0021;Cushion Set;Home & Decor;5;299.99;1499.95;Bank Transfer;2026/05/07;Noah Pillay
T09792;S005;Midrand;C1814;Member;P0010;Cotton T-Shirt;Clothing;2;249.99;499.98;Mobile Pay;2026/01/08;Sarah Mokoena
T09793;S005;Midrand;C0467;Member;P0015;Sports Bottle;Sportswear;1;199.99;199.99;Cash;2026/02/14;Noah Pillay
T09794;S005;Midrand;C1989;Member;P0022;Cookware Set;Kitchen;4;1599.99;6399.96;Cash;2026/05/08;Daniel Smith
T09795;S005;Midrand;C1762;Guest;P0016;Skincare Set;Beauty;5;599.99;2999.95;Mobile Pay;2026/03/30;Noah Pillay
T09796;S005;Midrand;C2140;Guest;P0009;Electric Kettle;Appliances;4;499.99;1999.96;Cash;2026/03/23;Noah Pillay
T09797;S005;Midrand;C0979;Member;P0007;Air Fryer;Appliances;3;1799.99;5399.97;Card;2026/05/21;James Botha
T09798;S005;Midrand;C0528;Guest;P0010;Cotton T-Shirt;Clothing;3;249.99;749.97;Mobile Pay;2026/06/09;Daniel Smith
T09799;S005;Midrand;C1320;Member;P0025;Novel Book;Books;1;199.99;199.99;Card;2026/01/10;Sarah Mokoena
T09800;S005;Midrand;C1325;Guest;P0012;Hooded Sweatshirt;Clothing;6;599.99;3599.94;Bank Transfer;2026/04/02;Emma Nkosi
T09801;S005;Midrand;C0308;Guest;P0002;Bluetooth Speaker;Electronics;4;649.99;2599.96;Card;2026/01/19;James Botha
T09802;S005;Midrand;C1457;Guest;P0008;Blender;Appliances;3;899.99;2699.97;Mobile Pay;2026/05/01;Daniel Smith
T09803;S005;Midrand;C2635;Member;P0018;Perfume;Beauty;4;899.99;3599.96;Bank Transfer;2026/02/13;Sophie Mthembu
T09804;S005;Midrand;C2302;Member;P0019;Throw Blanket;Home & Decor;1;449.99;449.99;Cash;2026/02/27;Michael Williams
T09805;S005;Midrand;C0021;Member;P0023;Dinner Plate Set;Kitchen;1;499.99;499.99;Cash;2026/04/12;Daniel Smith
T09806;S005;Midrand;C0844;Member;P0015;Sports Bottle;Sportswear;4;199.99;799.96;Mobile Pay;2026/04/21;James Botha
T09807;S005;Midrand;C0353;Member;P0024;Storage Container Set;Kitchen;5;349.99;1749.95;Bank Transfer;2026/06/11;James Botha
T09808;S005;Midrand;C0669;Member;P0025;Novel Book;Books;2;199.99;399.98;Mobile Pay;2026/06/19;Sarah Mokoena
T09809;S005;Midrand;C2002;Guest;P0025;Novel Book;Books;1;199.99;199.99;Bank Transfer;2026/01/03;Michael Williams
T09810;S005;Midrand;C1366;Member;P0016;Skincare Set;Beauty;1;599.99;599.99;Card;2026/06/25;Daniel Smith
T09811;S005;Midrand;C0699;Member;P0004;USB-C Charger;Electronics;1;299.99;299.99;Bank Transfer;2026/01/08;James Botha
T09812;S005;Midrand;C2686;Member;P0004;USB-C Charger;Electronics;1;299.99;299.99;Mobile Pay;2026/05/22;Michael Williams
T09813;S005;Midrand;C2279;Member;P0003;Smart Watch;Electronics;5;1299.99;6499.95;Cash;2026/05/28;Sophie Mthembu
T09814;S005;Midrand;C1828;Member;P0023;Dinner Plate Set;Kitchen;1;499.99;499.99;Cash;2026/04/23;James Botha
T09815;S005;Midrand;C2085;Member;P0005;Laptop Backpack;Accessories;4;549.99;2199.96;Cash;2026/05/22;James Botha
T09816;S005;Midrand;C2512;Member;P0023;Dinner Plate Set;Kitchen;4;499.99;1999.96;Bank Transfer;2026/02/14;Liam Jacobs
T09817;S005;Midrand;C0799;Member;P0023;Dinner Plate Set;Kitchen;1;499.99;499.99;Card;2026/05/31;James Botha
T09818;S005;Midrand;C2575;Member;P0005;Laptop Backpack;Accessories;6;549.99;3299.94;Mobile Pay;2026/05/14;Michael Williams
T09819;S005;Midrand;C0976;Member;P0009;Electric Kettle;Appliances;2;499.99;999.98;Cash;2026/03/14;Daniel Smith
T09820;S005;Midrand;C0973;Member;P0014;Yoga Mat;Sportswear;5;399.99;1999.95;Cash;2026/04/27;Noah Pillay
T09821;S005;Midrand;C2408;Member;P0021;Cushion Set;Home & Decor;6;299.99;1799.94;Card;2026/02/24;Liam Jacobs
T09822;S005;Midrand;C1547;Member;P0025;Novel Book;Books;5;199.99;999.95;Card;2026/06/18;Michael Williams
T09823;S005;Midrand;C2592;Guest;P0010;Cotton T-Shirt;Clothing;4;249.99;999.96;Cash;2026/05/24;Sarah Mokoena
T09824;S005;Midrand;C1567;Member;P0021;Cushion Set;Home & Decor;6;299.99;1799.94;Cash;2026/02/24;Michael Williams
T09825;S005;Midrand;C0564;Guest;P0010;Cotton T-Shirt;Clothing;1;249.99;249.99;Card;2026/01/18;Liam Jacobs
T09826;S005;Midrand;C0600;Guest;P0003;Smart Watch;Electronics;2;1299.99;2599.98;Card;2026/01/07;Noah Pillay
T09827;S005;Midrand;C0605;Guest;P0011;Denim Jeans;Clothing;1;799.99;799.99;Card;2026/01/11;Noah Pillay
T09828;S005;Midrand;C0669;Member;P0005;Laptop Backpack;Accessories;2;549.99;1099.98;Card;2026/01/08;Olivia Dlamini
T09829;S005;Midrand;C1591;Member;P0023;Dinner Plate Set;Kitchen;3;499.99;1499.97;Mobile Pay;2026/04/24;Michael Williams
T09830;S005;Midrand;C0349;Member;P0025;Novel Book;Books;4;199.99;799.96;Card;2026/03/09;Jessica Naidoo
T09831;S005;Midrand;C0199;Member;P0004;USB-C Charger;Electronics;1;299.99;299.99;Cash;2026/05/25;Liam Jacobs
T09832;S005;Midrand;C1058;Member;P0019;Throw Blanket;Home & Decor;3;449.99;1349.97;Mobile Pay;2026/06/10;Emma Nkosi
T09833;S005;Midrand;C0926;Guest;P0017;Face Moisturiser;Beauty;6;249.99;1499.94;Mobile Pay;2026/06/20;Sarah Mokoena
T09834;S005;Midrand;C0271;Member;P0015;Sports Bottle;Sportswear;4;199.99;799.96;Cash;2026/04/20;Sarah Mokoena
T09835;S005;Midrand;C0808;Member;P0021;Cushion Set;Home & Decor;5;299.99;1499.95;Cash;2026/02/13;Michael Williams
T09836;S005;Midrand;C1633;Member;P0003;Smart Watch;Electronics;3;1299.99;3899.97;Bank Transfer;2026/06/02;Sarah Mokoena
T09837;S005;Midrand;C0190;Guest;P0009;Electric Kettle;Appliances;4;499.99;1999.96;Mobile Pay;2026/02/26;Liam Jacobs
T09838;S005;Midrand;C1833;Member;P0005;Laptop Backpack;Accessories;2;549.99;1099.98;Mobile Pay;2026/06/13;Liam Jacobs
T09839;S005;Midrand;C2749;Guest;P0003;Smart Watch;Electronics;4;1299.99;5199.96;Mobile Pay;2026/03/12;Liam Jacobs
T09840;S005;Midrand;C1065;Member;P0001;Wireless Headphones;Electronics;4;899.99;3599.96;Card;2026/06/13;Jessica Naidoo
T09841;S005;Midrand;C1723;Member;P0011;Denim Jeans;Clothing;6;799.99;4799.94;Cash;2026/01/19;Noah Pillay
T09842;S005;Midrand;C1835;Member;P0009;Electric Kettle;Appliances;3;499.99;1499.97;Bank Transfer;2026/06/08;Jessica Naidoo
T09843;S005;Midrand;C1849;Member;P0011;Denim Jeans;Clothing;5;799.99;3999.95;Bank Transfer;2026/04/08;Sarah Mokoena
T09844;S005;Midrand;C0829;Guest;P0023;Dinner Plate Set;Kitchen;6;499.99;2999.94;Bank Transfer;2026/03/14;Sarah Mokoena
T09845;S005;Midrand;C0829;Member;P0005;Laptop Backpack;Accessories;6;549.99;3299.94;Card;2026/03/18;Noah Pillay
T09846;S005;Midrand;C1078;Member;P0002;Bluetooth Speaker;Electronics;2;649.99;1299.98;Cash;2026/04/26;Liam Jacobs
T09847;S005;Midrand;C0807;Guest;P0022;Cookware Set;Kitchen;3;1599.99;4799.97;Card;2026/02/27;James Botha
T09848;S005;Midrand;C0311;Member;P0014;Yoga Mat;Sportswear;4;399.99;1599.96;Bank Transfer;2026/05/25;Daniel Smith
T09849;S005;Midrand;C0495;Member;P0005;Laptop Backpack;Accessories;3;549.99;1649.97;Mobile Pay;2026/04/17;Michael Williams
T09850;S005;Midrand;C0048;Member;P0009;Electric Kettle;Appliances;1;499.99;499.99;Card;2026/05/24;James Botha
T09851;S005;Midrand;C0897;Member;P0020;Table Lamp;Home & Decor;5;699.99;3499.95;Card;2026/05/13;Jessica Naidoo
T09852;S005;Midrand;C1109;Member;P0003;Smart Watch;Electronics;4;1299.99;5199.96;Mobile Pay;2026/04/05;Jessica Naidoo
T09853;S005;Midrand;C2289;Member;P0022;Cookware Set;Kitchen;1;1599.99;1599.99;Card;2026/03/16;Daniel Smith
T09854;S005;Midrand;C2426;Member;P0023;Dinner Plate Set;Kitchen;5;499.99;2499.95;Cash;2026/04/08;James Botha
T09855;S005;Midrand;C2037;Member;P0009;Electric Kettle;Appliances;1;499.99;499.99;Mobile Pay;2026/02/07;Noah Pillay
T09856;S005;Midrand;C0287;Member;P0022;Cookware Set;Kitchen;3;1599.99;4799.97;Bank Transfer;2026/06/09;Liam Jacobs
T09857;S005;Midrand;C1811;Member;P0017;Face Moisturiser;Beauty;3;249.99;749.97;Cash;2026/04/08;Sarah Mokoena
T09858;S005;Midrand;C0276;Member;P0014;Yoga Mat;Sportswear;1;399.99;399.99;Mobile Pay;2026/02/22;Jessica Naidoo
T09859;S005;Midrand;C1371;Guest;P0025;Novel Book;Books;6;199.99;1199.94;Bank Transfer;2026/05/18;Sophie Mthembu
T09860;S005;Midrand;C1902;Guest;P0001;Wireless Headphones;Electronics;5;899.99;4499.95;Mobile Pay;2026/01/01;Liam Jacobs
T09861;S005;Midrand;C0611;Guest;P0004;USB-C Charger;Electronics;2;299.99;599.98;Card;2026/05/06;Olivia Dlamini
T09862;S005;Midrand;C1025;Member;P0012;Hooded Sweatshirt;Clothing;3;599.99;1799.97;Card;2026/05/05;Noah Pillay
T09863;S005;Midrand;C2939;Member;P0003;Smart Watch;Electronics;3;1299.99;3899.97;Cash;2026/05/12;Michael Williams
T09864;S005;Midrand;C1861;Guest;P0017;Face Moisturiser;Beauty;3;249.99;749.97;Cash;2026/03/29;Emma Nkosi
T09865;S005;Midrand;C1877;Member;P0001;Wireless Headphones;Electronics;6;899.99;5399.94;Bank Transfer;2026/05/23;Sarah Mokoena
T09866;S005;Midrand;C0101;Member;P0005;Laptop Backpack;Accessories;1;549.99;549.99;Bank Transfer;2026/01/18;Olivia Dlamini
T09867;S005;Midrand;C1773;Member;P0003;Smart Watch;Electronics;3;1299.99;3899.97;Bank Transfer;2026/05/02;Michael Williams
T09868;S005;Midrand;C2864;Member;P0021;Cushion Set;Home & Decor;5;299.99;1499.95;Mobile Pay;2026/04/13;Liam Jacobs
T09869;S005;Midrand;C2541;Member;P0002;Bluetooth Speaker;Electronics;6;649.99;3899.94;Cash;2026/05/20;Jessica Naidoo
T09870;S005;Midrand;C2856;Guest;P0011;Denim Jeans;Clothing;1;799.99;799.99;Bank Transfer;2026/05/18;Olivia Dlamini
T09871;S005;Midrand;C2569;Member;P0011;Denim Jeans;Clothing;2;799.99;1599.98;Cash;2026/02/16;Olivia Dlamini
T09872;S005;Midrand;C1617;Member;P0006;Coffee Maker;Appliances;2;1299.99;2599.98;Card;2026/05/07;Sarah Mokoena
T09873;S005;Midrand;C0163;Member;P0022;Cookware Set;Kitchen;4;1599.99;6399.96;Mobile Pay;2026/05/17;Liam Jacobs
T09874;S005;Midrand;C1203;Member;P0003;Smart Watch;Electronics;2;1299.99;2599.98;Bank Transfer;2026/01/16;Olivia Dlamini
T09875;S005;Midrand;C1575;Member;P0017;Face Moisturiser;Beauty;4;249.99;999.96;Bank Transfer;2026/04/03;Sarah Mokoena
T09876;S005;Midrand;C2230;Member;P0003;Smart Watch;Electronics;4;1299.99;5199.96;Card;2026/01/18;Liam Jacobs
T09877;S005;Midrand;C1086;Member;P0001;Wireless Headphones;Electronics;1;899.99;899.99;Cash;2026/05/03;Michael Williams
T09878;S005;Midrand;C0939;Member;P0003;Smart Watch;Electronics;5;1299.99;6499.95;Cash;2026/01/27;Sophie Mthembu
T09879;S005;Midrand;C2245;Guest;P0019;Throw Blanket;Home & Decor;6;449.99;2699.94;Card;2026/06/29;Emma Nkosi
T09880;S005;Midrand;C1429;Member;P0024;Storage Container Set;Kitchen;6;349.99;2099.94;Cash;2026/06/16;Olivia Dlamini
T09881;S005;Midrand;C0760;Guest;P0023;Dinner Plate Set;Kitchen;1;499.99;499.99;Card;2026/04/01;Liam Jacobs
T09882;S005;Midrand;C1722;Guest;P0025;Novel Book;Books;3;199.99;599.97;Cash;2026/02/24;Liam Jacobs
T09883;S005;Midrand;C2586;Member;P0006;Coffee Maker;Appliances;1;1299.99;1299.99;Card;2026/03/25;Noah Pillay
T09884;S005;Midrand;C0724;Member;P0021;Cushion Set;Home & Decor;2;299.99;599.98;Card;2026/01/17;Daniel Smith
T09885;S005;Midrand;C2598;Member;P0021;Cushion Set;Home & Decor;2;299.99;599.98;Cash;2026/02/04;Olivia Dlamini
T09886;S005;Midrand;C0882;Guest;P0003;Smart Watch;Electronics;5;1299.99;6499.95;Mobile Pay;2026/03/17;Jessica Naidoo
T09887;S005;Midrand;C1002;Member;P0005;Laptop Backpack;Accessories;5;549.99;2749.95;Cash;2026/04/21;Sarah Mokoena
T09888;S005;Midrand;C0249;Guest;P0015;Sports Bottle;Sportswear;6;199.99;1199.94;Bank Transfer;2026/02/28;Liam Jacobs
T09889;S005;Midrand;C2177;Guest;P0002;Bluetooth Speaker;Electronics;1;649.99;649.99;Cash;2026/04/04;Michael Williams
T09890;S005;Midrand;C0561;Member;P0023;Dinner Plate Set;Kitchen;6;499.99;2999.94;Bank Transfer;2026/05/18;James Botha
T09891;S005;Midrand;C2529;Member;P0017;Face Moisturiser;Beauty;2;249.99;499.98;Bank Transfer;2026/05/16;Liam Jacobs
T09892;S005;Midrand;C0085;Member;P0001;Wireless Headphones;Electronics;2;899.99;1799.98;Mobile Pay;2026/05/14;Liam Jacobs
T09893;S005;Midrand;C2943;Member;P0013;Running Shoes;Sportswear;6;1499.5;8997.0;Mobile Pay;2026/02/07;Emma Nkosi
T09894;S005;Midrand;C0205;Guest;P0007;Air Fryer;Appliances;2;1799.99;3599.98;Card;2026/03/14;Jessica Naidoo
T09895;S005;Midrand;C2061;Guest;P0021;Cushion Set;Home & Decor;4;299.99;1199.96;Card;2026/04/11;Sarah Mokoena
T09896;S005;Midrand;C2223;Member;P0022;Cookware Set;Kitchen;6;1599.99;9599.94;Mobile Pay;2026/01/31;Jessica Naidoo
T09897;S005;Midrand;C2976;Guest;P0022;Cookware Set;Kitchen;3;1599.99;4799.97;Mobile Pay;2026/02/01;Michael Williams
T09898;S005;Midrand;C1505;Member;P0021;Cushion Set;Home & Decor;6;299.99;1799.94;Cash;2026/01/15;Sarah Mokoena
T09899;S005;Midrand;C2273;Member;P0017;Face Moisturiser;Beauty;3;249.99;749.97;Bank Transfer;2026/02/07;Olivia Dlamini
T09900;S005;Midrand;C0833;Member;P0024;Storage Container Set;Kitchen;2;349.99;699.98;Card;2026/04/08;Liam Jacobs
T09901;S005;Midrand;C2692;Member;P0002;Bluetooth Speaker;Electronics;1;649.99;649.99;Cash;2026/06/05;Jessica Naidoo
T09902;S005;Midrand;C0638;Member;P0019;Throw Blanket;Home & Decor;3;449.99;1349.97;Card;2026/04/06;Emma Nkosi
T09903;S005;Midrand;C2793;Guest;P0006;Coffee Maker;Appliances;4;1299.99;5199.96;Cash;2026/04/15;Michael Williams
T09904;S005;Midrand;C1070;Member;P0013;Running Shoes;Sportswear;5;1499.5;7497.5;Bank Transfer;2026/06/28;Olivia Dlamini
T09905;S005;Midrand;C1419;Member;P0012;Hooded Sweatshirt;Clothing;5;599.99;2999.95;Bank Transfer;2026/04/25;Noah Pillay
T09906;S005;Midrand;C0151;Guest;P0019;Throw Blanket;Home & Decor;1;449.99;449.99;Mobile Pay;2026/02/10;Noah Pillay
T09907;S005;Midrand;C2328;Member;P0004;USB-C Charger;Electronics;1;299.99;299.99;Card;2026/03/23;James Botha
T09908;S005;Midrand;C0185;Member;P0003;Smart Watch;Electronics;4;1299.99;5199.96;Cash;2026/05/11;Liam Jacobs
T09909;S005;Midrand;C1011;Member;P0009;Electric Kettle;Appliances;1;499.99;499.99;Mobile Pay;2026/05/31;Olivia Dlamini
T09910;S005;Midrand;C2792;Member;P0001;Wireless Headphones;Electronics;5;899.99;4499.95;Bank Transfer;2026/05/26;Sarah Mokoena
T09911;S005;Midrand;C1865;Guest;P0001;Wireless Headphones;Electronics;5;899.99;4499.95;Card;2026/01/12;Daniel Smith
T09912;S005;Midrand;C1707;Guest;P0020;Table Lamp;Home & Decor;1;699.99;699.99;Bank Transfer;2026/03/24;Jessica Naidoo
T09913;S005;Midrand;C2906;Member;P0019;Throw Blanket;Home & Decor;3;449.99;1349.97;Card;2026/03/14;Liam Jacobs
T09914;S005;Midrand;C2529;Member;P0017;Face Moisturiser;Beauty;4;249.99;999.96;Cash;2026/01/27;Noah Pillay
T09915;S005;Midrand;C2986;Member;P0015;Sports Bottle;Sportswear;4;199.99;799.96;Card;2026/02/01;Noah Pillay
T09916;S005;Midrand;C2063;Member;P0019;Throw Blanket;Home & Decor;6;449.99;2699.94;Card;2026/03/27;Olivia Dlamini
T09917;S005;Midrand;C1331;Guest;P0019;Throw Blanket;Home & Decor;3;449.99;1349.97;Cash;2026/04/14;Sarah Mokoena
T09918;S005;Midrand;C0292;Member;P0024;Storage Container Set;Kitchen;4;349.99;1399.96;Mobile Pay;2026/04/09;Sophie Mthembu
T09919;S005;Midrand;C0817;Member;P0020;Table Lamp;Home & Decor;2;699.99;1399.98;Card;2026/05/24;Noah Pillay
T09920;S005;Midrand;C0842;Member;P0015;Sports Bottle;Sportswear;4;199.99;799.96;Bank Transfer;2026/02/02;Olivia Dlamini
T09921;S005;Midrand;C1875;Guest;P0024;Storage Container Set;Kitchen;2;349.99;699.98;Bank Transfer;2026/02/13;Jessica Naidoo
T09922;S005;Midrand;C2241;Guest;P0024;Storage Container Set;Kitchen;1;349.99;349.99;Bank Transfer;2026/02/01;Jessica Naidoo
T09923;S005;Midrand;C2591;Member;P0017;Face Moisturiser;Beauty;1;249.99;249.99;Cash;2026/01/23;Sophie Mthembu
T09924;S005;Midrand;C1306;Member;P0018;Perfume;Beauty;5;899.99;4499.95;Mobile Pay;2026/04/01;Sarah Mokoena
T09925;S005;Midrand;C0153;Guest;P0020;Table Lamp;Home & Decor;2;699.99;1399.98;Bank Transfer;2026/04/26;Michael Williams
T09926;S005;Midrand;C0176;Guest;P0011;Denim Jeans;Clothing;5;799.99;3999.95;Bank Transfer;2026/01/01;Sarah Mokoena
T09927;S005;Midrand;C0222;Guest;P0021;Cushion Set;Home & Decor;6;299.99;1799.94;Bank Transfer;2026/05/04;Olivia Dlamini
T09928;S005;Midrand;C2147;Member;P0014;Yoga Mat;Sportswear;6;399.99;2399.94;Bank Transfer;2026/04/05;James Botha
T09929;S005;Midrand;C2881;Guest;P0016;Skincare Set;Beauty;5;599.99;2999.95;Bank Transfer;2026/06/30;Sophie Mthembu
T09930;S005;Midrand;C2488;Member;P0024;Storage Container Set;Kitchen;4;349.99;1399.96;Card;2026/02/28;Daniel Smith
T09931;S005;Midrand;C1415;Member;P0001;Wireless Headphones;Electronics;2;899.99;1799.98;Mobile Pay;2026/04/06;Emma Nkosi
T09932;S005;Midrand;C0507;Member;P0018;Perfume;Beauty;3;899.99;2699.97;Card;2026/03/22;Jessica Naidoo
T09933;S005;Midrand;C2272;Guest;P0002;Bluetooth Speaker;Electronics;1;649.99;649.99;Bank Transfer;2026/01/09;Noah Pillay
T09934;S005;Midrand;C2493;Guest;P0025;Novel Book;Books;5;199.99;999.95;Cash;2026/05/18;Sophie Mthembu
T09935;S005;Midrand;C1118;Member;P0005;Laptop Backpack;Accessories;2;549.99;1099.98;Card;2026/03/19;Emma Nkosi
T09936;S005;Midrand;C0626;Member;P0025;Novel Book;Books;5;199.99;999.95;Card;2026/05/29;Sophie Mthembu
T09937;S005;Midrand;C2948;Member;P0011;Denim Jeans;Clothing;6;799.99;4799.94;Card;2026/03/09;Michael Williams
T09938;S005;Midrand;C0689;Member;P0023;Dinner Plate Set;Kitchen;6;499.99;2999.94;Bank Transfer;2026/01/05;Jessica Naidoo
T09939;S005;Midrand;C0304;Member;P0003;Smart Watch;Electronics;1;1299.99;1299.99;Cash;2026/05/11;Sophie Mthembu
T09940;S005;Midrand;C1748;Member;P0002;Bluetooth Speaker;Electronics;1;649.99;649.99;Cash;2026/05/07;Michael Williams
T09941;S005;Midrand;C2933;Member;P0006;Coffee Maker;Appliances;3;1299.99;3899.97;Bank Transfer;2026/03/07;Liam Jacobs
T09942;S005;Midrand;C1004;Guest;P0001;Wireless Headphones;Electronics;1;899.99;899.99;Mobile Pay;2026/05/04;Olivia Dlamini
T09943;S005;Midrand;C2190;Guest;P0020;Table Lamp;Home & Decor;4;699.99;2799.96;Bank Transfer;2026/03/15;Noah Pillay
T09944;S005;Midrand;C2745;Member;P0004;USB-C Charger;Electronics;3;299.99;899.97;Bank Transfer;2026/04/26;Michael Williams
T09945;S005;Midrand;C2616;Member;P0018;Perfume;Beauty;6;899.99;5399.94;Cash;2026/05/28;Emma Nkosi
T09946;S005;Midrand;C1240;Member;P0019;Throw Blanket;Home & Decor;3;449.99;1349.97;Bank Transfer;2026/02/05;Olivia Dlamini
T09947;S005;Midrand;C0405;Member;P0005;Laptop Backpack;Accessories;3;549.99;1649.97;Cash;2026/05/21;James Botha
T09948;S005;Midrand;C2902;Member;P0005;Laptop Backpack;Accessories;5;549.99;2749.95;Cash;2026/04/25;Liam Jacobs
T09949;S005;Midrand;C1946;Guest;P0019;Throw Blanket;Home & Decor;4;449.99;1799.96;Card;2026/05/02;Emma Nkosi
T09950;S005;Midrand;C1943;Member;P0007;Air Fryer;Appliances;1;1799.99;1799.99;Card;2026/03/29;Noah Pillay
T09951;S005;Midrand;C0867;Member;P0024;Storage Container Set;Kitchen;4;349.99;1399.96;Cash;2026/05/05;Sarah Mokoena
T09952;S005;Midrand;C1712;Member;P0016;Skincare Set;Beauty;3;599.99;1799.97;Cash;2026/05/03;Sophie Mthembu
T09953;S005;Midrand;C1753;Guest;P0014;Yoga Mat;Sportswear;4;399.99;1599.96;Bank Transfer;2026/02/09;Noah Pillay
T09954;S005;Midrand;C2077;Guest;P0018;Perfume;Beauty;6;899.99;5399.94;Bank Transfer;2026/02/15;Olivia Dlamini
T09955;S005;Midrand;C2717;Member;P0012;Hooded Sweatshirt;Clothing;2;599.99;1199.98;Card;2026/05/27;Michael Williams
T09956;S005;Midrand;C0325;Guest;P0013;Running Shoes;Sportswear;3;1499.5;4498.5;Card;2026/02/18;Michael Williams
T09957;S005;Midrand;C0316;Member;P0024;Storage Container Set;Kitchen;3;349.99;1049.97;Cash;2026/03/13;Noah Pillay
T09958;S005;Midrand;C1142;Guest;P0004;USB-C Charger;Electronics;3;299.99;899.97;Mobile Pay;2026/05/20;Michael Williams
T09959;S005;Midrand;C0893;Member;P0017;Face Moisturiser;Beauty;2;249.99;499.98;Card;2026/06/10;Sophie Mthembu
T09960;S005;Midrand;C2508;Member;P0010;Cotton T-Shirt;Clothing;3;249.99;749.97;Cash;2026/02/27;James Botha
T09961;S005;Midrand;C1851;Member;P0011;Denim Jeans;Clothing;4;799.99;3199.96;Card;2026/04/23;Olivia Dlamini
T09962;S005;Midrand;C2811;Member;P0015;Sports Bottle;Sportswear;5;199.99;999.95;Bank Transfer;2026/03/07;Daniel Smith
T09963;S005;Midrand;C0357;Member;P0020;Table Lamp;Home & Decor;2;699.99;1399.98;Mobile Pay;2026/05/04;Emma Nkosi
T09964;S005;Midrand;C0355;Member;P0003;Smart Watch;Electronics;1;1299.99;1299.99;Mobile Pay;2026/02/06;Emma Nkosi
T09965;S005;Midrand;C2177;Member;P0013;Running Shoes;Sportswear;6;1499.5;8997.0;Card;2026/03/28;Noah Pillay
T09966;S005;Midrand;C2201;Guest;P0010;Cotton T-Shirt;Clothing;4;249.99;999.96;Bank Transfer;2026/05/10;James Botha
T09967;S005;Midrand;C0005;Guest;P0014;Yoga Mat;Sportswear;6;399.99;2399.94;Card;2026/06/18;Michael Williams
T09968;S005;Midrand;C0499;Guest;P0025;Novel Book;Books;4;199.99;799.96;Card;2026/06/17;Jessica Naidoo
T09969;S005;Midrand;C0015;Member;P0011;Denim Jeans;Clothing;1;799.99;799.99;Card;2026/02/01;Noah Pillay
T09970;S005;Midrand;C2956;Member;P0025;Novel Book;Books;3;199.99;599.97;Mobile Pay;2026/01/14;Sarah Mokoena
T09971;S005;Midrand;C2650;Member;P0002;Bluetooth Speaker;Electronics;4;649.99;2599.96;Bank Transfer;2026/05/01;Jessica Naidoo
T09972;S005;Midrand;C1744;Member;P0012;Hooded Sweatshirt;Clothing;4;599.99;2399.96;Cash;2026/03/29;Sophie Mthembu
T09973;S005;Midrand;C2287;Guest;P0019;Throw Blanket;Home & Decor;6;449.99;2699.94;Card;2026/03/22;Sophie Mthembu
T09974;S005;Midrand;C0033;Member;P0016;Skincare Set;Beauty;5;599.99;2999.95;Card;2026/06/08;Jessica Naidoo
T09975;S005;Midrand;C2404;Member;P0015;Sports Bottle;Sportswear;1;199.99;199.99;Cash;2026/04/16;Olivia Dlamini
T09976;S005;Midrand;C1007;Guest;P0025;Novel Book;Books;6;199.99;1199.94;Cash;2026/04/09;Sarah Mokoena
T09977;S005;Midrand;C1228;Guest;P0008;Blender;Appliances;2;899.99;1799.98;Card;2026/01/06;Olivia Dlamini
T09978;S005;Midrand;C2369;Guest;P0017;Face Moisturiser;Beauty;2;249.99;499.98;Bank Transfer;2026/02/06;Jessica Naidoo
T09979;S005;Midrand;C2437;Guest;P0018;Perfume;Beauty;3;899.99;2699.97;Bank Transfer;2026/06/10;Sarah Mokoena
T09980;S005;Midrand;C2555;Member;P0009;Electric Kettle;Appliances;1;499.99;499.99;Cash;2026/05/23;Michael Williams
T09981;S005;Midrand;C2597;Guest;P0024;Storage Container Set;Kitchen;2;349.99;699.98;Bank Transfer;2026/01/16;James Botha
T09982;S005;Midrand;C1945;Member;P0008;Blender;Appliances;5;899.99;4499.95;Cash;2026/06/14;Michael Williams
T09983;S005;Midrand;C0741;Member;P0020;Table Lamp;Home & Decor;2;699.99;1399.98;Mobile Pay;2026/04/30;Michael Williams
T09984;S005;Midrand;C1750;Guest;P0021;Cushion Set;Home & Decor;4;299.99;1199.96;Bank Transfer;2026/03/10;Liam Jacobs
T09985;S005;Midrand;C2112;Member;P0002;Bluetooth Speaker;Electronics;6;649.99;3899.94;Bank Transfer;2026/03/04;Emma Nkosi
T09986;S005;Midrand;C1455;Member;P0003;Smart Watch;Electronics;6;1299.99;7799.94;Card;2026/03/18;Daniel Smith
T09987;S005;Midrand;C2840;Member;P0020;Table Lamp;Home & Decor;6;699.99;4199.94;Bank Transfer;2026/03/02;James Botha
T09988;S005;Midrand;C1397;Guest;P0002;Bluetooth Speaker;Electronics;6;649.99;3899.94;Cash;2026/02/25;James Botha
T09989;S005;Midrand;C1405;Member;P0003;Smart Watch;Electronics;2;1299.99;2599.98;Card;2026/04/25;Michael Williams
T09990;S005;Midrand;C1262;Member;P0023;Dinner Plate Set;Kitchen;5;499.99;2499.95;Cash;2026/03/25;Jessica Naidoo
T09991;S005;Midrand;C1400;Guest;P0025;Novel Book;Books;2;199.99;399.98;Cash;2026/01/09;Liam Jacobs
T09992;S005;Midrand;C1168;Member;P0010;Cotton T-Shirt;Clothing;2;249.99;499.98;Card;2026/02/09;Daniel Smith
T09993;S005;Midrand;C0927;Member;P0019;Throw Blanket;Home & Decor;5;449.99;2249.95;Cash;2026/05/27;James Botha
T09994;S005;Midrand;C0762;Member;P0015;Sports Bottle;Sportswear;1;199.99;199.99;Card;2026/05/05;Sophie Mthembu
T09995;S005;Midrand;C1108;Member;P0019;Throw Blanket;Home & Decor;4;449.99;1799.96;Cash;2026/05/12;Liam Jacobs
T09996;S005;Midrand;C1923;Member;P0001;Wireless Headphones;Electronics;3;899.99;2699.97;Mobile Pay;2026/05/09;Daniel Smith
T09997;S005;Midrand;C2683;Guest;P0016;Skincare Set;Beauty;6;599.99;3599.94;Bank Transfer;2026/05/29;Jessica Naidoo
T09998;S005;Midrand;C2304;Member;P0024;Storage Container Set;Kitchen;1;349.99;349.99;Card;2026/03/17;Noah Pillay
T09999;S005;Midrand;C0945;Member;P0010;Cotton T-Shirt;Clothing;4;249.99;999.96;Card;2026/02/23;Olivia Dlamini
T10000;S005;Midrand;C1912;Member;P0008;Blender;Appliances;2;899.99;1799.98;Bank Transfer;2026/05/25;Sarah Mokoena
