TransactionID;StoreID;StoreLocation;CustomerID;CustomerType;ProductID;ProductName;Category;Quantity;UnitPrice;TotalAmount;PaymentMethod;SalesDate;Salesperson
T02001;S002;Rivonia;C1175;Member;P0011;Denim Jeans;Clothing;3;799.99;2399.97;Card;2026/06/15;Olivia Dlamini
T02002;S002;Rivonia;C1945;Member;P0023;Dinner Plate Set;Kitchen;5;499.99;2499.95;Mobile Pay;2026/06/28;Liam Jacobs
T02003;S002;Rivonia;C0215;Guest;P0011;Denim Jeans;Clothing;2;799.99;1599.98;Bank Transfer;2026/01/17;Daniel Smith
T02004;S002;Rivonia;C0392;Member;P0008;Blender;Appliances;2;899.99;1799.98;Card;2026/04/16;James Botha
T02005;S002;Rivonia;C2383;Member;P0016;Skincare Set;Beauty;4;599.99;2399.96;Cash;2026/05/18;Daniel Smith
T02006;S002;Rivonia;C1805;Guest;P0015;Sports Bottle;Sportswear;5;199.99;999.95;Cash;2026/02/03;Emma Nkosi
T02007;S002;Rivonia;C0707;Member;P0025;Novel Book;Books;6;199.99;1199.94;Bank Transfer;2026/04/15;Emma Nkosi
T02008;S002;Rivonia;C1050;Member;P0014;Yoga Mat;Sportswear;3;399.99;1199.97;Bank Transfer;2026/05/25;Daniel Smith
T02009;S002;Rivonia;C0101;Member;P0005;Laptop Backpack;Accessories;2;549.99;1099.98;Card;2026/03/24;James Botha
T02010;S002;Rivonia;C2101;Guest;P0020;Table Lamp;Home & Decor;2;699.99;1399.98;Card;2026/02/10;Emma Nkosi
T02011;S002;Rivonia;C0607;Guest;P0012;Hooded Sweatshirt;Clothing;1;599.99;599.99;Bank Transfer;2026/04/19;Emma Nkosi
T02012;S002;Rivonia;C2992;Member;P0021;Cushion Set;Home & Decor;1;299.99;299.99;Bank Transfer;2026/03/29;James Botha
T02013;S002;Rivonia;C0138;Member;P0004;USB-C Charger;Electronics;5;299.99;1499.95;Bank Transfer;2026/01/20;Sophie Mthembu
T02014;S002;Rivonia;C2347;Guest;P0007;Air Fryer;Appliances;2;1799.99;3599.98;Mobile Pay;2026/05/09;Sophie Mthembu
T02015;S002;Rivonia;C1480;Member;P0005;Laptop Backpack;Accessories;3;549.99;1649.97;Card;2026/01/19;Daniel Smith
T02016;S002;Rivonia;C1796;Guest;P0024;Storage Container Set;Kitchen;3;349.99;1049.97;Mobile Pay;2026/01/05;James Botha
T02017;S002;Rivonia;C1773;Member;P0009;Electric Kettle;Appliances;6;499.99;2999.94;Bank Transfer;2026/06/08;Liam Jacobs
T02018;S002;Rivonia;C1712;Guest;P0003;Smart Watch;Electronics;2;1299.99;2599.98;Mobile Pay;2026/03/18;Sophie Mthembu
T02019;S002;Rivonia;C2137;Guest;P0025;Novel Book;Books;5;199.99;999.95;Cash;2026/06/22;Noah Pillay
T02020;S002;Rivonia;C1327;Member;P0001;Wireless Headphones;Electronics;1;899.99;899.99;Cash;2026/03/15;Jessica Naidoo
T02021;S002;Rivonia;C1001;Member;P0001;Wireless Headphones;Electronics;3;899.99;2699.97;Bank Transfer;2026/02/20;Sarah Mokoena
T02022;S002;Rivonia;C0369;Guest;P0009;Electric Kettle;Appliances;6;499.99;2999.94;Card;2026/04/06;Noah Pillay
T02023;S002;Rivonia;C2614;Member;P0024;Storage Container Set;Kitchen;6;349.99;2099.94;Bank Transfer;2026/06/01;Liam Jacobs
T02024;S002;Rivonia;C0984;Guest;P0006;Coffee Maker;Appliances;3;1299.99;3899.97;Card;2026/03/24;Sarah Mokoena
T02025;S002;Rivonia;C2696;Member;P0014;Yoga Mat;Sportswear;6;399.99;2399.94;Bank Transfer;2026/06/13;Olivia Dlamini
T02026;S002;Rivonia;C2332;Member;P0016;Skincare Set;Beauty;5;599.99;2999.95;Mobile Pay;2026/05/14;Michael Williams
T02027;S002;Rivonia;C2285;Guest;P0007;Air Fryer;Appliances;4;1799.99;7199.96;Cash;2026/01/03;Sophie Mthembu
T02028;S002;Rivonia;C0209;Member;P0006;Coffee Maker;Appliances;5;1299.99;6499.95;Bank Transfer;2026/02/18;Noah Pillay
T02029;S002;Rivonia;C0778;Member;P0009;Electric Kettle;Appliances;3;499.99;1499.97;Bank Transfer;2026/06/02;Emma Nkosi
T02030;S002;Rivonia;C0498;Member;P0006;Coffee Maker;Appliances;5;1299.99;6499.95;Bank Transfer;2026/01/04;Noah Pillay
T02031;S002;Rivonia;C1509;Member;P0008;Blender;Appliances;6;899.99;5399.94;Card;2026/05/27;Liam Jacobs
T02032;S002;Rivonia;C0097;Member;P0024;Storage Container Set;Kitchen;1;349.99;349.99;Mobile Pay;2026/01/15;Michael Williams
T02033;S002;Rivonia;C0182;Member;P0005;Laptop Backpack;Accessories;1;549.99;549.99;Cash;2026/02/17;Noah Pillay
T02034;S002;Rivonia;C0578;Member;P0011;Denim Jeans;Clothing;1;799.99;799.99;Cash;2026/01/20;Jessica Naidoo
T02035;S002;Rivonia;C0409;Guest;P0005;Laptop Backpack;Accessories;4;549.99;2199.96;Bank Transfer;2026/04/17;Liam Jacobs
T02036;S002;Rivonia;C0718;Member;P0012;Hooded Sweatshirt;Clothing;4;599.99;2399.96;Card;2026/05/19;Liam Jacobs
T02037;S002;Rivonia;C1205;Member;P0017;Face Moisturiser;Beauty;6;249.99;1499.94;Mobile Pay;2026/04/02;Liam Jacobs
T02038;S002;Rivonia;C0657;Guest;P0009;Electric Kettle;Appliances;6;499.99;2999.94;Card;2026/01/21;Liam Jacobs
T02039;S002;Rivonia;C1111;Member;P0011;Denim Jeans;Clothing;6;799.99;4799.94;Bank Transfer;2026/03/10;Jessica Naidoo
T02040;S002;Rivonia;C1151;Member;P0010;Cotton T-Shirt;Clothing;4;249.99;999.96;Bank Transfer;2026/04/27;James Botha
T02041;S002;Rivonia;C1166;Guest;P0014;Yoga Mat;Sportswear;1;399.99;399.99;Bank Transfer;2026/03/07;Noah Pillay
T02042;S002;Rivonia;C2789;Member;P0021;Cushion Set;Home & Decor;3;299.99;899.97;Cash;2026/04/28;Sophie Mthembu
T02043;S002;Rivonia;C1825;Guest;P0001;Wireless Headphones;Electronics;5;899.99;4499.95;Card;2026/04/28;Michael Williams
T02044;S002;Rivonia;C2709;Member;P0013;Running Shoes;Sportswear;1;1499.5;1499.5;Cash;2026/02/28;Emma Nkosi
T02045;S002;Rivonia;C0760;Guest;P0024;Storage Container Set;Kitchen;6;349.99;2099.94;Bank Transfer;2026/06/13;James Botha
T02046;S002;Rivonia;C2445;Guest;P0008;Blender;Appliances;2;899.99;1799.98;Card;2026/04/14;Daniel Smith
T02047;S002;Rivonia;C2643;Member;P0002;Bluetooth Speaker;Electronics;6;649.99;3899.94;Bank Transfer;2026/05/27;Jessica Naidoo
T02048;S002;Rivonia;C1900;Guest;P0006;Coffee Maker;Appliances;1;1299.99;1299.99;Bank Transfer;2026/01/28;Noah Pillay
T02049;S002;Rivonia;C0044;Member;P0025;Novel Book;Books;6;199.99;1199.94;Cash;2026/03/03;Olivia Dlamini
T02050;S002;Rivonia;C2497;Guest;P0019;Throw Blanket;Home & Decor;2;449.99;899.98;Cash;2026/04/18;Sarah Mokoena
T02051;S002;Rivonia;C1165;Member;P0011;Denim Jeans;Clothing;4;799.99;3199.96;Cash;2026/01/15;Michael Williams
T02052;S002;Rivonia;C0654;Guest;P0001;Wireless Headphones;Electronics;5;899.99;4499.95;Mobile Pay;2026/06/04;James Botha
T02053;S002;Rivonia;C1397;Member;P0002;Bluetooth Speaker;Electronics;2;649.99;1299.98;Cash;2026/01/04;Sophie Mthembu
T02054;S002;Rivonia;C1979;Guest;P0010;Cotton T-Shirt;Clothing;6;249.99;1499.94;Card;2026/04/07;Liam Jacobs
T02055;S002;Rivonia;C2984;Guest;P0013;Running Shoes;Sportswear;6;1499.5;8997.0;Mobile Pay;2026/02/02;Sarah Mokoena
T02056;S002;Rivonia;C0477;Guest;P0011;Denim Jeans;Clothing;2;799.99;1599.98;Bank Transfer;2026/06/11;Liam Jacobs
T02057;S002;Rivonia;C1576;Guest;P0008;Blender;Appliances;5;899.99;4499.95;Bank Transfer;2026/01/19;Liam Jacobs
T02058;S002;Rivonia;C1199;Member;P0024;Storage Container Set;Kitchen;1;349.99;349.99;Bank Transfer;2026/01/17;Olivia Dlamini
T02059;S002;Rivonia;C2542;Member;P0007;Air Fryer;Appliances;6;1799.99;10799.94;Card;2026/02/07;Noah Pillay
T02060;S002;Rivonia;C0430;Guest;P0004;USB-C Charger;Electronics;4;299.99;1199.96;Bank Transfer;2026/03/21;James Botha
T02061;S002;Rivonia;C0790;Member;P0015;Sports Bottle;Sportswear;3;199.99;599.97;Bank Transfer;2026/03/13;Emma Nkosi
T02062;S002;Rivonia;C0683;Guest;P0018;Perfume;Beauty;1;899.99;899.99;Bank Transfer;2026/02/11;Sarah Mokoena
T02063;S002;Rivonia;C2128;Guest;P0024;Storage Container Set;Kitchen;6;349.99;2099.94;Bank Transfer;2026/02/14;Liam Jacobs
T02064;S002;Rivonia;C2115;Member;P0002;Bluetooth Speaker;Electronics;5;649.99;3249.95;Cash;2026/06/21;Noah Pillay
T02065;S002;Rivonia;C1611;Member;P0022;Cookware Set;Kitchen;1;1599.99;1599.99;Card;2026/05/20;Emma Nkosi
T02066;S002;Rivonia;C0621;Member;P0018;Perfume;Beauty;4;899.99;3599.96;Card;2026/03/03;Jessica Naidoo
T02067;S002;Rivonia;C0612;Guest;P0002;Bluetooth Speaker;Electronics;2;649.99;1299.98;Card;2026/02/22;Michael Williams
T02068;S002;Rivonia;C2405;Member;P0009;Electric Kettle;Appliances;6;499.99;2999.94;Card;2026/05/02;Olivia Dlamini
T02069;S002;Rivonia;C2421;Member;P0001;Wireless Headphones;Electronics;6;899.99;5399.94;Mobile Pay;2026/01/18;James Botha
T02070;S002;Rivonia;C2807;Guest;P0013;Running Shoes;Sportswear;5;1499.5;7497.5;Card;2026/02/26;Sophie Mthembu
T02071;S002;Rivonia;C0998;Guest;P0011;Denim Jeans;Clothing;2;799.99;1599.98;Mobile Pay;2026/06/06;Emma Nkosi
T02072;S002;Rivonia;C0955;Member;P0021;Cushion Set;Home & Decor;3;299.99;899.97;Cash;2026/02/17;Noah Pillay
T02073;S002;Rivonia;C1607;Member;P0020;Table Lamp;Home & Decor;1;699.99;699.99;Bank Transfer;2026/06/10;Michael Williams
T02074;S002;Rivonia;C1219;Guest;P0021;Cushion Set;Home & Decor;3;299.99;899.97;Bank Transfer;2026/03/26;James Botha
T02075;S002;Rivonia;C2016;Guest;P0017;Face Moisturiser;Beauty;3;249.99;749.97;Bank Transfer;2026/03/11;Olivia Dlamini
T02076;S002;Rivonia;C1573;Member;P0003;Smart Watch;Electronics;1;1299.99;1299.99;Cash;2026/01/25;Sarah Mokoena
T02077;S002;Rivonia;C0771;Member;P0016;Skincare Set;Beauty;5;599.99;2999.95;Bank Transfer;2026/05/31;Michael Williams
T02078;S002;Rivonia;C0241;Guest;P0004;USB-C Charger;Electronics;4;299.99;1199.96;Mobile Pay;2026/05/10;Emma Nkosi
T02079;S002;Rivonia;C2346;Member;P0009;Electric Kettle;Appliances;6;499.99;2999.94;Cash;2026/06/30;Daniel Smith
T02080;S002;Rivonia;C1707;Member;P0001;Wireless Headphones;Electronics;4;899.99;3599.96;Card;2026/02/03;Liam Jacobs
T02081;S002;Rivonia;C2352;Member;P0020;Table Lamp;Home & Decor;6;699.99;4199.94;Card;2026/03/03;Sophie Mthembu
T02082;S002;Rivonia;C0337;Member;P0020;Table Lamp;Home & Decor;3;699.99;2099.97;Mobile Pay;2026/02/14;Daniel Smith
T02083;S002;Rivonia;C0160;Member;P0009;Electric Kettle;Appliances;6;499.99;2999.94;Card;2026/01/10;Olivia Dlamini
T02084;S002;Rivonia;C0244;Member;P0006;Coffee Maker;Appliances;5;1299.99;6499.95;Mobile Pay;2026/05/06;Olivia Dlamini
T02085;S002;Rivonia;C2667;Member;P0012;Hooded Sweatshirt;Clothing;5;599.99;2999.95;Cash;2026/02/08;Sophie Mthembu
T02086;S002;Rivonia;C2027;Member;P0002;Bluetooth Speaker;Electronics;4;649.99;2599.96;Bank Transfer;2026/03/23;Daniel Smith
T02087;S002;Rivonia;C2185;Guest;P0006;Coffee Maker;Appliances;2;1299.99;2599.98;Bank Transfer;2026/03/01;Emma Nkosi
T02088;S002;Rivonia;C2391;Member;P0018;Perfume;Beauty;1;899.99;899.99;Mobile Pay;2026/03/31;Sophie Mthembu
T02089;S002;Rivonia;C2740;Member;P0025;Novel Book;Books;3;199.99;599.97;Card;2026/01/18;Emma Nkosi
T02090;S002;Rivonia;C2745;Guest;P0015;Sports Bottle;Sportswear;5;199.99;999.95;Card;2026/01/06;Emma Nkosi
T02091;S002;Rivonia;C2587;Guest;P0006;Coffee Maker;Appliances;5;1299.99;6499.95;Card;2026/06/18;Liam Jacobs
T02092;S002;Rivonia;C2467;Guest;P0012;Hooded Sweatshirt;Clothing;5;599.99;2999.95;Card;2026/03/06;Emma Nkosi
T02093;S002;Rivonia;C1053;Guest;P0019;Throw Blanket;Home & Decor;2;449.99;899.98;Mobile Pay;2026/01/23;Michael Williams
T02094;S002;Rivonia;C0697;Member;P0013;Running Shoes;Sportswear;2;1499.5;2999.0;Card;2026/06/19;Liam Jacobs
T02095;S002;Rivonia;C0357;Member;P0021;Cushion Set;Home & Decor;4;299.99;1199.96;Bank Transfer;2026/02/27;Sophie Mthembu
T02096;S002;Rivonia;C1031;Member;P0009;Electric Kettle;Appliances;6;499.99;2999.94;Bank Transfer;2026/03/16;James Botha
T02097;S002;Rivonia;C0454;Member;P0021;Cushion Set;Home & Decor;4;299.99;1199.96;Card;2026/05/26;Sarah Mokoena
T02098;S002;Rivonia;C2470;Member;P0001;Wireless Headphones;Electronics;6;899.99;5399.94;Cash;2026/05/08;Michael Williams
T02099;S002;Rivonia;C2246;Member;P0004;USB-C Charger;Electronics;1;299.99;299.99;Bank Transfer;2026/06/23;Michael Williams
T02100;S002;Rivonia;C2007;Guest;P0023;Dinner Plate Set;Kitchen;5;499.99;2499.95;Mobile Pay;2026/02/11;Jessica Naidoo
T02101;S002;Rivonia;C2299;Member;P0018;Perfume;Beauty;5;899.99;4499.95;Card;2026/06/07;Sophie Mthembu
T02102;S002;Rivonia;C2196;Guest;P0014;Yoga Mat;Sportswear;4;399.99;1599.96;Mobile Pay;2026/03/19;Sarah Mokoena
T02103;S002;Rivonia;C1311;Guest;P0008;Blender;Appliances;3;899.99;2699.97;Mobile Pay;2026/03/04;Noah Pillay
T02104;S002;Rivonia;C2089;Guest;P0003;Smart Watch;Electronics;4;1299.99;5199.96;Card;2026/03/08;Daniel Smith
T02105;S002;Rivonia;C2971;Guest;P0012;Hooded Sweatshirt;Clothing;5;599.99;2999.95;Mobile Pay;2026/02/27;James Botha
T02106;S002;Rivonia;C2545;Guest;P0010;Cotton T-Shirt;Clothing;6;249.99;1499.94;Card;2026/05/12;James Botha
T02107;S002;Rivonia;C1078;Guest;P0025;Novel Book;Books;6;199.99;1199.94;Mobile Pay;2026/01/19;Noah Pillay
T02108;S002;Rivonia;C1352;Guest;P0019;Throw Blanket;Home & Decor;5;449.99;2249.95;Card;2026/03/10;Olivia Dlamini
T02109;S002;Rivonia;C0897;Guest;P0014;Yoga Mat;Sportswear;4;399.99;1599.96;Bank Transfer;2026/02/04;James Botha
T02110;S002;Rivonia;C2468;Guest;P0009;Electric Kettle;Appliances;2;499.99;999.98;Mobile Pay;2026/01/13;Jessica Naidoo
T02111;S002;Rivonia;C0871;Member;P0022;Cookware Set;Kitchen;2;1599.99;3199.98;Mobile Pay;2026/05/16;Sarah Mokoena
T02112;S002;Rivonia;C0500;Member;P0016;Skincare Set;Beauty;2;599.99;1199.98;Cash;2026/06/14;Sophie Mthembu
T02113;S002;Rivonia;C2205;Guest;P0011;Denim Jeans;Clothing;1;799.99;799.99;Mobile Pay;2026/02/25;Daniel Smith
T02114;S002;Rivonia;C0633;Guest;P0002;Bluetooth Speaker;Electronics;6;649.99;3899.94;Bank Transfer;2026/06/25;Jessica Naidoo
T02115;S002;Rivonia;C1018;Member;P0007;Air Fryer;Appliances;1;1799.99;1799.99;Cash;2026/06/27;Liam Jacobs
T02116;S002;Rivonia;C0894;Member;P0003;Smart Watch;Electronics;1;1299.99;1299.99;Bank Transfer;2026/02/11;Michael Williams
T02117;S002;Rivonia;C1942;Member;P0021;Cushion Set;Home & Decor;2;299.99;599.98;Cash;2026/05/19;Olivia Dlamini
T02118;S002;Rivonia;C2623;Member;P0022;Cookware Set;Kitchen;3;1599.99;4799.97;Bank Transfer;2026/03/23;Daniel Smith
T02119;S002;Rivonia;C0447;Member;P0009;Electric Kettle;Appliances;3;499.99;1499.97;Cash;2026/01/26;Michael Williams
T02120;S002;Rivonia;C0627;Member;P0001;Wireless Headphones;Electronics;3;899.99;2699.97;Bank Transfer;2026/01/06;Noah Pillay
T02121;S002;Rivonia;C1769;Guest;P0006;Coffee Maker;Appliances;4;1299.99;5199.96;Bank Transfer;2026/02/22;Liam Jacobs
T02122;S002;Rivonia;C2162;Member;P0003;Smart Watch;Electronics;3;1299.99;3899.97;Cash;2026/02/26;Sophie Mthembu
T02123;S002;Rivonia;C1353;Member;P0004;USB-C Charger;Electronics;2;299.99;599.98;Bank Transfer;2026/01/11;Noah Pillay
T02124;S002;Rivonia;C2055;Member;P0022;Cookware Set;Kitchen;1;1599.99;1599.99;Mobile Pay;2026/06/08;Olivia Dlamini
T02125;S002;Rivonia;C2955;Guest;P0006;Coffee Maker;Appliances;5;1299.99;6499.95;Card;2026/02/11;Michael Williams
T02126;S002;Rivonia;C1836;Member;P0015;Sports Bottle;Sportswear;1;199.99;199.99;Mobile Pay;2026/01/26;Jessica Naidoo
T02127;S002;Rivonia;C0449;Member;P0020;Table Lamp;Home & Decor;2;699.99;1399.98;Mobile Pay;2026/02/10;Sophie Mthembu
T02128;S002;Rivonia;C0687;Member;P0018;Perfume;Beauty;6;899.99;5399.94;Mobile Pay;2026/06/20;Liam Jacobs
T02129;S002;Rivonia;C2132;Member;P0002;Bluetooth Speaker;Electronics;2;649.99;1299.98;Mobile Pay;2026/02/06;Olivia Dlamini
T02130;S002;Rivonia;C1673;Member;P0019;Throw Blanket;Home & Decor;3;449.99;1349.97;Card;2026/02/23;Noah Pillay
T02131;S002;Rivonia;C0012;Member;P0016;Skincare Set;Beauty;3;599.99;1799.97;Card;2026/02/07;Daniel Smith
T02132;S002;Rivonia;C2305;Member;P0015;Sports Bottle;Sportswear;3;199.99;599.97;Bank Transfer;2026/06/27;Michael Williams
T02133;S002;Rivonia;C1875;Member;P0001;Wireless Headphones;Electronics;1;899.99;899.99;Card;2026/05/16;Noah Pillay
T02134;S002;Rivonia;C0328;Member;P0007;Air Fryer;Appliances;2;1799.99;3599.98;Card;2026/04/29;Olivia Dlamini
T02135;S002;Rivonia;C2393;Guest;P0010;Cotton T-Shirt;Clothing;1;249.99;249.99;Bank Transfer;2026/05/05;Olivia Dlamini
T02136;S002;Rivonia;C2241;Member;P0006;Coffee Maker;Appliances;1;1299.99;1299.99;Card;2026/06/26;Emma Nkosi
T02137;S002;Rivonia;C1781;Guest;P0004;USB-C Charger;Electronics;5;299.99;1499.95;Cash;2026/05/22;Michael Williams
T02138;S002;Rivonia;C0186;Guest;P0003;Smart Watch;Electronics;3;1299.99;3899.97;Mobile Pay;2026/03/04;Emma Nkosi
T02139;S002;Rivonia;C1190;Guest;P0019;Throw Blanket;Home & Decor;3;449.99;1349.97;Bank Transfer;2026/01/17;Jessica Naidoo
T02140;S002;Rivonia;C1852;Member;P0011;Denim Jeans;Clothing;6;799.99;4799.94;Bank Transfer;2026/03/18;Emma Nkosi
T02141;S002;Rivonia;C0622;Guest;P0011;Denim Jeans;Clothing;4;799.99;3199.96;Card;2026/02/16;James Botha
T02142;S002;Rivonia;C2789;Guest;P0002;Bluetooth Speaker;Electronics;2;649.99;1299.98;Cash;2026/02/11;Michael Williams
T02143;S002;Rivonia;C1231;Member;P0021;Cushion Set;Home & Decor;2;299.99;599.98;Card;2026/05/02;Sophie Mthembu
T02144;S002;Rivonia;C2834;Member;P0014;Yoga Mat;Sportswear;6;399.99;2399.94;Bank Transfer;2026/02/23;Daniel Smith
T02145;S002;Rivonia;C0939;Guest;P0024;Storage Container Set;Kitchen;2;349.99;699.98;Bank Transfer;2026/01/06;Emma Nkosi
T02146;S002;Rivonia;C1814;Member;P0017;Face Moisturiser;Beauty;5;249.99;1249.95;Mobile Pay;2026/06/14;Michael Williams
T02147;S002;Rivonia;C0675;Member;P0025;Novel Book;Books;4;199.99;799.96;Mobile Pay;2026/06/30;Emma Nkosi
T02148;S002;Rivonia;C2000;Guest;P0001;Wireless Headphones;Electronics;2;899.99;1799.98;Bank Transfer;2026/03/23;Sarah Mokoena
T02149;S002;Rivonia;C0734;Member;P0023;Dinner Plate Set;Kitchen;3;499.99;1499.97;Mobile Pay;2026/03/18;Daniel Smith
T02150;S002;Rivonia;C0373;Member;P0004;USB-C Charger;Electronics;2;299.99;599.98;Cash;2026/03/26;Noah Pillay
T02151;S002;Rivonia;C0998;Member;P0015;Sports Bottle;Sportswear;5;199.99;999.95;Cash;2026/03/04;Jessica Naidoo
T02152;S002;Rivonia;C1476;Guest;P0024;Storage Container Set;Kitchen;4;349.99;1399.96;Cash;2026/02/12;Michael Williams
T02153;S002;Rivonia;C1619;Member;P0019;Throw Blanket;Home & Decor;6;449.99;2699.94;Bank Transfer;2026/03/08;James Botha
T02154;S002;Rivonia;C1468;Member;P0016;Skincare Set;Beauty;1;599.99;599.99;Card;2026/01/24;Sarah Mokoena
T02155;S002;Rivonia;C2714;Member;P0017;Face Moisturiser;Beauty;4;249.99;999.96;Card;2026/03/10;Sophie Mthembu
T02156;S002;Rivonia;C1491;Member;P0022;Cookware Set;Kitchen;4;1599.99;6399.96;Bank Transfer;2026/05/01;Sarah Mokoena
T02157;S002;Rivonia;C2483;Member;P0001;Wireless Headphones;Electronics;5;899.99;4499.95;Cash;2026/05/30;Michael Williams
T02158;S002;Rivonia;C1718;Guest;P0017;Face Moisturiser;Beauty;5;249.99;1249.95;Cash;2026/03/03;Liam Jacobs
T02159;S002;Rivonia;C2839;Guest;P0015;Sports Bottle;Sportswear;1;199.99;199.99;Cash;2026/02/09;James Botha
T02160;S002;Rivonia;C2838;Member;P0007;Air Fryer;Appliances;5;1799.99;8999.95;Mobile Pay;2026/06/17;Emma Nkosi
T02161;S002;Rivonia;C2585;Guest;P0020;Table Lamp;Home & Decor;2;699.99;1399.98;Mobile Pay;2026/01/22;Sarah Mokoena
T02162;S002;Rivonia;C1927;Guest;P0017;Face Moisturiser;Beauty;4;249.99;999.96;Mobile Pay;2026/01/14;Michael Williams
T02163;S002;Rivonia;C2939;Member;P0005;Laptop Backpack;Accessories;3;549.99;1649.97;Mobile Pay;2026/04/27;Sarah Mokoena
T02164;S002;Rivonia;C1708;Member;P0019;Throw Blanket;Home & Decor;6;449.99;2699.94;Card;2026/03/05;Noah Pillay
T02165;S002;Rivonia;C2607;Member;P0005;Laptop Backpack;Accessories;6;549.99;3299.94;Mobile Pay;2026/02/27;Olivia Dlamini
T02166;S002;Rivonia;C0033;Member;P0021;Cushion Set;Home & Decor;5;299.99;1499.95;Mobile Pay;2026/02/18;Emma Nkosi
T02167;S002;Rivonia;C1182;Member;P0010;Cotton T-Shirt;Clothing;4;249.99;999.96;Cash;2026/04/08;Michael Williams
T02168;S002;Rivonia;C1451;Member;P0022;Cookware Set;Kitchen;2;1599.99;3199.98;Mobile Pay;2026/01/02;Sophie Mthembu
T02169;S002;Rivonia;C0009;Guest;P0018;Perfume;Beauty;6;899.99;5399.94;Mobile Pay;2026/05/26;Emma Nkosi
T02170;S002;Rivonia;C0089;Member;P0007;Air Fryer;Appliances;4;1799.99;7199.96;Card;2026/03/12;Jessica Naidoo
T02171;S002;Rivonia;C2984;Guest;P0018;Perfume;Beauty;2;899.99;1799.98;Card;2026/03/12;Sophie Mthembu
T02172;S002;Rivonia;C1116;Member;P0020;Table Lamp;Home & Decor;2;699.99;1399.98;Mobile Pay;2026/04/04;Liam Jacobs
T02173;S002;Rivonia;C1116;Guest;P0004;USB-C Charger;Electronics;4;299.99;1199.96;Mobile Pay;2026/01/29;Olivia Dlamini
T02174;S002;Rivonia;C0863;Guest;P0013;Running Shoes;Sportswear;5;1499.5;7497.5;Card;2026/04/03;Daniel Smith
T02175;S002;Rivonia;C2695;Member;P0020;Table Lamp;Home & Decor;4;699.99;2799.96;Cash;2026/06/07;James Botha
T02176;S002;Rivonia;C2680;Member;P0013;Running Shoes;Sportswear;6;1499.5;8997.0;Bank Transfer;2026/03/17;Sophie Mthembu
T02177;S002;Rivonia;C2464;Member;P0013;Running Shoes;Sportswear;1;1499.5;1499.5;Mobile Pay;2026/06/25;Jessica Naidoo
T02178;S002;Rivonia;C2319;Member;P0017;Face Moisturiser;Beauty;5;249.99;1249.95;Cash;2026/01/25;Olivia Dlamini
T02179;S002;Rivonia;C0327;Member;P0021;Cushion Set;Home & Decor;4;299.99;1199.96;Bank Transfer;2026/02/19;Liam Jacobs
T02180;S002;Rivonia;C0209;Guest;P0008;Blender;Appliances;5;899.99;4499.95;Mobile Pay;2026/05/02;Jessica Naidoo
T02181;S002;Rivonia;C0576;Guest;P0024;Storage Container Set;Kitchen;2;349.99;699.98;Cash;2026/03/25;Noah Pillay
T02182;S002;Rivonia;C1810;Member;P0008;Blender;Appliances;3;899.99;2699.97;Card;2026/03/06;Daniel Smith
T02183;S002;Rivonia;C2441;Guest;P0008;Blender;Appliances;2;899.99;1799.98;Cash;2026/02/02;Jessica Naidoo
T02184;S002;Rivonia;C2176;Member;P0020;Table Lamp;Home & Decor;1;699.99;699.99;Bank Transfer;2026/04/04;Noah Pillay
T02185;S002;Rivonia;C2241;Guest;P0016;Skincare Set;Beauty;6;599.99;3599.94;Mobile Pay;2026/02/05;Michael Williams
T02186;S002;Rivonia;C1550;Member;P0025;Novel Book;Books;3;199.99;599.97;Bank Transfer;2026/04/18;James Botha
T02187;S002;Rivonia;C0967;Member;P0021;Cushion Set;Home & Decor;6;299.99;1799.94;Bank Transfer;2026/02/10;Emma Nkosi
T02188;S002;Rivonia;C1555;Guest;P0018;Perfume;Beauty;3;899.99;2699.97;Mobile Pay;2026/06/16;Noah Pillay
T02189;S002;Rivonia;C2414;Member;P0004;USB-C Charger;Electronics;5;299.99;1499.95;Bank Transfer;2026/02/11;Emma Nkosi
T02190;S002;Rivonia;C1421;Guest;P0013;Running Shoes;Sportswear;6;1499.5;8997.0;Card;2026/06/24;Noah Pillay
T02191;S002;Rivonia;C0413;Member;P0018;Perfume;Beauty;2;899.99;1799.98;Cash;2026/03/27;Noah Pillay
T02192;S002;Rivonia;C1567;Guest;P0005;Laptop Backpack;Accessories;3;549.99;1649.97;Mobile Pay;2026/03/26;Noah Pillay
T02193;S002;Rivonia;C1088;Guest;P0011;Denim Jeans;Clothing;6;799.99;4799.94;Cash;2026/01/04;Jessica Naidoo
T02194;S002;Rivonia;C0078;Member;P0011;Denim Jeans;Clothing;4;799.99;3199.96;Bank Transfer;2026/01/13;Daniel Smith
T02195;S002;Rivonia;C1843;Member;P0004;USB-C Charger;Electronics;5;299.99;1499.95;Mobile Pay;2026/02/11;Daniel Smith
T02196;S002;Rivonia;C2110;Member;P0014;Yoga Mat;Sportswear;3;399.99;1199.97;Cash;2026/01/18;Noah Pillay
T02197;S002;Rivonia;C0344;Member;P0004;USB-C Charger;Electronics;3;299.99;899.97;Card;2026/05/28;Liam Jacobs
T02198;S002;Rivonia;C1646;Member;P0004;USB-C Charger;Electronics;6;299.99;1799.94;Cash;2026/05/29;Daniel Smith
T02199;S002;Rivonia;C2358;Member;P0025;Novel Book;Books;6;199.99;1199.94;Cash;2026/02/20;James Botha
T02200;S002;Rivonia;C1457;Member;P0017;Face Moisturiser;Beauty;2;249.99;499.98;Card;2026/03/23;Michael Williams
T02201;S002;Rivonia;C2976;Guest;P0009;Electric Kettle;Appliances;1;499.99;499.99;Card;2026/01/21;Michael Williams
T02202;S002;Rivonia;C2158;Guest;P0009;Electric Kettle;Appliances;5;499.99;2499.95;Cash;2026/06/21;Sophie Mthembu
T02203;S002;Rivonia;C0818;Member;P0023;Dinner Plate Set;Kitchen;2;499.99;999.98;Card;2026/01/03;Noah Pillay
T02204;S002;Rivonia;C2977;Guest;P0018;Perfume;Beauty;4;899.99;3599.96;Card;2026/01/19;Jessica Naidoo
T02205;S002;Rivonia;C2605;Member;P0005;Laptop Backpack;Accessories;5;549.99;2749.95;Bank Transfer;2026/02/02;James Botha
T02206;S002;Rivonia;C2885;Guest;P0012;Hooded Sweatshirt;Clothing;6;599.99;3599.94;Bank Transfer;2026/04/25;James Botha
T02207;S002;Rivonia;C2409;Member;P0021;Cushion Set;Home & Decor;6;299.99;1799.94;Card;2026/01/24;James Botha
T02208;S002;Rivonia;C2828;Member;P0002;Bluetooth Speaker;Electronics;4;649.99;2599.96;Mobile Pay;2026/01/31;Michael Williams
T02209;S002;Rivonia;C2962;Guest;P0002;Bluetooth Speaker;Electronics;5;649.99;3249.95;Card;2026/04/02;Michael Williams
T02210;S002;Rivonia;C2646;Member;P0011;Denim Jeans;Clothing;2;799.99;1599.98;Card;2026/02/19;Daniel Smith
T02211;S002;Rivonia;C2007;Guest;P0017;Face Moisturiser;Beauty;5;249.99;1249.95;Cash;2026/02/24;Noah Pillay
T02212;S002;Rivonia;C0448;Guest;P0021;Cushion Set;Home & Decor;4;299.99;1199.96;Mobile Pay;2026/06/02;Sarah Mokoena
T02213;S002;Rivonia;C1137;Member;P0005;Laptop Backpack;Accessories;5;549.99;2749.95;Card;2026/06/16;Sarah Mokoena
T02214;S002;Rivonia;C0826;Guest;P0022;Cookware Set;Kitchen;3;1599.99;4799.97;Mobile Pay;2026/01/21;Jessica Naidoo
T02215;S002;Rivonia;C1852;Member;P0005;Laptop Backpack;Accessories;2;549.99;1099.98;Cash;2026/03/13;Jessica Naidoo
T02216;S002;Rivonia;C1152;Member;P0023;Dinner Plate Set;Kitchen;1;499.99;499.99;Bank Transfer;2026/02/27;Olivia Dlamini
T02217;S002;Rivonia;C1527;Member;P0009;Electric Kettle;Appliances;3;499.99;1499.97;Cash;2026/03/31;Olivia Dlamini
T02218;S002;Rivonia;C1158;Guest;P0001;Wireless Headphones;Electronics;5;899.99;4499.95;Mobile Pay;2026/03/25;Daniel Smith
T02219;S002;Rivonia;C1988;Guest;P0025;Novel Book;Books;2;199.99;399.98;Bank Transfer;2026/03/20;Emma Nkosi
T02220;S002;Rivonia;C1093;Member;P0019;Throw Blanket;Home & Decor;3;449.99;1349.97;Cash;2026/02/07;Sophie Mthembu
T02221;S002;Rivonia;C0648;Member;P0012;Hooded Sweatshirt;Clothing;5;599.99;2999.95;Card;2026/06/22;Jessica Naidoo
T02222;S002;Rivonia;C1333;Guest;P0005;Laptop Backpack;Accessories;1;549.99;549.99;Card;2026/04/16;Daniel Smith
T02223;S002;Rivonia;C0945;Member;P0002;Bluetooth Speaker;Electronics;4;649.99;2599.96;Card;2026/03/12;Daniel Smith
T02224;S002;Rivonia;C1352;Member;P0012;Hooded Sweatshirt;Clothing;1;599.99;599.99;Card;2026/04/11;Noah Pillay
T02225;S002;Rivonia;C1232;Member;P0007;Air Fryer;Appliances;1;1799.99;1799.99;Bank Transfer;2026/02/03;Sarah Mokoena
T02226;S002;Rivonia;C2952;Guest;P0006;Coffee Maker;Appliances;4;1299.99;5199.96;Mobile Pay;2026/05/26;Sarah Mokoena
T02227;S002;Rivonia;C0350;Member;P0006;Coffee Maker;Appliances;4;1299.99;5199.96;Card;2026/01/01;Olivia Dlamini
T02228;S002;Rivonia;C2150;Member;P0024;Storage Container Set;Kitchen;6;349.99;2099.94;Mobile Pay;2026/02/26;Noah Pillay
T02229;S002;Rivonia;C0662;Member;P0018;Perfume;Beauty;6;899.99;5399.94;Mobile Pay;2026/01/02;Daniel Smith
T02230;S002;Rivonia;C2781;Member;P0004;USB-C Charger;Electronics;3;299.99;899.97;Card;2026/01/29;Michael Williams
T02231;S002;Rivonia;C0561;Member;P0009;Electric Kettle;Appliances;3;499.99;1499.97;Mobile Pay;2026/01/03;Noah Pillay
T02232;S002;Rivonia;C1198;Member;P0023;Dinner Plate Set;Kitchen;2;499.99;999.98;Card;2026/06/19;Olivia Dlamini
T02233;S002;Rivonia;C0396;Guest;P0004;USB-C Charger;Electronics;2;299.99;599.98;Bank Transfer;2026/04/18;Olivia Dlamini
T02234;S002;Rivonia;C0027;Guest;P0016;Skincare Set;Beauty;4;599.99;2399.96;Bank Transfer;2026/04/09;Emma Nkosi
T02235;S002;Rivonia;C2938;Guest;P0024;Storage Container Set;Kitchen;5;349.99;1749.95;Cash;2026/05/12;Olivia Dlamini
T02236;S002;Rivonia;C1391;Member;P0021;Cushion Set;Home & Decor;1;299.99;299.99;Cash;2026/06/29;James Botha
T02237;S002;Rivonia;C1968;Member;P0019;Throw Blanket;Home & Decor;6;449.99;2699.94;Bank Transfer;2026/04/04;Olivia Dlamini
T02238;S002;Rivonia;C0833;Member;P0005;Laptop Backpack;Accessories;1;549.99;549.99;Card;2026/05/06;Michael Williams
T02239;S002;Rivonia;C2981;Guest;P0012;Hooded Sweatshirt;Clothing;5;599.99;2999.95;Bank Transfer;2026/04/16;Sophie Mthembu
T02240;S002;Rivonia;C0330;Member;P0018;Perfume;Beauty;1;899.99;899.99;Mobile Pay;2026/01/30;Emma Nkosi
T02241;S002;Rivonia;C2096;Member;P0017;Face Moisturiser;Beauty;2;249.99;499.98;Mobile Pay;2026/06/18;Daniel Smith
T02242;S002;Rivonia;C2889;Guest;P0016;Skincare Set;Beauty;2;599.99;1199.98;Cash;2026/02/04;Noah Pillay
T02243;S002;Rivonia;C1105;Guest;P0010;Cotton T-Shirt;Clothing;5;249.99;1249.95;Mobile Pay;2026/04/07;James Botha
T02244;S002;Rivonia;C0286;Member;P0020;Table Lamp;Home & Decor;3;699.99;2099.97;Cash;2026/01/30;Sophie Mthembu
T02245;S002;Rivonia;C2776;Guest;P0022;Cookware Set;Kitchen;1;1599.99;1599.99;Mobile Pay;2026/04/22;Daniel Smith
T02246;S002;Rivonia;C0939;Guest;P0017;Face Moisturiser;Beauty;6;249.99;1499.94;Bank Transfer;2026/03/08;Sarah Mokoena
T02247;S002;Rivonia;C0879;Member;P0002;Bluetooth Speaker;Electronics;6;649.99;3899.94;Mobile Pay;2026/01/11;Sarah Mokoena
T02248;S002;Rivonia;C2085;Guest;P0008;Blender;Appliances;5;899.99;4499.95;Card;2026/02/19;Daniel Smith
T02249;S002;Rivonia;C0206;Member;P0020;Table Lamp;Home & Decor;5;699.99;3499.95;Cash;2026/06/30;Sophie Mthembu
T02250;S002;Rivonia;C1149;Member;P0021;Cushion Set;Home & Decor;3;299.99;899.97;Cash;2026/02/21;James Botha
T02251;S002;Rivonia;C1317;Guest;P0019;Throw Blanket;Home & Decor;6;449.99;2699.94;Cash;2026/02/02;Sophie Mthembu
T02252;S002;Rivonia;C0113;Member;P0017;Face Moisturiser;Beauty;4;249.99;999.96;Cash;2026/06/26;Sophie Mthembu
T02253;S002;Rivonia;C1923;Member;P0013;Running Shoes;Sportswear;4;1499.5;5998.0;Card;2026/05/05;Liam Jacobs
T02254;S002;Rivonia;C1741;Member;P0004;USB-C Charger;Electronics;5;299.99;1499.95;Bank Transfer;2026/01/02;Liam Jacobs
T02255;S002;Rivonia;C0234;Member;P0025;Novel Book;Books;6;199.99;1199.94;Card;2026/01/28;James Botha
T02256;S002;Rivonia;C2596;Member;P0025;Novel Book;Books;6;199.99;1199.94;Card;2026/03/01;Daniel Smith
T02257;S002;Rivonia;C0397;Member;P0012;Hooded Sweatshirt;Clothing;3;599.99;1799.97;Cash;2026/01/18;Emma Nkosi
T02258;S002;Rivonia;C2495;Member;P0024;Storage Container Set;Kitchen;1;349.99;349.99;Card;2026/06/07;Liam Jacobs
T02259;S002;Rivonia;C0783;Guest;P0010;Cotton T-Shirt;Clothing;5;249.99;1249.95;Mobile Pay;2026/01/28;Noah Pillay
T02260;S002;Rivonia;C2054;Member;P0018;Perfume;Beauty;6;899.99;5399.94;Mobile Pay;2026/05/14;Jessica Naidoo
T02261;S002;Rivonia;C0317;Member;P0015;Sports Bottle;Sportswear;3;199.99;599.97;Card;2026/02/14;Emma Nkosi
T02262;S002;Rivonia;C0507;Guest;P0008;Blender;Appliances;2;899.99;1799.98;Bank Transfer;2026/04/07;Sophie Mthembu
T02263;S002;Rivonia;C2144;Member;P0019;Throw Blanket;Home & Decor;4;449.99;1799.96;Bank Transfer;2026/03/13;Michael Williams
T02264;S002;Rivonia;C1596;Member;P0023;Dinner Plate Set;Kitchen;3;499.99;1499.97;Card;2026/05/04;Sophie Mthembu
T02265;S002;Rivonia;C0146;Member;P0020;Table Lamp;Home & Decor;5;699.99;3499.95;Mobile Pay;2026/01/17;Michael Williams
T02266;S002;Rivonia;C1523;Member;P0015;Sports Bottle;Sportswear;6;199.99;1199.94;Card;2026/03/29;Sophie Mthembu
T02267;S002;Rivonia;C1983;Guest;P0011;Denim Jeans;Clothing;5;799.99;3999.95;Bank Transfer;2026/06/30;Jessica Naidoo
T02268;S002;Rivonia;C1580;Guest;P0010;Cotton T-Shirt;Clothing;1;249.99;249.99;Mobile Pay;2026/01/23;Daniel Smith
T02269;S002;Rivonia;C0107;Guest;P0020;Table Lamp;Home & Decor;3;699.99;2099.97;Cash;2026/06/16;Noah Pillay
T02270;S002;Rivonia;C2363;Guest;P0017;Face Moisturiser;Beauty;6;249.99;1499.94;Cash;2026/05/21;Noah Pillay
T02271;S002;Rivonia;C0054;Guest;P0016;Skincare Set;Beauty;5;599.99;2999.95;Bank Transfer;2026/06/23;Olivia Dlamini
T02272;S002;Rivonia;C0462;Member;P0015;Sports Bottle;Sportswear;2;199.99;399.98;Bank Transfer;2026/03/31;Sophie Mthembu
T02273;S002;Rivonia;C2081;Member;P0010;Cotton T-Shirt;Clothing;3;249.99;749.97;Card;2026/02/06;Jessica Naidoo
T02274;S002;Rivonia;C1117;Member;P0008;Blender;Appliances;4;899.99;3599.96;Mobile Pay;2026/02/17;Noah Pillay
T02275;S002;Rivonia;C1942;Member;P0017;Face Moisturiser;Beauty;6;249.99;1499.94;Cash;2026/03/30;Sarah Mokoena
T02276;S002;Rivonia;C1135;Member;P0022;Cookware Set;Kitchen;1;1599.99;1599.99;Card;2026/06/23;James Botha
T02277;S002;Rivonia;C0350;Member;P0017;Face Moisturiser;Beauty;4;249.99;999.96;Card;2026/01/03;Sophie Mthembu
T02278;S002;Rivonia;C0377;Guest;P0005;Laptop Backpack;Accessories;6;549.99;3299.94;Card;2026/05/07;Emma Nkosi
T02279;S002;Rivonia;C2855;Member;P0004;USB-C Charger;Electronics;6;299.99;1799.94;Bank Transfer;2026/06/17;Noah Pillay
T02280;S002;Rivonia;C0202;Member;P0013;Running Shoes;Sportswear;4;1499.5;5998.0;Bank Transfer;2026/03/28;Liam Jacobs
T02281;S002;Rivonia;C2585;Guest;P0008;Blender;Appliances;6;899.99;5399.94;Card;2026/03/17;Liam Jacobs
T02282;S002;Rivonia;C2181;Guest;P0025;Novel Book;Books;3;199.99;599.97;Mobile Pay;2026/05/05;Jessica Naidoo
T02283;S002;Rivonia;C2203;Member;P0017;Face Moisturiser;Beauty;3;249.99;749.97;Card;2026/06/12;Liam Jacobs
T02284;S002;Rivonia;C1876;Guest;P0010;Cotton T-Shirt;Clothing;5;249.99;1249.95;Card;2026/03/15;Jessica Naidoo
T02285;S002;Rivonia;C1045;Member;P0010;Cotton T-Shirt;Clothing;5;249.99;1249.95;Cash;2026/03/10;Liam Jacobs
T02286;S002;Rivonia;C0425;Guest;P0010;Cotton T-Shirt;Clothing;5;249.99;1249.95;Mobile Pay;2026/04/24;Liam Jacobs
T02287;S002;Rivonia;C2653;Guest;P0019;Throw Blanket;Home & Decor;1;449.99;449.99;Card;2026/04/11;Liam Jacobs
T02288;S002;Rivonia;C2266;Member;P0017;Face Moisturiser;Beauty;5;249.99;1249.95;Card;2026/06/16;Noah Pillay
T02289;S002;Rivonia;C0620;Member;P0013;Running Shoes;Sportswear;3;1499.5;4498.5;Bank Transfer;2026/03/15;James Botha
T02290;S002;Rivonia;C0206;Member;P0013;Running Shoes;Sportswear;4;1499.5;5998.0;Card;2026/06/13;Daniel Smith
T02291;S002;Rivonia;C1564;Member;P0009;Electric Kettle;Appliances;3;499.99;1499.97;Card;2026/04/22;Liam Jacobs
T02292;S002;Rivonia;C1383;Member;P0023;Dinner Plate Set;Kitchen;5;499.99;2499.95;Bank Transfer;2026/02/04;Michael Williams
T02293;S002;Rivonia;C2087;Member;P0006;Coffee Maker;Appliances;1;1299.99;1299.99;Card;2026/02/18;Sarah Mokoena
T02294;S002;Rivonia;C0771;Member;P0015;Sports Bottle;Sportswear;3;199.99;599.97;Card;2026/05/09;Emma Nkosi
T02295;S002;Rivonia;C0062;Guest;P0012;Hooded Sweatshirt;Clothing;4;599.99;2399.96;Bank Transfer;2026/05/06;Sarah Mokoena
T02296;S002;Rivonia;C1825;Member;P0016;Skincare Set;Beauty;3;599.99;1799.97;Mobile Pay;2026/05/14;Michael Williams
T02297;S002;Rivonia;C0230;Member;P0021;Cushion Set;Home & Decor;2;299.99;599.98;Card;2026/03/10;Jessica Naidoo
T02298;S002;Rivonia;C1565;Guest;P0013;Running Shoes;Sportswear;6;1499.5;8997.0;Mobile Pay;2026/02/08;Liam Jacobs
T02299;S002;Rivonia;C2012;Guest;P0001;Wireless Headphones;Electronics;4;899.99;3599.96;Bank Transfer;2026/02/10;Sarah Mokoena
T02300;S002;Rivonia;C2792;Member;P0016;Skincare Set;Beauty;2;599.99;1199.98;Card;2026/02/26;Daniel Smith
T02301;S002;Rivonia;C0771;Member;P0012;Hooded Sweatshirt;Clothing;1;599.99;599.99;Card;2026/03/26;James Botha
T02302;S002;Rivonia;C0685;Member;P0016;Skincare Set;Beauty;6;599.99;3599.94;Cash;2026/04/02;Olivia Dlamini
T02303;S002;Rivonia;C0760;Guest;P0006;Coffee Maker;Appliances;1;1299.99;1299.99;Bank Transfer;2026/01/25;Noah Pillay
T02304;S002;Rivonia;C0272;Member;P0012;Hooded Sweatshirt;Clothing;6;599.99;3599.94;Mobile Pay;2026/03/17;Sarah Mokoena
T02305;S002;Rivonia;C1342;Guest;P0001;Wireless Headphones;Electronics;4;899.99;3599.96;Bank Transfer;2026/03/16;Liam Jacobs
T02306;S002;Rivonia;C0637;Member;P0017;Face Moisturiser;Beauty;4;249.99;999.96;Card;2026/05/27;Liam Jacobs
T02307;S002;Rivonia;C0316;Member;P0020;Table Lamp;Home & Decor;3;699.99;2099.97;Mobile Pay;2026/03/16;Michael Williams
T02308;S002;Rivonia;C1757;Member;P0015;Sports Bottle;Sportswear;4;199.99;799.96;Card;2026/01/28;Sarah Mokoena
T02309;S002;Rivonia;C0174;Member;P0011;Denim Jeans;Clothing;4;799.99;3199.96;Mobile Pay;2026/05/07;Noah Pillay
T02310;S002;Rivonia;C1955;Guest;P0024;Storage Container Set;Kitchen;4;349.99;1399.96;Bank Transfer;2026/02/25;Michael Williams
T02311;S002;Rivonia;C0606;Member;P0003;Smart Watch;Electronics;1;1299.99;1299.99;Bank Transfer;2026/05/30;Olivia Dlamini
T02312;S002;Rivonia;C1260;Member;P0001;Wireless Headphones;Electronics;5;899.99;4499.95;Cash;2026/03/04;James Botha
T02313;S002;Rivonia;C2290;Guest;P0002;Bluetooth Speaker;Electronics;6;649.99;3899.94;Cash;2026/01/11;Michael Williams
T02314;S002;Rivonia;C2112;Member;P0002;Bluetooth Speaker;Electronics;6;649.99;3899.94;Bank Transfer;2026/04/11;Emma Nkosi
T02315;S002;Rivonia;C1054;Member;P0005;Laptop Backpack;Accessories;2;549.99;1099.98;Bank Transfer;2026/02/23;James Botha
T02316;S002;Rivonia;C0860;Member;P0019;Throw Blanket;Home & Decor;3;449.99;1349.97;Mobile Pay;2026/06/12;Noah Pillay
T02317;S002;Rivonia;C1296;Member;P0013;Running Shoes;Sportswear;4;1499.5;5998.0;Card;2026/01/16;Michael Williams
T02318;S002;Rivonia;C2476;Guest;P0008;Blender;Appliances;4;899.99;3599.96;Bank Transfer;2026/02/01;Jessica Naidoo
T02319;S002;Rivonia;C1104;Member;P0007;Air Fryer;Appliances;6;1799.99;10799.94;Bank Transfer;2026/05/06;Emma Nkosi
T02320;S002;Rivonia;C2253;Member;P0022;Cookware Set;Kitchen;4;1599.99;6399.96;Bank Transfer;2026/01/07;Daniel Smith
T02321;S002;Rivonia;C1381;Member;P0016;Skincare Set;Beauty;6;599.99;3599.94;Bank Transfer;2026/02/14;Noah Pillay
T02322;S002;Rivonia;C2825;Member;P0007;Air Fryer;Appliances;5;1799.99;8999.95;Cash;2026/06/06;Olivia Dlamini
T02323;S002;Rivonia;C2903;Guest;P0021;Cushion Set;Home & Decor;5;299.99;1499.95;Bank Transfer;2026/06/11;Daniel Smith
T02324;S002;Rivonia;C2995;Member;P0021;Cushion Set;Home & Decor;5;299.99;1499.95;Bank Transfer;2026/06/02;Liam Jacobs
T02325;S002;Rivonia;C2138;Member;P0014;Yoga Mat;Sportswear;3;399.99;1199.97;Card;2026/05/03;Michael Williams
T02326;S002;Rivonia;C0837;Member;P0013;Running Shoes;Sportswear;5;1499.5;7497.5;Cash;2026/02/25;Jessica Naidoo
T02327;S002;Rivonia;C0620;Guest;P0003;Smart Watch;Electronics;1;1299.99;1299.99;Mobile Pay;2026/03/11;James Botha
T02328;S002;Rivonia;C1167;Member;P0007;Air Fryer;Appliances;2;1799.99;3599.98;Card;2026/06/19;Noah Pillay
T02329;S002;Rivonia;C0576;Member;P0013;Running Shoes;Sportswear;2;1499.5;2999.0;Card;2026/06/05;Olivia Dlamini
T02330;S002;Rivonia;C0592;Guest;P0020;Table Lamp;Home & Decor;6;699.99;4199.94;Mobile Pay;2026/05/27;Jessica Naidoo
T02331;S002;Rivonia;C2781;Member;P0008;Blender;Appliances;6;899.99;5399.94;Bank Transfer;2026/02/15;Noah Pillay
T02332;S002;Rivonia;C0646;Member;P0007;Air Fryer;Appliances;3;1799.99;5399.97;Bank Transfer;2026/04/19;Sophie Mthembu
T02333;S002;Rivonia;C2792;Member;P0025;Novel Book;Books;1;199.99;199.99;Mobile Pay;2026/04/14;Michael Williams
T02334;S002;Rivonia;C2246;Guest;P0016;Skincare Set;Beauty;6;599.99;3599.94;Card;2026/04/14;Noah Pillay
T02335;S002;Rivonia;C2270;Member;P0023;Dinner Plate Set;Kitchen;5;499.99;2499.95;Cash;2026/05/26;Olivia Dlamini
T02336;S002;Rivonia;C2892;Member;P0010;Cotton T-Shirt;Clothing;3;249.99;749.97;Bank Transfer;2026/02/13;Liam Jacobs
T02337;S002;Rivonia;C0331;Member;P0023;Dinner Plate Set;Kitchen;6;499.99;2999.94;Card;2026/05/12;Liam Jacobs
T02338;S002;Rivonia;C0728;Member;P0005;Laptop Backpack;Accessories;2;549.99;1099.98;Mobile Pay;2026/03/27;Liam Jacobs
T02339;S002;Rivonia;C1151;Member;P0011;Denim Jeans;Clothing;3;799.99;2399.97;Card;2026/04/26;Noah Pillay
T02340;S002;Rivonia;C0151;Guest;P0018;Perfume;Beauty;4;899.99;3599.96;Cash;2026/01/18;Sophie Mthembu
T02341;S002;Rivonia;C0270;Member;P0014;Yoga Mat;Sportswear;1;399.99;399.99;Mobile Pay;2026/05/24;Daniel Smith
T02342;S002;Rivonia;C2730;Guest;P0014;Yoga Mat;Sportswear;1;399.99;399.99;Cash;2026/06/05;Emma Nkosi
T02343;S002;Rivonia;C0219;Guest;P0023;Dinner Plate Set;Kitchen;3;499.99;1499.97;Mobile Pay;2026/06/24;Emma Nkosi
T02344;S002;Rivonia;C0498;Member;P0014;Yoga Mat;Sportswear;6;399.99;2399.94;Bank Transfer;2026/05/31;Sarah Mokoena
T02345;S002;Rivonia;C0600;Guest;P0011;Denim Jeans;Clothing;2;799.99;1599.98;Mobile Pay;2026/05/22;Daniel Smith
T02346;S002;Rivonia;C2330;Guest;P0022;Cookware Set;Kitchen;5;1599.99;7999.95;Mobile Pay;2026/02/26;Noah Pillay
T02347;S002;Rivonia;C0765;Member;P0020;Table Lamp;Home & Decor;2;699.99;1399.98;Card;2026/04/17;Noah Pillay
T02348;S002;Rivonia;C2819;Member;P0024;Storage Container Set;Kitchen;3;349.99;1049.97;Mobile Pay;2026/03/01;Daniel Smith
T02349;S002;Rivonia;C2549;Guest;P0005;Laptop Backpack;Accessories;3;549.99;1649.97;Bank Transfer;2026/02/27;Emma Nkosi
T02350;S002;Rivonia;C2216;Member;P0020;Table Lamp;Home & Decor;4;699.99;2799.96;Mobile Pay;2026/01/26;Noah Pillay
T02351;S002;Rivonia;C0881;Member;P0011;Denim Jeans;Clothing;1;799.99;799.99;Bank Transfer;2026/05/17;Jessica Naidoo
T02352;S002;Rivonia;C2807;Guest;P0010;Cotton T-Shirt;Clothing;3;249.99;749.97;Card;2026/01/02;Jessica Naidoo
T02353;S002;Rivonia;C1168;Guest;P0025;Novel Book;Books;6;199.99;1199.94;Card;2026/05/03;Jessica Naidoo
T02354;S002;Rivonia;C2969;Member;P0010;Cotton T-Shirt;Clothing;6;249.99;1499.94;Card;2026/05/28;Sophie Mthembu
T02355;S002;Rivonia;C1255;Guest;P0011;Denim Jeans;Clothing;5;799.99;3999.95;Bank Transfer;2026/05/21;Olivia Dlamini
T02356;S002;Rivonia;C0739;Member;P0018;Perfume;Beauty;4;899.99;3599.96;Mobile Pay;2026/03/20;Noah Pillay
T02357;S002;Rivonia;C1387;Member;P0002;Bluetooth Speaker;Electronics;3;649.99;1949.97;Bank Transfer;2026/01/06;Olivia Dlamini
T02358;S002;Rivonia;C2123;Guest;P0001;Wireless Headphones;Electronics;3;899.99;2699.97;Card;2026/04/29;Noah Pillay
T02359;S002;Rivonia;C1165;Member;P0001;Wireless Headphones;Electronics;6;899.99;5399.94;Cash;2026/02/09;James Botha
T02360;S002;Rivonia;C1101;Member;P0008;Blender;Appliances;3;899.99;2699.97;Card;2026/05/23;James Botha
T02361;S002;Rivonia;C1677;Member;P0002;Bluetooth Speaker;Electronics;1;649.99;649.99;Mobile Pay;2026/04/10;James Botha
T02362;S002;Rivonia;C1350;Member;P0020;Table Lamp;Home & Decor;3;699.99;2099.97;Card;2026/02/07;Michael Williams
T02363;S002;Rivonia;C1116;Member;P0012;Hooded Sweatshirt;Clothing;1;599.99;599.99;Cash;2026/03/12;Daniel Smith
T02364;S002;Rivonia;C1354;Guest;P0008;Blender;Appliances;4;899.99;3599.96;Mobile Pay;2026/02/11;Sarah Mokoena
T02365;S002;Rivonia;C0548;Member;P0017;Face Moisturiser;Beauty;6;249.99;1499.94;Card;2026/05/03;Sarah Mokoena
T02366;S002;Rivonia;C1478;Member;P0002;Bluetooth Speaker;Electronics;1;649.99;649.99;Card;2026/04/13;Sophie Mthembu
T02367;S002;Rivonia;C1592;Member;P0023;Dinner Plate Set;Kitchen;4;499.99;1999.96;Mobile Pay;2026/01/17;Sarah Mokoena
T02368;S002;Rivonia;C0977;Guest;P0002;Bluetooth Speaker;Electronics;3;649.99;1949.97;Mobile Pay;2026/03/19;Daniel Smith
T02369;S002;Rivonia;C0236;Member;P0013;Running Shoes;Sportswear;1;1499.5;1499.5;Mobile Pay;2026/04/21;James Botha
T02370;S002;Rivonia;C0695;Member;P0012;Hooded Sweatshirt;Clothing;4;599.99;2399.96;Bank Transfer;2026/03/23;Sarah Mokoena
T02371;S002;Rivonia;C1343;Member;P0020;Table Lamp;Home & Decor;3;699.99;2099.97;Bank Transfer;2026/06/17;Noah Pillay
T02372;S002;Rivonia;C0561;Member;P0015;Sports Bottle;Sportswear;5;199.99;999.95;Mobile Pay;2026/04/07;Olivia Dlamini
T02373;S002;Rivonia;C2772;Guest;P0001;Wireless Headphones;Electronics;6;899.99;5399.94;Mobile Pay;2026/02/28;Michael Williams
T02374;S002;Rivonia;C1909;Guest;P0019;Throw Blanket;Home & Decor;5;449.99;2249.95;Cash;2026/04/23;Jessica Naidoo
T02375;S002;Rivonia;C1267;Member;P0002;Bluetooth Speaker;Electronics;5;649.99;3249.95;Card;2026/02/20;Liam Jacobs
T02376;S002;Rivonia;C2905;Member;P0025;Novel Book;Books;2;199.99;399.98;Bank Transfer;2026/01/16;Michael Williams
T02377;S002;Rivonia;C0956;Guest;P0017;Face Moisturiser;Beauty;5;249.99;1249.95;Cash;2026/06/27;Noah Pillay
T02378;S002;Rivonia;C0775;Member;P0019;Throw Blanket;Home & Decor;1;449.99;449.99;Mobile Pay;2026/06/14;James Botha
T02379;S002;Rivonia;C0818;Member;P0007;Air Fryer;Appliances;6;1799.99;10799.94;Cash;2026/04/06;Michael Williams
T02380;S002;Rivonia;C0450;Guest;P0014;Yoga Mat;Sportswear;3;399.99;1199.97;Bank Transfer;2026/02/16;Emma Nkosi
T02381;S002;Rivonia;C1399;Member;P0006;Coffee Maker;Appliances;2;1299.99;2599.98;Card;2026/03/17;Daniel Smith
T02382;S002;Rivonia;C1132;Guest;P0015;Sports Bottle;Sportswear;2;199.99;399.98;Bank Transfer;2026/02/19;Olivia Dlamini
T02383;S002;Rivonia;C0803;Guest;P0009;Electric Kettle;Appliances;1;499.99;499.99;Card;2026/04/01;Emma Nkosi
T02384;S002;Rivonia;C2190;Guest;P0024;Storage Container Set;Kitchen;5;349.99;1749.95;Bank Transfer;2026/04/04;Noah Pillay
T02385;S002;Rivonia;C2562;Member;P0025;Novel Book;Books;4;199.99;799.96;Mobile Pay;2026/05/12;Daniel Smith
T02386;S002;Rivonia;C2531;Member;P0023;Dinner Plate Set;Kitchen;2;499.99;999.98;Card;2026/06/15;Olivia Dlamini
T02387;S002;Rivonia;C2211;Guest;P0021;Cushion Set;Home & Decor;2;299.99;599.98;Bank Transfer;2026/05/16;Michael Williams
T02388;S002;Rivonia;C1724;Guest;P0001;Wireless Headphones;Electronics;5;899.99;4499.95;Bank Transfer;2026/03/01;Michael Williams
T02389;S002;Rivonia;C2170;Member;P0010;Cotton T-Shirt;Clothing;6;249.99;1499.94;Bank Transfer;2026/01/03;Sophie Mthembu
T02390;S002;Rivonia;C0468;Member;P0010;Cotton T-Shirt;Clothing;1;249.99;249.99;Bank Transfer;2026/03/09;Emma Nkosi
T02391;S002;Rivonia;C2448;Member;P0023;Dinner Plate Set;Kitchen;3;499.99;1499.97;Card;2026/02/11;Emma Nkosi
T02392;S002;Rivonia;C2095;Member;P0018;Perfume;Beauty;1;899.99;899.99;Bank Transfer;2026/06/25;James Botha
T02393;S002;Rivonia;C0576;Guest;P0019;Throw Blanket;Home & Decor;6;449.99;2699.94;Card;2026/05/02;Liam Jacobs
T02394;S002;Rivonia;C2231;Member;P0010;Cotton T-Shirt;Clothing;1;249.99;249.99;Mobile Pay;2026/02/28;Michael Williams
T02395;S002;Rivonia;C0597;Member;P0011;Denim Jeans;Clothing;3;799.99;2399.97;Mobile Pay;2026/04/18;Noah Pillay
T02396;S002;Rivonia;C1900;Member;P0020;Table Lamp;Home & Decor;6;699.99;4199.94;Bank Transfer;2026/03/30;Sarah Mokoena
T02397;S002;Rivonia;C2298;Guest;P0016;Skincare Set;Beauty;2;599.99;1199.98;Mobile Pay;2026/06/29;Noah Pillay
T02398;S002;Rivonia;C0449;Member;P0002;Bluetooth Speaker;Electronics;5;649.99;3249.95;Card;2026/04/08;James Botha
T02399;S002;Rivonia;C2401;Member;P0011;Denim Jeans;Clothing;4;799.99;3199.96;Bank Transfer;2026/06/05;Jessica Naidoo
T02400;S002;Rivonia;C0223;Guest;P0004;USB-C Charger;Electronics;3;299.99;899.97;Cash;2026/05/30;Jessica Naidoo
T02401;S002;Rivonia;C2149;Member;P0010;Cotton T-Shirt;Clothing;1;249.99;249.99;Card;2026/04/10;Jessica Naidoo
T02402;S002;Rivonia;C1407;Member;P0003;Smart Watch;Electronics;5;1299.99;6499.95;Cash;2026/03/27;Michael Williams
T02403;S002;Rivonia;C2332;Guest;P0022;Cookware Set;Kitchen;4;1599.99;6399.96;Cash;2026/05/27;Michael Williams
T02404;S002;Rivonia;C1027;Member;P0007;Air Fryer;Appliances;3;1799.99;5399.97;Bank Transfer;2026/03/03;Sarah Mokoena
T02405;S002;Rivonia;C2998;Guest;P0011;Denim Jeans;Clothing;4;799.99;3199.96;Card;2026/02/10;Daniel Smith
T02406;S002;Rivonia;C2744;Member;P0016;Skincare Set;Beauty;5;599.99;2999.95;Cash;2026/02/16;Olivia Dlamini
T02407;S002;Rivonia;C0946;Member;P0011;Denim Jeans;Clothing;1;799.99;799.99;Card;2026/01/20;Jessica Naidoo
T02408;S002;Rivonia;C0904;Member;P0015;Sports Bottle;Sportswear;6;199.99;1199.94;Card;2026/03/12;Jessica Naidoo
T02409;S002;Rivonia;C0826;Guest;P0012;Hooded Sweatshirt;Clothing;4;599.99;2399.96;Bank Transfer;2026/01/30;Noah Pillay
T02410;S002;Rivonia;C2821;Guest;P0007;Air Fryer;Appliances;4;1799.99;7199.96;Card;2026/05/03;Noah Pillay
T02411;S002;Rivonia;C2224;Member;P0011;Denim Jeans;Clothing;4;799.99;3199.96;Mobile Pay;2026/03/06;Emma Nkosi
T02412;S002;Rivonia;C0617;Member;P0014;Yoga Mat;Sportswear;4;399.99;1599.96;Bank Transfer;2026/05/17;Emma Nkosi
T02413;S002;Rivonia;C0282;Guest;P0020;Table Lamp;Home & Decor;2;699.99;1399.98;Mobile Pay;2026/03/27;Olivia Dlamini
T02414;S002;Rivonia;C0878;Guest;P0017;Face Moisturiser;Beauty;5;249.99;1249.95;Mobile Pay;2026/02/10;Olivia Dlamini
T02415;S002;Rivonia;C1674;Guest;P0016;Skincare Set;Beauty;4;599.99;2399.96;Cash;2026/01/31;Michael Williams
T02416;S002;Rivonia;C1339;Member;P0014;Yoga Mat;Sportswear;6;399.99;2399.94;Card;2026/01/19;Sophie Mthembu
T02417;S002;Rivonia;C2936;Member;P0014;Yoga Mat;Sportswear;2;399.99;799.98;Mobile Pay;2026/04/09;Olivia Dlamini
T02418;S002;Rivonia;C0573;Member;P0004;USB-C Charger;Electronics;6;299.99;1799.94;Card;2026/06/29;Emma Nkosi
T02419;S002;Rivonia;C0810;Guest;P0008;Blender;Appliances;1;899.99;899.99;Mobile Pay;2026/06/24;James Botha
T02420;S002;Rivonia;C1128;Guest;P0010;Cotton T-Shirt;Clothing;5;249.99;1249.95;Card;2026/03/27;Emma Nkosi
T02421;S002;Rivonia;C0157;Member;P0025;Novel Book;Books;6;199.99;1199.94;Cash;2026/03/01;Olivia Dlamini
T02422;S002;Rivonia;C0737;Member;P0001;Wireless Headphones;Electronics;3;899.99;2699.97;Mobile Pay;2026/03/04;Sarah Mokoena
T02423;S002;Rivonia;C1299;Member;P0013;Running Shoes;Sportswear;2;1499.5;2999.0;Card;2026/06/23;Noah Pillay
T02424;S002;Rivonia;C2118;Guest;P0010;Cotton T-Shirt;Clothing;2;249.99;499.98;Bank Transfer;2026/01/24;James Botha
T02425;S002;Rivonia;C1073;Member;P0001;Wireless Headphones;Electronics;6;899.99;5399.94;Bank Transfer;2026/04/08;Emma Nkosi
T02426;S002;Rivonia;C0391;Member;P0014;Yoga Mat;Sportswear;2;399.99;799.98;Cash;2026/02/26;Emma Nkosi
T02427;S002;Rivonia;C0158;Member;P0010;Cotton T-Shirt;Clothing;5;249.99;1249.95;Card;2026/01/10;Noah Pillay
T02428;S002;Rivonia;C2275;Guest;P0008;Blender;Appliances;2;899.99;1799.98;Bank Transfer;2026/03/10;Liam Jacobs
T02429;S002;Rivonia;C2942;Guest;P0010;Cotton T-Shirt;Clothing;6;249.99;1499.94;Mobile Pay;2026/02/12;Liam Jacobs
T02430;S002;Rivonia;C2834;Guest;P0007;Air Fryer;Appliances;1;1799.99;1799.99;Mobile Pay;2026/03/27;Emma Nkosi
T02431;S002;Rivonia;C1230;Guest;P0001;Wireless Headphones;Electronics;3;899.99;2699.97;Bank Transfer;2026/02/20;Sophie Mthembu
T02432;S002;Rivonia;C0455;Member;P0023;Dinner Plate Set;Kitchen;1;499.99;499.99;Bank Transfer;2026/04/13;Olivia Dlamini
T02433;S002;Rivonia;C2356;Member;P0025;Novel Book;Books;1;199.99;199.99;Mobile Pay;2026/01/26;Jessica Naidoo
T02434;S002;Rivonia;C0065;Guest;P0020;Table Lamp;Home & Decor;3;699.99;2099.97;Card;2026/03/09;Sarah Mokoena
T02435;S002;Rivonia;C0053;Member;P0011;Denim Jeans;Clothing;2;799.99;1599.98;Mobile Pay;2026/06/26;James Botha
T02436;S002;Rivonia;C1162;Member;P0005;Laptop Backpack;Accessories;2;549.99;1099.98;Card;2026/04/19;Jessica Naidoo
T02437;S002;Rivonia;C1020;Guest;P0012;Hooded Sweatshirt;Clothing;1;599.99;599.99;Bank Transfer;2026/04/27;Olivia Dlamini
T02438;S002;Rivonia;C1093;Guest;P0023;Dinner Plate Set;Kitchen;4;499.99;1999.96;Bank Transfer;2026/02/15;Jessica Naidoo
T02439;S002;Rivonia;C1039;Member;P0011;Denim Jeans;Clothing;1;799.99;799.99;Mobile Pay;2026/02/04;Olivia Dlamini
T02440;S002;Rivonia;C0571;Guest;P0010;Cotton T-Shirt;Clothing;2;249.99;499.98;Bank Transfer;2026/04/18;Jessica Naidoo
T02441;S002;Rivonia;C1331;Member;P0012;Hooded Sweatshirt;Clothing;4;599.99;2399.96;Bank Transfer;2026/01/28;Sophie Mthembu
T02442;S002;Rivonia;C1573;Guest;P0021;Cushion Set;Home & Decor;4;299.99;1199.96;Bank Transfer;2026/02/20;Daniel Smith
T02443;S002;Rivonia;C1924;Guest;P0007;Air Fryer;Appliances;1;1799.99;1799.99;Card;2026/02/02;Emma Nkosi
T02444;S002;Rivonia;C0028;Member;P0010;Cotton T-Shirt;Clothing;2;249.99;499.98;Bank Transfer;2026/02/06;Olivia Dlamini
T02445;S002;Rivonia;C2279;Member;P0002;Bluetooth Speaker;Electronics;5;649.99;3249.95;Bank Transfer;2026/03/29;Emma Nkosi
T02446;S002;Rivonia;C1152;Guest;P0011;Denim Jeans;Clothing;4;799.99;3199.96;Card;2026/01/17;Noah Pillay
T02447;S002;Rivonia;C1126;Guest;P0003;Smart Watch;Electronics;2;1299.99;2599.98;Card;2026/02/16;Noah Pillay
T02448;S002;Rivonia;C0083;Member;P0017;Face Moisturiser;Beauty;5;249.99;1249.95;Bank Transfer;2026/01/22;Sarah Mokoena
T02449;S002;Rivonia;C1650;Guest;P0016;Skincare Set;Beauty;5;599.99;2999.95;Bank Transfer;2026/03/22;Olivia Dlamini
T02450;S002;Rivonia;C1616;Member;P0016;Skincare Set;Beauty;5;599.99;2999.95;Mobile Pay;2026/05/20;Liam Jacobs
T02451;S002;Rivonia;C1000;Member;P0014;Yoga Mat;Sportswear;5;399.99;1999.95;Card;2026/01/02;James Botha
T02452;S002;Rivonia;C2185;Member;P0025;Novel Book;Books;4;199.99;799.96;Card;2026/04/02;Emma Nkosi
T02453;S002;Rivonia;C2126;Guest;P0006;Coffee Maker;Appliances;1;1299.99;1299.99;Bank Transfer;2026/01/02;Noah Pillay
T02454;S002;Rivonia;C1930;Member;P0011;Denim Jeans;Clothing;5;799.99;3999.95;Mobile Pay;2026/02/23;Liam Jacobs
T02455;S002;Rivonia;C0176;Member;P0017;Face Moisturiser;Beauty;2;249.99;499.98;Mobile Pay;2026/05/24;Jessica Naidoo
T02456;S002;Rivonia;C2153;Member;P0011;Denim Jeans;Clothing;5;799.99;3999.95;Bank Transfer;2026/05/07;James Botha
T02457;S002;Rivonia;C1354;Member;P0005;Laptop Backpack;Accessories;3;549.99;1649.97;Bank Transfer;2026/01/11;Sarah Mokoena
T02458;S002;Rivonia;C2704;Guest;P0012;Hooded Sweatshirt;Clothing;6;599.99;3599.94;Bank Transfer;2026/06/09;Jessica Naidoo
T02459;S002;Rivonia;C0817;Guest;P0018;Perfume;Beauty;4;899.99;3599.96;Cash;2026/04/29;Daniel Smith
T02460;S002;Rivonia;C2678;Member;P0015;Sports Bottle;Sportswear;3;199.99;599.97;Bank Transfer;2026/02/19;Liam Jacobs
T02461;S002;Rivonia;C1009;Guest;P0022;Cookware Set;Kitchen;1;1599.99;1599.99;Bank Transfer;2026/01/23;Sarah Mokoena
T02462;S002;Rivonia;C2648;Member;P0023;Dinner Plate Set;Kitchen;2;499.99;999.98;Mobile Pay;2026/06/12;Sophie Mthembu
T02463;S002;Rivonia;C1847;Member;P0022;Cookware Set;Kitchen;5;1599.99;7999.95;Bank Transfer;2026/06/24;Liam Jacobs
T02464;S002;Rivonia;C1422;Guest;P0002;Bluetooth Speaker;Electronics;1;649.99;649.99;Mobile Pay;2026/04/09;Emma Nkosi
T02465;S002;Rivonia;C1274;Member;P0010;Cotton T-Shirt;Clothing;6;249.99;1499.94;Cash;2026/04/03;James Botha
T02466;S002;Rivonia;C2772;Member;P0006;Coffee Maker;Appliances;2;1299.99;2599.98;Cash;2026/02/23;Jessica Naidoo
T02467;S002;Rivonia;C1419;Guest;P0017;Face Moisturiser;Beauty;4;249.99;999.96;Mobile Pay;2026/06/09;Daniel Smith
T02468;S002;Rivonia;C1764;Member;P0002;Bluetooth Speaker;Electronics;6;649.99;3899.94;Card;2026/03/23;James Botha
T02469;S002;Rivonia;C0141;Guest;P0022;Cookware Set;Kitchen;2;1599.99;3199.98;Mobile Pay;2026/01/06;Liam Jacobs
T02470;S002;Rivonia;C1162;Guest;P0004;USB-C Charger;Electronics;4;299.99;1199.96;Bank Transfer;2026/05/14;Liam Jacobs
T02471;S002;Rivonia;C1099;Member;P0021;Cushion Set;Home & Decor;6;299.99;1799.94;Cash;2026/04/27;Noah Pillay
T02472;S002;Rivonia;C0443;Guest;P0025;Novel Book;Books;3;199.99;599.97;Mobile Pay;2026/04/17;Olivia Dlamini
T02473;S002;Rivonia;C2441;Member;P0016;Skincare Set;Beauty;5;599.99;2999.95;Cash;2026/03/02;James Botha
T02474;S002;Rivonia;C2296;Member;P0009;Electric Kettle;Appliances;4;499.99;1999.96;Mobile Pay;2026/06/30;Olivia Dlamini
T02475;S002;Rivonia;C0319;Guest;P0010;Cotton T-Shirt;Clothing;3;249.99;749.97;Mobile Pay;2026/06/29;Noah Pillay
T02476;S002;Rivonia;C1095;Member;P0018;Perfume;Beauty;1;899.99;899.99;Card;2026/05/23;Sophie Mthembu
T02477;S002;Rivonia;C2231;Member;P0016;Skincare Set;Beauty;5;599.99;2999.95;Card;2026/04/28;Sophie Mthembu
T02478;S002;Rivonia;C2024;Member;P0010;Cotton T-Shirt;Clothing;6;249.99;1499.94;Mobile Pay;2026/02/19;James Botha
T02479;S002;Rivonia;C0764;Guest;P0009;Electric Kettle;Appliances;6;499.99;2999.94;Bank Transfer;2026/05/10;Noah Pillay
T02480;S002;Rivonia;C0343;Guest;P0019;Throw Blanket;Home & Decor;2;449.99;899.98;Mobile Pay;2026/06/08;Sophie Mthembu
T02481;S002;Rivonia;C0090;Member;P0023;Dinner Plate Set;Kitchen;6;499.99;2999.94;Cash;2026/01/16;Daniel Smith
T02482;S002;Rivonia;C1307;Member;P0023;Dinner Plate Set;Kitchen;2;499.99;999.98;Cash;2026/02/12;Sophie Mthembu
T02483;S002;Rivonia;C0816;Guest;P0022;Cookware Set;Kitchen;1;1599.99;1599.99;Card;2026/02/13;Olivia Dlamini
T02484;S002;Rivonia;C2564;Guest;P0006;Coffee Maker;Appliances;5;1299.99;6499.95;Card;2026/01/14;Noah Pillay
T02485;S002;Rivonia;C0841;Guest;P0002;Bluetooth Speaker;Electronics;3;649.99;1949.97;Card;2026/02/05;Jessica Naidoo
T02486;S002;Rivonia;C1338;Guest;P0012;Hooded Sweatshirt;Clothing;1;599.99;599.99;Mobile Pay;2026/04/12;Olivia Dlamini
T02487;S002;Rivonia;C2109;Member;P0008;Blender;Appliances;6;899.99;5399.94;Bank Transfer;2026/02/02;Emma Nkosi
T02488;S002;Rivonia;C1360;Member;P0003;Smart Watch;Electronics;3;1299.99;3899.97;Mobile Pay;2026/03/07;Michael Williams
T02489;S002;Rivonia;C1790;Guest;P0021;Cushion Set;Home & Decor;4;299.99;1199.96;Bank Transfer;2026/02/04;Jessica Naidoo
T02490;S002;Rivonia;C1604;Guest;P0017;Face Moisturiser;Beauty;3;249.99;749.97;Mobile Pay;2026/06/16;Daniel Smith
T02491;S002;Rivonia;C1887;Guest;P0013;Running Shoes;Sportswear;6;1499.5;8997.0;Bank Transfer;2026/04/15;Jessica Naidoo
T02492;S002;Rivonia;C0866;Member;P0017;Face Moisturiser;Beauty;3;249.99;749.97;Cash;2026/05/05;Sophie Mthembu
T02493;S002;Rivonia;C2026;Member;P0003;Smart Watch;Electronics;6;1299.99;7799.94;Card;2026/03/17;Liam Jacobs
T02494;S002;Rivonia;C2027;Guest;P0004;USB-C Charger;Electronics;2;299.99;599.98;Mobile Pay;2026/06/18;Michael Williams
T02495;S002;Rivonia;C1168;Member;P0003;Smart Watch;Electronics;4;1299.99;5199.96;Mobile Pay;2026/05/27;Sophie Mthembu
T02496;S002;Rivonia;C1694;Guest;P0018;Perfume;Beauty;1;899.99;899.99;Mobile Pay;2026/05/06;Olivia Dlamini
T02497;S002;Rivonia;C2199;Member;P0025;Novel Book;Books;4;199.99;799.96;Card;2026/06/10;Jessica Naidoo
T02498;S002;Rivonia;C0741;Member;P0002;Bluetooth Speaker;Electronics;4;649.99;2599.96;Card;2026/03/27;James Botha
T02499;S002;Rivonia;C2399;Member;P0013;Running Shoes;Sportswear;6;1499.5;8997.0;Card;2026/03/23;Sarah Mokoena
T02500;S002;Rivonia;C0409;Member;P0025;Novel Book;Books;3;199.99;599.97;Cash;2026/01/05;James Botha
T02501;S002;Rivonia;C0607;Member;P0024;Storage Container Set;Kitchen;1;349.99;349.99;Mobile Pay;2026/02/14;Jessica Naidoo
T02502;S002;Rivonia;C2409;Guest;P0021;Cushion Set;Home & Decor;5;299.99;1499.95;Mobile Pay;2026/02/14;Jessica Naidoo
T02503;S002;Rivonia;C2447;Member;P0023;Dinner Plate Set;Kitchen;1;499.99;499.99;Mobile Pay;2026/02/20;Emma Nkosi
T02504;S002;Rivonia;C1197;Guest;P0001;Wireless Headphones;Electronics;4;899.99;3599.96;Bank Transfer;2026/03/06;Olivia Dlamini
T02505;S002;Rivonia;C0613;Member;P0005;Laptop Backpack;Accessories;4;549.99;2199.96;Card;2026/04/15;Jessica Naidoo
T02506;S002;Rivonia;C1701;Guest;P0017;Face Moisturiser;Beauty;5;249.99;1249.95;Cash;2026/03/09;Michael Williams
T02507;S002;Rivonia;C0285;Guest;P0025;Novel Book;Books;6;199.99;1199.94;Bank Transfer;2026/03/06;Jessica Naidoo
T02508;S002;Rivonia;C2950;Member;P0018;Perfume;Beauty;1;899.99;899.99;Card;2026/04/11;Liam Jacobs
T02509;S002;Rivonia;C0196;Member;P0009;Electric Kettle;Appliances;5;499.99;2499.95;Bank Transfer;2026/05/05;Noah Pillay
T02510;S002;Rivonia;C0234;Member;P0011;Denim Jeans;Clothing;5;799.99;3999.95;Bank Transfer;2026/06/27;Daniel Smith
T02511;S002;Rivonia;C0744;Member;P0016;Skincare Set;Beauty;5;599.99;2999.95;Cash;2026/03/24;Noah Pillay
T02512;S002;Rivonia;C1037;Member;P0013;Running Shoes;Sportswear;5;1499.5;7497.5;Cash;2026/05/20;Noah Pillay
T02513;S002;Rivonia;C1120;Guest;P0024;Storage Container Set;Kitchen;6;349.99;2099.94;Cash;2026/04/04;Noah Pillay
T02514;S002;Rivonia;C2904;Member;P0019;Throw Blanket;Home & Decor;5;449.99;2249.95;Bank Transfer;2026/04/02;James Botha
T02515;S002;Rivonia;C0069;Guest;P0011;Denim Jeans;Clothing;3;799.99;2399.97;Bank Transfer;2026/06/28;Jessica Naidoo
T02516;S002;Rivonia;C2471;Member;P0010;Cotton T-Shirt;Clothing;6;249.99;1499.94;Card;2026/06/10;Liam Jacobs
T02517;S002;Rivonia;C2383;Member;P0011;Denim Jeans;Clothing;4;799.99;3199.96;Cash;2026/03/27;Liam Jacobs
T02518;S002;Rivonia;C2041;Member;P0010;Cotton T-Shirt;Clothing;6;249.99;1499.94;Bank Transfer;2026/03/03;Michael Williams
T02519;S002;Rivonia;C0756;Guest;P0014;Yoga Mat;Sportswear;3;399.99;1199.97;Bank Transfer;2026/01/16;Olivia Dlamini
T02520;S002;Rivonia;C1947;Guest;P0019;Throw Blanket;Home & Decor;4;449.99;1799.96;Bank Transfer;2026/03/10;Liam Jacobs
T02521;S002;Rivonia;C2865;Member;P0001;Wireless Headphones;Electronics;2;899.99;1799.98;Bank Transfer;2026/05/03;Noah Pillay
T02522;S002;Rivonia;C1662;Guest;P0001;Wireless Headphones;Electronics;4;899.99;3599.96;Card;2026/01/19;Daniel Smith
T02523;S002;Rivonia;C2970;Member;P0006;Coffee Maker;Appliances;5;1299.99;6499.95;Cash;2026/02/02;Michael Williams
T02524;S002;Rivonia;C2283;Member;P0024;Storage Container Set;Kitchen;1;349.99;349.99;Card;2026/05/05;Michael Williams
T02525;S002;Rivonia;C0018;Member;P0007;Air Fryer;Appliances;1;1799.99;1799.99;Mobile Pay;2026/03/09;Jessica Naidoo
T02526;S002;Rivonia;C2167;Member;P0001;Wireless Headphones;Electronics;1;899.99;899.99;Card;2026/04/10;Liam Jacobs
T02527;S002;Rivonia;C1178;Member;P0008;Blender;Appliances;2;899.99;1799.98;Cash;2026/06/25;Liam Jacobs
T02528;S002;Rivonia;C0611;Member;P0010;Cotton T-Shirt;Clothing;1;249.99;249.99;Bank Transfer;2026/05/30;Sarah Mokoena
T02529;S002;Rivonia;C1618;Guest;P0019;Throw Blanket;Home & Decor;1;449.99;449.99;Card;2026/05/26;Michael Williams
T02530;S002;Rivonia;C1115;Guest;P0024;Storage Container Set;Kitchen;5;349.99;1749.95;Cash;2026/05/16;Sophie Mthembu
T02531;S002;Rivonia;C2306;Guest;P0020;Table Lamp;Home & Decor;6;699.99;4199.94;Bank Transfer;2026/06/03;Liam Jacobs
T02532;S002;Rivonia;C2132;Member;P0004;USB-C Charger;Electronics;5;299.99;1499.95;Card;2026/05/26;Noah Pillay
T02533;S002;Rivonia;C2503;Member;P0015;Sports Bottle;Sportswear;5;199.99;999.95;Bank Transfer;2026/05/08;Liam Jacobs
T02534;S002;Rivonia;C1960;Guest;P0017;Face Moisturiser;Beauty;3;249.99;749.97;Mobile Pay;2026/06/18;Liam Jacobs
T02535;S002;Rivonia;C2690;Member;P0024;Storage Container Set;Kitchen;2;349.99;699.98;Card;2026/05/17;Sarah Mokoena
T02536;S002;Rivonia;C1581;Guest;P0002;Bluetooth Speaker;Electronics;1;649.99;649.99;Card;2026/06/19;Jessica Naidoo
T02537;S002;Rivonia;C0059;Guest;P0013;Running Shoes;Sportswear;3;1499.5;4498.5;Cash;2026/05/24;Olivia Dlamini
T02538;S002;Rivonia;C2373;Member;P0002;Bluetooth Speaker;Electronics;4;649.99;2599.96;Card;2026/06/13;Daniel Smith
T02539;S002;Rivonia;C0126;Member;P0004;USB-C Charger;Electronics;5;299.99;1499.95;Card;2026/05/27;Olivia Dlamini
T02540;S002;Rivonia;C0108;Guest;P0006;Coffee Maker;Appliances;5;1299.99;6499.95;Card;2026/02/04;Michael Williams
T02541;S002;Rivonia;C0771;Guest;P0024;Storage Container Set;Kitchen;3;349.99;1049.97;Bank Transfer;2026/03/17;Emma Nkosi
T02542;S002;Rivonia;C1920;Member;P0006;Coffee Maker;Appliances;2;1299.99;2599.98;Card;2026/01/03;Liam Jacobs
T02543;S002;Rivonia;C2412;Member;P0023;Dinner Plate Set;Kitchen;2;499.99;999.98;Card;2026/04/06;James Botha
T02544;S002;Rivonia;C2890;Member;P0013;Running Shoes;Sportswear;5;1499.5;7497.5;Card;2026/05/05;Emma Nkosi
T02545;S002;Rivonia;C1080;Member;P0014;Yoga Mat;Sportswear;4;399.99;1599.96;Mobile Pay;2026/02/08;Sarah Mokoena
T02546;S002;Rivonia;C2628;Guest;P0011;Denim Jeans;Clothing;2;799.99;1599.98;Card;2026/02/03;Emma Nkosi
T02547;S002;Rivonia;C2742;Member;P0003;Smart Watch;Electronics;3;1299.99;3899.97;Mobile Pay;2026/06/30;Liam Jacobs
T02548;S002;Rivonia;C1602;Member;P0008;Blender;Appliances;6;899.99;5399.94;Mobile Pay;2026/02/09;Liam Jacobs
T02549;S002;Rivonia;C1372;Member;P0008;Blender;Appliances;4;899.99;3599.96;Mobile Pay;2026/03/08;Sophie Mthembu
T02550;S002;Rivonia;C0003;Guest;P0004;USB-C Charger;Electronics;5;299.99;1499.95;Card;2026/06/12;Jessica Naidoo
T02551;S002;Rivonia;C0438;Member;P0012;Hooded Sweatshirt;Clothing;2;599.99;1199.98;Bank Transfer;2026/03/10;Emma Nkosi
T02552;S002;Rivonia;C1576;Member;P0015;Sports Bottle;Sportswear;3;199.99;599.97;Card;2026/02/09;Daniel Smith
T02553;S002;Rivonia;C2439;Member;P0003;Smart Watch;Electronics;1;1299.99;1299.99;Mobile Pay;2026/02/16;Sophie Mthembu
T02554;S002;Rivonia;C0204;Guest;P0013;Running Shoes;Sportswear;4;1499.5;5998.0;Mobile Pay;2026/05/13;Olivia Dlamini
T02555;S002;Rivonia;C2844;Guest;P0001;Wireless Headphones;Electronics;3;899.99;2699.97;Cash;2026/06/29;Emma Nkosi
T02556;S002;Rivonia;C1544;Guest;P0004;USB-C Charger;Electronics;5;299.99;1499.95;Mobile Pay;2026/05/27;James Botha
T02557;S002;Rivonia;C0131;Guest;P0005;Laptop Backpack;Accessories;4;549.99;2199.96;Bank Transfer;2026/01/01;Jessica Naidoo
T02558;S002;Rivonia;C0502;Member;P0020;Table Lamp;Home & Decor;6;699.99;4199.94;Card;2026/01/24;Daniel Smith
T02559;S002;Rivonia;C1368;Member;P0012;Hooded Sweatshirt;Clothing;2;599.99;1199.98;Cash;2026/06/04;Sarah Mokoena
T02560;S002;Rivonia;C1394;Member;P0013;Running Shoes;Sportswear;2;1499.5;2999.0;Mobile Pay;2026/04/08;Jessica Naidoo
T02561;S002;Rivonia;C0240;Member;P0016;Skincare Set;Beauty;1;599.99;599.99;Bank Transfer;2026/06/08;Daniel Smith
T02562;S002;Rivonia;C0449;Guest;P0020;Table Lamp;Home & Decor;4;699.99;2799.96;Cash;2026/05/20;Olivia Dlamini
T02563;S002;Rivonia;C2604;Guest;P0019;Throw Blanket;Home & Decor;2;449.99;899.98;Bank Transfer;2026/04/17;Michael Williams
T02564;S002;Rivonia;C2030;Member;P0006;Coffee Maker;Appliances;1;1299.99;1299.99;Mobile Pay;2026/01/11;James Botha
T02565;S002;Rivonia;C0772;Member;P0010;Cotton T-Shirt;Clothing;6;249.99;1499.94;Bank Transfer;2026/06/01;Jessica Naidoo
T02566;S002;Rivonia;C2575;Guest;P0015;Sports Bottle;Sportswear;6;199.99;1199.94;Mobile Pay;2026/06/26;Olivia Dlamini
T02567;S002;Rivonia;C2114;Member;P0016;Skincare Set;Beauty;1;599.99;599.99;Cash;2026/05/13;Noah Pillay
T02568;S002;Rivonia;C0616;Guest;P0009;Electric Kettle;Appliances;1;499.99;499.99;Bank Transfer;2026/03/04;Liam Jacobs
T02569;S002;Rivonia;C0827;Guest;P0025;Novel Book;Books;1;199.99;199.99;Mobile Pay;2026/05/27;Jessica Naidoo
T02570;S002;Rivonia;C1797;Guest;P0019;Throw Blanket;Home & Decor;3;449.99;1349.97;Cash;2026/05/06;Noah Pillay
T02571;S002;Rivonia;C1252;Guest;P0009;Electric Kettle;Appliances;4;499.99;1999.96;Bank Transfer;2026/02/07;Sophie Mthembu
T02572;S002;Rivonia;C1521;Guest;P0018;Perfume;Beauty;5;899.99;4499.95;Bank Transfer;2026/04/30;Daniel Smith
T02573;S002;Rivonia;C2214;Member;P0019;Throw Blanket;Home & Decor;5;449.99;2249.95;Bank Transfer;2026/06/02;Sophie Mthembu
T02574;S002;Rivonia;C0636;Member;P0016;Skincare Set;Beauty;1;599.99;599.99;Cash;2026/05/22;Emma Nkosi
T02575;S002;Rivonia;C1534;Member;P0024;Storage Container Set;Kitchen;2;349.99;699.98;Cash;2026/02/05;Liam Jacobs
T02576;S002;Rivonia;C1406;Member;P0007;Air Fryer;Appliances;6;1799.99;10799.94;Card;2026/06/18;Daniel Smith
T02577;S002;Rivonia;C2120;Member;P0024;Storage Container Set;Kitchen;6;349.99;2099.94;Card;2026/06/14;Emma Nkosi
T02578;S002;Rivonia;C0191;Member;P0007;Air Fryer;Appliances;5;1799.99;8999.95;Mobile Pay;2026/05/01;James Botha
T02579;S002;Rivonia;C0443;Guest;P0009;Electric Kettle;Appliances;4;499.99;1999.96;Bank Transfer;2026/01/31;Olivia Dlamini
T02580;S002;Rivonia;C1663;Member;P0006;Coffee Maker;Appliances;5;1299.99;6499.95;Bank Transfer;2026/03/17;Michael Williams
T02581;S002;Rivonia;C0039;Member;P0022;Cookware Set;Kitchen;1;1599.99;1599.99;Cash;2026/03/15;Daniel Smith
T02582;S002;Rivonia;C1672;Member;P0014;Yoga Mat;Sportswear;6;399.99;2399.94;Mobile Pay;2026/02/02;Daniel Smith
T02583;S002;Rivonia;C1873;Guest;P0018;Perfume;Beauty;4;899.99;3599.96;Mobile Pay;2026/03/14;Olivia Dlamini
T02584;S002;Rivonia;C0655;Member;P0006;Coffee Maker;Appliances;2;1299.99;2599.98;Mobile Pay;2026/05/26;Olivia Dlamini
T02585;S002;Rivonia;C2456;Member;P0016;Skincare Set;Beauty;3;599.99;1799.97;Card;2026/02/26;Liam Jacobs
T02586;S002;Rivonia;C2276;Member;P0011;Denim Jeans;Clothing;3;799.99;2399.97;Cash;2026/02/18;Liam Jacobs
T02587;S002;Rivonia;C0942;Member;P0019;Throw Blanket;Home & Decor;5;449.99;2249.95;Bank Transfer;2026/06/28;James Botha
T02588;S002;Rivonia;C1448;Member;P0012;Hooded Sweatshirt;Clothing;3;599.99;1799.97;Mobile Pay;2026/02/06;Emma Nkosi
T02589;S002;Rivonia;C2864;Member;P0017;Face Moisturiser;Beauty;1;249.99;249.99;Mobile Pay;2026/03/11;Sarah Mokoena
T02590;S002;Rivonia;C1945;Member;P0015;Sports Bottle;Sportswear;2;199.99;399.98;Card;2026/02/12;Jessica Naidoo
T02591;S002;Rivonia;C1128;Member;P0003;Smart Watch;Electronics;3;1299.99;3899.97;Cash;2026/02/20;Michael Williams
T02592;S002;Rivonia;C0039;Guest;P0013;Running Shoes;Sportswear;4;1499.5;5998.0;Mobile Pay;2026/03/29;Emma Nkosi
T02593;S002;Rivonia;C0581;Member;P0019;Throw Blanket;Home & Decor;2;449.99;899.98;Cash;2026/02/06;Noah Pillay
T02594;S002;Rivonia;C2436;Member;P0020;Table Lamp;Home & Decor;5;699.99;3499.95;Bank Transfer;2026/04/05;Sophie Mthembu
T02595;S002;Rivonia;C2521;Member;P0015;Sports Bottle;Sportswear;1;199.99;199.99;Mobile Pay;2026/06/03;Sarah Mokoena
T02596;S002;Rivonia;C1856;Member;P0011;Denim Jeans;Clothing;3;799.99;2399.97;Cash;2026/04/26;Olivia Dlamini
T02597;S002;Rivonia;C2956;Guest;P0022;Cookware Set;Kitchen;3;1599.99;4799.97;Card;2026/05/17;Daniel Smith
T02598;S002;Rivonia;C0594;Member;P0012;Hooded Sweatshirt;Clothing;2;599.99;1199.98;Card;2026/03/12;Liam Jacobs
T02599;S002;Rivonia;C2827;Member;P0020;Table Lamp;Home & Decor;6;699.99;4199.94;Mobile Pay;2026/03/21;Noah Pillay
T02600;S002;Rivonia;C0423;Guest;P0016;Skincare Set;Beauty;6;599.99;3599.94;Mobile Pay;2026/05/15;Sophie Mthembu
T02601;S002;Rivonia;C0473;Guest;P0011;Denim Jeans;Clothing;5;799.99;3999.95;Card;2026/01/25;Emma Nkosi
T02602;S002;Rivonia;C1702;Member;P0001;Wireless Headphones;Electronics;2;899.99;1799.98;Bank Transfer;2026/02/01;Sophie Mthembu
T02603;S002;Rivonia;C1624;Member;P0005;Laptop Backpack;Accessories;2;549.99;1099.98;Card;2026/04/09;Daniel Smith
T02604;S002;Rivonia;C2012;Member;P0012;Hooded Sweatshirt;Clothing;2;599.99;1199.98;Cash;2026/06/23;Michael Williams
T02605;S002;Rivonia;C1114;Member;P0007;Air Fryer;Appliances;4;1799.99;7199.96;Bank Transfer;2026/06/18;Michael Williams
T02606;S002;Rivonia;C0002;Guest;P0016;Skincare Set;Beauty;1;599.99;599.99;Bank Transfer;2026/01/10;Noah Pillay
T02607;S002;Rivonia;C1940;Guest;P0018;Perfume;Beauty;6;899.99;5399.94;Cash;2026/01/12;Sophie Mthembu
T02608;S002;Rivonia;C2410;Member;P0020;Table Lamp;Home & Decor;6;699.99;4199.94;Cash;2026/05/26;Olivia Dlamini
T02609;S002;Rivonia;C1051;Member;P0020;Table Lamp;Home & Decor;2;699.99;1399.98;Bank Transfer;2026/03/12;Jessica Naidoo
T02610;S002;Rivonia;C0680;Member;P0012;Hooded Sweatshirt;Clothing;6;599.99;3599.94;Mobile Pay;2026/04/16;Sarah Mokoena
T02611;S002;Rivonia;C0382;Member;P0006;Coffee Maker;Appliances;1;1299.99;1299.99;Cash;2026/06/24;Jessica Naidoo
T02612;S002;Rivonia;C0447;Guest;P0016;Skincare Set;Beauty;6;599.99;3599.94;Card;2026/01/04;Jessica Naidoo
T02613;S002;Rivonia;C1776;Guest;P0023;Dinner Plate Set;Kitchen;1;499.99;499.99;Cash;2026/04/23;Sophie Mthembu
T02614;S002;Rivonia;C2010;Guest;P0004;USB-C Charger;Electronics;4;299.99;1199.96;Cash;2026/01/11;Liam Jacobs
T02615;S002;Rivonia;C0448;Member;P0002;Bluetooth Speaker;Electronics;3;649.99;1949.97;Bank Transfer;2026/02/02;Liam Jacobs
T02616;S002;Rivonia;C0955;Member;P0002;Bluetooth Speaker;Electronics;6;649.99;3899.94;Cash;2026/06/01;Noah Pillay
T02617;S002;Rivonia;C0977;Member;P0002;Bluetooth Speaker;Electronics;1;649.99;649.99;Cash;2026/04/20;Jessica Naidoo
T02618;S002;Rivonia;C1900;Member;P0010;Cotton T-Shirt;Clothing;3;249.99;749.97;Mobile Pay;2026/05/27;Sarah Mokoena
T02619;S002;Rivonia;C2251;Member;P0010;Cotton T-Shirt;Clothing;1;249.99;249.99;Card;2026/05/25;Sophie Mthembu
T02620;S002;Rivonia;C0582;Guest;P0022;Cookware Set;Kitchen;4;1599.99;6399.96;Cash;2026/03/03;Sophie Mthembu
T02621;S002;Rivonia;C0557;Member;P0003;Smart Watch;Electronics;2;1299.99;2599.98;Cash;2026/06/02;Daniel Smith
T02622;S002;Rivonia;C2062;Member;P0014;Yoga Mat;Sportswear;4;399.99;1599.96;Bank Transfer;2026/06/22;James Botha
T02623;S002;Rivonia;C0144;Guest;P0001;Wireless Headphones;Electronics;6;899.99;5399.94;Mobile Pay;2026/02/28;James Botha
T02624;S002;Rivonia;C2907;Guest;P0016;Skincare Set;Beauty;4;599.99;2399.96;Mobile Pay;2026/02/15;Noah Pillay
T02625;S002;Rivonia;C1112;Member;P0001;Wireless Headphones;Electronics;3;899.99;2699.97;Card;2026/02/27;Liam Jacobs
T02626;S002;Rivonia;C2873;Member;P0003;Smart Watch;Electronics;1;1299.99;1299.99;Cash;2026/02/05;Daniel Smith
T02627;S002;Rivonia;C1523;Guest;P0013;Running Shoes;Sportswear;4;1499.5;5998.0;Bank Transfer;2026/06/23;Sarah Mokoena
T02628;S002;Rivonia;C0371;Member;P0020;Table Lamp;Home & Decor;3;699.99;2099.97;Mobile Pay;2026/02/14;Liam Jacobs
T02629;S002;Rivonia;C1926;Member;P0003;Smart Watch;Electronics;6;1299.99;7799.94;Card;2026/01/11;Liam Jacobs
T02630;S002;Rivonia;C2959;Member;P0014;Yoga Mat;Sportswear;5;399.99;1999.95;Card;2026/02/14;Jessica Naidoo
T02631;S002;Rivonia;C2416;Member;P0015;Sports Bottle;Sportswear;2;199.99;399.98;Bank Transfer;2026/02/14;Noah Pillay
T02632;S002;Rivonia;C0956;Member;P0020;Table Lamp;Home & Decor;3;699.99;2099.97;Mobile Pay;2026/01/11;Jessica Naidoo
T02633;S002;Rivonia;C2919;Guest;P0002;Bluetooth Speaker;Electronics;6;649.99;3899.94;Card;2026/03/15;Noah Pillay
T02634;S002;Rivonia;C1966;Guest;P0012;Hooded Sweatshirt;Clothing;2;599.99;1199.98;Card;2026/05/18;Olivia Dlamini
T02635;S002;Rivonia;C0221;Member;P0006;Coffee Maker;Appliances;5;1299.99;6499.95;Cash;2026/06/03;Emma Nkosi
T02636;S002;Rivonia;C1347;Member;P0009;Electric Kettle;Appliances;2;499.99;999.98;Bank Transfer;2026/05/27;James Botha
T02637;S002;Rivonia;C0758;Member;P0002;Bluetooth Speaker;Electronics;5;649.99;3249.95;Mobile Pay;2026/01/30;Jessica Naidoo
T02638;S002;Rivonia;C0770;Member;P0004;USB-C Charger;Electronics;4;299.99;1199.96;Mobile Pay;2026/01/06;Emma Nkosi
T02639;S002;Rivonia;C1641;Member;P0009;Electric Kettle;Appliances;5;499.99;2499.95;Mobile Pay;2026/05/27;Liam Jacobs
T02640;S002;Rivonia;C2547;Guest;P0005;Laptop Backpack;Accessories;5;549.99;2749.95;Mobile Pay;2026/03/21;Olivia Dlamini
T02641;S002;Rivonia;C0712;Guest;P0018;Perfume;Beauty;3;899.99;2699.97;Card;2026/06/27;Emma Nkosi
T02642;S002;Rivonia;C0215;Guest;P0002;Bluetooth Speaker;Electronics;5;649.99;3249.95;Bank Transfer;2026/01/24;Emma Nkosi
T02643;S002;Rivonia;C0944;Guest;P0013;Running Shoes;Sportswear;3;1499.5;4498.5;Mobile Pay;2026/06/12;Jessica Naidoo
T02644;S002;Rivonia;C2945;Member;P0014;Yoga Mat;Sportswear;2;399.99;799.98;Bank Transfer;2026/03/31;Sophie Mthembu
T02645;S002;Rivonia;C0930;Member;P0023;Dinner Plate Set;Kitchen;2;499.99;999.98;Mobile Pay;2026/04/20;Michael Williams
T02646;S002;Rivonia;C1116;Member;P0010;Cotton T-Shirt;Clothing;4;249.99;999.96;Bank Transfer;2026/02/22;Michael Williams
T02647;S002;Rivonia;C0648;Guest;P0023;Dinner Plate Set;Kitchen;2;499.99;999.98;Mobile Pay;2026/04/09;Daniel Smith
T02648;S002;Rivonia;C0747;Member;P0011;Denim Jeans;Clothing;5;799.99;3999.95;Card;2026/03/21;Emma Nkosi
T02649;S002;Rivonia;C0709;Member;P0020;Table Lamp;Home & Decor;2;699.99;1399.98;Cash;2026/06/08;Emma Nkosi
T02650;S002;Rivonia;C0968;Member;P0019;Throw Blanket;Home & Decor;2;449.99;899.98;Bank Transfer;2026/03/19;Jessica Naidoo
T02651;S002;Rivonia;C0021;Guest;P0025;Novel Book;Books;5;199.99;999.95;Bank Transfer;2026/03/27;Liam Jacobs
T02652;S002;Rivonia;C0731;Member;P0009;Electric Kettle;Appliances;3;499.99;1499.97;Card;2026/05/20;Emma Nkosi
T02653;S002;Rivonia;C0826;Member;P0013;Running Shoes;Sportswear;1;1499.5;1499.5;Card;2026/04/27;Jessica Naidoo
T02654;S002;Rivonia;C1561;Member;P0008;Blender;Appliances;6;899.99;5399.94;Bank Transfer;2026/03/29;Jessica Naidoo
T02655;S002;Rivonia;C0364;Guest;P0017;Face Moisturiser;Beauty;3;249.99;749.97;Bank Transfer;2026/01/30;Liam Jacobs
T02656;S002;Rivonia;C0706;Guest;P0011;Denim Jeans;Clothing;1;799.99;799.99;Card;2026/04/13;Olivia Dlamini
T02657;S002;Rivonia;C1331;Guest;P0021;Cushion Set;Home & Decor;6;299.99;1799.94;Bank Transfer;2026/04/15;Daniel Smith
T02658;S002;Rivonia;C1385;Member;P0020;Table Lamp;Home & Decor;1;699.99;699.99;Card;2026/01/02;Sarah Mokoena
T02659;S002;Rivonia;C1820;Guest;P0012;Hooded Sweatshirt;Clothing;3;599.99;1799.97;Bank Transfer;2026/03/25;Olivia Dlamini
T02660;S002;Rivonia;C1801;Guest;P0016;Skincare Set;Beauty;4;599.99;2399.96;Bank Transfer;2026/03/29;Daniel Smith
T02661;S002;Rivonia;C0925;Member;P0017;Face Moisturiser;Beauty;4;249.99;999.96;Card;2026/03/18;Michael Williams
T02662;S002;Rivonia;C2221;Member;P0009;Electric Kettle;Appliances;2;499.99;999.98;Card;2026/05/25;Noah Pillay
T02663;S002;Rivonia;C0546;Guest;P0012;Hooded Sweatshirt;Clothing;1;599.99;599.99;Bank Transfer;2026/06/16;James Botha
T02664;S002;Rivonia;C2612;Member;P0009;Electric Kettle;Appliances;2;499.99;999.98;Cash;2026/01/05;Jessica Naidoo
T02665;S002;Rivonia;C2387;Member;P0012;Hooded Sweatshirt;Clothing;4;599.99;2399.96;Mobile Pay;2026/03/01;Liam Jacobs
T02666;S002;Rivonia;C2614;Member;P0022;Cookware Set;Kitchen;3;1599.99;4799.97;Card;2026/03/18;Jessica Naidoo
T02667;S002;Rivonia;C0702;Guest;P0002;Bluetooth Speaker;Electronics;5;649.99;3249.95;Card;2026/04/10;Sophie Mthembu
T02668;S002;Rivonia;C2711;Member;P0008;Blender;Appliances;3;899.99;2699.97;Bank Transfer;2026/04/15;Emma Nkosi
T02669;S002;Rivonia;C1409;Guest;P0023;Dinner Plate Set;Kitchen;5;499.99;2499.95;Bank Transfer;2026/05/19;Daniel Smith
T02670;S002;Rivonia;C1900;Member;P0024;Storage Container Set;Kitchen;2;349.99;699.98;Bank Transfer;2026/01/20;Jessica Naidoo
T02671;S002;Rivonia;C2900;Member;P0007;Air Fryer;Appliances;4;1799.99;7199.96;Bank Transfer;2026/06/10;Michael Williams
T02672;S002;Rivonia;C0955;Member;P0024;Storage Container Set;Kitchen;5;349.99;1749.95;Cash;2026/02/26;James Botha
T02673;S002;Rivonia;C1502;Member;P0021;Cushion Set;Home & Decor;4;299.99;1199.96;Cash;2026/05/03;Olivia Dlamini
T02674;S002;Rivonia;C1901;Member;P0024;Storage Container Set;Kitchen;5;349.99;1749.95;Cash;2026/05/03;Liam Jacobs
T02675;S002;Rivonia;C1389;Member;P0006;Coffee Maker;Appliances;4;1299.99;5199.96;Card;2026/06/21;Michael Williams
T02676;S002;Rivonia;C1914;Guest;P0002;Bluetooth Speaker;Electronics;1;649.99;649.99;Cash;2026/02/26;Daniel Smith
T02677;S002;Rivonia;C0815;Member;P0013;Running Shoes;Sportswear;6;1499.5;8997.0;Bank Transfer;2026/03/26;Sophie Mthembu
T02678;S002;Rivonia;C2428;Guest;P0024;Storage Container Set;Kitchen;1;349.99;349.99;Card;2026/02/12;Sophie Mthembu
T02679;S002;Rivonia;C1213;Member;P0005;Laptop Backpack;Accessories;4;549.99;2199.96;Mobile Pay;2026/01/05;Michael Williams
T02680;S002;Rivonia;C1876;Guest;P0007;Air Fryer;Appliances;2;1799.99;3599.98;Card;2026/04/28;Michael Williams
T02681;S002;Rivonia;C0652;Member;P0001;Wireless Headphones;Electronics;6;899.99;5399.94;Mobile Pay;2026/03/30;Liam Jacobs
T02682;S002;Rivonia;C1338;Member;P0006;Coffee Maker;Appliances;4;1299.99;5199.96;Cash;2026/02/08;Michael Williams
T02683;S002;Rivonia;C1938;Member;P0021;Cushion Set;Home & Decor;5;299.99;1499.95;Cash;2026/06/06;Sarah Mokoena
T02684;S002;Rivonia;C2670;Guest;P0024;Storage Container Set;Kitchen;5;349.99;1749.95;Cash;2026/04/19;Olivia Dlamini
T02685;S002;Rivonia;C1625;Guest;P0003;Smart Watch;Electronics;4;1299.99;5199.96;Cash;2026/04/29;Jessica Naidoo
T02686;S002;Rivonia;C2051;Guest;P0003;Smart Watch;Electronics;6;1299.99;7799.94;Cash;2026/06/29;Daniel Smith
T02687;S002;Rivonia;C1154;Guest;P0025;Novel Book;Books;1;199.99;199.99;Mobile Pay;2026/04/10;Emma Nkosi
T02688;S002;Rivonia;C2572;Guest;P0007;Air Fryer;Appliances;3;1799.99;5399.97;Cash;2026/02/21;Sophie Mthembu
T02689;S002;Rivonia;C1903;Member;P0024;Storage Container Set;Kitchen;3;349.99;1049.97;Card;2026/04/16;Noah Pillay
T02690;S002;Rivonia;C2656;Guest;P0022;Cookware Set;Kitchen;6;1599.99;9599.94;Mobile Pay;2026/06/27;James Botha
T02691;S002;Rivonia;C2684;Guest;P0002;Bluetooth Speaker;Electronics;5;649.99;3249.95;Card;2026/02/07;Olivia Dlamini
T02692;S002;Rivonia;C0102;Member;P0009;Electric Kettle;Appliances;1;499.99;499.99;Mobile Pay;2026/06/27;Daniel Smith
T02693;S002;Rivonia;C2328;Member;P0024;Storage Container Set;Kitchen;6;349.99;2099.94;Cash;2026/06/17;Sarah Mokoena
T02694;S002;Rivonia;C0749;Guest;P0002;Bluetooth Speaker;Electronics;6;649.99;3899.94;Bank Transfer;2026/02/18;Liam Jacobs
T02695;S002;Rivonia;C0184;Guest;P0015;Sports Bottle;Sportswear;3;199.99;599.97;Mobile Pay;2026/01/24;Noah Pillay
T02696;S002;Rivonia;C0924;Member;P0009;Electric Kettle;Appliances;5;499.99;2499.95;Card;2026/01/12;Jessica Naidoo
T02697;S002;Rivonia;C1024;Member;P0008;Blender;Appliances;5;899.99;4499.95;Cash;2026/03/21;Jessica Naidoo
T02698;S002;Rivonia;C1378;Guest;P0002;Bluetooth Speaker;Electronics;4;649.99;2599.96;Bank Transfer;2026/04/12;Liam Jacobs
T02699;S002;Rivonia;C1480;Guest;P0009;Electric Kettle;Appliances;6;499.99;2999.94;Mobile Pay;2026/03/27;Michael Williams
T02700;S002;Rivonia;C2108;Member;P0014;Yoga Mat;Sportswear;5;399.99;1999.95;Card;2026/05/24;Olivia Dlamini
T02701;S002;Rivonia;C0319;Member;P0025;Novel Book;Books;5;199.99;999.95;Bank Transfer;2026/05/21;Noah Pillay
T02702;S002;Rivonia;C0924;Member;P0018;Perfume;Beauty;2;899.99;1799.98;Card;2026/04/22;Liam Jacobs
T02703;S002;Rivonia;C1334;Member;P0017;Face Moisturiser;Beauty;1;249.99;249.99;Mobile Pay;2026/03/17;Olivia Dlamini
T02704;S002;Rivonia;C0158;Member;P0013;Running Shoes;Sportswear;5;1499.5;7497.5;Card;2026/04/10;Sarah Mokoena
T02705;S002;Rivonia;C2962;Member;P0006;Coffee Maker;Appliances;3;1299.99;3899.97;Cash;2026/05/29;Noah Pillay
T02706;S002;Rivonia;C2743;Guest;P0019;Throw Blanket;Home & Decor;1;449.99;449.99;Bank Transfer;2026/01/22;Liam Jacobs
T02707;S002;Rivonia;C2893;Guest;P0004;USB-C Charger;Electronics;6;299.99;1799.94;Cash;2026/01/10;Emma Nkosi
T02708;S002;Rivonia;C2980;Member;P0018;Perfume;Beauty;5;899.99;4499.95;Cash;2026/01/05;James Botha
T02709;S002;Rivonia;C2268;Member;P0015;Sports Bottle;Sportswear;4;199.99;799.96;Cash;2026/03/26;Jessica Naidoo
T02710;S002;Rivonia;C1126;Member;P0023;Dinner Plate Set;Kitchen;5;499.99;2499.95;Card;2026/02/25;Noah Pillay
T02711;S002;Rivonia;C2122;Member;P0014;Yoga Mat;Sportswear;1;399.99;399.99;Mobile Pay;2026/02/04;Sarah Mokoena
T02712;S002;Rivonia;C2269;Guest;P0011;Denim Jeans;Clothing;1;799.99;799.99;Bank Transfer;2026/05/25;Liam Jacobs
T02713;S002;Rivonia;C1341;Member;P0005;Laptop Backpack;Accessories;4;549.99;2199.96;Mobile Pay;2026/05/21;Daniel Smith
T02714;S002;Rivonia;C0967;Guest;P0010;Cotton T-Shirt;Clothing;4;249.99;999.96;Bank Transfer;2026/06/09;Noah Pillay
T02715;S002;Rivonia;C2294;Guest;P0013;Running Shoes;Sportswear;4;1499.5;5998.0;Cash;2026/06/19;Sarah Mokoena
T02716;S002;Rivonia;C0533;Member;P0006;Coffee Maker;Appliances;1;1299.99;1299.99;Mobile Pay;2026/03/06;Daniel Smith
T02717;S002;Rivonia;C1262;Member;P0019;Throw Blanket;Home & Decor;1;449.99;449.99;Bank Transfer;2026/03/03;Sarah Mokoena
T02718;S002;Rivonia;C2713;Member;P0017;Face Moisturiser;Beauty;5;249.99;1249.95;Bank Transfer;2026/05/05;Liam Jacobs
T02719;S002;Rivonia;C0914;Member;P0025;Novel Book;Books;6;199.99;1199.94;Cash;2026/01/25;Daniel Smith
T02720;S002;Rivonia;C2023;Member;P0014;Yoga Mat;Sportswear;4;399.99;1599.96;Bank Transfer;2026/03/23;Daniel Smith
T02721;S002;Rivonia;C1656;Guest;P0003;Smart Watch;Electronics;2;1299.99;2599.98;Cash;2026/03/16;Olivia Dlamini
T02722;S002;Rivonia;C2432;Member;P0021;Cushion Set;Home & Decor;2;299.99;599.98;Mobile Pay;2026/05/14;James Botha
T02723;S002;Rivonia;C2941;Guest;P0018;Perfume;Beauty;1;899.99;899.99;Cash;2026/03/01;Daniel Smith
T02724;S002;Rivonia;C1448;Member;P0025;Novel Book;Books;1;199.99;199.99;Mobile Pay;2026/06/06;Michael Williams
T02725;S002;Rivonia;C0787;Guest;P0006;Coffee Maker;Appliances;4;1299.99;5199.96;Cash;2026/06/20;Michael Williams
T02726;S002;Rivonia;C1674;Guest;P0001;Wireless Headphones;Electronics;2;899.99;1799.98;Cash;2026/01/14;Sophie Mthembu
T02727;S002;Rivonia;C1935;Guest;P0011;Denim Jeans;Clothing;2;799.99;1599.98;Mobile Pay;2026/02/22;James Botha
T02728;S002;Rivonia;C1038;Member;P0010;Cotton T-Shirt;Clothing;3;249.99;749.97;Cash;2026/05/22;Jessica Naidoo
T02729;S002;Rivonia;C0595;Guest;P0019;Throw Blanket;Home & Decor;2;449.99;899.98;Bank Transfer;2026/05/04;Michael Williams
T02730;S002;Rivonia;C2719;Guest;P0013;Running Shoes;Sportswear;4;1499.5;5998.0;Cash;2026/01/31;Noah Pillay
T02731;S002;Rivonia;C1774;Member;P0018;Perfume;Beauty;3;899.99;2699.97;Cash;2026/06/22;Emma Nkosi
T02732;S002;Rivonia;C0184;Guest;P0015;Sports Bottle;Sportswear;3;199.99;599.97;Cash;2026/03/11;James Botha
T02733;S002;Rivonia;C0467;Guest;P0015;Sports Bottle;Sportswear;3;199.99;599.97;Cash;2026/02/16;Liam Jacobs
T02734;S002;Rivonia;C2999;Guest;P0008;Blender;Appliances;6;899.99;5399.94;Mobile Pay;2026/03/21;Jessica Naidoo
T02735;S002;Rivonia;C0880;Member;P0017;Face Moisturiser;Beauty;3;249.99;749.97;Cash;2026/03/26;Sarah Mokoena
T02736;S002;Rivonia;C0653;Member;P0001;Wireless Headphones;Electronics;5;899.99;4499.95;Card;2026/01/03;Sophie Mthembu
T02737;S002;Rivonia;C1596;Member;P0022;Cookware Set;Kitchen;6;1599.99;9599.94;Cash;2026/03/31;Sarah Mokoena
T02738;S002;Rivonia;C1625;Guest;P0003;Smart Watch;Electronics;2;1299.99;2599.98;Bank Transfer;2026/03/27;James Botha
T02739;S002;Rivonia;C1042;Member;P0017;Face Moisturiser;Beauty;6;249.99;1499.94;Mobile Pay;2026/06/18;Emma Nkosi
T02740;S002;Rivonia;C1794;Guest;P0018;Perfume;Beauty;1;899.99;899.99;Mobile Pay;2026/04/22;Noah Pillay
T02741;S002;Rivonia;C2213;Member;P0003;Smart Watch;Electronics;3;1299.99;3899.97;Bank Transfer;2026/02/04;Sarah Mokoena
T02742;S002;Rivonia;C0551;Member;P0016;Skincare Set;Beauty;6;599.99;3599.94;Cash;2026/03/24;James Botha
T02743;S002;Rivonia;C2687;Member;P0025;Novel Book;Books;2;199.99;399.98;Cash;2026/04/01;Noah Pillay
T02744;S002;Rivonia;C0823;Guest;P0014;Yoga Mat;Sportswear;2;399.99;799.98;Mobile Pay;2026/01/25;Sophie Mthembu
T02745;S002;Rivonia;C1657;Member;P0012;Hooded Sweatshirt;Clothing;1;599.99;599.99;Cash;2026/03/04;Sophie Mthembu
T02746;S002;Rivonia;C1428;Guest;P0014;Yoga Mat;Sportswear;6;399.99;2399.94;Card;2026/01/15;Jessica Naidoo
T02747;S002;Rivonia;C1022;Member;P0010;Cotton T-Shirt;Clothing;1;249.99;249.99;Card;2026/06/14;Olivia Dlamini
T02748;S002;Rivonia;C0303;Member;P0014;Yoga Mat;Sportswear;5;399.99;1999.95;Bank Transfer;2026/03/08;Sarah Mokoena
T02749;S002;Rivonia;C0902;Member;P0025;Novel Book;Books;1;199.99;199.99;Mobile Pay;2026/05/16;Sophie Mthembu
T02750;S002;Rivonia;C2754;Member;P0017;Face Moisturiser;Beauty;4;249.99;999.96;Cash;2026/02/15;Liam Jacobs
T02751;S002;Rivonia;C2242;Member;P0022;Cookware Set;Kitchen;6;1599.99;9599.94;Bank Transfer;2026/06/24;Emma Nkosi
T02752;S002;Rivonia;C2881;Member;P0006;Coffee Maker;Appliances;5;1299.99;6499.95;Bank Transfer;2026/06/25;Jessica Naidoo
T02753;S002;Rivonia;C2860;Guest;P0017;Face Moisturiser;Beauty;5;249.99;1249.95;Card;2026/03/27;Sophie Mthembu
T02754;S002;Rivonia;C1019;Guest;P0025;Novel Book;Books;6;199.99;1199.94;Mobile Pay;2026/04/04;Noah Pillay
T02755;S002;Rivonia;C1883;Member;P0001;Wireless Headphones;Electronics;4;899.99;3599.96;Mobile Pay;2026/02/08;Jessica Naidoo
T02756;S002;Rivonia;C1385;Member;P0015;Sports Bottle;Sportswear;5;199.99;999.95;Bank Transfer;2026/06/17;Daniel Smith
T02757;S002;Rivonia;C1764;Guest;P0022;Cookware Set;Kitchen;3;1599.99;4799.97;Cash;2026/01/14;Emma Nkosi
T02758;S002;Rivonia;C0191;Member;P0022;Cookware Set;Kitchen;6;1599.99;9599.94;Mobile Pay;2026/05/18;Emma Nkosi
T02759;S002;Rivonia;C2732;Guest;P0021;Cushion Set;Home & Decor;1;299.99;299.99;Cash;2026/04/02;Michael Williams
T02760;S002;Rivonia;C1809;Member;P0025;Novel Book;Books;5;199.99;999.95;Card;2026/06/08;Noah Pillay
T02761;S002;Rivonia;C0492;Guest;P0025;Novel Book;Books;3;199.99;599.97;Mobile Pay;2026/03/07;Sophie Mthembu
T02762;S002;Rivonia;C0352;Member;P0008;Blender;Appliances;5;899.99;4499.95;Mobile Pay;2026/05/28;Noah Pillay
T02763;S002;Rivonia;C2150;Member;P0011;Denim Jeans;Clothing;5;799.99;3999.95;Mobile Pay;2026/02/07;Sophie Mthembu
T02764;S002;Rivonia;C1868;Guest;P0004;USB-C Charger;Electronics;2;299.99;599.98;Card;2026/03/20;Noah Pillay
T02765;S002;Rivonia;C1734;Member;P0019;Throw Blanket;Home & Decor;3;449.99;1349.97;Bank Transfer;2026/02/17;Noah Pillay
T02766;S002;Rivonia;C1377;Member;P0006;Coffee Maker;Appliances;1;1299.99;1299.99;Cash;2026/04/24;Liam Jacobs
T02767;S002;Rivonia;C0964;Guest;P0021;Cushion Set;Home & Decor;4;299.99;1199.96;Mobile Pay;2026/03/09;Michael Williams
T02768;S002;Rivonia;C1907;Guest;P0018;Perfume;Beauty;6;899.99;5399.94;Cash;2026/01/16;Olivia Dlamini
T02769;S002;Rivonia;C0335;Member;P0008;Blender;Appliances;6;899.99;5399.94;Mobile Pay;2026/03/31;Jessica Naidoo
T02770;S002;Rivonia;C1353;Guest;P0004;USB-C Charger;Electronics;3;299.99;899.97;Card;2026/05/19;Daniel Smith
T02771;S002;Rivonia;C0593;Guest;P0014;Yoga Mat;Sportswear;1;399.99;399.99;Mobile Pay;2026/01/22;James Botha
T02772;S002;Rivonia;C1180;Guest;P0003;Smart Watch;Electronics;5;1299.99;6499.95;Mobile Pay;2026/01/14;Jessica Naidoo
T02773;S002;Rivonia;C2502;Member;P0023;Dinner Plate Set;Kitchen;4;499.99;1999.96;Mobile Pay;2026/04/18;Noah Pillay
T02774;S002;Rivonia;C0121;Guest;P0001;Wireless Headphones;Electronics;3;899.99;2699.97;Cash;2026/04/15;Michael Williams
T02775;S002;Rivonia;C1821;Member;P0006;Coffee Maker;Appliances;2;1299.99;2599.98;Cash;2026/05/02;Sarah Mokoena
T02776;S002;Rivonia;C1181;Guest;P0006;Coffee Maker;Appliances;1;1299.99;1299.99;Bank Transfer;2026/06/05;Sarah Mokoena
T02777;S002;Rivonia;C0340;Member;P0005;Laptop Backpack;Accessories;5;549.99;2749.95;Mobile Pay;2026/02/20;Michael Williams
T02778;S002;Rivonia;C1414;Guest;P0016;Skincare Set;Beauty;3;599.99;1799.97;Cash;2026/01/21;Jessica Naidoo
T02779;S002;Rivonia;C1571;Member;P0005;Laptop Backpack;Accessories;3;549.99;1649.97;Mobile Pay;2026/01/22;Daniel Smith
T02780;S002;Rivonia;C0619;Member;P0019;Throw Blanket;Home & Decor;4;449.99;1799.96;Cash;2026/05/16;James Botha
T02781;S002;Rivonia;C2907;Member;P0019;Throw Blanket;Home & Decor;4;449.99;1799.96;Bank Transfer;2026/05/26;Liam Jacobs
T02782;S002;Rivonia;C1567;Member;P0021;Cushion Set;Home & Decor;6;299.99;1799.94;Cash;2026/06/12;Olivia Dlamini
T02783;S002;Rivonia;C1393;Member;P0024;Storage Container Set;Kitchen;5;349.99;1749.95;Bank Transfer;2026/01/29;Liam Jacobs
T02784;S002;Rivonia;C0793;Member;P0004;USB-C Charger;Electronics;5;299.99;1499.95;Bank Transfer;2026/02/02;Noah Pillay
T02785;S002;Rivonia;C2256;Member;P0001;Wireless Headphones;Electronics;2;899.99;1799.98;Mobile Pay;2026/03/21;Emma Nkosi
T02786;S002;Rivonia;C1386;Member;P0014;Yoga Mat;Sportswear;4;399.99;1599.96;Cash;2026/03/18;Jessica Naidoo
T02787;S002;Rivonia;C1551;Member;P0004;USB-C Charger;Electronics;6;299.99;1799.94;Card;2026/01/02;Liam Jacobs
T02788;S002;Rivonia;C0797;Guest;P0002;Bluetooth Speaker;Electronics;3;649.99;1949.97;Bank Transfer;2026/01/17;Emma Nkosi
T02789;S002;Rivonia;C2983;Guest;P0022;Cookware Set;Kitchen;6;1599.99;9599.94;Mobile Pay;2026/06/23;Daniel Smith
T02790;S002;Rivonia;C2448;Member;P0003;Smart Watch;Electronics;5;1299.99;6499.95;Cash;2026/01/30;James Botha
T02791;S002;Rivonia;C0865;Guest;P0020;Table Lamp;Home & Decor;5;699.99;3499.95;Bank Transfer;2026/01/22;James Botha
T02792;S002;Rivonia;C2843;Guest;P0004;USB-C Charger;Electronics;4;299.99;1199.96;Cash;2026/04/02;Liam Jacobs
T02793;S002;Rivonia;C1709;Guest;P0020;Table Lamp;Home & Decor;4;699.99;2799.96;Card;2026/02/20;Sarah Mokoena
T02794;S002;Rivonia;C1848;Member;P0009;Electric Kettle;Appliances;1;499.99;499.99;Bank Transfer;2026/03/28;Emma Nkosi
T02795;S002;Rivonia;C2846;Guest;P0004;USB-C Charger;Electronics;3;299.99;899.97;Bank Transfer;2026/03/06;Emma Nkosi
T02796;S002;Rivonia;C2878;Guest;P0021;Cushion Set;Home & Decor;4;299.99;1199.96;Card;2026/01/26;James Botha
T02797;S002;Rivonia;C1614;Guest;P0022;Cookware Set;Kitchen;2;1599.99;3199.98;Cash;2026/06/13;James Botha
T02798;S002;Rivonia;C2417;Member;P0023;Dinner Plate Set;Kitchen;3;499.99;1499.97;Card;2026/04/28;Noah Pillay
T02799;S002;Rivonia;C1822;Member;P0021;Cushion Set;Home & Decor;4;299.99;1199.96;Bank Transfer;2026/06/17;Jessica Naidoo
T02800;S002;Rivonia;C2448;Guest;P0014;Yoga Mat;Sportswear;1;399.99;399.99;Bank Transfer;2026/04/12;Michael Williams
T02801;S002;Rivonia;C2799;Guest;P0024;Storage Container Set;Kitchen;5;349.99;1749.95;Card;2026/02/19;Daniel Smith
T02802;S002;Rivonia;C2333;Member;P0014;Yoga Mat;Sportswear;1;399.99;399.99;Card;2026/03/12;Jessica Naidoo
T02803;S002;Rivonia;C1000;Guest;P0020;Table Lamp;Home & Decor;4;699.99;2799.96;Card;2026/05/05;Sarah Mokoena
T02804;S002;Rivonia;C1141;Member;P0009;Electric Kettle;Appliances;3;499.99;1499.97;Bank Transfer;2026/03/24;Sophie Mthembu
T02805;S002;Rivonia;C0770;Member;P0011;Denim Jeans;Clothing;1;799.99;799.99;Card;2026/05/19;Sophie Mthembu
T02806;S002;Rivonia;C1748;Member;P0003;Smart Watch;Electronics;5;1299.99;6499.95;Cash;2026/01/22;Michael Williams
T02807;S002;Rivonia;C0281;Member;P0012;Hooded Sweatshirt;Clothing;2;599.99;1199.98;Card;2026/03/04;Olivia Dlamini
T02808;S002;Rivonia;C0255;Guest;P0012;Hooded Sweatshirt;Clothing;3;599.99;1799.97;Cash;2026/05/13;Sarah Mokoena
T02809;S002;Rivonia;C2164;Guest;P0013;Running Shoes;Sportswear;4;1499.5;5998.0;Card;2026/05/11;Michael Williams
T02810;S002;Rivonia;C2061;Guest;P0018;Perfume;Beauty;3;899.99;2699.97;Card;2026/05/10;Daniel Smith
T02811;S002;Rivonia;C1243;Member;P0004;USB-C Charger;Electronics;4;299.99;1199.96;Mobile Pay;2026/03/22;Noah Pillay
T02812;S002;Rivonia;C0773;Guest;P0018;Perfume;Beauty;6;899.99;5399.94;Bank Transfer;2026/03/25;Noah Pillay
T02813;S002;Rivonia;C0785;Guest;P0018;Perfume;Beauty;6;899.99;5399.94;Bank Transfer;2026/04/13;Noah Pillay
T02814;S002;Rivonia;C0886;Member;P0013;Running Shoes;Sportswear;5;1499.5;7497.5;Mobile Pay;2026/04/03;Sarah Mokoena
T02815;S002;Rivonia;C0636;Member;P0016;Skincare Set;Beauty;2;599.99;1199.98;Bank Transfer;2026/03/22;Daniel Smith
T02816;S002;Rivonia;C1703;Guest;P0011;Denim Jeans;Clothing;5;799.99;3999.95;Mobile Pay;2026/03/31;James Botha
T02817;S002;Rivonia;C0053;Member;P0018;Perfume;Beauty;1;899.99;899.99;Mobile Pay;2026/03/09;Michael Williams
T02818;S002;Rivonia;C2710;Member;P0019;Throw Blanket;Home & Decor;5;449.99;2249.95;Card;2026/02/13;Olivia Dlamini
T02819;S002;Rivonia;C1739;Guest;P0002;Bluetooth Speaker;Electronics;3;649.99;1949.97;Mobile Pay;2026/04/07;Sarah Mokoena
T02820;S002;Rivonia;C0915;Guest;P0002;Bluetooth Speaker;Electronics;2;649.99;1299.98;Card;2026/03/09;James Botha
T02821;S002;Rivonia;C0243;Member;P0023;Dinner Plate Set;Kitchen;5;499.99;2499.95;Bank Transfer;2026/06/05;Daniel Smith
T02822;S002;Rivonia;C0717;Guest;P0022;Cookware Set;Kitchen;3;1599.99;4799.97;Cash;2026/02/19;Olivia Dlamini
T02823;S002;Rivonia;C0349;Guest;P0002;Bluetooth Speaker;Electronics;1;649.99;649.99;Mobile Pay;2026/04/25;Noah Pillay
T02824;S002;Rivonia;C0411;Member;P0017;Face Moisturiser;Beauty;1;249.99;249.99;Mobile Pay;2026/01/30;Michael Williams
T02825;S002;Rivonia;C0296;Guest;P0006;Coffee Maker;Appliances;4;1299.99;5199.96;Cash;2026/01/31;Olivia Dlamini
T02826;S002;Rivonia;C0354;Member;P0019;Throw Blanket;Home & Decor;4;449.99;1799.96;Mobile Pay;2026/06/06;Emma Nkosi
T02827;S002;Rivonia;C0269;Member;P0012;Hooded Sweatshirt;Clothing;2;599.99;1199.98;Cash;2026/02/12;Jessica Naidoo
T02828;S002;Rivonia;C0754;Guest;P0004;USB-C Charger;Electronics;1;299.99;299.99;Bank Transfer;2026/04/09;Sophie Mthembu
T02829;S002;Rivonia;C2579;Member;P0020;Table Lamp;Home & Decor;4;699.99;2799.96;Bank Transfer;2026/01/22;Michael Williams
T02830;S002;Rivonia;C0717;Member;P0023;Dinner Plate Set;Kitchen;2;499.99;999.98;Mobile Pay;2026/03/16;Daniel Smith
T02831;S002;Rivonia;C2411;Guest;P0021;Cushion Set;Home & Decor;1;299.99;299.99;Cash;2026/04/01;Daniel Smith
T02832;S002;Rivonia;C1651;Guest;P0020;Table Lamp;Home & Decor;5;699.99;3499.95;Bank Transfer;2026/02/18;Liam Jacobs
T02833;S002;Rivonia;C2526;Member;P0025;Novel Book;Books;4;199.99;799.96;Bank Transfer;2026/04/04;Liam Jacobs
T02834;S002;Rivonia;C0027;Member;P0005;Laptop Backpack;Accessories;4;549.99;2199.96;Bank Transfer;2026/06/16;Sarah Mokoena
T02835;S002;Rivonia;C2811;Guest;P0017;Face Moisturiser;Beauty;4;249.99;999.96;Cash;2026/02/15;Sarah Mokoena
T02836;S002;Rivonia;C1772;Guest;P0021;Cushion Set;Home & Decor;4;299.99;1199.96;Mobile Pay;2026/01/05;Daniel Smith
T02837;S002;Rivonia;C1686;Member;P0004;USB-C Charger;Electronics;6;299.99;1799.94;Bank Transfer;2026/04/21;James Botha
T02838;S002;Rivonia;C2873;Guest;P0011;Denim Jeans;Clothing;3;799.99;2399.97;Cash;2026/06/12;Liam Jacobs
T02839;S002;Rivonia;C1335;Member;P0001;Wireless Headphones;Electronics;6;899.99;5399.94;Card;2026/04/25;Daniel Smith
T02840;S002;Rivonia;C0870;Member;P0004;USB-C Charger;Electronics;2;299.99;599.98;Mobile Pay;2026/06/14;Jessica Naidoo
T02841;S002;Rivonia;C1668;Guest;P0005;Laptop Backpack;Accessories;4;549.99;2199.96;Mobile Pay;2026/01/29;Jessica Naidoo
T02842;S002;Rivonia;C0511;Guest;P0012;Hooded Sweatshirt;Clothing;1;599.99;599.99;Bank Transfer;2026/03/23;Sophie Mthembu
T02843;S002;Rivonia;C2275;Guest;P0016;Skincare Set;Beauty;6;599.99;3599.94;Cash;2026/04/03;Sarah Mokoena
T02844;S002;Rivonia;C1408;Member;P0008;Blender;Appliances;3;899.99;2699.97;Mobile Pay;2026/01/20;James Botha
T02845;S002;Rivonia;C1524;Guest;P0016;Skincare Set;Beauty;6;599.99;3599.94;Bank Transfer;2026/03/09;Michael Williams
T02846;S002;Rivonia;C0304;Member;P0010;Cotton T-Shirt;Clothing;3;249.99;749.97;Cash;2026/01/01;Emma Nkosi
T02847;S002;Rivonia;C1814;Guest;P0022;Cookware Set;Kitchen;1;1599.99;1599.99;Cash;2026/03/23;Liam Jacobs
T02848;S002;Rivonia;C2656;Guest;P0011;Denim Jeans;Clothing;1;799.99;799.99;Cash;2026/03/19;Sarah Mokoena
T02849;S002;Rivonia;C0754;Member;P0023;Dinner Plate Set;Kitchen;4;499.99;1999.96;Bank Transfer;2026/04/30;Olivia Dlamini
T02850;S002;Rivonia;C0990;Member;P0004;USB-C Charger;Electronics;3;299.99;899.97;Bank Transfer;2026/03/20;Daniel Smith
T02851;S002;Rivonia;C2535;Member;P0017;Face Moisturiser;Beauty;1;249.99;249.99;Bank Transfer;2026/02/27;James Botha
T02852;S002;Rivonia;C1244;Member;P0010;Cotton T-Shirt;Clothing;1;249.99;249.99;Mobile Pay;2026/02/06;Noah Pillay
T02853;S002;Rivonia;C1829;Guest;P0010;Cotton T-Shirt;Clothing;1;249.99;249.99;Card;2026/05/26;Michael Williams
T02854;S002;Rivonia;C0830;Member;P0003;Smart Watch;Electronics;3;1299.99;3899.97;Cash;2026/04/08;Sophie Mthembu
T02855;S002;Rivonia;C1974;Member;P0025;Novel Book;Books;6;199.99;1199.94;Cash;2026/02/11;James Botha
T02856;S002;Rivonia;C1091;Member;P0006;Coffee Maker;Appliances;3;1299.99;3899.97;Card;2026/02/13;Michael Williams
T02857;S002;Rivonia;C0311;Member;P0022;Cookware Set;Kitchen;2;1599.99;3199.98;Mobile Pay;2026/02/21;Jessica Naidoo
T02858;S002;Rivonia;C2543;Guest;P0013;Running Shoes;Sportswear;6;1499.5;8997.0;Cash;2026/02/23;Sophie Mthembu
T02859;S002;Rivonia;C2138;Guest;P0016;Skincare Set;Beauty;2;599.99;1199.98;Bank Transfer;2026/01/30;Jessica Naidoo
T02860;S002;Rivonia;C1159;Member;P0009;Electric Kettle;Appliances;4;499.99;1999.96;Card;2026/05/22;Michael Williams
T02861;S002;Rivonia;C2905;Guest;P0019;Throw Blanket;Home & Decor;1;449.99;449.99;Cash;2026/04/01;Noah Pillay
T02862;S002;Rivonia;C2236;Member;P0001;Wireless Headphones;Electronics;5;899.99;4499.95;Card;2026/06/03;James Botha
T02863;S002;Rivonia;C1057;Member;P0020;Table Lamp;Home & Decor;4;699.99;2799.96;Bank Transfer;2026/01/19;Sophie Mthembu
T02864;S002;Rivonia;C1057;Guest;P0002;Bluetooth Speaker;Electronics;6;649.99;3899.94;Mobile Pay;2026/04/18;Sophie Mthembu
T02865;S002;Rivonia;C1789;Member;P0007;Air Fryer;Appliances;5;1799.99;8999.95;Cash;2026/04/20;Jessica Naidoo
T02866;S002;Rivonia;C2507;Member;P0002;Bluetooth Speaker;Electronics;5;649.99;3249.95;Bank Transfer;2026/01/13;Noah Pillay
T02867;S002;Rivonia;C1133;Guest;P0023;Dinner Plate Set;Kitchen;5;499.99;2499.95;Cash;2026/03/09;Noah Pillay
T02868;S002;Rivonia;C0765;Guest;P0008;Blender;Appliances;2;899.99;1799.98;Mobile Pay;2026/03/31;Olivia Dlamini
T02869;S002;Rivonia;C1998;Member;P0024;Storage Container Set;Kitchen;2;349.99;699.98;Cash;2026/01/07;Jessica Naidoo
T02870;S002;Rivonia;C1410;Guest;P0023;Dinner Plate Set;Kitchen;4;499.99;1999.96;Card;2026/01/10;Emma Nkosi
T02871;S002;Rivonia;C2257;Member;P0018;Perfume;Beauty;5;899.99;4499.95;Cash;2026/06/23;Liam Jacobs
T02872;S002;Rivonia;C2193;Member;P0025;Novel Book;Books;3;199.99;599.97;Card;2026/01/01;James Botha
T02873;S002;Rivonia;C0537;Member;P0016;Skincare Set;Beauty;1;599.99;599.99;Mobile Pay;2026/01/31;Sophie Mthembu
T02874;S002;Rivonia;C1812;Member;P0015;Sports Bottle;Sportswear;4;199.99;799.96;Card;2026/02/16;Michael Williams
T02875;S002;Rivonia;C2055;Member;P0010;Cotton T-Shirt;Clothing;5;249.99;1249.95;Cash;2026/06/21;Daniel Smith
T02876;S002;Rivonia;C2900;Guest;P0008;Blender;Appliances;6;899.99;5399.94;Card;2026/04/30;Olivia Dlamini
T02877;S002;Rivonia;C2606;Member;P0013;Running Shoes;Sportswear;5;1499.5;7497.5;Mobile Pay;2026/06/29;Sophie Mthembu
T02878;S002;Rivonia;C1998;Member;P0015;Sports Bottle;Sportswear;6;199.99;1199.94;Mobile Pay;2026/01/09;Daniel Smith
T02879;S002;Rivonia;C0086;Guest;P0015;Sports Bottle;Sportswear;4;199.99;799.96;Mobile Pay;2026/05/14;Olivia Dlamini
T02880;S002;Rivonia;C1027;Member;P0021;Cushion Set;Home & Decor;5;299.99;1499.95;Card;2026/05/13;Noah Pillay
T02881;S002;Rivonia;C0546;Member;P0015;Sports Bottle;Sportswear;2;199.99;399.98;Mobile Pay;2026/03/13;Michael Williams
T02882;S002;Rivonia;C2089;Guest;P0025;Novel Book;Books;3;199.99;599.97;Card;2026/01/01;Noah Pillay
T02883;S002;Rivonia;C1223;Member;P0014;Yoga Mat;Sportswear;4;399.99;1599.96;Mobile Pay;2026/01/31;Emma Nkosi
T02884;S002;Rivonia;C0172;Guest;P0025;Novel Book;Books;3;199.99;599.97;Mobile Pay;2026/03/03;Emma Nkosi
T02885;S002;Rivonia;C2340;Guest;P0018;Perfume;Beauty;4;899.99;3599.96;Bank Transfer;2026/03/22;Daniel Smith
T02886;S002;Rivonia;C1874;Guest;P0009;Electric Kettle;Appliances;3;499.99;1499.97;Cash;2026/01/11;James Botha
T02887;S002;Rivonia;C2211;Guest;P0014;Yoga Mat;Sportswear;6;399.99;2399.94;Bank Transfer;2026/05/05;James Botha
T02888;S002;Rivonia;C0019;Guest;P0005;Laptop Backpack;Accessories;6;549.99;3299.94;Bank Transfer;2026/03/31;Sophie Mthembu
T02889;S002;Rivonia;C0136;Guest;P0023;Dinner Plate Set;Kitchen;1;499.99;499.99;Bank Transfer;2026/04/01;Sarah Mokoena
T02890;S002;Rivonia;C0382;Member;P0024;Storage Container Set;Kitchen;2;349.99;699.98;Cash;2026/05/30;Sophie Mthembu
T02891;S002;Rivonia;C2151;Guest;P0002;Bluetooth Speaker;Electronics;2;649.99;1299.98;Cash;2026/06/25;Sophie Mthembu
T02892;S002;Rivonia;C2797;Guest;P0006;Coffee Maker;Appliances;6;1299.99;7799.94;Mobile Pay;2026/06/23;Michael Williams
T02893;S002;Rivonia;C0008;Member;P0014;Yoga Mat;Sportswear;4;399.99;1599.96;Bank Transfer;2026/04/27;Sophie Mthembu
T02894;S002;Rivonia;C0472;Guest;P0005;Laptop Backpack;Accessories;4;549.99;2199.96;Mobile Pay;2026/03/25;Michael Williams
T02895;S002;Rivonia;C2188;Member;P0023;Dinner Plate Set;Kitchen;3;499.99;1499.97;Card;2026/02/02;Daniel Smith
T02896;S002;Rivonia;C0750;Guest;P0001;Wireless Headphones;Electronics;4;899.99;3599.96;Cash;2026/03/15;Daniel Smith
T02897;S002;Rivonia;C1114;Member;P0014;Yoga Mat;Sportswear;4;399.99;1599.96;Cash;2026/01/05;Michael Williams
T02898;S002;Rivonia;C1721;Member;P0004;USB-C Charger;Electronics;1;299.99;299.99;Cash;2026/04/05;Michael Williams
T02899;S002;Rivonia;C0495;Guest;P0004;USB-C Charger;Electronics;4;299.99;1199.96;Cash;2026/03/29;Emma Nkosi
T02900;S002;Rivonia;C0652;Member;P0007;Air Fryer;Appliances;4;1799.99;7199.96;Card;2026/01/11;Michael Williams
T02901;S002;Rivonia;C1712;Guest;P0009;Electric Kettle;Appliances;5;499.99;2499.95;Cash;2026/01/25;Olivia Dlamini
T02902;S002;Rivonia;C2794;Guest;P0002;Bluetooth Speaker;Electronics;3;649.99;1949.97;Card;2026/06/02;James Botha
T02903;S002;Rivonia;C2078;Member;P0016;Skincare Set;Beauty;2;599.99;1199.98;Mobile Pay;2026/01/15;Noah Pillay
T02904;S002;Rivonia;C2599;Guest;P0019;Throw Blanket;Home & Decor;5;449.99;2249.95;Bank Transfer;2026/05/08;Sarah Mokoena
T02905;S002;Rivonia;C2179;Member;P0007;Air Fryer;Appliances;1;1799.99;1799.99;Bank Transfer;2026/05/07;Michael Williams
T02906;S002;Rivonia;C0902;Member;P0007;Air Fryer;Appliances;4;1799.99;7199.96;Bank Transfer;2026/02/10;Sarah Mokoena
T02907;S002;Rivonia;C0981;Member;P0004;USB-C Charger;Electronics;5;299.99;1499.95;Mobile Pay;2026/04/06;James Botha
T02908;S002;Rivonia;C2796;Member;P0016;Skincare Set;Beauty;3;599.99;1799.97;Mobile Pay;2026/01/25;Michael Williams
T02909;S002;Rivonia;C0473;Member;P0013;Running Shoes;Sportswear;1;1499.5;1499.5;Mobile Pay;2026/03/05;Michael Williams
T02910;S002;Rivonia;C0751;Member;P0003;Smart Watch;Electronics;3;1299.99;3899.97;Bank Transfer;2026/02/14;Jessica Naidoo
T02911;S002;Rivonia;C2179;Member;P0018;Perfume;Beauty;3;899.99;2699.97;Mobile Pay;2026/03/11;Sarah Mokoena
T02912;S002;Rivonia;C0937;Member;P0015;Sports Bottle;Sportswear;2;199.99;399.98;Card;2026/05/20;Jessica Naidoo
T02913;S002;Rivonia;C0870;Member;P0020;Table Lamp;Home & Decor;6;699.99;4199.94;Cash;2026/04/07;Liam Jacobs
T02914;S002;Rivonia;C0540;Member;P0012;Hooded Sweatshirt;Clothing;1;599.99;599.99;Card;2026/01/19;Noah Pillay
T02915;S002;Rivonia;C1081;Member;P0023;Dinner Plate Set;Kitchen;4;499.99;1999.96;Mobile Pay;2026/06/05;Jessica Naidoo
T02916;S002;Rivonia;C0635;Guest;P0023;Dinner Plate Set;Kitchen;1;499.99;499.99;Bank Transfer;2026/06/23;Sophie Mthembu
T02917;S002;Rivonia;C1584;Member;P0016;Skincare Set;Beauty;2;599.99;1199.98;Mobile Pay;2026/02/03;Michael Williams
T02918;S002;Rivonia;C2007;Member;P0020;Table Lamp;Home & Decor;6;699.99;4199.94;Mobile Pay;2026/05/29;Jessica Naidoo
T02919;S002;Rivonia;C0349;Member;P0024;Storage Container Set;Kitchen;4;349.99;1399.96;Mobile Pay;2026/03/31;James Botha
T02920;S002;Rivonia;C2196;Member;P0007;Air Fryer;Appliances;1;1799.99;1799.99;Mobile Pay;2026/05/03;Michael Williams
T02921;S002;Rivonia;C2160;Member;P0010;Cotton T-Shirt;Clothing;3;249.99;749.97;Mobile Pay;2026/01/26;Jessica Naidoo
T02922;S002;Rivonia;C2506;Member;P0014;Yoga Mat;Sportswear;5;399.99;1999.95;Bank Transfer;2026/03/31;Daniel Smith
T02923;S002;Rivonia;C2084;Member;P0011;Denim Jeans;Clothing;2;799.99;1599.98;Cash;2026/01/11;James Botha
T02924;S002;Rivonia;C0820;Member;P0008;Blender;Appliances;2;899.99;1799.98;Card;2026/05/26;Michael Williams
T02925;S002;Rivonia;C2236;Member;P0016;Skincare Set;Beauty;5;599.99;2999.95;Cash;2026/01/16;Sarah Mokoena
T02926;S002;Rivonia;C2762;Member;P0025;Novel Book;Books;1;199.99;199.99;Mobile Pay;2026/06/26;Sarah Mokoena
T02927;S002;Rivonia;C2435;Guest;P0001;Wireless Headphones;Electronics;3;899.99;2699.97;Card;2026/04/15;Sophie Mthembu
T02928;S002;Rivonia;C0640;Member;P0004;USB-C Charger;Electronics;3;299.99;899.97;Cash;2026/02/13;Michael Williams
T02929;S002;Rivonia;C1908;Guest;P0015;Sports Bottle;Sportswear;6;199.99;1199.94;Cash;2026/02/23;Daniel Smith
T02930;S002;Rivonia;C2015;Member;P0003;Smart Watch;Electronics;5;1299.99;6499.95;Cash;2026/01/31;Olivia Dlamini
T02931;S002;Rivonia;C1736;Member;P0011;Denim Jeans;Clothing;4;799.99;3199.96;Mobile Pay;2026/06/06;Sophie Mthembu
T02932;S002;Rivonia;C2095;Member;P0019;Throw Blanket;Home & Decor;2;449.99;899.98;Mobile Pay;2026/06/03;Daniel Smith
T02933;S002;Rivonia;C2844;Member;P0004;USB-C Charger;Electronics;3;299.99;899.97;Card;2026/04/26;James Botha
T02934;S002;Rivonia;C1902;Member;P0021;Cushion Set;Home & Decor;2;299.99;599.98;Card;2026/01/25;Olivia Dlamini
T02935;S002;Rivonia;C0632;Member;P0013;Running Shoes;Sportswear;1;1499.5;1499.5;Mobile Pay;2026/03/04;Liam Jacobs
T02936;S002;Rivonia;C2568;Member;P0009;Electric Kettle;Appliances;4;499.99;1999.96;Card;2026/06/17;Noah Pillay
T02937;S002;Rivonia;C0857;Member;P0007;Air Fryer;Appliances;5;1799.99;8999.95;Bank Transfer;2026/05/05;Sophie Mthembu
T02938;S002;Rivonia;C2979;Member;P0015;Sports Bottle;Sportswear;3;199.99;599.97;Bank Transfer;2026/05/21;James Botha
T02939;S002;Rivonia;C1545;Guest;P0018;Perfume;Beauty;2;899.99;1799.98;Card;2026/01/04;Jessica Naidoo
T02940;S002;Rivonia;C1749;Guest;P0007;Air Fryer;Appliances;2;1799.99;3599.98;Card;2026/04/14;Liam Jacobs
T02941;S002;Rivonia;C0430;Guest;P0007;Air Fryer;Appliances;1;1799.99;1799.99;Bank Transfer;2026/03/04;James Botha
T02942;S002;Rivonia;C1423;Member;P0014;Yoga Mat;Sportswear;1;399.99;399.99;Card;2026/04/19;Sarah Mokoena
T02943;S002;Rivonia;C1910;Member;P0014;Yoga Mat;Sportswear;4;399.99;1599.96;Bank Transfer;2026/02/14;Olivia Dlamini
T02944;S002;Rivonia;C1507;Guest;P0019;Throw Blanket;Home & Decor;2;449.99;899.98;Cash;2026/02/22;Sarah Mokoena
T02945;S002;Rivonia;C2216;Member;P0005;Laptop Backpack;Accessories;2;549.99;1099.98;Card;2026/03/12;Sarah Mokoena
T02946;S002;Rivonia;C1717;Member;P0001;Wireless Headphones;Electronics;5;899.99;4499.95;Cash;2026/03/26;Sarah Mokoena
T02947;S002;Rivonia;C0114;Member;P0021;Cushion Set;Home & Decor;6;299.99;1799.94;Cash;2026/05/03;Liam Jacobs
T02948;S002;Rivonia;C1494;Member;P0015;Sports Bottle;Sportswear;4;199.99;799.96;Mobile Pay;2026/02/04;Sarah Mokoena
T02949;S002;Rivonia;C1746;Member;P0004;USB-C Charger;Electronics;5;299.99;1499.95;Card;2026/05/22;Liam Jacobs
T02950;S002;Rivonia;C0576;Member;P0001;Wireless Headphones;Electronics;3;899.99;2699.97;Card;2026/03/01;Michael Williams
T02951;S002;Rivonia;C2002;Member;P0002;Bluetooth Speaker;Electronics;1;649.99;649.99;Bank Transfer;2026/03/18;Jessica Naidoo
T02952;S002;Rivonia;C0512;Member;P0011;Denim Jeans;Clothing;1;799.99;799.99;Card;2026/01/04;Daniel Smith
T02953;S002;Rivonia;C0815;Member;P0001;Wireless Headphones;Electronics;6;899.99;5399.94;Mobile Pay;2026/03/15;James Botha
T02954;S002;Rivonia;C2341;Member;P0007;Air Fryer;Appliances;1;1799.99;1799.99;Cash;2026/05/16;Michael Williams
T02955;S002;Rivonia;C2628;Member;P0008;Blender;Appliances;6;899.99;5399.94;Cash;2026/01/21;Sarah Mokoena
T02956;S002;Rivonia;C1393;Guest;P0002;Bluetooth Speaker;Electronics;6;649.99;3899.94;Card;2026/02/20;Daniel Smith
T02957;S002;Rivonia;C2956;Guest;P0007;Air Fryer;Appliances;3;1799.99;5399.97;Cash;2026/05/05;Jessica Naidoo
T02958;S002;Rivonia;C2663;Member;P0019;Throw Blanket;Home & Decor;4;449.99;1799.96;Mobile Pay;2026/04/24;Jessica Naidoo
T02959;S002;Rivonia;C2556;Guest;P0008;Blender;Appliances;3;899.99;2699.97;Mobile Pay;2026/04/29;Olivia Dlamini
T02960;S002;Rivonia;C0346;Member;P0007;Air Fryer;Appliances;2;1799.99;3599.98;Card;2026/06/20;Jessica Naidoo
T02961;S002;Rivonia;C2847;Guest;P0004;USB-C Charger;Electronics;6;299.99;1799.94;Mobile Pay;2026/06/04;Olivia Dlamini
T02962;S002;Rivonia;C1473;Member;P0022;Cookware Set;Kitchen;4;1599.99;6399.96;Mobile Pay;2026/03/05;Noah Pillay
T02963;S002;Rivonia;C0657;Member;P0020;Table Lamp;Home & Decor;5;699.99;3499.95;Cash;2026/04/25;Jessica Naidoo
T02964;S002;Rivonia;C1222;Guest;P0002;Bluetooth Speaker;Electronics;2;649.99;1299.98;Mobile Pay;2026/05/31;Daniel Smith
T02965;S002;Rivonia;C0069;Member;P0025;Novel Book;Books;2;199.99;399.98;Card;2026/04/03;Liam Jacobs
T02966;S002;Rivonia;C0571;Member;P0002;Bluetooth Speaker;Electronics;5;649.99;3249.95;Mobile Pay;2026/06/30;Olivia Dlamini
T02967;S002;Rivonia;C0304;Guest;P0006;Coffee Maker;Appliances;4;1299.99;5199.96;Bank Transfer;2026/02/14;Sarah Mokoena
T02968;S002;Rivonia;C2936;Member;P0005;Laptop Backpack;Accessories;5;549.99;2749.95;Mobile Pay;2026/05/24;Jessica Naidoo
T02969;S002;Rivonia;C1499;Member;P0006;Coffee Maker;Appliances;4;1299.99;5199.96;Bank Transfer;2026/02/15;Sophie Mthembu
T02970;S002;Rivonia;C0123;Guest;P0025;Novel Book;Books;1;199.99;199.99;Mobile Pay;2026/03/20;Sarah Mokoena
T02971;S002;Rivonia;C0981;Member;P0021;Cushion Set;Home & Decor;6;299.99;1799.94;Cash;2026/01/26;Sarah Mokoena
T02972;S002;Rivonia;C0512;Member;P0003;Smart Watch;Electronics;5;1299.99;6499.95;Card;2026/03/24;Sarah Mokoena
T02973;S002;Rivonia;C0504;Guest;P0011;Denim Jeans;Clothing;3;799.99;2399.97;Mobile Pay;2026/01/17;Daniel Smith
T02974;S002;Rivonia;C0954;Member;P0014;Yoga Mat;Sportswear;3;399.99;1199.97;Cash;2026/02/16;Jessica Naidoo
T02975;S002;Rivonia;C2289;Member;P0011;Denim Jeans;Clothing;5;799.99;3999.95;Bank Transfer;2026/01/08;Olivia Dlamini
T02976;S002;Rivonia;C1372;Member;P0020;Table Lamp;Home & Decor;6;699.99;4199.94;Card;2026/05/14;Michael Williams
T02977;S002;Rivonia;C2826;Member;P0001;Wireless Headphones;Electronics;5;899.99;4499.95;Card;2026/04/29;Sophie Mthembu
T02978;S002;Rivonia;C2585;Guest;P0006;Coffee Maker;Appliances;6;1299.99;7799.94;Cash;2026/05/03;James Botha
T02979;S002;Rivonia;C1585;Member;P0012;Hooded Sweatshirt;Clothing;2;599.99;1199.98;Bank Transfer;2026/04/17;Liam Jacobs
T02980;S002;Rivonia;C1606;Guest;P0004;USB-C Charger;Electronics;3;299.99;899.97;Cash;2026/04/22;Emma Nkosi
T02981;S002;Rivonia;C1777;Member;P0019;Throw Blanket;Home & Decor;1;449.99;449.99;Bank Transfer;2026/06/13;Emma Nkosi
T02982;S002;Rivonia;C2943;Member;P0022;Cookware Set;Kitchen;1;1599.99;1599.99;Card;2026/01/30;Emma Nkosi
T02983;S002;Rivonia;C1329;Member;P0023;Dinner Plate Set;Kitchen;4;499.99;1999.96;Bank Transfer;2026/06/19;Sophie Mthembu
T02984;S002;Rivonia;C2453;Guest;P0002;Bluetooth Speaker;Electronics;4;649.99;2599.96;Cash;2026/04/14;Olivia Dlamini
T02985;S002;Rivonia;C2100;Member;P0007;Air Fryer;Appliances;1;1799.99;1799.99;Mobile Pay;2026/03/09;James Botha
T02986;S002;Rivonia;C0882;Guest;P0020;Table Lamp;Home & Decor;5;699.99;3499.95;Bank Transfer;2026/05/30;Liam Jacobs
T02987;S002;Rivonia;C2424;Member;P0012;Hooded Sweatshirt;Clothing;1;599.99;599.99;Card;2026/04/15;James Botha
T02988;S002;Rivonia;C2813;Member;P0006;Coffee Maker;Appliances;4;1299.99;5199.96;Mobile Pay;2026/01/24;Jessica Naidoo
T02989;S002;Rivonia;C2647;Guest;P0003;Smart Watch;Electronics;1;1299.99;1299.99;Mobile Pay;2026/04/07;James Botha
T02990;S002;Rivonia;C0831;Guest;P0008;Blender;Appliances;3;899.99;2699.97;Card;2026/02/08;Sophie Mthembu
T02991;S002;Rivonia;C0417;Guest;P0012;Hooded Sweatshirt;Clothing;5;599.99;2999.95;Cash;2026/03/14;Emma Nkosi
T02992;S002;Rivonia;C1362;Member;P0004;USB-C Charger;Electronics;5;299.99;1499.95;Bank Transfer;2026/03/16;Sophie Mthembu
T02993;S002;Rivonia;C1795;Member;P0024;Storage Container Set;Kitchen;6;349.99;2099.94;Cash;2026/04/02;Olivia Dlamini
T02994;S002;Rivonia;C1909;Member;P0016;Skincare Set;Beauty;2;599.99;1199.98;Cash;2026/05/26;Daniel Smith
T02995;S002;Rivonia;C2304;Member;P0018;Perfume;Beauty;2;899.99;1799.98;Cash;2026/06/21;Olivia Dlamini
T02996;S002;Rivonia;C2986;Member;P0025;Novel Book;Books;5;199.99;999.95;Cash;2026/06/12;Olivia Dlamini
T02997;S002;Rivonia;C2161;Guest;P0004;USB-C Charger;Electronics;4;299.99;1199.96;Mobile Pay;2026/06/07;Jessica Naidoo
T02998;S002;Rivonia;C2071;Member;P0009;Electric Kettle;Appliances;3;499.99;1499.97;Mobile Pay;2026/02/20;James Botha
T02999;S002;Rivonia;C2835;Guest;P0012;Hooded Sweatshirt;Clothing;2;599.99;1199.98;Cash;2026/05/21;Noah Pillay
T03000;S002;Rivonia;C0506;Member;P0004;USB-C Charger;Electronics;6;299.99;1799.94;Mobile Pay;2026/06/23;Emma Nkosi
T03001;S002;Rivonia;C1142;Member;P0016;Skincare Set;Beauty;3;599.99;1799.97;Cash;2026/04/20;Noah Pillay
T03002;S002;Rivonia;C0940;Member;P0001;Wireless Headphones;Electronics;5;899.99;4499.95;Mobile Pay;2026/01/03;Emma Nkosi
T03003;S002;Rivonia;C1911;Guest;P0022;Cookware Set;Kitchen;6;1599.99;9599.94;Cash;2026/06/25;Liam Jacobs
T03004;S002;Rivonia;C1226;Guest;P0018;Perfume;Beauty;6;899.99;5399.94;Mobile Pay;2026/02/18;Liam Jacobs
T03005;S002;Rivonia;C2757;Guest;P0017;Face Moisturiser;Beauty;1;249.99;249.99;Card;2026/04/12;Daniel Smith
T03006;S002;Rivonia;C2159;Member;P0006;Coffee Maker;Appliances;5;1299.99;6499.95;Mobile Pay;2026/04/07;Sarah Mokoena
T03007;S002;Rivonia;C1861;Member;P0001;Wireless Headphones;Electronics;2;899.99;1799.98;Card;2026/01/09;Michael Williams
T03008;S002;Rivonia;C2396;Member;P0010;Cotton T-Shirt;Clothing;4;249.99;999.96;Card;2026/04/22;Liam Jacobs
T03009;S002;Rivonia;C0578;Member;P0014;Yoga Mat;Sportswear;3;399.99;1199.97;Cash;2026/03/19;Liam Jacobs
T03010;S002;Rivonia;C0648;Guest;P0023;Dinner Plate Set;Kitchen;4;499.99;1999.96;Mobile Pay;2026/04/12;Sophie Mthembu
T03011;S002;Rivonia;C0776;Guest;P0022;Cookware Set;Kitchen;1;1599.99;1599.99;Bank Transfer;2026/05/18;Michael Williams
T03012;S002;Rivonia;C0474;Member;P0018;Perfume;Beauty;3;899.99;2699.97;Mobile Pay;2026/04/08;Daniel Smith
T03013;S002;Rivonia;C0103;Guest;P0024;Storage Container Set;Kitchen;6;349.99;2099.94;Card;2026/06/06;Olivia Dlamini
T03014;S002;Rivonia;C1258;Member;P0013;Running Shoes;Sportswear;6;1499.5;8997.0;Card;2026/04/07;Noah Pillay
T03015;S002;Rivonia;C0820;Member;P0007;Air Fryer;Appliances;2;1799.99;3599.98;Cash;2026/05/02;Emma Nkosi
T03016;S002;Rivonia;C2336;Guest;P0016;Skincare Set;Beauty;6;599.99;3599.94;Cash;2026/04/22;Daniel Smith
T03017;S002;Rivonia;C1833;Guest;P0003;Smart Watch;Electronics;1;1299.99;1299.99;Mobile Pay;2026/01/13;Jessica Naidoo
T03018;S002;Rivonia;C0984;Member;P0016;Skincare Set;Beauty;6;599.99;3599.94;Cash;2026/06/14;Emma Nkosi
T03019;S002;Rivonia;C0931;Guest;P0011;Denim Jeans;Clothing;4;799.99;3199.96;Cash;2026/03/27;James Botha
T03020;S002;Rivonia;C2008;Member;P0019;Throw Blanket;Home & Decor;4;449.99;1799.96;Bank Transfer;2026/03/09;Olivia Dlamini
T03021;S002;Rivonia;C2619;Member;P0008;Blender;Appliances;3;899.99;2699.97;Mobile Pay;2026/02/27;Noah Pillay
T03022;S002;Rivonia;C1403;Member;P0015;Sports Bottle;Sportswear;5;199.99;999.95;Cash;2026/04/18;Jessica Naidoo
T03023;S002;Rivonia;C0486;Member;P0011;Denim Jeans;Clothing;5;799.99;3999.95;Card;2026/03/05;Sophie Mthembu
T03024;S002;Rivonia;C2990;Guest;P0004;USB-C Charger;Electronics;1;299.99;299.99;Bank Transfer;2026/06/20;Daniel Smith
T03025;S002;Rivonia;C2190;Guest;P0013;Running Shoes;Sportswear;5;1499.5;7497.5;Card;2026/01/15;James Botha
T03026;S002;Rivonia;C0099;Guest;P0017;Face Moisturiser;Beauty;5;249.99;1249.95;Cash;2026/06/12;Liam Jacobs
T03027;S002;Rivonia;C1560;Guest;P0024;Storage Container Set;Kitchen;6;349.99;2099.94;Card;2026/06/04;Emma Nkosi
T03028;S002;Rivonia;C0624;Guest;P0014;Yoga Mat;Sportswear;4;399.99;1599.96;Mobile Pay;2026/02/10;Sarah Mokoena
T03029;S002;Rivonia;C1617;Guest;P0017;Face Moisturiser;Beauty;6;249.99;1499.94;Mobile Pay;2026/04/09;Jessica Naidoo
T03030;S002;Rivonia;C0110;Member;P0023;Dinner Plate Set;Kitchen;1;499.99;499.99;Cash;2026/01/31;Sarah Mokoena
T03031;S002;Rivonia;C0038;Guest;P0016;Skincare Set;Beauty;3;599.99;1799.97;Bank Transfer;2026/06/07;Daniel Smith
T03032;S002;Rivonia;C0652;Member;P0024;Storage Container Set;Kitchen;6;349.99;2099.94;Bank Transfer;2026/05/25;Emma Nkosi
T03033;S002;Rivonia;C2651;Member;P0009;Electric Kettle;Appliances;5;499.99;2499.95;Cash;2026/03/02;Daniel Smith
T03034;S002;Rivonia;C1938;Member;P0004;USB-C Charger;Electronics;5;299.99;1499.95;Card;2026/01/17;Sarah Mokoena
T03035;S002;Rivonia;C1928;Member;P0024;Storage Container Set;Kitchen;3;349.99;1049.97;Mobile Pay;2026/02/28;Liam Jacobs
T03036;S002;Rivonia;C1408;Member;P0001;Wireless Headphones;Electronics;5;899.99;4499.95;Bank Transfer;2026/02/03;Sarah Mokoena
T03037;S002;Rivonia;C0052;Guest;P0017;Face Moisturiser;Beauty;5;249.99;1249.95;Mobile Pay;2026/02/28;Olivia Dlamini
T03038;S002;Rivonia;C2143;Member;P0006;Coffee Maker;Appliances;6;1299.99;7799.94;Card;2026/05/29;Sarah Mokoena
T03039;S002;Rivonia;C0587;Member;P0016;Skincare Set;Beauty;1;599.99;599.99;Bank Transfer;2026/06/21;Emma Nkosi
T03040;S002;Rivonia;C1418;Member;P0016;Skincare Set;Beauty;4;599.99;2399.96;Cash;2026/04/19;Noah Pillay
T03041;S002;Rivonia;C0570;Member;P0017;Face Moisturiser;Beauty;2;249.99;499.98;Bank Transfer;2026/05/17;Michael Williams
T03042;S002;Rivonia;C2002;Member;P0021;Cushion Set;Home & Decor;5;299.99;1499.95;Card;2026/06/04;Michael Williams
T03043;S002;Rivonia;C0555;Member;P0003;Smart Watch;Electronics;4;1299.99;5199.96;Card;2026/05/11;Noah Pillay
T03044;S002;Rivonia;C2984;Guest;P0017;Face Moisturiser;Beauty;5;249.99;1249.95;Bank Transfer;2026/01/27;Liam Jacobs
T03045;S002;Rivonia;C0663;Guest;P0006;Coffee Maker;Appliances;2;1299.99;2599.98;Bank Transfer;2026/06/28;Noah Pillay
T03046;S002;Rivonia;C1842;Guest;P0021;Cushion Set;Home & Decor;3;299.99;899.97;Bank Transfer;2026/03/11;James Botha
T03047;S002;Rivonia;C1984;Guest;P0006;Coffee Maker;Appliances;5;1299.99;6499.95;Cash;2026/03/12;Noah Pillay
T03048;S002;Rivonia;C0868;Member;P0011;Denim Jeans;Clothing;1;799.99;799.99;Cash;2026/06/03;Sophie Mthembu
T03049;S002;Rivonia;C1236;Member;P0009;Electric Kettle;Appliances;2;499.99;999.98;Bank Transfer;2026/04/21;Emma Nkosi
T03050;S002;Rivonia;C2784;Member;P0015;Sports Bottle;Sportswear;4;199.99;799.96;Bank Transfer;2026/02/26;James Botha
T03051;S002;Rivonia;C2687;Member;P0016;Skincare Set;Beauty;4;599.99;2399.96;Mobile Pay;2026/06/12;Michael Williams
T03052;S002;Rivonia;C0749;Member;P0011;Denim Jeans;Clothing;3;799.99;2399.97;Mobile Pay;2026/04/15;Sarah Mokoena
T03053;S002;Rivonia;C0222;Guest;P0003;Smart Watch;Electronics;5;1299.99;6499.95;Cash;2026/05/18;Liam Jacobs
T03054;S002;Rivonia;C2055;Member;P0005;Laptop Backpack;Accessories;5;549.99;2749.95;Cash;2026/05/19;Daniel Smith
T03055;S002;Rivonia;C0813;Member;P0023;Dinner Plate Set;Kitchen;6;499.99;2999.94;Card;2026/03/26;Noah Pillay
T03056;S002;Rivonia;C2562;Member;P0001;Wireless Headphones;Electronics;4;899.99;3599.96;Cash;2026/05/01;Liam Jacobs
T03057;S002;Rivonia;C1003;Guest;P0002;Bluetooth Speaker;Electronics;5;649.99;3249.95;Cash;2026/01/05;Emma Nkosi
T03058;S002;Rivonia;C1706;Member;P0012;Hooded Sweatshirt;Clothing;3;599.99;1799.97;Bank Transfer;2026/05/14;Sarah Mokoena
T03059;S002;Rivonia;C0631;Member;P0012;Hooded Sweatshirt;Clothing;4;599.99;2399.96;Bank Transfer;2026/05/17;James Botha
T03060;S002;Rivonia;C2067;Member;P0018;Perfume;Beauty;4;899.99;3599.96;Mobile Pay;2026/04/30;Liam Jacobs
T03061;S002;Rivonia;C1268;Member;P0014;Yoga Mat;Sportswear;2;399.99;799.98;Mobile Pay;2026/04/14;Daniel Smith
T03062;S002;Rivonia;C1051;Guest;P0019;Throw Blanket;Home & Decor;5;449.99;2249.95;Bank Transfer;2026/06/26;Noah Pillay
T03063;S002;Rivonia;C0516;Guest;P0008;Blender;Appliances;6;899.99;5399.94;Mobile Pay;2026/04/20;James Botha
T03064;S002;Rivonia;C1278;Guest;P0015;Sports Bottle;Sportswear;1;199.99;199.99;Cash;2026/06/25;Daniel Smith
T03065;S002;Rivonia;C0983;Member;P0016;Skincare Set;Beauty;4;599.99;2399.96;Mobile Pay;2026/03/27;Liam Jacobs
T03066;S002;Rivonia;C0115;Guest;P0007;Air Fryer;Appliances;1;1799.99;1799.99;Card;2026/02/23;Sophie Mthembu
T03067;S002;Rivonia;C1856;Member;P0011;Denim Jeans;Clothing;6;799.99;4799.94;Card;2026/03/26;Sarah Mokoena
T03068;S002;Rivonia;C1552;Member;P0022;Cookware Set;Kitchen;4;1599.99;6399.96;Bank Transfer;2026/04/18;Emma Nkosi
T03069;S002;Rivonia;C0075;Member;P0015;Sports Bottle;Sportswear;4;199.99;799.96;Cash;2026/02/18;Sarah Mokoena
T03070;S002;Rivonia;C2904;Guest;P0009;Electric Kettle;Appliances;1;499.99;499.99;Mobile Pay;2026/01/29;Michael Williams
T03071;S002;Rivonia;C1496;Member;P0018;Perfume;Beauty;1;899.99;899.99;Bank Transfer;2026/01/18;Emma Nkosi
T03072;S002;Rivonia;C2837;Guest;P0015;Sports Bottle;Sportswear;4;199.99;799.96;Mobile Pay;2026/05/02;Liam Jacobs
T03073;S002;Rivonia;C2639;Guest;P0010;Cotton T-Shirt;Clothing;6;249.99;1499.94;Mobile Pay;2026/02/18;Daniel Smith
T03074;S002;Rivonia;C1061;Member;P0024;Storage Container Set;Kitchen;4;349.99;1399.96;Card;2026/06/02;Daniel Smith
T03075;S002;Rivonia;C0444;Guest;P0014;Yoga Mat;Sportswear;4;399.99;1599.96;Mobile Pay;2026/04/02;Liam Jacobs
T03076;S002;Rivonia;C2600;Member;P0019;Throw Blanket;Home & Decor;5;449.99;2249.95;Cash;2026/04/19;James Botha
T03077;S002;Rivonia;C2706;Member;P0022;Cookware Set;Kitchen;3;1599.99;4799.97;Bank Transfer;2026/06/04;Liam Jacobs
T03078;S002;Rivonia;C1809;Member;P0014;Yoga Mat;Sportswear;3;399.99;1199.97;Mobile Pay;2026/03/18;Liam Jacobs
T03079;S002;Rivonia;C2607;Guest;P0014;Yoga Mat;Sportswear;6;399.99;2399.94;Mobile Pay;2026/05/03;Sarah Mokoena
T03080;S002;Rivonia;C2360;Member;P0008;Blender;Appliances;1;899.99;899.99;Card;2026/01/29;Liam Jacobs
T03081;S002;Rivonia;C0637;Member;P0016;Skincare Set;Beauty;6;599.99;3599.94;Mobile Pay;2026/03/07;Sophie Mthembu
T03082;S002;Rivonia;C1718;Guest;P0003;Smart Watch;Electronics;1;1299.99;1299.99;Bank Transfer;2026/02/14;Michael Williams
T03083;S002;Rivonia;C0275;Guest;P0017;Face Moisturiser;Beauty;1;249.99;249.99;Card;2026/02/16;Noah Pillay
T03084;S002;Rivonia;C1483;Member;P0021;Cushion Set;Home & Decor;5;299.99;1499.95;Card;2026/04/04;Sarah Mokoena
T03085;S002;Rivonia;C1479;Member;P0021;Cushion Set;Home & Decor;5;299.99;1499.95;Card;2026/06/20;Noah Pillay
T03086;S002;Rivonia;C2092;Member;P0009;Electric Kettle;Appliances;5;499.99;2499.95;Mobile Pay;2026/01/17;Sarah Mokoena
T03087;S002;Rivonia;C0635;Guest;P0002;Bluetooth Speaker;Electronics;3;649.99;1949.97;Cash;2026/02/11;Jessica Naidoo
T03088;S002;Rivonia;C0848;Member;P0007;Air Fryer;Appliances;1;1799.99;1799.99;Cash;2026/03/14;Sophie Mthembu
T03089;S002;Rivonia;C1381;Member;P0023;Dinner Plate Set;Kitchen;5;499.99;2499.95;Bank Transfer;2026/05/24;Sophie Mthembu
T03090;S002;Rivonia;C1068;Guest;P0004;USB-C Charger;Electronics;6;299.99;1799.94;Bank Transfer;2026/05/02;Emma Nkosi
T03091;S002;Rivonia;C2452;Member;P0023;Dinner Plate Set;Kitchen;2;499.99;999.98;Cash;2026/01/15;Michael Williams
T03092;S002;Rivonia;C0540;Guest;P0023;Dinner Plate Set;Kitchen;6;499.99;2999.94;Mobile Pay;2026/02/26;James Botha
T03093;S002;Rivonia;C0278;Member;P0003;Smart Watch;Electronics;4;1299.99;5199.96;Bank Transfer;2026/06/27;Emma Nkosi
T03094;S002;Rivonia;C1491;Guest;P0008;Blender;Appliances;6;899.99;5399.94;Mobile Pay;2026/02/25;Michael Williams
T03095;S002;Rivonia;C1049;Guest;P0013;Running Shoes;Sportswear;1;1499.5;1499.5;Mobile Pay;2026/05/13;Noah Pillay
T03096;S002;Rivonia;C2680;Member;P0014;Yoga Mat;Sportswear;3;399.99;1199.97;Cash;2026/04/23;Jessica Naidoo
T03097;S002;Rivonia;C2515;Member;P0006;Coffee Maker;Appliances;2;1299.99;2599.98;Bank Transfer;2026/01/21;Michael Williams
T03098;S002;Rivonia;C0102;Guest;P0007;Air Fryer;Appliances;4;1799.99;7199.96;Card;2026/05/19;Michael Williams
T03099;S002;Rivonia;C0012;Guest;P0024;Storage Container Set;Kitchen;1;349.99;349.99;Card;2026/04/05;Olivia Dlamini
T03100;S002;Rivonia;C2180;Member;P0012;Hooded Sweatshirt;Clothing;4;599.99;2399.96;Cash;2026/03/15;Jessica Naidoo
T03101;S002;Rivonia;C1862;Member;P0011;Denim Jeans;Clothing;4;799.99;3199.96;Mobile Pay;2026/05/03;Noah Pillay
T03102;S002;Rivonia;C2531;Member;P0007;Air Fryer;Appliances;3;1799.99;5399.97;Cash;2026/06/15;Jessica Naidoo
T03103;S002;Rivonia;C2511;Member;P0009;Electric Kettle;Appliances;1;499.99;499.99;Mobile Pay;2026/01/14;Sarah Mokoena
T03104;S002;Rivonia;C2367;Guest;P0005;Laptop Backpack;Accessories;5;549.99;2749.95;Cash;2026/05/07;Jessica Naidoo
T03105;S002;Rivonia;C2490;Guest;P0012;Hooded Sweatshirt;Clothing;6;599.99;3599.94;Bank Transfer;2026/05/11;Jessica Naidoo
T03106;S002;Rivonia;C2248;Guest;P0001;Wireless Headphones;Electronics;6;899.99;5399.94;Mobile Pay;2026/01/16;Noah Pillay
T03107;S002;Rivonia;C0257;Member;P0017;Face Moisturiser;Beauty;6;249.99;1499.94;Card;2026/03/08;Jessica Naidoo
T03108;S002;Rivonia;C0769;Member;P0012;Hooded Sweatshirt;Clothing;1;599.99;599.99;Mobile Pay;2026/03/25;James Botha
T03109;S002;Rivonia;C2141;Member;P0021;Cushion Set;Home & Decor;1;299.99;299.99;Cash;2026/06/25;Sarah Mokoena
T03110;S002;Rivonia;C0281;Member;P0011;Denim Jeans;Clothing;2;799.99;1599.98;Card;2026/03/16;Noah Pillay
T03111;S002;Rivonia;C0669;Guest;P0020;Table Lamp;Home & Decor;2;699.99;1399.98;Mobile Pay;2026/06/10;Sarah Mokoena
T03112;S002;Rivonia;C0950;Guest;P0005;Laptop Backpack;Accessories;6;549.99;3299.94;Bank Transfer;2026/03/17;James Botha
T03113;S002;Rivonia;C0655;Guest;P0019;Throw Blanket;Home & Decor;3;449.99;1349.97;Card;2026/02/25;Olivia Dlamini
T03114;S002;Rivonia;C2152;Member;P0011;Denim Jeans;Clothing;3;799.99;2399.97;Mobile Pay;2026/01/14;Noah Pillay
T03115;S002;Rivonia;C0726;Guest;P0019;Throw Blanket;Home & Decor;1;449.99;449.99;Bank Transfer;2026/06/28;Noah Pillay
T03116;S002;Rivonia;C0192;Member;P0009;Electric Kettle;Appliances;4;499.99;1999.96;Bank Transfer;2026/01/03;Sarah Mokoena
T03117;S002;Rivonia;C2155;Member;P0008;Blender;Appliances;1;899.99;899.99;Bank Transfer;2026/04/19;Olivia Dlamini
T03118;S002;Rivonia;C1359;Member;P0008;Blender;Appliances;1;899.99;899.99;Bank Transfer;2026/01/31;Liam Jacobs
T03119;S002;Rivonia;C0114;Member;P0011;Denim Jeans;Clothing;6;799.99;4799.94;Card;2026/03/25;Michael Williams
T03120;S002;Rivonia;C0034;Member;P0025;Novel Book;Books;2;199.99;399.98;Bank Transfer;2026/05/05;Liam Jacobs
T03121;S002;Rivonia;C0880;Member;P0006;Coffee Maker;Appliances;5;1299.99;6499.95;Mobile Pay;2026/04/26;Michael Williams
T03122;S002;Rivonia;C0556;Member;P0010;Cotton T-Shirt;Clothing;1;249.99;249.99;Card;2026/05/14;Noah Pillay
T03123;S002;Rivonia;C2931;Member;P0021;Cushion Set;Home & Decor;4;299.99;1199.96;Mobile Pay;2026/04/18;Emma Nkosi
T03124;S002;Rivonia;C0021;Member;P0002;Bluetooth Speaker;Electronics;3;649.99;1949.97;Mobile Pay;2026/02/24;Daniel Smith
T03125;S002;Rivonia;C1699;Member;P0001;Wireless Headphones;Electronics;3;899.99;2699.97;Bank Transfer;2026/06/18;Olivia Dlamini
T03126;S002;Rivonia;C0181;Member;P0021;Cushion Set;Home & Decor;3;299.99;899.97;Cash;2026/01/29;Daniel Smith
T03127;S002;Rivonia;C1727;Member;P0002;Bluetooth Speaker;Electronics;5;649.99;3249.95;Card;2026/06/13;Jessica Naidoo
T03128;S002;Rivonia;C2040;Guest;P0025;Novel Book;Books;5;199.99;999.95;Cash;2026/03/14;Michael Williams
T03129;S002;Rivonia;C2030;Guest;P0013;Running Shoes;Sportswear;2;1499.5;2999.0;Card;2026/02/14;Daniel Smith
T03130;S002;Rivonia;C2492;Guest;P0012;Hooded Sweatshirt;Clothing;6;599.99;3599.94;Mobile Pay;2026/04/19;James Botha
T03131;S002;Rivonia;C2672;Member;P0003;Smart Watch;Electronics;2;1299.99;2599.98;Card;2026/04/04;Olivia Dlamini
T03132;S002;Rivonia;C2085;Member;P0010;Cotton T-Shirt;Clothing;1;249.99;249.99;Mobile Pay;2026/06/02;James Botha
T03133;S002;Rivonia;C0926;Member;P0003;Smart Watch;Electronics;2;1299.99;2599.98;Cash;2026/03/22;Jessica Naidoo
T03134;S002;Rivonia;C1998;Member;P0012;Hooded Sweatshirt;Clothing;4;599.99;2399.96;Cash;2026/03/06;Michael Williams
T03135;S002;Rivonia;C1718;Guest;P0002;Bluetooth Speaker;Electronics;5;649.99;3249.95;Cash;2026/05/12;Michael Williams
T03136;S002;Rivonia;C2324;Member;P0011;Denim Jeans;Clothing;4;799.99;3199.96;Bank Transfer;2026/06/03;Michael Williams
T03137;S002;Rivonia;C0064;Guest;P0017;Face Moisturiser;Beauty;3;249.99;749.97;Card;2026/01/26;Olivia Dlamini
T03138;S002;Rivonia;C1046;Guest;P0003;Smart Watch;Electronics;5;1299.99;6499.95;Card;2026/03/04;James Botha
T03139;S002;Rivonia;C1499;Guest;P0025;Novel Book;Books;5;199.99;999.95;Cash;2026/05/14;Michael Williams
T03140;S002;Rivonia;C0373;Member;P0002;Bluetooth Speaker;Electronics;2;649.99;1299.98;Bank Transfer;2026/01/14;Jessica Naidoo
T03141;S002;Rivonia;C0809;Member;P0003;Smart Watch;Electronics;3;1299.99;3899.97;Cash;2026/03/12;Emma Nkosi
T03142;S002;Rivonia;C0565;Member;P0007;Air Fryer;Appliances;4;1799.99;7199.96;Bank Transfer;2026/03/30;Emma Nkosi
T03143;S002;Rivonia;C2507;Guest;P0009;Electric Kettle;Appliances;6;499.99;2999.94;Mobile Pay;2026/05/21;Olivia Dlamini
T03144;S002;Rivonia;C0168;Member;P0024;Storage Container Set;Kitchen;2;349.99;699.98;Card;2026/01/06;Liam Jacobs
T03145;S002;Rivonia;C2864;Guest;P0018;Perfume;Beauty;5;899.99;4499.95;Card;2026/05/07;Michael Williams
T03146;S002;Rivonia;C0622;Guest;P0020;Table Lamp;Home & Decor;2;699.99;1399.98;Card;2026/02/14;Liam Jacobs
T03147;S002;Rivonia;C0121;Guest;P0005;Laptop Backpack;Accessories;1;549.99;549.99;Bank Transfer;2026/03/28;Olivia Dlamini
T03148;S002;Rivonia;C1215;Guest;P0009;Electric Kettle;Appliances;6;499.99;2999.94;Mobile Pay;2026/05/26;Noah Pillay
T03149;S002;Rivonia;C2261;Member;P0001;Wireless Headphones;Electronics;5;899.99;4499.95;Mobile Pay;2026/01/29;Daniel Smith
T03150;S002;Rivonia;C2610;Member;P0003;Smart Watch;Electronics;6;1299.99;7799.94;Cash;2026/03/13;Emma Nkosi
T03151;S002;Rivonia;C2223;Member;P0009;Electric Kettle;Appliances;3;499.99;1499.97;Cash;2026/04/09;Sarah Mokoena
T03152;S002;Rivonia;C2983;Member;P0025;Novel Book;Books;4;199.99;799.96;Cash;2026/04/06;Sophie Mthembu
T03153;S002;Rivonia;C1112;Guest;P0008;Blender;Appliances;5;899.99;4499.95;Cash;2026/06/11;Daniel Smith
T03154;S002;Rivonia;C1579;Guest;P0004;USB-C Charger;Electronics;4;299.99;1199.96;Bank Transfer;2026/04/21;Jessica Naidoo
T03155;S002;Rivonia;C0291;Guest;P0015;Sports Bottle;Sportswear;1;199.99;199.99;Mobile Pay;2026/06/19;Jessica Naidoo
T03156;S002;Rivonia;C1281;Member;P0014;Yoga Mat;Sportswear;5;399.99;1999.95;Mobile Pay;2026/04/20;Michael Williams
T03157;S002;Rivonia;C0052;Member;P0001;Wireless Headphones;Electronics;3;899.99;2699.97;Mobile Pay;2026/03/06;Emma Nkosi
T03158;S002;Rivonia;C2313;Member;P0019;Throw Blanket;Home & Decor;2;449.99;899.98;Cash;2026/05/03;Sarah Mokoena
T03159;S002;Rivonia;C2209;Guest;P0007;Air Fryer;Appliances;6;1799.99;10799.94;Mobile Pay;2026/06/12;James Botha
T03160;S002;Rivonia;C2277;Member;P0013;Running Shoes;Sportswear;1;1499.5;1499.5;Card;2026/06/01;Sophie Mthembu
T03161;S002;Rivonia;C1819;Member;P0005;Laptop Backpack;Accessories;3;549.99;1649.97;Bank Transfer;2026/05/24;Liam Jacobs
T03162;S002;Rivonia;C0756;Member;P0011;Denim Jeans;Clothing;3;799.99;2399.97;Cash;2026/01/22;Emma Nkosi
T03163;S002;Rivonia;C1879;Member;P0022;Cookware Set;Kitchen;5;1599.99;7999.95;Cash;2026/05/08;Liam Jacobs
T03164;S002;Rivonia;C0241;Member;P0007;Air Fryer;Appliances;3;1799.99;5399.97;Bank Transfer;2026/01/13;Daniel Smith
T03165;S002;Rivonia;C1050;Member;P0023;Dinner Plate Set;Kitchen;4;499.99;1999.96;Card;2026/02/16;Liam Jacobs
T03166;S002;Rivonia;C0507;Guest;P0011;Denim Jeans;Clothing;4;799.99;3199.96;Cash;2026/02/24;Jessica Naidoo
T03167;S002;Rivonia;C2790;Member;P0003;Smart Watch;Electronics;5;1299.99;6499.95;Mobile Pay;2026/02/22;Emma Nkosi
T03168;S002;Rivonia;C2269;Member;P0009;Electric Kettle;Appliances;6;499.99;2999.94;Bank Transfer;2026/03/28;Sarah Mokoena
T03169;S002;Rivonia;C1806;Member;P0005;Laptop Backpack;Accessories;4;549.99;2199.96;Bank Transfer;2026/01/09;Daniel Smith
T03170;S002;Rivonia;C2555;Guest;P0015;Sports Bottle;Sportswear;5;199.99;999.95;Bank Transfer;2026/02/02;Liam Jacobs
T03171;S002;Rivonia;C2195;Guest;P0001;Wireless Headphones;Electronics;2;899.99;1799.98;Card;2026/01/03;Liam Jacobs
T03172;S002;Rivonia;C0338;Member;P0013;Running Shoes;Sportswear;6;1499.5;8997.0;Card;2026/03/22;Daniel Smith
T03173;S002;Rivonia;C1685;Member;P0018;Perfume;Beauty;5;899.99;4499.95;Mobile Pay;2026/04/23;Sarah Mokoena
T03174;S002;Rivonia;C0515;Member;P0021;Cushion Set;Home & Decor;1;299.99;299.99;Card;2026/03/06;Liam Jacobs
T03175;S002;Rivonia;C1977;Guest;P0002;Bluetooth Speaker;Electronics;6;649.99;3899.94;Card;2026/05/10;Daniel Smith
T03176;S002;Rivonia;C0730;Member;P0018;Perfume;Beauty;4;899.99;3599.96;Card;2026/03/17;Liam Jacobs
T03177;S002;Rivonia;C2465;Member;P0025;Novel Book;Books;1;199.99;199.99;Mobile Pay;2026/03/01;Liam Jacobs
T03178;S002;Rivonia;C0917;Guest;P0018;Perfume;Beauty;6;899.99;5399.94;Bank Transfer;2026/02/10;Emma Nkosi
T03179;S002;Rivonia;C1536;Member;P0022;Cookware Set;Kitchen;3;1599.99;4799.97;Card;2026/01/31;Sarah Mokoena
T03180;S002;Rivonia;C0448;Member;P0020;Table Lamp;Home & Decor;5;699.99;3499.95;Cash;2026/05/18;James Botha
T03181;S002;Rivonia;C0819;Member;P0001;Wireless Headphones;Electronics;4;899.99;3599.96;Bank Transfer;2026/06/04;Liam Jacobs
T03182;S002;Rivonia;C1337;Member;P0025;Novel Book;Books;6;199.99;1199.94;Bank Transfer;2026/06/29;Daniel Smith
T03183;S002;Rivonia;C2609;Member;P0009;Electric Kettle;Appliances;1;499.99;499.99;Mobile Pay;2026/01/11;James Botha
T03184;S002;Rivonia;C0678;Member;P0005;Laptop Backpack;Accessories;3;549.99;1649.97;Mobile Pay;2026/04/26;Liam Jacobs
T03185;S002;Rivonia;C2092;Member;P0008;Blender;Appliances;3;899.99;2699.97;Bank Transfer;2026/06/13;James Botha
T03186;S002;Rivonia;C2271;Guest;P0012;Hooded Sweatshirt;Clothing;5;599.99;2999.95;Mobile Pay;2026/06/05;Daniel Smith
T03187;S002;Rivonia;C0643;Guest;P0001;Wireless Headphones;Electronics;2;899.99;1799.98;Mobile Pay;2026/03/13;Noah Pillay
T03188;S002;Rivonia;C0674;Member;P0011;Denim Jeans;Clothing;6;799.99;4799.94;Mobile Pay;2026/06/12;Daniel Smith
T03189;S002;Rivonia;C1070;Guest;P0003;Smart Watch;Electronics;6;1299.99;7799.94;Mobile Pay;2026/02/07;James Botha
T03190;S002;Rivonia;C0645;Guest;P0002;Bluetooth Speaker;Electronics;3;649.99;1949.97;Mobile Pay;2026/03/04;Michael Williams
T03191;S002;Rivonia;C0006;Guest;P0020;Table Lamp;Home & Decor;4;699.99;2799.96;Bank Transfer;2026/02/11;Daniel Smith
T03192;S002;Rivonia;C0262;Guest;P0010;Cotton T-Shirt;Clothing;1;249.99;249.99;Cash;2026/01/25;Sarah Mokoena
T03193;S002;Rivonia;C1406;Member;P0007;Air Fryer;Appliances;3;1799.99;5399.97;Card;2026/05/01;Michael Williams
T03194;S002;Rivonia;C2768;Guest;P0001;Wireless Headphones;Electronics;1;899.99;899.99;Cash;2026/04/27;James Botha
T03195;S002;Rivonia;C0852;Member;P0016;Skincare Set;Beauty;2;599.99;1199.98;Mobile Pay;2026/01/23;Liam Jacobs
T03196;S002;Rivonia;C1026;Member;P0024;Storage Container Set;Kitchen;1;349.99;349.99;Mobile Pay;2026/06/03;Emma Nkosi
T03197;S002;Rivonia;C0184;Guest;P0003;Smart Watch;Electronics;6;1299.99;7799.94;Card;2026/06/06;Michael Williams
T03198;S002;Rivonia;C2874;Member;P0008;Blender;Appliances;1;899.99;899.99;Mobile Pay;2026/02/23;Jessica Naidoo
T03199;S002;Rivonia;C2216;Member;P0003;Smart Watch;Electronics;6;1299.99;7799.94;Mobile Pay;2026/06/23;James Botha
T03200;S002;Rivonia;C0765;Member;P0006;Coffee Maker;Appliances;6;1299.99;7799.94;Cash;2026/05/21;Sarah Mokoena
T03201;S002;Rivonia;C2242;Member;P0011;Denim Jeans;Clothing;4;799.99;3199.96;Bank Transfer;2026/02/14;Liam Jacobs
T03202;S002;Rivonia;C2740;Member;P0019;Throw Blanket;Home & Decor;5;449.99;2249.95;Cash;2026/05/20;Sophie Mthembu
T03203;S002;Rivonia;C2209;Member;P0013;Running Shoes;Sportswear;4;1499.5;5998.0;Bank Transfer;2026/05/10;Daniel Smith
T03204;S002;Rivonia;C1885;Guest;P0014;Yoga Mat;Sportswear;5;399.99;1999.95;Bank Transfer;2026/05/17;Noah Pillay
T03205;S002;Rivonia;C0036;Member;P0001;Wireless Headphones;Electronics;4;899.99;3599.96;Mobile Pay;2026/03/18;Daniel Smith
T03206;S002;Rivonia;C1070;Guest;P0013;Running Shoes;Sportswear;2;1499.5;2999.0;Bank Transfer;2026/04/20;Sophie Mthembu
T03207;S002;Rivonia;C1472;Member;P0019;Throw Blanket;Home & Decor;1;449.99;449.99;Card;2026/04/10;Noah Pillay
T03208;S002;Rivonia;C0152;Member;P0003;Smart Watch;Electronics;2;1299.99;2599.98;Cash;2026/05/04;Sophie Mthembu
T03209;S002;Rivonia;C1910;Guest;P0008;Blender;Appliances;5;899.99;4499.95;Mobile Pay;2026/04/04;Olivia Dlamini
T03210;S002;Rivonia;C1444;Member;P0019;Throw Blanket;Home & Decor;5;449.99;2249.95;Mobile Pay;2026/02/01;Jessica Naidoo
T03211;S002;Rivonia;C0113;Guest;P0012;Hooded Sweatshirt;Clothing;4;599.99;2399.96;Card;2026/05/04;Sophie Mthembu
T03212;S002;Rivonia;C2263;Guest;P0013;Running Shoes;Sportswear;5;1499.5;7497.5;Card;2026/04/02;Liam Jacobs
T03213;S002;Rivonia;C1169;Member;P0014;Yoga Mat;Sportswear;4;399.99;1599.96;Cash;2026/03/13;Liam Jacobs
T03214;S002;Rivonia;C1961;Guest;P0006;Coffee Maker;Appliances;2;1299.99;2599.98;Cash;2026/06/08;Daniel Smith
T03215;S002;Rivonia;C0632;Member;P0017;Face Moisturiser;Beauty;1;249.99;249.99;Cash;2026/06/07;Sarah Mokoena
T03216;S002;Rivonia;C2126;Member;P0003;Smart Watch;Electronics;3;1299.99;3899.97;Cash;2026/04/09;Jessica Naidoo
T03217;S002;Rivonia;C2008;Member;P0012;Hooded Sweatshirt;Clothing;3;599.99;1799.97;Bank Transfer;2026/03/27;Michael Williams
T03218;S002;Rivonia;C0946;Member;P0007;Air Fryer;Appliances;3;1799.99;5399.97;Mobile Pay;2026/04/22;Daniel Smith
T03219;S002;Rivonia;C2554;Guest;P0020;Table Lamp;Home & Decor;5;699.99;3499.95;Card;2026/06/15;Noah Pillay
T03220;S002;Rivonia;C2932;Guest;P0020;Table Lamp;Home & Decor;4;699.99;2799.96;Bank Transfer;2026/06/02;James Botha
T03221;S002;Rivonia;C2388;Member;P0010;Cotton T-Shirt;Clothing;1;249.99;249.99;Bank Transfer;2026/02/21;Olivia Dlamini
T03222;S002;Rivonia;C0403;Member;P0009;Electric Kettle;Appliances;5;499.99;2499.95;Cash;2026/01/13;Sophie Mthembu
T03223;S002;Rivonia;C1599;Member;P0013;Running Shoes;Sportswear;2;1499.5;2999.0;Card;2026/05/22;Sarah Mokoena
T03224;S002;Rivonia;C0440;Member;P0001;Wireless Headphones;Electronics;5;899.99;4499.95;Mobile Pay;2026/01/14;Emma Nkosi
T03225;S002;Rivonia;C0901;Guest;P0016;Skincare Set;Beauty;3;599.99;1799.97;Mobile Pay;2026/01/10;James Botha
T03226;S002;Rivonia;C1262;Member;P0013;Running Shoes;Sportswear;2;1499.5;2999.0;Cash;2026/04/01;Olivia Dlamini
T03227;S002;Rivonia;C2670;Guest;P0013;Running Shoes;Sportswear;3;1499.5;4498.5;Cash;2026/05/22;Daniel Smith
T03228;S002;Rivonia;C1699;Guest;P0005;Laptop Backpack;Accessories;5;549.99;2749.95;Mobile Pay;2026/01/11;Emma Nkosi
T03229;S002;Rivonia;C1221;Member;P0019;Throw Blanket;Home & Decor;5;449.99;2249.95;Cash;2026/05/25;Sophie Mthembu
T03230;S002;Rivonia;C0873;Guest;P0004;USB-C Charger;Electronics;3;299.99;899.97;Mobile Pay;2026/05/07;Sarah Mokoena
T03231;S002;Rivonia;C1322;Guest;P0020;Table Lamp;Home & Decor;4;699.99;2799.96;Mobile Pay;2026/03/13;Michael Williams
T03232;S002;Rivonia;C1498;Member;P0003;Smart Watch;Electronics;1;1299.99;1299.99;Cash;2026/01/03;James Botha
T03233;S002;Rivonia;C2303;Member;P0023;Dinner Plate Set;Kitchen;1;499.99;499.99;Cash;2026/01/21;James Botha
T03234;S002;Rivonia;C0984;Member;P0009;Electric Kettle;Appliances;1;499.99;499.99;Bank Transfer;2026/03/30;Emma Nkosi
T03235;S002;Rivonia;C2549;Guest;P0008;Blender;Appliances;1;899.99;899.99;Mobile Pay;2026/01/13;Daniel Smith
T03236;S002;Rivonia;C2936;Guest;P0012;Hooded Sweatshirt;Clothing;6;599.99;3599.94;Cash;2026/03/06;James Botha
T03237;S002;Rivonia;C0618;Member;P0016;Skincare Set;Beauty;6;599.99;3599.94;Bank Transfer;2026/04/19;Noah Pillay
T03238;S002;Rivonia;C2901;Guest;P0018;Perfume;Beauty;5;899.99;4499.95;Card;2026/04/04;Jessica Naidoo
T03239;S002;Rivonia;C2401;Guest;P0012;Hooded Sweatshirt;Clothing;5;599.99;2999.95;Mobile Pay;2026/03/10;Sarah Mokoena
T03240;S002;Rivonia;C2947;Guest;P0020;Table Lamp;Home & Decor;3;699.99;2099.97;Bank Transfer;2026/03/04;Michael Williams
T03241;S002;Rivonia;C0107;Member;P0006;Coffee Maker;Appliances;1;1299.99;1299.99;Mobile Pay;2026/06/15;Liam Jacobs
T03242;S002;Rivonia;C2180;Member;P0004;USB-C Charger;Electronics;5;299.99;1499.95;Card;2026/02/11;Jessica Naidoo
T03243;S002;Rivonia;C1281;Guest;P0021;Cushion Set;Home & Decor;1;299.99;299.99;Bank Transfer;2026/04/21;Emma Nkosi
T03244;S002;Rivonia;C0192;Member;P0008;Blender;Appliances;5;899.99;4499.95;Mobile Pay;2026/01/15;James Botha
T03245;S002;Rivonia;C2160;Member;P0007;Air Fryer;Appliances;2;1799.99;3599.98;Cash;2026/05/02;Noah Pillay
T03246;S002;Rivonia;C0539;Member;P0024;Storage Container Set;Kitchen;5;349.99;1749.95;Mobile Pay;2026/01/20;Daniel Smith
T03247;S002;Rivonia;C1817;Member;P0017;Face Moisturiser;Beauty;1;249.99;249.99;Card;2026/04/29;James Botha
T03248;S002;Rivonia;C2221;Member;P0002;Bluetooth Speaker;Electronics;2;649.99;1299.98;Mobile Pay;2026/02/14;Liam Jacobs
T03249;S002;Rivonia;C0195;Guest;P0025;Novel Book;Books;2;199.99;399.98;Bank Transfer;2026/06/05;James Botha
T03250;S002;Rivonia;C1349;Guest;P0020;Table Lamp;Home & Decor;3;699.99;2099.97;Card;2026/01/19;Liam Jacobs
T03251;S002;Rivonia;C2016;Member;P0004;USB-C Charger;Electronics;2;299.99;599.98;Bank Transfer;2026/01/31;Emma Nkosi
T03252;S002;Rivonia;C0465;Member;P0022;Cookware Set;Kitchen;2;1599.99;3199.98;Mobile Pay;2026/04/01;James Botha
T03253;S002;Rivonia;C0385;Member;P0021;Cushion Set;Home & Decor;1;299.99;299.99;Card;2026/04/07;Liam Jacobs
T03254;S002;Rivonia;C0564;Guest;P0017;Face Moisturiser;Beauty;4;249.99;999.96;Card;2026/05/02;Daniel Smith
T03255;S002;Rivonia;C1419;Member;P0024;Storage Container Set;Kitchen;2;349.99;699.98;Bank Transfer;2026/03/29;Olivia Dlamini
T03256;S002;Rivonia;C1236;Member;P0025;Novel Book;Books;1;199.99;199.99;Mobile Pay;2026/05/01;Liam Jacobs
T03257;S002;Rivonia;C2212;Guest;P0025;Novel Book;Books;6;199.99;1199.94;Card;2026/05/11;Emma Nkosi
T03258;S002;Rivonia;C2862;Member;P0005;Laptop Backpack;Accessories;3;549.99;1649.97;Mobile Pay;2026/02/02;Liam Jacobs
T03259;S002;Rivonia;C2327;Member;P0010;Cotton T-Shirt;Clothing;1;249.99;249.99;Cash;2026/02/21;Emma Nkosi
T03260;S002;Rivonia;C1350;Member;P0001;Wireless Headphones;Electronics;2;899.99;1799.98;Mobile Pay;2026/01/31;Jessica Naidoo
T03261;S002;Rivonia;C1207;Guest;P0004;USB-C Charger;Electronics;3;299.99;899.97;Card;2026/02/09;Sophie Mthembu
T03262;S002;Rivonia;C0677;Member;P0016;Skincare Set;Beauty;6;599.99;3599.94;Card;2026/05/15;Michael Williams
T03263;S002;Rivonia;C2976;Member;P0009;Electric Kettle;Appliances;2;499.99;999.98;Card;2026/05/11;Daniel Smith
T03264;S002;Rivonia;C0716;Member;P0024;Storage Container Set;Kitchen;6;349.99;2099.94;Mobile Pay;2026/01/27;Olivia Dlamini
T03265;S002;Rivonia;C0667;Member;P0011;Denim Jeans;Clothing;5;799.99;3999.95;Mobile Pay;2026/05/17;Emma Nkosi
T03266;S002;Rivonia;C1537;Member;P0017;Face Moisturiser;Beauty;2;249.99;499.98;Cash;2026/01/28;Daniel Smith
T03267;S002;Rivonia;C1046;Guest;P0002;Bluetooth Speaker;Electronics;1;649.99;649.99;Bank Transfer;2026/03/12;Emma Nkosi
T03268;S002;Rivonia;C1411;Guest;P0020;Table Lamp;Home & Decor;1;699.99;699.99;Mobile Pay;2026/05/04;Sarah Mokoena
T03269;S002;Rivonia;C1590;Member;P0010;Cotton T-Shirt;Clothing;3;249.99;749.97;Cash;2026/04/10;Emma Nkosi
T03270;S002;Rivonia;C0654;Member;P0018;Perfume;Beauty;1;899.99;899.99;Bank Transfer;2026/01/29;Noah Pillay
T03271;S002;Rivonia;C2903;Member;P0009;Electric Kettle;Appliances;5;499.99;2499.95;Mobile Pay;2026/06/17;Noah Pillay
T03272;S002;Rivonia;C2256;Guest;P0008;Blender;Appliances;6;899.99;5399.94;Cash;2026/06/30;Jessica Naidoo
T03273;S002;Rivonia;C2035;Guest;P0017;Face Moisturiser;Beauty;5;249.99;1249.95;Mobile Pay;2026/03/10;Sarah Mokoena
T03274;S002;Rivonia;C0051;Member;P0004;USB-C Charger;Electronics;5;299.99;1499.95;Cash;2026/06/21;Emma Nkosi
T03275;S002;Rivonia;C0573;Guest;P0011;Denim Jeans;Clothing;6;799.99;4799.94;Card;2026/04/30;Liam Jacobs
T03276;S002;Rivonia;C1750;Guest;P0025;Novel Book;Books;3;199.99;599.97;Card;2026/02/14;Emma Nkosi
T03277;S002;Rivonia;C2953;Member;P0009;Electric Kettle;Appliances;6;499.99;2999.94;Mobile Pay;2026/05/06;Sarah Mokoena
T03278;S002;Rivonia;C2987;Member;P0015;Sports Bottle;Sportswear;5;199.99;999.95;Bank Transfer;2026/01/21;Emma Nkosi
T03279;S002;Rivonia;C1141;Member;P0022;Cookware Set;Kitchen;3;1599.99;4799.97;Bank Transfer;2026/04/04;Daniel Smith
T03280;S002;Rivonia;C2140;Guest;P0018;Perfume;Beauty;6;899.99;5399.94;Bank Transfer;2026/06/10;Sophie Mthembu
T03281;S002;Rivonia;C2490;Guest;P0025;Novel Book;Books;6;199.99;1199.94;Mobile Pay;2026/02/27;James Botha
T03282;S002;Rivonia;C2195;Member;P0011;Denim Jeans;Clothing;3;799.99;2399.97;Mobile Pay;2026/05/03;Michael Williams
T03283;S002;Rivonia;C0430;Guest;P0001;Wireless Headphones;Electronics;4;899.99;3599.96;Mobile Pay;2026/06/02;Sophie Mthembu
T03284;S002;Rivonia;C0114;Guest;P0017;Face Moisturiser;Beauty;5;249.99;1249.95;Bank Transfer;2026/01/30;Daniel Smith
T03285;S002;Rivonia;C1602;Member;P0013;Running Shoes;Sportswear;3;1499.5;4498.5;Cash;2026/02/04;Michael Williams
T03286;S002;Rivonia;C1524;Member;P0008;Blender;Appliances;3;899.99;2699.97;Card;2026/02/01;Sophie Mthembu
T03287;S002;Rivonia;C2633;Guest;P0001;Wireless Headphones;Electronics;2;899.99;1799.98;Bank Transfer;2026/02/21;Olivia Dlamini
T03288;S002;Rivonia;C2483;Member;P0025;Novel Book;Books;4;199.99;799.96;Mobile Pay;2026/01/25;Sophie Mthembu
T03289;S002;Rivonia;C2743;Member;P0023;Dinner Plate Set;Kitchen;3;499.99;1499.97;Mobile Pay;2026/03/27;James Botha
T03290;S002;Rivonia;C2315;Member;P0001;Wireless Headphones;Electronics;4;899.99;3599.96;Mobile Pay;2026/05/19;Michael Williams
T03291;S002;Rivonia;C1065;Guest;P0008;Blender;Appliances;1;899.99;899.99;Bank Transfer;2026/06/10;Liam Jacobs
T03292;S002;Rivonia;C0192;Guest;P0016;Skincare Set;Beauty;6;599.99;3599.94;Card;2026/06/29;Noah Pillay
T03293;S002;Rivonia;C2316;Member;P0005;Laptop Backpack;Accessories;3;549.99;1649.97;Mobile Pay;2026/03/22;Noah Pillay
T03294;S002;Rivonia;C1371;Member;P0009;Electric Kettle;Appliances;2;499.99;999.98;Cash;2026/01/20;James Botha
T03295;S002;Rivonia;C1700;Member;P0007;Air Fryer;Appliances;5;1799.99;8999.95;Cash;2026/03/14;Noah Pillay
T03296;S002;Rivonia;C0809;Member;P0009;Electric Kettle;Appliances;2;499.99;999.98;Cash;2026/01/03;Liam Jacobs
T03297;S002;Rivonia;C1923;Member;P0023;Dinner Plate Set;Kitchen;2;499.99;999.98;Mobile Pay;2026/01/05;Emma Nkosi
T03298;S002;Rivonia;C2076;Member;P0019;Throw Blanket;Home & Decor;4;449.99;1799.96;Card;2026/04/16;Sophie Mthembu
T03299;S002;Rivonia;C2829;Member;P0010;Cotton T-Shirt;Clothing;4;249.99;999.96;Mobile Pay;2026/01/17;Sophie Mthembu
T03300;S002;Rivonia;C1602;Member;P0023;Dinner Plate Set;Kitchen;2;499.99;999.98;Card;2026/02/23;Noah Pillay
T03301;S002;Rivonia;C1323;Guest;P0008;Blender;Appliances;2;899.99;1799.98;Cash;2026/02/19;Olivia Dlamini
T03302;S002;Rivonia;C1536;Member;P0021;Cushion Set;Home & Decor;5;299.99;1499.95;Bank Transfer;2026/01/25;James Botha
T03303;S002;Rivonia;C2200;Member;P0015;Sports Bottle;Sportswear;5;199.99;999.95;Cash;2026/01/26;Sophie Mthembu
T03304;S002;Rivonia;C1038;Guest;P0008;Blender;Appliances;2;899.99;1799.98;Card;2026/03/21;Noah Pillay
T03305;S002;Rivonia;C2805;Member;P0023;Dinner Plate Set;Kitchen;5;499.99;2499.95;Bank Transfer;2026/03/19;James Botha
T03306;S002;Rivonia;C2274;Guest;P0009;Electric Kettle;Appliances;4;499.99;1999.96;Mobile Pay;2026/03/22;James Botha
T03307;S002;Rivonia;C0443;Member;P0022;Cookware Set;Kitchen;4;1599.99;6399.96;Card;2026/04/30;Emma Nkosi
T03308;S002;Rivonia;C0288;Member;P0014;Yoga Mat;Sportswear;2;399.99;799.98;Mobile Pay;2026/04/21;Emma Nkosi
T03309;S002;Rivonia;C2110;Member;P0015;Sports Bottle;Sportswear;3;199.99;599.97;Bank Transfer;2026/04/03;Noah Pillay
T03310;S002;Rivonia;C1101;Guest;P0020;Table Lamp;Home & Decor;4;699.99;2799.96;Bank Transfer;2026/01/10;Olivia Dlamini
T03311;S002;Rivonia;C0723;Member;P0019;Throw Blanket;Home & Decor;2;449.99;899.98;Card;2026/06/26;Noah Pillay
T03312;S002;Rivonia;C1641;Member;P0019;Throw Blanket;Home & Decor;1;449.99;449.99;Bank Transfer;2026/02/01;Sophie Mthembu
T03313;S002;Rivonia;C0625;Guest;P0004;USB-C Charger;Electronics;4;299.99;1199.96;Card;2026/03/02;Noah Pillay
T03314;S002;Rivonia;C2339;Member;P0005;Laptop Backpack;Accessories;3;549.99;1649.97;Card;2026/02/02;Emma Nkosi
T03315;S002;Rivonia;C1004;Member;P0019;Throw Blanket;Home & Decor;5;449.99;2249.95;Bank Transfer;2026/05/08;Michael Williams
T03316;S002;Rivonia;C0036;Member;P0004;USB-C Charger;Electronics;6;299.99;1799.94;Mobile Pay;2026/06/04;Jessica Naidoo
T03317;S002;Rivonia;C2946;Guest;P0023;Dinner Plate Set;Kitchen;2;499.99;999.98;Card;2026/05/12;Noah Pillay
T03318;S002;Rivonia;C0158;Member;P0010;Cotton T-Shirt;Clothing;5;249.99;1249.95;Bank Transfer;2026/05/13;Daniel Smith
T03319;S002;Rivonia;C1980;Guest;P0025;Novel Book;Books;3;199.99;599.97;Cash;2026/04/26;James Botha
T03320;S002;Rivonia;C2279;Member;P0012;Hooded Sweatshirt;Clothing;1;599.99;599.99;Card;2026/03/09;Daniel Smith
T03321;S002;Rivonia;C0694;Member;P0018;Perfume;Beauty;6;899.99;5399.94;Card;2026/02/04;Michael Williams
T03322;S002;Rivonia;C2811;Guest;P0005;Laptop Backpack;Accessories;6;549.99;3299.94;Cash;2026/03/24;Liam Jacobs
T03323;S002;Rivonia;C0016;Member;P0013;Running Shoes;Sportswear;1;1499.5;1499.5;Bank Transfer;2026/02/25;Sophie Mthembu
T03324;S002;Rivonia;C0486;Guest;P0015;Sports Bottle;Sportswear;4;199.99;799.96;Cash;2026/04/21;Noah Pillay
T03325;S002;Rivonia;C0500;Member;P0024;Storage Container Set;Kitchen;6;349.99;2099.94;Mobile Pay;2026/01/31;Emma Nkosi
T03326;S002;Rivonia;C0631;Member;P0017;Face Moisturiser;Beauty;4;249.99;999.96;Mobile Pay;2026/02/05;Liam Jacobs
T03327;S002;Rivonia;C2821;Member;P0024;Storage Container Set;Kitchen;1;349.99;349.99;Card;2026/06/05;Noah Pillay
T03328;S002;Rivonia;C0757;Guest;P0018;Perfume;Beauty;1;899.99;899.99;Cash;2026/04/08;Sarah Mokoena
T03329;S002;Rivonia;C1953;Guest;P0015;Sports Bottle;Sportswear;1;199.99;199.99;Bank Transfer;2026/03/04;Liam Jacobs
T03330;S002;Rivonia;C2248;Member;P0003;Smart Watch;Electronics;6;1299.99;7799.94;Mobile Pay;2026/05/28;Sophie Mthembu
T03331;S002;Rivonia;C0513;Member;P0023;Dinner Plate Set;Kitchen;1;499.99;499.99;Cash;2026/01/22;Daniel Smith
T03332;S002;Rivonia;C0651;Member;P0007;Air Fryer;Appliances;4;1799.99;7199.96;Bank Transfer;2026/06/20;Daniel Smith
T03333;S002;Rivonia;C2700;Member;P0020;Table Lamp;Home & Decor;1;699.99;699.99;Mobile Pay;2026/01/28;Daniel Smith
T03334;S002;Rivonia;C2583;Member;P0009;Electric Kettle;Appliances;2;499.99;999.98;Mobile Pay;2026/04/19;Emma Nkosi
T03335;S002;Rivonia;C2820;Guest;P0012;Hooded Sweatshirt;Clothing;2;599.99;1199.98;Bank Transfer;2026/01/25;Liam Jacobs
T03336;S002;Rivonia;C1818;Member;P0012;Hooded Sweatshirt;Clothing;5;599.99;2999.95;Card;2026/04/16;Daniel Smith
T03337;S002;Rivonia;C0485;Member;P0024;Storage Container Set;Kitchen;5;349.99;1749.95;Card;2026/05/01;Daniel Smith
T03338;S002;Rivonia;C2537;Guest;P0011;Denim Jeans;Clothing;3;799.99;2399.97;Mobile Pay;2026/03/11;Jessica Naidoo
T03339;S002;Rivonia;C2838;Member;P0011;Denim Jeans;Clothing;6;799.99;4799.94;Mobile Pay;2026/06/23;Sophie Mthembu
T03340;S002;Rivonia;C2014;Guest;P0014;Yoga Mat;Sportswear;1;399.99;399.99;Bank Transfer;2026/02/02;Liam Jacobs
T03341;S002;Rivonia;C1033;Member;P0023;Dinner Plate Set;Kitchen;5;499.99;2499.95;Cash;2026/05/27;Daniel Smith
T03342;S002;Rivonia;C1891;Member;P0010;Cotton T-Shirt;Clothing;3;249.99;749.97;Card;2026/01/19;Liam Jacobs
T03343;S002;Rivonia;C2707;Member;P0005;Laptop Backpack;Accessories;3;549.99;1649.97;Bank Transfer;2026/06/29;Liam Jacobs
T03344;S002;Rivonia;C1975;Guest;P0018;Perfume;Beauty;1;899.99;899.99;Mobile Pay;2026/04/28;Sarah Mokoena
T03345;S002;Rivonia;C2946;Member;P0009;Electric Kettle;Appliances;4;499.99;1999.96;Bank Transfer;2026/04/16;Daniel Smith
T03346;S002;Rivonia;C2516;Member;P0002;Bluetooth Speaker;Electronics;6;649.99;3899.94;Mobile Pay;2026/05/16;Sophie Mthembu
T03347;S002;Rivonia;C0661;Guest;P0005;Laptop Backpack;Accessories;3;549.99;1649.97;Bank Transfer;2026/04/24;Sarah Mokoena
T03348;S002;Rivonia;C1685;Member;P0004;USB-C Charger;Electronics;4;299.99;1199.96;Mobile Pay;2026/05/06;Emma Nkosi
T03349;S002;Rivonia;C2664;Guest;P0017;Face Moisturiser;Beauty;6;249.99;1499.94;Bank Transfer;2026/05/29;Noah Pillay
T03350;S002;Rivonia;C0648;Guest;P0019;Throw Blanket;Home & Decor;4;449.99;1799.96;Cash;2026/05/10;Emma Nkosi
T03351;S002;Rivonia;C0729;Member;P0019;Throw Blanket;Home & Decor;3;449.99;1349.97;Bank Transfer;2026/02/05;Sarah Mokoena
T03352;S002;Rivonia;C1318;Member;P0019;Throw Blanket;Home & Decor;6;449.99;2699.94;Mobile Pay;2026/03/10;Sophie Mthembu
T03353;S002;Rivonia;C2284;Guest;P0006;Coffee Maker;Appliances;6;1299.99;7799.94;Bank Transfer;2026/03/12;Sophie Mthembu
T03354;S002;Rivonia;C0268;Member;P0013;Running Shoes;Sportswear;1;1499.5;1499.5;Mobile Pay;2026/05/17;Olivia Dlamini
T03355;S002;Rivonia;C0905;Guest;P0018;Perfume;Beauty;1;899.99;899.99;Bank Transfer;2026/03/22;Liam Jacobs
T03356;S002;Rivonia;C1709;Guest;P0013;Running Shoes;Sportswear;6;1499.5;8997.0;Mobile Pay;2026/03/25;James Botha
T03357;S002;Rivonia;C1734;Guest;P0003;Smart Watch;Electronics;5;1299.99;6499.95;Cash;2026/02/04;Michael Williams
T03358;S002;Rivonia;C2930;Guest;P0002;Bluetooth Speaker;Electronics;3;649.99;1949.97;Cash;2026/03/22;Sarah Mokoena
T03359;S002;Rivonia;C2786;Member;P0022;Cookware Set;Kitchen;5;1599.99;7999.95;Bank Transfer;2026/03/23;Sarah Mokoena
T03360;S002;Rivonia;C0235;Guest;P0005;Laptop Backpack;Accessories;2;549.99;1099.98;Card;2026/04/23;Sarah Mokoena
T03361;S002;Rivonia;C0640;Member;P0019;Throw Blanket;Home & Decor;2;449.99;899.98;Cash;2026/04/11;Liam Jacobs
T03362;S002;Rivonia;C1137;Member;P0004;USB-C Charger;Electronics;4;299.99;1199.96;Card;2026/06/29;Liam Jacobs
T03363;S002;Rivonia;C2956;Guest;P0021;Cushion Set;Home & Decor;3;299.99;899.97;Mobile Pay;2026/04/24;Sarah Mokoena
T03364;S002;Rivonia;C1551;Guest;P0023;Dinner Plate Set;Kitchen;3;499.99;1499.97;Cash;2026/06/09;Olivia Dlamini
T03365;S002;Rivonia;C1293;Member;P0003;Smart Watch;Electronics;1;1299.99;1299.99;Mobile Pay;2026/06/09;Olivia Dlamini
T03366;S002;Rivonia;C0798;Member;P0008;Blender;Appliances;2;899.99;1799.98;Cash;2026/05/16;Jessica Naidoo
T03367;S002;Rivonia;C1715;Guest;P0001;Wireless Headphones;Electronics;5;899.99;4499.95;Bank Transfer;2026/06/25;Jessica Naidoo
T03368;S002;Rivonia;C1513;Guest;P0006;Coffee Maker;Appliances;2;1299.99;2599.98;Mobile Pay;2026/04/27;Jessica Naidoo
T03369;S002;Rivonia;C1899;Member;P0013;Running Shoes;Sportswear;3;1499.5;4498.5;Mobile Pay;2026/06/19;Emma Nkosi
T03370;S002;Rivonia;C0526;Member;P0006;Coffee Maker;Appliances;4;1299.99;5199.96;Bank Transfer;2026/05/08;Michael Williams
T03371;S002;Rivonia;C0687;Member;P0007;Air Fryer;Appliances;4;1799.99;7199.96;Mobile Pay;2026/02/08;Sarah Mokoena
T03372;S002;Rivonia;C2606;Member;P0011;Denim Jeans;Clothing;3;799.99;2399.97;Cash;2026/03/12;James Botha
T03373;S002;Rivonia;C2083;Guest;P0017;Face Moisturiser;Beauty;2;249.99;499.98;Card;2026/03/29;Olivia Dlamini
T03374;S002;Rivonia;C0584;Member;P0006;Coffee Maker;Appliances;5;1299.99;6499.95;Bank Transfer;2026/06/14;Liam Jacobs
T03375;S002;Rivonia;C0952;Guest;P0023;Dinner Plate Set;Kitchen;5;499.99;2499.95;Bank Transfer;2026/03/15;Sophie Mthembu
T03376;S002;Rivonia;C1293;Guest;P0001;Wireless Headphones;Electronics;1;899.99;899.99;Card;2026/06/28;Sophie Mthembu
T03377;S002;Rivonia;C2540;Member;P0023;Dinner Plate Set;Kitchen;3;499.99;1499.97;Mobile Pay;2026/02/17;Michael Williams
T03378;S002;Rivonia;C2550;Member;P0011;Denim Jeans;Clothing;5;799.99;3999.95;Mobile Pay;2026/01/21;Emma Nkosi
T03379;S002;Rivonia;C0129;Member;P0008;Blender;Appliances;4;899.99;3599.96;Cash;2026/04/26;Olivia Dlamini
T03380;S002;Rivonia;C2866;Member;P0009;Electric Kettle;Appliances;1;499.99;499.99;Mobile Pay;2026/04/12;Liam Jacobs
T03381;S002;Rivonia;C0945;Guest;P0013;Running Shoes;Sportswear;5;1499.5;7497.5;Card;2026/06/12;Emma Nkosi
T03382;S002;Rivonia;C0785;Guest;P0011;Denim Jeans;Clothing;2;799.99;1599.98;Cash;2026/06/13;Liam Jacobs
T03383;S002;Rivonia;C1885;Member;P0002;Bluetooth Speaker;Electronics;3;649.99;1949.97;Cash;2026/05/15;James Botha
T03384;S002;Rivonia;C0342;Member;P0004;USB-C Charger;Electronics;3;299.99;899.97;Cash;2026/04/12;Daniel Smith
T03385;S002;Rivonia;C2843;Guest;P0021;Cushion Set;Home & Decor;6;299.99;1799.94;Bank Transfer;2026/05/03;Sophie Mthembu
T03386;S002;Rivonia;C2730;Member;P0015;Sports Bottle;Sportswear;3;199.99;599.97;Mobile Pay;2026/06/11;Daniel Smith
T03387;S002;Rivonia;C0335;Member;P0021;Cushion Set;Home & Decor;4;299.99;1199.96;Mobile Pay;2026/01/28;Liam Jacobs
T03388;S002;Rivonia;C2760;Member;P0011;Denim Jeans;Clothing;1;799.99;799.99;Card;2026/01/09;Emma Nkosi
T03389;S002;Rivonia;C0140;Member;P0004;USB-C Charger;Electronics;2;299.99;599.98;Mobile Pay;2026/01/16;Sarah Mokoena
T03390;S002;Rivonia;C0064;Member;P0025;Novel Book;Books;1;199.99;199.99;Mobile Pay;2026/03/23;Noah Pillay
T03391;S002;Rivonia;C1292;Member;P0024;Storage Container Set;Kitchen;6;349.99;2099.94;Bank Transfer;2026/05/28;Jessica Naidoo
T03392;S002;Rivonia;C2626;Member;P0001;Wireless Headphones;Electronics;2;899.99;1799.98;Card;2026/01/05;Jessica Naidoo
T03393;S002;Rivonia;C2780;Member;P0010;Cotton T-Shirt;Clothing;2;249.99;499.98;Bank Transfer;2026/05/25;Jessica Naidoo
T03394;S002;Rivonia;C0849;Guest;P0015;Sports Bottle;Sportswear;1;199.99;199.99;Mobile Pay;2026/05/21;Sarah Mokoena
T03395;S002;Rivonia;C0517;Member;P0022;Cookware Set;Kitchen;3;1599.99;4799.97;Cash;2026/05/15;Sophie Mthembu
T03396;S002;Rivonia;C2250;Member;P0019;Throw Blanket;Home & Decor;6;449.99;2699.94;Mobile Pay;2026/03/25;Daniel Smith
T03397;S002;Rivonia;C1723;Guest;P0007;Air Fryer;Appliances;5;1799.99;8999.95;Mobile Pay;2026/02/03;Sarah Mokoena
T03398;S002;Rivonia;C2789;Member;P0010;Cotton T-Shirt;Clothing;4;249.99;999.96;Cash;2026/03/28;Emma Nkosi
T03399;S002;Rivonia;C0496;Member;P0012;Hooded Sweatshirt;Clothing;6;599.99;3599.94;Bank Transfer;2026/03/31;Emma Nkosi
T03400;S002;Rivonia;C0429;Member;P0017;Face Moisturiser;Beauty;3;249.99;749.97;Bank Transfer;2026/03/10;Sarah Mokoena
T03401;S002;Rivonia;C0643;Member;P0005;Laptop Backpack;Accessories;3;549.99;1649.97;Cash;2026/01/19;Emma Nkosi
T03402;S002;Rivonia;C0151;Member;P0012;Hooded Sweatshirt;Clothing;4;599.99;2399.96;Bank Transfer;2026/05/10;Noah Pillay
T03403;S002;Rivonia;C2583;Guest;P0018;Perfume;Beauty;6;899.99;5399.94;Mobile Pay;2026/06/13;Daniel Smith
T03404;S002;Rivonia;C2254;Guest;P0012;Hooded Sweatshirt;Clothing;6;599.99;3599.94;Card;2026/06/03;Noah Pillay
T03405;S002;Rivonia;C0096;Guest;P0024;Storage Container Set;Kitchen;6;349.99;2099.94;Cash;2026/05/09;James Botha
T03406;S002;Rivonia;C1392;Guest;P0024;Storage Container Set;Kitchen;6;349.99;2099.94;Card;2026/02/27;Noah Pillay
T03407;S002;Rivonia;C2828;Member;P0021;Cushion Set;Home & Decor;2;299.99;599.98;Bank Transfer;2026/03/23;Daniel Smith
T03408;S002;Rivonia;C0020;Guest;P0022;Cookware Set;Kitchen;5;1599.99;7999.95;Cash;2026/06/04;Daniel Smith
T03409;S002;Rivonia;C0712;Member;P0006;Coffee Maker;Appliances;3;1299.99;3899.97;Card;2026/02/28;Sophie Mthembu
T03410;S002;Rivonia;C2881;Member;P0012;Hooded Sweatshirt;Clothing;6;599.99;3599.94;Bank Transfer;2026/03/19;Sarah Mokoena
T03411;S002;Rivonia;C0845;Member;P0019;Throw Blanket;Home & Decor;3;449.99;1349.97;Bank Transfer;2026/04/04;Noah Pillay
T03412;S002;Rivonia;C0268;Member;P0010;Cotton T-Shirt;Clothing;2;249.99;499.98;Card;2026/02/25;Michael Williams
T03413;S002;Rivonia;C0440;Member;P0002;Bluetooth Speaker;Electronics;4;649.99;2599.96;Cash;2026/02/03;Sarah Mokoena
T03414;S002;Rivonia;C0141;Member;P0011;Denim Jeans;Clothing;1;799.99;799.99;Mobile Pay;2026/04/25;Emma Nkosi
T03415;S002;Rivonia;C2585;Guest;P0019;Throw Blanket;Home & Decor;4;449.99;1799.96;Mobile Pay;2026/02/09;Olivia Dlamini
T03416;S002;Rivonia;C0016;Member;P0025;Novel Book;Books;3;199.99;599.97;Card;2026/06/18;Daniel Smith
T03417;S002;Rivonia;C1316;Member;P0013;Running Shoes;Sportswear;3;1499.5;4498.5;Cash;2026/04/08;Michael Williams
T03418;S002;Rivonia;C2877;Member;P0015;Sports Bottle;Sportswear;3;199.99;599.97;Mobile Pay;2026/03/05;Sophie Mthembu
T03419;S002;Rivonia;C2590;Guest;P0024;Storage Container Set;Kitchen;6;349.99;2099.94;Bank Transfer;2026/01/29;Sarah Mokoena
T03420;S002;Rivonia;C2731;Member;P0005;Laptop Backpack;Accessories;2;549.99;1099.98;Cash;2026/05/16;Daniel Smith
T03421;S002;Rivonia;C0892;Guest;P0006;Coffee Maker;Appliances;2;1299.99;2599.98;Cash;2026/06/04;Noah Pillay
T03422;S002;Rivonia;C2593;Member;P0016;Skincare Set;Beauty;3;599.99;1799.97;Card;2026/06/15;Sophie Mthembu
T03423;S002;Rivonia;C0520;Member;P0022;Cookware Set;Kitchen;3;1599.99;4799.97;Cash;2026/01/08;Emma Nkosi
T03424;S002;Rivonia;C0928;Guest;P0002;Bluetooth Speaker;Electronics;4;649.99;2599.96;Cash;2026/04/18;Olivia Dlamini
T03425;S002;Rivonia;C2484;Member;P0023;Dinner Plate Set;Kitchen;4;499.99;1999.96;Bank Transfer;2026/06/27;Noah Pillay
T03426;S002;Rivonia;C2750;Guest;P0010;Cotton T-Shirt;Clothing;1;249.99;249.99;Card;2026/02/14;Noah Pillay
T03427;S002;Rivonia;C0716;Guest;P0006;Coffee Maker;Appliances;1;1299.99;1299.99;Mobile Pay;2026/04/24;Jessica Naidoo
T03428;S002;Rivonia;C2917;Member;P0003;Smart Watch;Electronics;4;1299.99;5199.96;Card;2026/01/20;Daniel Smith
T03429;S002;Rivonia;C0177;Member;P0011;Denim Jeans;Clothing;4;799.99;3199.96;Cash;2026/02/04;Michael Williams
T03430;S002;Rivonia;C0490;Guest;P0002;Bluetooth Speaker;Electronics;3;649.99;1949.97;Bank Transfer;2026/01/26;Liam Jacobs
T03431;S002;Rivonia;C1655;Member;P0011;Denim Jeans;Clothing;5;799.99;3999.95;Cash;2026/06/24;Olivia Dlamini
T03432;S002;Rivonia;C2789;Member;P0009;Electric Kettle;Appliances;5;499.99;2499.95;Bank Transfer;2026/03/07;Liam Jacobs
T03433;S002;Rivonia;C0829;Member;P0017;Face Moisturiser;Beauty;4;249.99;999.96;Bank Transfer;2026/02/22;Michael Williams
T03434;S002;Rivonia;C0979;Member;P0017;Face Moisturiser;Beauty;3;249.99;749.97;Cash;2026/03/02;James Botha
T03435;S002;Rivonia;C1505;Guest;P0003;Smart Watch;Electronics;4;1299.99;5199.96;Cash;2026/01/20;Sarah Mokoena
T03436;S002;Rivonia;C2702;Member;P0012;Hooded Sweatshirt;Clothing;2;599.99;1199.98;Bank Transfer;2026/05/28;Sophie Mthembu
T03437;S002;Rivonia;C0854;Guest;P0021;Cushion Set;Home & Decor;6;299.99;1799.94;Bank Transfer;2026/04/21;Noah Pillay
T03438;S002;Rivonia;C0743;Guest;P0003;Smart Watch;Electronics;6;1299.99;7799.94;Cash;2026/01/21;Sophie Mthembu
T03439;S002;Rivonia;C1068;Guest;P0005;Laptop Backpack;Accessories;3;549.99;1649.97;Card;2026/03/30;Sarah Mokoena
T03440;S002;Rivonia;C2871;Member;P0016;Skincare Set;Beauty;1;599.99;599.99;Mobile Pay;2026/01/24;Sarah Mokoena
T03441;S002;Rivonia;C2053;Member;P0014;Yoga Mat;Sportswear;2;399.99;799.98;Card;2026/05/02;Noah Pillay
T03442;S002;Rivonia;C2091;Member;P0009;Electric Kettle;Appliances;5;499.99;2499.95;Card;2026/06/26;Sophie Mthembu
T03443;S002;Rivonia;C0823;Member;P0015;Sports Bottle;Sportswear;1;199.99;199.99;Card;2026/04/15;James Botha
T03444;S002;Rivonia;C1465;Guest;P0017;Face Moisturiser;Beauty;6;249.99;1499.94;Card;2026/04/03;Jessica Naidoo
T03445;S002;Rivonia;C0540;Guest;P0020;Table Lamp;Home & Decor;4;699.99;2799.96;Cash;2026/06/05;Sophie Mthembu
T03446;S002;Rivonia;C2209;Guest;P0024;Storage Container Set;Kitchen;6;349.99;2099.94;Cash;2026/06/22;Sophie Mthembu
T03447;S002;Rivonia;C2484;Member;P0024;Storage Container Set;Kitchen;2;349.99;699.98;Card;2026/06/11;Sophie Mthembu
T03448;S002;Rivonia;C1160;Member;P0016;Skincare Set;Beauty;1;599.99;599.99;Mobile Pay;2026/03/25;Olivia Dlamini
T03449;S002;Rivonia;C2376;Guest;P0014;Yoga Mat;Sportswear;3;399.99;1199.97;Mobile Pay;2026/01/26;James Botha
T03450;S002;Rivonia;C0377;Member;P0005;Laptop Backpack;Accessories;5;549.99;2749.95;Card;2026/03/25;Sophie Mthembu
T03451;S002;Rivonia;C2357;Member;P0010;Cotton T-Shirt;Clothing;3;249.99;749.97;Cash;2026/02/27;James Botha
T03452;S002;Rivonia;C0035;Member;P0011;Denim Jeans;Clothing;4;799.99;3199.96;Bank Transfer;2026/05/28;Michael Williams
T03453;S002;Rivonia;C1865;Guest;P0018;Perfume;Beauty;6;899.99;5399.94;Cash;2026/05/12;Jessica Naidoo
T03454;S002;Rivonia;C1227;Member;P0016;Skincare Set;Beauty;4;599.99;2399.96;Card;2026/04/12;Emma Nkosi
T03455;S002;Rivonia;C1550;Member;P0004;USB-C Charger;Electronics;4;299.99;1199.96;Cash;2026/04/28;Sarah Mokoena
T03456;S002;Rivonia;C0904;Guest;P0008;Blender;Appliances;2;899.99;1799.98;Mobile Pay;2026/04/26;Michael Williams
T03457;S002;Rivonia;C2866;Guest;P0015;Sports Bottle;Sportswear;4;199.99;799.96;Mobile Pay;2026/01/18;Jessica Naidoo
T03458;S002;Rivonia;C0556;Member;P0014;Yoga Mat;Sportswear;5;399.99;1999.95;Mobile Pay;2026/05/30;James Botha
T03459;S002;Rivonia;C2459;Guest;P0005;Laptop Backpack;Accessories;1;549.99;549.99;Cash;2026/05/27;Olivia Dlamini
T03460;S002;Rivonia;C2383;Guest;P0016;Skincare Set;Beauty;6;599.99;3599.94;Bank Transfer;2026/01/27;Jessica Naidoo
T03461;S002;Rivonia;C0318;Member;P0015;Sports Bottle;Sportswear;4;199.99;799.96;Bank Transfer;2026/05/09;James Botha
T03462;S002;Rivonia;C0236;Member;P0020;Table Lamp;Home & Decor;3;699.99;2099.97;Card;2026/06/06;Noah Pillay
T03463;S002;Rivonia;C2865;Guest;P0019;Throw Blanket;Home & Decor;6;449.99;2699.94;Mobile Pay;2026/02/13;Michael Williams
T03464;S002;Rivonia;C0034;Member;P0022;Cookware Set;Kitchen;6;1599.99;9599.94;Mobile Pay;2026/04/03;Olivia Dlamini
T03465;S002;Rivonia;C1121;Member;P0019;Throw Blanket;Home & Decor;3;449.99;1349.97;Bank Transfer;2026/04/01;Noah Pillay
T03466;S002;Rivonia;C2417;Member;P0009;Electric Kettle;Appliances;3;499.99;1499.97;Mobile Pay;2026/04/04;Noah Pillay
T03467;S002;Rivonia;C1074;Member;P0002;Bluetooth Speaker;Electronics;4;649.99;2599.96;Bank Transfer;2026/02/28;Liam Jacobs
T03468;S002;Rivonia;C0979;Member;P0016;Skincare Set;Beauty;4;599.99;2399.96;Bank Transfer;2026/02/09;Sarah Mokoena
T03469;S002;Rivonia;C2510;Guest;P0004;USB-C Charger;Electronics;2;299.99;599.98;Cash;2026/02/18;James Botha
T03470;S002;Rivonia;C0402;Guest;P0001;Wireless Headphones;Electronics;2;899.99;1799.98;Cash;2026/01/25;Sarah Mokoena
T03471;S002;Rivonia;C1682;Member;P0022;Cookware Set;Kitchen;4;1599.99;6399.96;Cash;2026/06/24;Sophie Mthembu
T03472;S002;Rivonia;C0617;Member;P0010;Cotton T-Shirt;Clothing;6;249.99;1499.94;Mobile Pay;2026/01/21;Michael Williams
T03473;S002;Rivonia;C2845;Member;P0015;Sports Bottle;Sportswear;6;199.99;1199.94;Cash;2026/04/28;Sarah Mokoena
T03474;S002;Rivonia;C1451;Member;P0015;Sports Bottle;Sportswear;2;199.99;399.98;Card;2026/04/24;Emma Nkosi
T03475;S002;Rivonia;C0395;Guest;P0016;Skincare Set;Beauty;1;599.99;599.99;Bank Transfer;2026/06/25;Sophie Mthembu
T03476;S002;Rivonia;C0748;Member;P0007;Air Fryer;Appliances;5;1799.99;8999.95;Mobile Pay;2026/01/09;Olivia Dlamini
T03477;S002;Rivonia;C1822;Member;P0002;Bluetooth Speaker;Electronics;2;649.99;1299.98;Card;2026/01/22;Liam Jacobs
T03478;S002;Rivonia;C1154;Member;P0004;USB-C Charger;Electronics;2;299.99;599.98;Cash;2026/01/28;Jessica Naidoo
T03479;S002;Rivonia;C2317;Member;P0021;Cushion Set;Home & Decor;5;299.99;1499.95;Mobile Pay;2026/03/06;Sarah Mokoena
T03480;S002;Rivonia;C1504;Guest;P0021;Cushion Set;Home & Decor;4;299.99;1199.96;Bank Transfer;2026/06/17;Jessica Naidoo
T03481;S002;Rivonia;C1022;Guest;P0018;Perfume;Beauty;2;899.99;1799.98;Mobile Pay;2026/02/19;Jessica Naidoo
T03482;S002;Rivonia;C1111;Member;P0010;Cotton T-Shirt;Clothing;1;249.99;249.99;Cash;2026/01/16;James Botha
T03483;S002;Rivonia;C1965;Member;P0024;Storage Container Set;Kitchen;6;349.99;2099.94;Bank Transfer;2026/03/21;Sophie Mthembu
T03484;S002;Rivonia;C3000;Guest;P0017;Face Moisturiser;Beauty;1;249.99;249.99;Mobile Pay;2026/03/27;Liam Jacobs
T03485;S002;Rivonia;C0401;Member;P0001;Wireless Headphones;Electronics;5;899.99;4499.95;Cash;2026/05/02;Sophie Mthembu
T03486;S002;Rivonia;C1606;Guest;P0022;Cookware Set;Kitchen;2;1599.99;3199.98;Mobile Pay;2026/05/06;Sarah Mokoena
T03487;S002;Rivonia;C2645;Member;P0016;Skincare Set;Beauty;6;599.99;3599.94;Cash;2026/03/08;Sophie Mthembu
T03488;S002;Rivonia;C0375;Guest;P0020;Table Lamp;Home & Decor;1;699.99;699.99;Cash;2026/06/29;Olivia Dlamini
T03489;S002;Rivonia;C1326;Member;P0005;Laptop Backpack;Accessories;2;549.99;1099.98;Bank Transfer;2026/04/21;Jessica Naidoo
T03490;S002;Rivonia;C2835;Member;P0009;Electric Kettle;Appliances;1;499.99;499.99;Card;2026/06/02;Olivia Dlamini
T03491;S002;Rivonia;C0037;Member;P0020;Table Lamp;Home & Decor;4;699.99;2799.96;Cash;2026/01/14;Michael Williams
T03492;S002;Rivonia;C2328;Member;P0025;Novel Book;Books;2;199.99;399.98;Bank Transfer;2026/04/08;Daniel Smith
T03493;S002;Rivonia;C2375;Member;P0022;Cookware Set;Kitchen;1;1599.99;1599.99;Mobile Pay;2026/02/21;Liam Jacobs
T03494;S002;Rivonia;C1517;Guest;P0003;Smart Watch;Electronics;1;1299.99;1299.99;Card;2026/03/08;Sarah Mokoena
T03495;S002;Rivonia;C0996;Guest;P0017;Face Moisturiser;Beauty;6;249.99;1499.94;Mobile Pay;2026/02/25;Noah Pillay
T03496;S002;Rivonia;C0379;Guest;P0012;Hooded Sweatshirt;Clothing;3;599.99;1799.97;Card;2026/03/17;Sophie Mthembu
T03497;S002;Rivonia;C1000;Member;P0002;Bluetooth Speaker;Electronics;4;649.99;2599.96;Card;2026/04/17;Emma Nkosi
T03498;S002;Rivonia;C2534;Guest;P0022;Cookware Set;Kitchen;5;1599.99;7999.95;Bank Transfer;2026/06/26;Sophie Mthembu
T03499;S002;Rivonia;C2905;Guest;P0012;Hooded Sweatshirt;Clothing;6;599.99;3599.94;Bank Transfer;2026/03/29;Daniel Smith
T03500;S002;Rivonia;C1118;Member;P0014;Yoga Mat;Sportswear;6;399.99;2399.94;Card;2026/06/04;Liam Jacobs
T03501;S002;Rivonia;C0005;Member;P0004;USB-C Charger;Electronics;5;299.99;1499.95;Mobile Pay;2026/02/04;Sophie Mthembu
T03502;S002;Rivonia;C2082;Member;P0023;Dinner Plate Set;Kitchen;3;499.99;1499.97;Cash;2026/06/22;Emma Nkosi
T03503;S002;Rivonia;C1637;Member;P0020;Table Lamp;Home & Decor;4;699.99;2799.96;Cash;2026/04/10;Jessica Naidoo
T03504;S002;Rivonia;C0721;Guest;P0004;USB-C Charger;Electronics;4;299.99;1199.96;Cash;2026/02/11;Daniel Smith
T03505;S002;Rivonia;C2821;Guest;P0001;Wireless Headphones;Electronics;4;899.99;3599.96;Bank Transfer;2026/06/22;Sarah Mokoena
T03506;S002;Rivonia;C2574;Guest;P0001;Wireless Headphones;Electronics;6;899.99;5399.94;Bank Transfer;2026/01/15;Emma Nkosi
T03507;S002;Rivonia;C0653;Guest;P0013;Running Shoes;Sportswear;2;1499.5;2999.0;Mobile Pay;2026/03/29;Emma Nkosi
T03508;S002;Rivonia;C0812;Member;P0025;Novel Book;Books;6;199.99;1199.94;Cash;2026/03/30;Jessica Naidoo
T03509;S002;Rivonia;C0364;Guest;P0009;Electric Kettle;Appliances;4;499.99;1999.96;Mobile Pay;2026/03/31;James Botha
T03510;S002;Rivonia;C2772;Member;P0019;Throw Blanket;Home & Decor;4;449.99;1799.96;Bank Transfer;2026/05/27;Jessica Naidoo
T03511;S002;Rivonia;C2478;Member;P0018;Perfume;Beauty;1;899.99;899.99;Bank Transfer;2026/01/27;Liam Jacobs
T03512;S002;Rivonia;C2022;Member;P0005;Laptop Backpack;Accessories;3;549.99;1649.97;Card;2026/02/15;Olivia Dlamini
T03513;S002;Rivonia;C0518;Guest;P0024;Storage Container Set;Kitchen;4;349.99;1399.96;Cash;2026/06/04;James Botha
T03514;S002;Rivonia;C1592;Guest;P0020;Table Lamp;Home & Decor;2;699.99;1399.98;Card;2026/05/02;Michael Williams
T03515;S002;Rivonia;C1558;Member;P0013;Running Shoes;Sportswear;2;1499.5;2999.0;Bank Transfer;2026/04/10;Michael Williams
T03516;S002;Rivonia;C0019;Member;P0017;Face Moisturiser;Beauty;6;249.99;1499.94;Card;2026/01/05;Jessica Naidoo
T03517;S002;Rivonia;C1525;Member;P0016;Skincare Set;Beauty;4;599.99;2399.96;Mobile Pay;2026/02/26;Emma Nkosi
T03518;S002;Rivonia;C1892;Member;P0015;Sports Bottle;Sportswear;2;199.99;399.98;Cash;2026/05/20;Daniel Smith
T03519;S002;Rivonia;C0831;Member;P0001;Wireless Headphones;Electronics;5;899.99;4499.95;Card;2026/01/11;Michael Williams
T03520;S002;Rivonia;C0267;Member;P0005;Laptop Backpack;Accessories;4;549.99;2199.96;Cash;2026/01/02;Daniel Smith
T03521;S002;Rivonia;C1865;Guest;P0019;Throw Blanket;Home & Decor;5;449.99;2249.95;Cash;2026/06/11;Jessica Naidoo
T03522;S002;Rivonia;C2379;Guest;P0013;Running Shoes;Sportswear;2;1499.5;2999.0;Cash;2026/03/12;Emma Nkosi
T03523;S002;Rivonia;C0095;Member;P0022;Cookware Set;Kitchen;1;1599.99;1599.99;Cash;2026/03/10;Daniel Smith
T03524;S002;Rivonia;C2473;Guest;P0016;Skincare Set;Beauty;3;599.99;1799.97;Bank Transfer;2026/06/23;Emma Nkosi
T03525;S002;Rivonia;C1963;Guest;P0019;Throw Blanket;Home & Decor;6;449.99;2699.94;Bank Transfer;2026/03/23;Michael Williams
T03526;S002;Rivonia;C1100;Member;P0011;Denim Jeans;Clothing;4;799.99;3199.96;Card;2026/01/30;Sarah Mokoena
T03527;S002;Rivonia;C2151;Member;P0023;Dinner Plate Set;Kitchen;1;499.99;499.99;Cash;2026/05/30;Michael Williams
T03528;S002;Rivonia;C1596;Member;P0014;Yoga Mat;Sportswear;4;399.99;1599.96;Card;2026/01/06;Jessica Naidoo
T03529;S002;Rivonia;C0308;Member;P0024;Storage Container Set;Kitchen;6;349.99;2099.94;Mobile Pay;2026/05/27;James Botha
T03530;S002;Rivonia;C2583;Member;P0010;Cotton T-Shirt;Clothing;6;249.99;1499.94;Card;2026/04/17;Olivia Dlamini
T03531;S002;Rivonia;C1291;Member;P0002;Bluetooth Speaker;Electronics;4;649.99;2599.96;Mobile Pay;2026/01/10;Jessica Naidoo
T03532;S002;Rivonia;C1535;Guest;P0007;Air Fryer;Appliances;6;1799.99;10799.94;Cash;2026/03/14;Emma Nkosi
T03533;S002;Rivonia;C1711;Member;P0014;Yoga Mat;Sportswear;1;399.99;399.99;Cash;2026/01/19;Daniel Smith
T03534;S002;Rivonia;C1561;Member;P0020;Table Lamp;Home & Decor;5;699.99;3499.95;Card;2026/05/04;Emma Nkosi
T03535;S002;Rivonia;C1430;Member;P0024;Storage Container Set;Kitchen;2;349.99;699.98;Bank Transfer;2026/04/22;Jessica Naidoo
T03536;S002;Rivonia;C2359;Guest;P0002;Bluetooth Speaker;Electronics;1;649.99;649.99;Card;2026/05/31;Jessica Naidoo
T03537;S002;Rivonia;C1515;Guest;P0013;Running Shoes;Sportswear;1;1499.5;1499.5;Bank Transfer;2026/06/10;Daniel Smith
T03538;S002;Rivonia;C0570;Guest;P0003;Smart Watch;Electronics;3;1299.99;3899.97;Mobile Pay;2026/05/25;Liam Jacobs
T03539;S002;Rivonia;C0093;Guest;P0008;Blender;Appliances;3;899.99;2699.97;Card;2026/01/05;Noah Pillay
T03540;S002;Rivonia;C0983;Guest;P0016;Skincare Set;Beauty;1;599.99;599.99;Mobile Pay;2026/04/07;Olivia Dlamini
T03541;S002;Rivonia;C2132;Guest;P0001;Wireless Headphones;Electronics;4;899.99;3599.96;Card;2026/04/10;Jessica Naidoo
T03542;S002;Rivonia;C0319;Member;P0009;Electric Kettle;Appliances;1;499.99;499.99;Cash;2026/06/24;Michael Williams
T03543;S002;Rivonia;C1152;Guest;P0007;Air Fryer;Appliances;4;1799.99;7199.96;Cash;2026/06/13;Sophie Mthembu
T03544;S002;Rivonia;C1143;Guest;P0020;Table Lamp;Home & Decor;4;699.99;2799.96;Cash;2026/01/07;Noah Pillay
T03545;S002;Rivonia;C1195;Guest;P0018;Perfume;Beauty;3;899.99;2699.97;Mobile Pay;2026/01/08;Emma Nkosi
T03546;S002;Rivonia;C2788;Guest;P0023;Dinner Plate Set;Kitchen;2;499.99;999.98;Cash;2026/03/04;Emma Nkosi
T03547;S002;Rivonia;C1395;Member;P0011;Denim Jeans;Clothing;6;799.99;4799.94;Mobile Pay;2026/03/30;Daniel Smith
T03548;S002;Rivonia;C0958;Member;P0023;Dinner Plate Set;Kitchen;5;499.99;2499.95;Card;2026/03/12;Noah Pillay
T03549;S002;Rivonia;C0334;Guest;P0016;Skincare Set;Beauty;6;599.99;3599.94;Mobile Pay;2026/06/12;Michael Williams
T03550;S002;Rivonia;C1317;Member;P0009;Electric Kettle;Appliances;1;499.99;499.99;Card;2026/01/29;Olivia Dlamini
T03551;S002;Rivonia;C2822;Member;P0020;Table Lamp;Home & Decor;6;699.99;4199.94;Bank Transfer;2026/02/06;James Botha
T03552;S002;Rivonia;C2679;Member;P0010;Cotton T-Shirt;Clothing;6;249.99;1499.94;Cash;2026/05/18;Michael Williams
T03553;S002;Rivonia;C0142;Guest;P0019;Throw Blanket;Home & Decor;4;449.99;1799.96;Card;2026/05/03;Jessica Naidoo
T03554;S002;Rivonia;C1961;Member;P0017;Face Moisturiser;Beauty;6;249.99;1499.94;Mobile Pay;2026/05/21;Sarah Mokoena
T03555;S002;Rivonia;C0912;Member;P0020;Table Lamp;Home & Decor;4;699.99;2799.96;Mobile Pay;2026/01/23;James Botha
T03556;S002;Rivonia;C0054;Guest;P0020;Table Lamp;Home & Decor;2;699.99;1399.98;Bank Transfer;2026/06/03;Michael Williams
T03557;S002;Rivonia;C2194;Member;P0020;Table Lamp;Home & Decor;4;699.99;2799.96;Card;2026/06/07;Olivia Dlamini
T03558;S002;Rivonia;C2202;Guest;P0022;Cookware Set;Kitchen;1;1599.99;1599.99;Cash;2026/06/22;Sophie Mthembu
T03559;S002;Rivonia;C1223;Guest;P0011;Denim Jeans;Clothing;4;799.99;3199.96;Mobile Pay;2026/02/09;Michael Williams
T03560;S002;Rivonia;C2000;Member;P0018;Perfume;Beauty;1;899.99;899.99;Mobile Pay;2026/01/03;Michael Williams
T03561;S002;Rivonia;C2998;Member;P0020;Table Lamp;Home & Decor;6;699.99;4199.94;Mobile Pay;2026/05/14;Michael Williams
T03562;S002;Rivonia;C1501;Member;P0025;Novel Book;Books;4;199.99;799.96;Cash;2026/02/28;Sarah Mokoena
T03563;S002;Rivonia;C2267;Guest;P0009;Electric Kettle;Appliances;6;499.99;2999.94;Bank Transfer;2026/05/15;Daniel Smith
T03564;S002;Rivonia;C1504;Member;P0010;Cotton T-Shirt;Clothing;4;249.99;999.96;Mobile Pay;2026/04/28;Olivia Dlamini
T03565;S002;Rivonia;C0811;Member;P0016;Skincare Set;Beauty;3;599.99;1799.97;Mobile Pay;2026/06/13;Olivia Dlamini
T03566;S002;Rivonia;C1440;Member;P0018;Perfume;Beauty;3;899.99;2699.97;Card;2026/01/24;Noah Pillay
T03567;S002;Rivonia;C2392;Guest;P0001;Wireless Headphones;Electronics;6;899.99;5399.94;Card;2026/04/04;Sophie Mthembu
T03568;S002;Rivonia;C2293;Member;P0004;USB-C Charger;Electronics;5;299.99;1499.95;Bank Transfer;2026/05/20;Emma Nkosi
T03569;S002;Rivonia;C2641;Guest;P0022;Cookware Set;Kitchen;6;1599.99;9599.94;Bank Transfer;2026/04/21;Sarah Mokoena
T03570;S002;Rivonia;C2524;Member;P0007;Air Fryer;Appliances;5;1799.99;8999.95;Card;2026/04/22;Michael Williams
T03571;S002;Rivonia;C1078;Member;P0001;Wireless Headphones;Electronics;1;899.99;899.99;Cash;2026/05/01;James Botha
T03572;S002;Rivonia;C2290;Member;P0013;Running Shoes;Sportswear;3;1499.5;4498.5;Cash;2026/01/15;Michael Williams
T03573;S002;Rivonia;C0616;Guest;P0025;Novel Book;Books;5;199.99;999.95;Bank Transfer;2026/04/28;Olivia Dlamini
T03574;S002;Rivonia;C1958;Member;P0001;Wireless Headphones;Electronics;6;899.99;5399.94;Mobile Pay;2026/02/05;Liam Jacobs
T03575;S002;Rivonia;C0649;Member;P0009;Electric Kettle;Appliances;5;499.99;2499.95;Cash;2026/02/04;Liam Jacobs
T03576;S002;Rivonia;C2045;Member;P0008;Blender;Appliances;6;899.99;5399.94;Cash;2026/02/28;Noah Pillay
T03577;S002;Rivonia;C2121;Guest;P0014;Yoga Mat;Sportswear;5;399.99;1999.95;Bank Transfer;2026/02/25;Noah Pillay
T03578;S002;Rivonia;C1922;Member;P0023;Dinner Plate Set;Kitchen;2;499.99;999.98;Bank Transfer;2026/03/13;Jessica Naidoo
T03579;S002;Rivonia;C1563;Member;P0013;Running Shoes;Sportswear;1;1499.5;1499.5;Mobile Pay;2026/04/27;Emma Nkosi
T03580;S002;Rivonia;C0990;Member;P0020;Table Lamp;Home & Decor;5;699.99;3499.95;Bank Transfer;2026/04/06;Sophie Mthembu
T03581;S002;Rivonia;C2565;Member;P0024;Storage Container Set;Kitchen;4;349.99;1399.96;Cash;2026/04/09;Olivia Dlamini
T03582;S002;Rivonia;C0812;Member;P0007;Air Fryer;Appliances;2;1799.99;3599.98;Cash;2026/02/20;James Botha
T03583;S002;Rivonia;C2667;Member;P0011;Denim Jeans;Clothing;2;799.99;1599.98;Card;2026/01/29;Daniel Smith
T03584;S002;Rivonia;C2638;Guest;P0018;Perfume;Beauty;4;899.99;3599.96;Cash;2026/02/02;Liam Jacobs
T03585;S002;Rivonia;C0829;Guest;P0018;Perfume;Beauty;5;899.99;4499.95;Card;2026/02/11;Sophie Mthembu
T03586;S002;Rivonia;C1126;Member;P0017;Face Moisturiser;Beauty;6;249.99;1499.94;Cash;2026/02/15;Liam Jacobs
T03587;S002;Rivonia;C2523;Guest;P0006;Coffee Maker;Appliances;4;1299.99;5199.96;Bank Transfer;2026/01/23;Noah Pillay
T03588;S002;Rivonia;C1651;Member;P0023;Dinner Plate Set;Kitchen;1;499.99;499.99;Mobile Pay;2026/04/19;Noah Pillay
T03589;S002;Rivonia;C0829;Guest;P0001;Wireless Headphones;Electronics;2;899.99;1799.98;Mobile Pay;2026/03/03;Sarah Mokoena
T03590;S002;Rivonia;C2128;Guest;P0012;Hooded Sweatshirt;Clothing;3;599.99;1799.97;Cash;2026/02/05;James Botha
T03591;S002;Rivonia;C1612;Member;P0022;Cookware Set;Kitchen;5;1599.99;7999.95;Mobile Pay;2026/01/15;Emma Nkosi
T03592;S002;Rivonia;C2790;Guest;P0023;Dinner Plate Set;Kitchen;4;499.99;1999.96;Mobile Pay;2026/05/12;Liam Jacobs
T03593;S002;Rivonia;C0900;Member;P0016;Skincare Set;Beauty;6;599.99;3599.94;Cash;2026/05/14;Daniel Smith
T03594;S002;Rivonia;C0318;Guest;P0011;Denim Jeans;Clothing;1;799.99;799.99;Mobile Pay;2026/05/22;Liam Jacobs
T03595;S002;Rivonia;C2908;Member;P0020;Table Lamp;Home & Decor;1;699.99;699.99;Card;2026/06/11;Liam Jacobs
T03596;S002;Rivonia;C0579;Member;P0015;Sports Bottle;Sportswear;5;199.99;999.95;Card;2026/06/22;Jessica Naidoo
T03597;S002;Rivonia;C1076;Guest;P0018;Perfume;Beauty;5;899.99;4499.95;Cash;2026/02/09;Olivia Dlamini
T03598;S002;Rivonia;C2797;Guest;P0007;Air Fryer;Appliances;2;1799.99;3599.98;Card;2026/06/22;James Botha
T03599;S002;Rivonia;C1372;Member;P0001;Wireless Headphones;Electronics;3;899.99;2699.97;Card;2026/01/17;Sarah Mokoena
T03600;S002;Rivonia;C2609;Guest;P0005;Laptop Backpack;Accessories;6;549.99;3299.94;Cash;2026/01/03;Sarah Mokoena
T03601;S002;Rivonia;C1716;Guest;P0007;Air Fryer;Appliances;3;1799.99;5399.97;Bank Transfer;2026/04/09;Daniel Smith
T03602;S002;Rivonia;C1131;Member;P0020;Table Lamp;Home & Decor;5;699.99;3499.95;Cash;2026/01/04;Olivia Dlamini
T03603;S002;Rivonia;C2323;Guest;P0004;USB-C Charger;Electronics;5;299.99;1499.95;Mobile Pay;2026/01/03;Noah Pillay
T03604;S002;Rivonia;C0230;Guest;P0010;Cotton T-Shirt;Clothing;5;249.99;1249.95;Mobile Pay;2026/02/02;Liam Jacobs
T03605;S002;Rivonia;C2486;Guest;P0001;Wireless Headphones;Electronics;1;899.99;899.99;Mobile Pay;2026/02/24;Jessica Naidoo
T03606;S002;Rivonia;C1499;Member;P0004;USB-C Charger;Electronics;4;299.99;1199.96;Cash;2026/01/03;Daniel Smith
T03607;S002;Rivonia;C2120;Member;P0011;Denim Jeans;Clothing;4;799.99;3199.96;Bank Transfer;2026/01/27;Sarah Mokoena
T03608;S002;Rivonia;C1592;Guest;P0002;Bluetooth Speaker;Electronics;5;649.99;3249.95;Mobile Pay;2026/06/21;Noah Pillay
T03609;S002;Rivonia;C2163;Member;P0016;Skincare Set;Beauty;4;599.99;2399.96;Mobile Pay;2026/03/23;Michael Williams
T03610;S002;Rivonia;C0115;Member;P0002;Bluetooth Speaker;Electronics;1;649.99;649.99;Cash;2026/01/15;James Botha
T03611;S002;Rivonia;C1881;Guest;P0017;Face Moisturiser;Beauty;6;249.99;1499.94;Bank Transfer;2026/01/08;Noah Pillay
T03612;S002;Rivonia;C1012;Member;P0005;Laptop Backpack;Accessories;1;549.99;549.99;Bank Transfer;2026/06/25;Olivia Dlamini
T03613;S002;Rivonia;C0799;Guest;P0024;Storage Container Set;Kitchen;5;349.99;1749.95;Cash;2026/06/26;Olivia Dlamini
T03614;S002;Rivonia;C0234;Member;P0019;Throw Blanket;Home & Decor;6;449.99;2699.94;Cash;2026/03/23;James Botha
T03615;S002;Rivonia;C0951;Member;P0009;Electric Kettle;Appliances;2;499.99;999.98;Cash;2026/06/09;Daniel Smith
T03616;S002;Rivonia;C2438;Member;P0019;Throw Blanket;Home & Decor;2;449.99;899.98;Mobile Pay;2026/06/30;James Botha
T03617;S002;Rivonia;C1877;Member;P0010;Cotton T-Shirt;Clothing;5;249.99;1249.95;Card;2026/01/05;Sophie Mthembu
T03618;S002;Rivonia;C1753;Guest;P0003;Smart Watch;Electronics;2;1299.99;2599.98;Cash;2026/01/08;Sophie Mthembu
T03619;S002;Rivonia;C2991;Guest;P0014;Yoga Mat;Sportswear;6;399.99;2399.94;Card;2026/06/21;Emma Nkosi
T03620;S002;Rivonia;C0823;Guest;P0025;Novel Book;Books;4;199.99;799.96;Bank Transfer;2026/01/29;Michael Williams
T03621;S002;Rivonia;C1680;Member;P0013;Running Shoes;Sportswear;2;1499.5;2999.0;Bank Transfer;2026/06/28;James Botha
T03622;S002;Rivonia;C0602;Member;P0001;Wireless Headphones;Electronics;4;899.99;3599.96;Cash;2026/03/28;Michael Williams
T03623;S002;Rivonia;C0976;Guest;P0020;Table Lamp;Home & Decor;4;699.99;2799.96;Mobile Pay;2026/05/06;Liam Jacobs
T03624;S002;Rivonia;C1071;Member;P0024;Storage Container Set;Kitchen;5;349.99;1749.95;Mobile Pay;2026/05/03;Daniel Smith
T03625;S002;Rivonia;C2899;Member;P0011;Denim Jeans;Clothing;4;799.99;3199.96;Cash;2026/05/09;Jessica Naidoo
T03626;S002;Rivonia;C2792;Member;P0005;Laptop Backpack;Accessories;4;549.99;2199.96;Mobile Pay;2026/06/22;James Botha
T03627;S002;Rivonia;C1595;Member;P0024;Storage Container Set;Kitchen;2;349.99;699.98;Card;2026/06/28;Sarah Mokoena
T03628;S002;Rivonia;C0194;Guest;P0025;Novel Book;Books;5;199.99;999.95;Mobile Pay;2026/06/20;Sophie Mthembu
T03629;S002;Rivonia;C0622;Guest;P0002;Bluetooth Speaker;Electronics;4;649.99;2599.96;Bank Transfer;2026/01/12;Liam Jacobs
T03630;S002;Rivonia;C2899;Member;P0007;Air Fryer;Appliances;4;1799.99;7199.96;Bank Transfer;2026/05/05;Liam Jacobs
T03631;S002;Rivonia;C1723;Guest;P0001;Wireless Headphones;Electronics;4;899.99;3599.96;Card;2026/02/10;Daniel Smith
T03632;S002;Rivonia;C1660;Member;P0011;Denim Jeans;Clothing;2;799.99;1599.98;Mobile Pay;2026/05/10;Liam Jacobs
T03633;S002;Rivonia;C0114;Guest;P0022;Cookware Set;Kitchen;6;1599.99;9599.94;Bank Transfer;2026/02/08;Olivia Dlamini
T03634;S002;Rivonia;C0694;Guest;P0003;Smart Watch;Electronics;2;1299.99;2599.98;Card;2026/02/07;Sarah Mokoena
T03635;S002;Rivonia;C0498;Member;P0012;Hooded Sweatshirt;Clothing;3;599.99;1799.97;Card;2026/03/03;Sarah Mokoena
T03636;S002;Rivonia;C0649;Member;P0004;USB-C Charger;Electronics;6;299.99;1799.94;Mobile Pay;2026/06/10;Daniel Smith
T03637;S002;Rivonia;C2564;Guest;P0013;Running Shoes;Sportswear;6;1499.5;8997.0;Cash;2026/04/02;Sarah Mokoena
T03638;S002;Rivonia;C1401;Member;P0003;Smart Watch;Electronics;1;1299.99;1299.99;Mobile Pay;2026/03/12;Sarah Mokoena
T03639;S002;Rivonia;C0896;Guest;P0011;Denim Jeans;Clothing;6;799.99;4799.94;Mobile Pay;2026/04/02;Sophie Mthembu
T03640;S002;Rivonia;C2305;Member;P0005;Laptop Backpack;Accessories;3;549.99;1649.97;Cash;2026/05/23;Liam Jacobs
T03641;S002;Rivonia;C2666;Member;P0019;Throw Blanket;Home & Decor;3;449.99;1349.97;Cash;2026/05/06;Michael Williams
T03642;S002;Rivonia;C1109;Member;P0017;Face Moisturiser;Beauty;3;249.99;749.97;Card;2026/05/27;Olivia Dlamini
T03643;S002;Rivonia;C0332;Member;P0018;Perfume;Beauty;5;899.99;4499.95;Mobile Pay;2026/04/02;James Botha
T03644;S002;Rivonia;C2760;Member;P0023;Dinner Plate Set;Kitchen;2;499.99;999.98;Cash;2026/06/14;Daniel Smith
T03645;S002;Rivonia;C2295;Guest;P0017;Face Moisturiser;Beauty;2;249.99;499.98;Card;2026/04/01;Michael Williams
T03646;S002;Rivonia;C1323;Guest;P0013;Running Shoes;Sportswear;4;1499.5;5998.0;Bank Transfer;2026/05/30;Daniel Smith
T03647;S002;Rivonia;C1128;Guest;P0022;Cookware Set;Kitchen;1;1599.99;1599.99;Cash;2026/03/04;Daniel Smith
T03648;S002;Rivonia;C2572;Member;P0020;Table Lamp;Home & Decor;6;699.99;4199.94;Bank Transfer;2026/03/05;Michael Williams
T03649;S002;Rivonia;C0231;Member;P0018;Perfume;Beauty;4;899.99;3599.96;Bank Transfer;2026/04/22;Sarah Mokoena
T03650;S002;Rivonia;C1132;Member;P0012;Hooded Sweatshirt;Clothing;4;599.99;2399.96;Cash;2026/02/06;Sophie Mthembu
T03651;S002;Rivonia;C1991;Guest;P0009;Electric Kettle;Appliances;5;499.99;2499.95;Card;2026/03/06;Sarah Mokoena
T03652;S002;Rivonia;C1149;Member;P0004;USB-C Charger;Electronics;1;299.99;299.99;Cash;2026/03/26;Jessica Naidoo
T03653;S002;Rivonia;C0528;Member;P0010;Cotton T-Shirt;Clothing;2;249.99;499.98;Cash;2026/02/14;Sophie Mthembu
T03654;S002;Rivonia;C2041;Member;P0018;Perfume;Beauty;3;899.99;2699.97;Cash;2026/01/27;James Botha
T03655;S002;Rivonia;C0709;Member;P0012;Hooded Sweatshirt;Clothing;3;599.99;1799.97;Card;2026/01/06;Olivia Dlamini
T03656;S002;Rivonia;C0091;Member;P0001;Wireless Headphones;Electronics;6;899.99;5399.94;Cash;2026/02/06;Michael Williams
T03657;S002;Rivonia;C1593;Member;P0002;Bluetooth Speaker;Electronics;2;649.99;1299.98;Card;2026/03/04;Michael Williams
T03658;S002;Rivonia;C2509;Member;P0013;Running Shoes;Sportswear;6;1499.5;8997.0;Mobile Pay;2026/04/06;Liam Jacobs
T03659;S002;Rivonia;C2246;Guest;P0025;Novel Book;Books;1;199.99;199.99;Card;2026/05/06;Emma Nkosi
T03660;S002;Rivonia;C0868;Member;P0005;Laptop Backpack;Accessories;5;549.99;2749.95;Cash;2026/01/16;Jessica Naidoo
T03661;S002;Rivonia;C1658;Member;P0015;Sports Bottle;Sportswear;4;199.99;799.96;Cash;2026/05/06;James Botha
T03662;S002;Rivonia;C2843;Guest;P0005;Laptop Backpack;Accessories;4;549.99;2199.96;Bank Transfer;2026/04/08;Jessica Naidoo
T03663;S002;Rivonia;C1192;Member;P0009;Electric Kettle;Appliances;1;499.99;499.99;Bank Transfer;2026/06/23;Sophie Mthembu
T03664;S002;Rivonia;C0031;Member;P0015;Sports Bottle;Sportswear;1;199.99;199.99;Bank Transfer;2026/06/21;James Botha
T03665;S002;Rivonia;C1308;Member;P0021;Cushion Set;Home & Decor;6;299.99;1799.94;Bank Transfer;2026/06/30;Emma Nkosi
T03666;S002;Rivonia;C0164;Guest;P0020;Table Lamp;Home & Decor;4;699.99;2799.96;Card;2026/03/02;Jessica Naidoo
T03667;S002;Rivonia;C1272;Guest;P0011;Denim Jeans;Clothing;6;799.99;4799.94;Bank Transfer;2026/01/26;Noah Pillay
T03668;S002;Rivonia;C2033;Guest;P0013;Running Shoes;Sportswear;3;1499.5;4498.5;Card;2026/06/02;Sophie Mthembu
T03669;S002;Rivonia;C2971;Member;P0015;Sports Bottle;Sportswear;2;199.99;399.98;Mobile Pay;2026/02/17;Jessica Naidoo
T03670;S002;Rivonia;C1569;Member;P0010;Cotton T-Shirt;Clothing;1;249.99;249.99;Bank Transfer;2026/06/22;Daniel Smith
T03671;S002;Rivonia;C1858;Member;P0020;Table Lamp;Home & Decor;5;699.99;3499.95;Cash;2026/01/23;Noah Pillay
T03672;S002;Rivonia;C1785;Guest;P0022;Cookware Set;Kitchen;4;1599.99;6399.96;Bank Transfer;2026/06/25;Liam Jacobs
T03673;S002;Rivonia;C0534;Guest;P0025;Novel Book;Books;3;199.99;599.97;Card;2026/02/22;Noah Pillay
T03674;S002;Rivonia;C0228;Member;P0008;Blender;Appliances;3;899.99;2699.97;Mobile Pay;2026/04/11;Daniel Smith
T03675;S002;Rivonia;C2323;Member;P0010;Cotton T-Shirt;Clothing;3;249.99;749.97;Mobile Pay;2026/06/12;Emma Nkosi
T03676;S002;Rivonia;C2660;Guest;P0006;Coffee Maker;Appliances;1;1299.99;1299.99;Mobile Pay;2026/03/05;James Botha
T03677;S002;Rivonia;C0935;Guest;P0012;Hooded Sweatshirt;Clothing;2;599.99;1199.98;Mobile Pay;2026/02/12;Sarah Mokoena
T03678;S002;Rivonia;C1482;Member;P0023;Dinner Plate Set;Kitchen;5;499.99;2499.95;Cash;2026/04/12;Emma Nkosi
T03679;S002;Rivonia;C1541;Guest;P0024;Storage Container Set;Kitchen;6;349.99;2099.94;Bank Transfer;2026/06/28;Michael Williams
T03680;S002;Rivonia;C2651;Member;P0007;Air Fryer;Appliances;4;1799.99;7199.96;Mobile Pay;2026/03/17;Jessica Naidoo
T03681;S002;Rivonia;C2716;Member;P0021;Cushion Set;Home & Decor;3;299.99;899.97;Cash;2026/03/18;Liam Jacobs
T03682;S002;Rivonia;C2108;Guest;P0012;Hooded Sweatshirt;Clothing;6;599.99;3599.94;Card;2026/03/13;Liam Jacobs
T03683;S002;Rivonia;C0115;Member;P0023;Dinner Plate Set;Kitchen;3;499.99;1499.97;Mobile Pay;2026/06/21;Sarah Mokoena
T03684;S002;Rivonia;C0696;Member;P0015;Sports Bottle;Sportswear;5;199.99;999.95;Card;2026/05/25;Sarah Mokoena
T03685;S002;Rivonia;C0551;Guest;P0020;Table Lamp;Home & Decor;5;699.99;3499.95;Card;2026/06/30;James Botha
T03686;S002;Rivonia;C1362;Guest;P0001;Wireless Headphones;Electronics;3;899.99;2699.97;Mobile Pay;2026/05/28;Michael Williams
T03687;S002;Rivonia;C0391;Member;P0018;Perfume;Beauty;1;899.99;899.99;Bank Transfer;2026/06/24;Michael Williams
T03688;S002;Rivonia;C2438;Member;P0023;Dinner Plate Set;Kitchen;3;499.99;1499.97;Card;2026/05/17;Olivia Dlamini
T03689;S002;Rivonia;C1778;Member;P0018;Perfume;Beauty;3;899.99;2699.97;Mobile Pay;2026/06/23;Michael Williams
T03690;S002;Rivonia;C0777;Guest;P0015;Sports Bottle;Sportswear;4;199.99;799.96;Cash;2026/02/07;Daniel Smith
T03691;S002;Rivonia;C0473;Member;P0019;Throw Blanket;Home & Decor;2;449.99;899.98;Mobile Pay;2026/06/21;Noah Pillay
T03692;S002;Rivonia;C0754;Member;P0002;Bluetooth Speaker;Electronics;2;649.99;1299.98;Mobile Pay;2026/02/23;Sophie Mthembu
T03693;S002;Rivonia;C0917;Guest;P0012;Hooded Sweatshirt;Clothing;5;599.99;2999.95;Cash;2026/03/04;Daniel Smith
T03694;S002;Rivonia;C0296;Guest;P0020;Table Lamp;Home & Decor;6;699.99;4199.94;Bank Transfer;2026/05/29;Jessica Naidoo
T03695;S002;Rivonia;C0492;Guest;P0001;Wireless Headphones;Electronics;2;899.99;1799.98;Bank Transfer;2026/06/07;Noah Pillay
T03696;S002;Rivonia;C2546;Member;P0001;Wireless Headphones;Electronics;5;899.99;4499.95;Card;2026/02/04;Jessica Naidoo
T03697;S002;Rivonia;C2290;Member;P0004;USB-C Charger;Electronics;2;299.99;599.98;Card;2026/01/16;Emma Nkosi
T03698;S002;Rivonia;C0374;Guest;P0001;Wireless Headphones;Electronics;5;899.99;4499.95;Mobile Pay;2026/05/18;Olivia Dlamini
T03699;S002;Rivonia;C2905;Member;P0019;Throw Blanket;Home & Decor;3;449.99;1349.97;Mobile Pay;2026/06/13;Sophie Mthembu
T03700;S002;Rivonia;C1824;Guest;P0007;Air Fryer;Appliances;4;1799.99;7199.96;Mobile Pay;2026/01/07;James Botha
T03701;S002;Rivonia;C0557;Member;P0018;Perfume;Beauty;2;899.99;1799.98;Cash;2026/03/16;Sophie Mthembu
T03702;S002;Rivonia;C2040;Member;P0015;Sports Bottle;Sportswear;4;199.99;799.96;Card;2026/03/04;Liam Jacobs
T03703;S002;Rivonia;C2380;Member;P0014;Yoga Mat;Sportswear;5;399.99;1999.95;Cash;2026/06/22;Emma Nkosi
T03704;S002;Rivonia;C1243;Guest;P0008;Blender;Appliances;1;899.99;899.99;Bank Transfer;2026/02/01;Olivia Dlamini
T03705;S002;Rivonia;C0626;Member;P0012;Hooded Sweatshirt;Clothing;5;599.99;2999.95;Card;2026/04/12;Jessica Naidoo
T03706;S002;Rivonia;C2304;Guest;P0001;Wireless Headphones;Electronics;1;899.99;899.99;Cash;2026/02/14;Jessica Naidoo
T03707;S002;Rivonia;C0193;Member;P0006;Coffee Maker;Appliances;3;1299.99;3899.97;Bank Transfer;2026/02/05;Emma Nkosi
T03708;S002;Rivonia;C0634;Guest;P0001;Wireless Headphones;Electronics;2;899.99;1799.98;Cash;2026/05/23;Emma Nkosi
T03709;S002;Rivonia;C0699;Member;P0004;USB-C Charger;Electronics;6;299.99;1799.94;Mobile Pay;2026/04/14;Michael Williams
T03710;S002;Rivonia;C2958;Guest;P0014;Yoga Mat;Sportswear;4;399.99;1599.96;Mobile Pay;2026/03/02;Emma Nkosi
T03711;S002;Rivonia;C0505;Member;P0021;Cushion Set;Home & Decor;2;299.99;599.98;Card;2026/04/11;Sophie Mthembu
T03712;S002;Rivonia;C2724;Member;P0025;Novel Book;Books;2;199.99;399.98;Mobile Pay;2026/05/19;Sarah Mokoena
T03713;S002;Rivonia;C1693;Member;P0020;Table Lamp;Home & Decor;2;699.99;1399.98;Cash;2026/02/27;James Botha
T03714;S002;Rivonia;C0737;Member;P0025;Novel Book;Books;2;199.99;399.98;Bank Transfer;2026/04/06;Noah Pillay
T03715;S002;Rivonia;C0812;Guest;P0002;Bluetooth Speaker;Electronics;3;649.99;1949.97;Card;2026/03/24;Noah Pillay
T03716;S002;Rivonia;C1305;Member;P0023;Dinner Plate Set;Kitchen;5;499.99;2499.95;Card;2026/03/28;James Botha
T03717;S002;Rivonia;C2947;Member;P0022;Cookware Set;Kitchen;5;1599.99;7999.95;Mobile Pay;2026/06/20;Noah Pillay
T03718;S002;Rivonia;C1125;Member;P0021;Cushion Set;Home & Decor;5;299.99;1499.95;Card;2026/02/22;Olivia Dlamini
T03719;S002;Rivonia;C0941;Guest;P0008;Blender;Appliances;2;899.99;1799.98;Bank Transfer;2026/03/10;Michael Williams
T03720;S002;Rivonia;C2110;Guest;P0005;Laptop Backpack;Accessories;2;549.99;1099.98;Card;2026/05/22;Sarah Mokoena
T03721;S002;Rivonia;C2859;Guest;P0001;Wireless Headphones;Electronics;1;899.99;899.99;Cash;2026/02/17;Jessica Naidoo
T03722;S002;Rivonia;C1930;Member;P0017;Face Moisturiser;Beauty;5;249.99;1249.95;Mobile Pay;2026/01/28;Olivia Dlamini
T03723;S002;Rivonia;C1684;Member;P0007;Air Fryer;Appliances;4;1799.99;7199.96;Bank Transfer;2026/05/10;Olivia Dlamini
T03724;S002;Rivonia;C0775;Member;P0007;Air Fryer;Appliances;1;1799.99;1799.99;Card;2026/05/14;Sophie Mthembu
T03725;S002;Rivonia;C0855;Member;P0004;USB-C Charger;Electronics;1;299.99;299.99;Bank Transfer;2026/05/23;Sophie Mthembu
T03726;S002;Rivonia;C1694;Member;P0005;Laptop Backpack;Accessories;6;549.99;3299.94;Card;2026/05/03;Liam Jacobs
T03727;S002;Rivonia;C2428;Member;P0009;Electric Kettle;Appliances;4;499.99;1999.96;Card;2026/06/20;Olivia Dlamini
T03728;S002;Rivonia;C2324;Guest;P0013;Running Shoes;Sportswear;5;1499.5;7497.5;Cash;2026/04/07;Emma Nkosi
T03729;S002;Rivonia;C2237;Guest;P0016;Skincare Set;Beauty;1;599.99;599.99;Bank Transfer;2026/01/04;Liam Jacobs
T03730;S002;Rivonia;C1929;Member;P0022;Cookware Set;Kitchen;5;1599.99;7999.95;Bank Transfer;2026/03/22;Daniel Smith
T03731;S002;Rivonia;C1957;Member;P0017;Face Moisturiser;Beauty;6;249.99;1499.94;Mobile Pay;2026/04/23;Michael Williams
T03732;S002;Rivonia;C0355;Member;P0016;Skincare Set;Beauty;6;599.99;3599.94;Cash;2026/02/05;Michael Williams
T03733;S002;Rivonia;C2571;Member;P0007;Air Fryer;Appliances;1;1799.99;1799.99;Mobile Pay;2026/05/25;Daniel Smith
T03734;S002;Rivonia;C0176;Guest;P0011;Denim Jeans;Clothing;6;799.99;4799.94;Mobile Pay;2026/01/24;Liam Jacobs
T03735;S002;Rivonia;C1757;Member;P0020;Table Lamp;Home & Decor;1;699.99;699.99;Cash;2026/03/23;Michael Williams
T03736;S002;Rivonia;C0326;Guest;P0014;Yoga Mat;Sportswear;3;399.99;1199.97;Mobile Pay;2026/02/27;Sophie Mthembu
T03737;S002;Rivonia;C2958;Guest;P0002;Bluetooth Speaker;Electronics;4;649.99;2599.96;Card;2026/03/13;Noah Pillay
T03738;S002;Rivonia;C1277;Member;P0010;Cotton T-Shirt;Clothing;5;249.99;1249.95;Bank Transfer;2026/04/25;Sarah Mokoena
T03739;S002;Rivonia;C1055;Guest;P0016;Skincare Set;Beauty;2;599.99;1199.98;Bank Transfer;2026/04/06;Michael Williams
T03740;S002;Rivonia;C0386;Guest;P0015;Sports Bottle;Sportswear;5;199.99;999.95;Cash;2026/03/24;Sarah Mokoena
T03741;S002;Rivonia;C2203;Member;P0021;Cushion Set;Home & Decor;1;299.99;299.99;Card;2026/02/20;Daniel Smith
T03742;S002;Rivonia;C0012;Member;P0022;Cookware Set;Kitchen;1;1599.99;1599.99;Card;2026/01/27;Jessica Naidoo
T03743;S002;Rivonia;C2589;Member;P0003;Smart Watch;Electronics;5;1299.99;6499.95;Mobile Pay;2026/02/10;Olivia Dlamini
T03744;S002;Rivonia;C1646;Member;P0013;Running Shoes;Sportswear;6;1499.5;8997.0;Mobile Pay;2026/04/10;Emma Nkosi
T03745;S002;Rivonia;C2329;Guest;P0007;Air Fryer;Appliances;5;1799.99;8999.95;Cash;2026/04/08;Noah Pillay
T03746;S002;Rivonia;C2821;Guest;P0014;Yoga Mat;Sportswear;2;399.99;799.98;Card;2026/03/13;Sophie Mthembu
T03747;S002;Rivonia;C0913;Member;P0019;Throw Blanket;Home & Decor;3;449.99;1349.97;Bank Transfer;2026/06/15;James Botha
T03748;S002;Rivonia;C1042;Guest;P0021;Cushion Set;Home & Decor;3;299.99;899.97;Bank Transfer;2026/05/22;Sarah Mokoena
T03749;S002;Rivonia;C2817;Member;P0005;Laptop Backpack;Accessories;2;549.99;1099.98;Mobile Pay;2026/06/18;Liam Jacobs
T03750;S002;Rivonia;C2246;Member;P0001;Wireless Headphones;Electronics;2;899.99;1799.98;Cash;2026/04/09;Daniel Smith
T03751;S002;Rivonia;C2110;Guest;P0002;Bluetooth Speaker;Electronics;6;649.99;3899.94;Cash;2026/02/16;James Botha
T03752;S002;Rivonia;C2910;Guest;P0010;Cotton T-Shirt;Clothing;3;249.99;749.97;Card;2026/06/30;Sophie Mthembu
T03753;S002;Rivonia;C1692;Member;P0002;Bluetooth Speaker;Electronics;2;649.99;1299.98;Mobile Pay;2026/02/05;Noah Pillay
T03754;S002;Rivonia;C1967;Member;P0025;Novel Book;Books;4;199.99;799.96;Mobile Pay;2026/03/12;Michael Williams
T03755;S002;Rivonia;C2536;Member;P0006;Coffee Maker;Appliances;1;1299.99;1299.99;Card;2026/01/12;Sophie Mthembu
T03756;S002;Rivonia;C1907;Member;P0009;Electric Kettle;Appliances;5;499.99;2499.95;Card;2026/03/20;Sarah Mokoena
T03757;S002;Rivonia;C2604;Guest;P0010;Cotton T-Shirt;Clothing;6;249.99;1499.94;Card;2026/02/12;Sophie Mthembu
T03758;S002;Rivonia;C2665;Guest;P0012;Hooded Sweatshirt;Clothing;3;599.99;1799.97;Mobile Pay;2026/04/22;Sophie Mthembu
T03759;S002;Rivonia;C1998;Member;P0017;Face Moisturiser;Beauty;6;249.99;1499.94;Bank Transfer;2026/06/02;Noah Pillay
T03760;S002;Rivonia;C0502;Member;P0009;Electric Kettle;Appliances;6;499.99;2999.94;Card;2026/05/29;Emma Nkosi
T03761;S002;Rivonia;C2272;Member;P0011;Denim Jeans;Clothing;4;799.99;3199.96;Bank Transfer;2026/06/08;Michael Williams
T03762;S002;Rivonia;C2277;Member;P0014;Yoga Mat;Sportswear;1;399.99;399.99;Bank Transfer;2026/01/05;Jessica Naidoo
T03763;S002;Rivonia;C1324;Guest;P0016;Skincare Set;Beauty;5;599.99;2999.95;Cash;2026/01/04;James Botha
T03764;S002;Rivonia;C1671;Member;P0004;USB-C Charger;Electronics;2;299.99;599.98;Card;2026/03/24;Jessica Naidoo
T03765;S002;Rivonia;C2089;Member;P0006;Coffee Maker;Appliances;6;1299.99;7799.94;Card;2026/05/07;Jessica Naidoo
T03766;S002;Rivonia;C0648;Member;P0004;USB-C Charger;Electronics;5;299.99;1499.95;Mobile Pay;2026/06/21;Emma Nkosi
T03767;S002;Rivonia;C0843;Member;P0014;Yoga Mat;Sportswear;1;399.99;399.99;Mobile Pay;2026/05/02;Jessica Naidoo
T03768;S002;Rivonia;C0314;Guest;P0003;Smart Watch;Electronics;3;1299.99;3899.97;Bank Transfer;2026/06/01;Sophie Mthembu
T03769;S002;Rivonia;C1901;Guest;P0018;Perfume;Beauty;5;899.99;4499.95;Mobile Pay;2026/02/04;Noah Pillay
T03770;S002;Rivonia;C2830;Guest;P0023;Dinner Plate Set;Kitchen;6;499.99;2999.94;Cash;2026/04/10;Michael Williams
T03771;S002;Rivonia;C0147;Member;P0009;Electric Kettle;Appliances;1;499.99;499.99;Card;2026/04/04;Jessica Naidoo
T03772;S002;Rivonia;C2245;Guest;P0009;Electric Kettle;Appliances;6;499.99;2999.94;Card;2026/04/04;James Botha
T03773;S002;Rivonia;C2507;Guest;P0025;Novel Book;Books;1;199.99;199.99;Bank Transfer;2026/02/01;James Botha
T03774;S002;Rivonia;C2495;Member;P0011;Denim Jeans;Clothing;3;799.99;2399.97;Cash;2026/05/24;Daniel Smith
T03775;S002;Rivonia;C0321;Guest;P0018;Perfume;Beauty;1;899.99;899.99;Mobile Pay;2026/04/28;Daniel Smith
T03776;S002;Rivonia;C2969;Member;P0006;Coffee Maker;Appliances;4;1299.99;5199.96;Cash;2026/02/08;Daniel Smith
T03777;S002;Rivonia;C0817;Member;P0021;Cushion Set;Home & Decor;1;299.99;299.99;Mobile Pay;2026/06/13;Michael Williams
T03778;S002;Rivonia;C2512;Member;P0013;Running Shoes;Sportswear;1;1499.5;1499.5;Mobile Pay;2026/04/10;Olivia Dlamini
T03779;S002;Rivonia;C1156;Member;P0024;Storage Container Set;Kitchen;1;349.99;349.99;Bank Transfer;2026/04/12;James Botha
T03780;S002;Rivonia;C0422;Member;P0015;Sports Bottle;Sportswear;6;199.99;1199.94;Card;2026/01/23;Noah Pillay
T03781;S002;Rivonia;C2984;Guest;P0007;Air Fryer;Appliances;2;1799.99;3599.98;Cash;2026/02/13;Sophie Mthembu
T03782;S002;Rivonia;C0668;Member;P0013;Running Shoes;Sportswear;6;1499.5;8997.0;Mobile Pay;2026/03/13;James Botha
T03783;S002;Rivonia;C1013;Guest;P0013;Running Shoes;Sportswear;1;1499.5;1499.5;Cash;2026/06/26;Emma Nkosi
T03784;S002;Rivonia;C0420;Member;P0018;Perfume;Beauty;3;899.99;2699.97;Bank Transfer;2026/03/28;Olivia Dlamini
T03785;S002;Rivonia;C1063;Member;P0022;Cookware Set;Kitchen;4;1599.99;6399.96;Bank Transfer;2026/01/06;Sarah Mokoena
T03786;S002;Rivonia;C0190;Member;P0024;Storage Container Set;Kitchen;1;349.99;349.99;Bank Transfer;2026/01/05;Olivia Dlamini
T03787;S002;Rivonia;C1522;Guest;P0005;Laptop Backpack;Accessories;5;549.99;2749.95;Cash;2026/01/20;Olivia Dlamini
T03788;S002;Rivonia;C1336;Member;P0004;USB-C Charger;Electronics;3;299.99;899.97;Mobile Pay;2026/05/16;Michael Williams
T03789;S002;Rivonia;C1907;Member;P0012;Hooded Sweatshirt;Clothing;2;599.99;1199.98;Cash;2026/02/07;Michael Williams
T03790;S002;Rivonia;C0512;Member;P0011;Denim Jeans;Clothing;6;799.99;4799.94;Card;2026/04/22;Liam Jacobs
T03791;S002;Rivonia;C2945;Guest;P0001;Wireless Headphones;Electronics;4;899.99;3599.96;Card;2026/06/10;James Botha
T03792;S002;Rivonia;C1272;Member;P0020;Table Lamp;Home & Decor;1;699.99;699.99;Card;2026/03/24;Daniel Smith
T03793;S002;Rivonia;C2617;Guest;P0022;Cookware Set;Kitchen;4;1599.99;6399.96;Bank Transfer;2026/02/25;Liam Jacobs
T03794;S002;Rivonia;C1841;Member;P0001;Wireless Headphones;Electronics;3;899.99;2699.97;Bank Transfer;2026/04/24;Emma Nkosi
T03795;S002;Rivonia;C1041;Guest;P0003;Smart Watch;Electronics;5;1299.99;6499.95;Bank Transfer;2026/03/16;Liam Jacobs
T03796;S002;Rivonia;C0426;Member;P0003;Smart Watch;Electronics;1;1299.99;1299.99;Bank Transfer;2026/02/01;Daniel Smith
T03797;S002;Rivonia;C0069;Member;P0002;Bluetooth Speaker;Electronics;3;649.99;1949.97;Cash;2026/01/22;Noah Pillay
T03798;S002;Rivonia;C0717;Member;P0017;Face Moisturiser;Beauty;5;249.99;1249.95;Cash;2026/05/21;James Botha
T03799;S002;Rivonia;C0434;Member;P0016;Skincare Set;Beauty;1;599.99;599.99;Bank Transfer;2026/05/20;Sophie Mthembu
T03800;S002;Rivonia;C2748;Member;P0014;Yoga Mat;Sportswear;1;399.99;399.99;Mobile Pay;2026/06/03;Jessica Naidoo
T03801;S002;Rivonia;C1993;Member;P0012;Hooded Sweatshirt;Clothing;3;599.99;1799.97;Card;2026/05/04;Noah Pillay
T03802;S002;Rivonia;C2978;Guest;P0022;Cookware Set;Kitchen;5;1599.99;7999.95;Card;2026/03/30;Daniel Smith
T03803;S002;Rivonia;C1211;Guest;P0004;USB-C Charger;Electronics;4;299.99;1199.96;Mobile Pay;2026/03/15;Daniel Smith
T03804;S002;Rivonia;C1977;Member;P0006;Coffee Maker;Appliances;3;1299.99;3899.97;Bank Transfer;2026/02/18;Daniel Smith
T03805;S002;Rivonia;C0272;Member;P0020;Table Lamp;Home & Decor;6;699.99;4199.94;Card;2026/01/16;James Botha
T03806;S002;Rivonia;C1942;Member;P0024;Storage Container Set;Kitchen;2;349.99;699.98;Mobile Pay;2026/06/29;Olivia Dlamini
T03807;S002;Rivonia;C0874;Guest;P0015;Sports Bottle;Sportswear;3;199.99;599.97;Mobile Pay;2026/06/28;Emma Nkosi
T03808;S002;Rivonia;C2930;Member;P0011;Denim Jeans;Clothing;5;799.99;3999.95;Card;2026/01/13;Sarah Mokoena
T03809;S002;Rivonia;C0187;Member;P0020;Table Lamp;Home & Decor;4;699.99;2799.96;Cash;2026/05/30;Michael Williams
T03810;S002;Rivonia;C1768;Guest;P0018;Perfume;Beauty;4;899.99;3599.96;Card;2026/01/28;Sophie Mthembu
T03811;S002;Rivonia;C2018;Guest;P0012;Hooded Sweatshirt;Clothing;5;599.99;2999.95;Bank Transfer;2026/04/21;James Botha
T03812;S002;Rivonia;C0619;Guest;P0019;Throw Blanket;Home & Decor;4;449.99;1799.96;Cash;2026/01/30;Noah Pillay
T03813;S002;Rivonia;C1503;Member;P0007;Air Fryer;Appliances;4;1799.99;7199.96;Cash;2026/02/19;Daniel Smith
T03814;S002;Rivonia;C0065;Guest;P0017;Face Moisturiser;Beauty;4;249.99;999.96;Bank Transfer;2026/05/29;Olivia Dlamini
T03815;S002;Rivonia;C2795;Guest;P0007;Air Fryer;Appliances;4;1799.99;7199.96;Mobile Pay;2026/02/06;James Botha
T03816;S002;Rivonia;C2333;Guest;P0010;Cotton T-Shirt;Clothing;1;249.99;249.99;Cash;2026/05/29;Olivia Dlamini
T03817;S002;Rivonia;C1848;Member;P0023;Dinner Plate Set;Kitchen;2;499.99;999.98;Card;2026/06/29;Michael Williams
T03818;S002;Rivonia;C0857;Guest;P0009;Electric Kettle;Appliances;1;499.99;499.99;Cash;2026/05/28;Sarah Mokoena
T03819;S002;Rivonia;C0781;Member;P0025;Novel Book;Books;1;199.99;199.99;Cash;2026/02/08;Liam Jacobs
T03820;S002;Rivonia;C0160;Member;P0015;Sports Bottle;Sportswear;6;199.99;1199.94;Mobile Pay;2026/02/20;Sophie Mthembu
T03821;S002;Rivonia;C1909;Guest;P0019;Throw Blanket;Home & Decor;6;449.99;2699.94;Card;2026/04/01;Liam Jacobs
T03822;S002;Rivonia;C1233;Member;P0004;USB-C Charger;Electronics;1;299.99;299.99;Mobile Pay;2026/03/28;Olivia Dlamini
T03823;S002;Rivonia;C2881;Member;P0012;Hooded Sweatshirt;Clothing;6;599.99;3599.94;Card;2026/02/15;Michael Williams
T03824;S002;Rivonia;C0610;Member;P0004;USB-C Charger;Electronics;2;299.99;599.98;Mobile Pay;2026/05/07;Jessica Naidoo
T03825;S002;Rivonia;C0242;Member;P0016;Skincare Set;Beauty;4;599.99;2399.96;Cash;2026/04/04;James Botha
T03826;S002;Rivonia;C0207;Guest;P0020;Table Lamp;Home & Decor;3;699.99;2099.97;Bank Transfer;2026/05/13;James Botha
T03827;S002;Rivonia;C2310;Member;P0022;Cookware Set;Kitchen;2;1599.99;3199.98;Card;2026/06/07;Noah Pillay
T03828;S002;Rivonia;C2366;Guest;P0006;Coffee Maker;Appliances;3;1299.99;3899.97;Bank Transfer;2026/05/06;Liam Jacobs
T03829;S002;Rivonia;C1920;Member;P0011;Denim Jeans;Clothing;4;799.99;3199.96;Bank Transfer;2026/03/07;Liam Jacobs
T03830;S002;Rivonia;C0971;Member;P0023;Dinner Plate Set;Kitchen;4;499.99;1999.96;Cash;2026/06/06;Jessica Naidoo
T03831;S002;Rivonia;C2651;Member;P0003;Smart Watch;Electronics;1;1299.99;1299.99;Card;2026/04/14;Liam Jacobs
T03832;S002;Rivonia;C1387;Guest;P0003;Smart Watch;Electronics;5;1299.99;6499.95;Cash;2026/01/21;Emma Nkosi
T03833;S002;Rivonia;C2709;Member;P0025;Novel Book;Books;5;199.99;999.95;Cash;2026/04/07;Sophie Mthembu
T03834;S002;Rivonia;C1185;Guest;P0018;Perfume;Beauty;4;899.99;3599.96;Mobile Pay;2026/02/16;James Botha
T03835;S002;Rivonia;C2124;Guest;P0025;Novel Book;Books;3;199.99;599.97;Cash;2026/05/15;James Botha
T03836;S002;Rivonia;C1276;Guest;P0015;Sports Bottle;Sportswear;4;199.99;799.96;Bank Transfer;2026/02/02;James Botha
T03837;S002;Rivonia;C0069;Member;P0004;USB-C Charger;Electronics;6;299.99;1799.94;Cash;2026/01/31;Olivia Dlamini
T03838;S002;Rivonia;C1170;Guest;P0018;Perfume;Beauty;4;899.99;3599.96;Mobile Pay;2026/06/11;Sarah Mokoena
T03839;S002;Rivonia;C2741;Member;P0014;Yoga Mat;Sportswear;6;399.99;2399.94;Mobile Pay;2026/05/17;Emma Nkosi
T03840;S002;Rivonia;C0191;Member;P0025;Novel Book;Books;4;199.99;799.96;Bank Transfer;2026/02/03;Sophie Mthembu
T03841;S002;Rivonia;C0195;Member;P0005;Laptop Backpack;Accessories;1;549.99;549.99;Card;2026/06/03;James Botha
T03842;S002;Rivonia;C2882;Member;P0007;Air Fryer;Appliances;5;1799.99;8999.95;Bank Transfer;2026/06/17;Jessica Naidoo
T03843;S002;Rivonia;C0014;Member;P0018;Perfume;Beauty;3;899.99;2699.97;Cash;2026/05/22;James Botha
T03844;S002;Rivonia;C1915;Guest;P0011;Denim Jeans;Clothing;1;799.99;799.99;Bank Transfer;2026/01/22;Daniel Smith
T03845;S002;Rivonia;C1865;Member;P0006;Coffee Maker;Appliances;6;1299.99;7799.94;Card;2026/01/04;Noah Pillay
T03846;S002;Rivonia;C1259;Member;P0012;Hooded Sweatshirt;Clothing;4;599.99;2399.96;Cash;2026/05/22;Noah Pillay
T03847;S002;Rivonia;C1211;Member;P0003;Smart Watch;Electronics;6;1299.99;7799.94;Cash;2026/01/10;Noah Pillay
T03848;S002;Rivonia;C0636;Guest;P0013;Running Shoes;Sportswear;5;1499.5;7497.5;Card;2026/04/07;Emma Nkosi
T03849;S002;Rivonia;C1793;Member;P0005;Laptop Backpack;Accessories;6;549.99;3299.94;Cash;2026/04/13;Michael Williams
T03850;S002;Rivonia;C1861;Member;P0004;USB-C Charger;Electronics;2;299.99;599.98;Card;2026/04/08;Emma Nkosi
T03851;S002;Rivonia;C0585;Member;P0022;Cookware Set;Kitchen;3;1599.99;4799.97;Cash;2026/05/19;Liam Jacobs
T03852;S002;Rivonia;C2642;Guest;P0004;USB-C Charger;Electronics;4;299.99;1199.96;Bank Transfer;2026/03/07;Daniel Smith
T03853;S002;Rivonia;C1926;Guest;P0023;Dinner Plate Set;Kitchen;4;499.99;1999.96;Card;2026/06/15;Sarah Mokoena
T03854;S002;Rivonia;C2877;Member;P0016;Skincare Set;Beauty;5;599.99;2999.95;Bank Transfer;2026/02/20;Daniel Smith
T03855;S002;Rivonia;C2677;Member;P0020;Table Lamp;Home & Decor;5;699.99;3499.95;Cash;2026/04/24;James Botha
T03856;S002;Rivonia;C1928;Guest;P0018;Perfume;Beauty;3;899.99;2699.97;Bank Transfer;2026/06/29;Sarah Mokoena
T03857;S002;Rivonia;C1790;Guest;P0022;Cookware Set;Kitchen;5;1599.99;7999.95;Cash;2026/04/05;Liam Jacobs
T03858;S002;Rivonia;C0821;Member;P0003;Smart Watch;Electronics;2;1299.99;2599.98;Cash;2026/04/06;Emma Nkosi
T03859;S002;Rivonia;C1812;Member;P0024;Storage Container Set;Kitchen;6;349.99;2099.94;Cash;2026/06/29;Sarah Mokoena
T03860;S002;Rivonia;C2004;Member;P0012;Hooded Sweatshirt;Clothing;3;599.99;1799.97;Cash;2026/01/02;Emma Nkosi
T03861;S002;Rivonia;C1795;Guest;P0022;Cookware Set;Kitchen;4;1599.99;6399.96;Mobile Pay;2026/02/03;James Botha
T03862;S002;Rivonia;C1434;Member;P0025;Novel Book;Books;3;199.99;599.97;Mobile Pay;2026/01/19;James Botha
T03863;S002;Rivonia;C2039;Guest;P0011;Denim Jeans;Clothing;6;799.99;4799.94;Mobile Pay;2026/03/18;Michael Williams
T03864;S002;Rivonia;C0874;Member;P0021;Cushion Set;Home & Decor;5;299.99;1499.95;Bank Transfer;2026/06/04;Daniel Smith
T03865;S002;Rivonia;C1292;Guest;P0024;Storage Container Set;Kitchen;2;349.99;699.98;Bank Transfer;2026/02/04;Sophie Mthembu
T03866;S002;Rivonia;C2863;Member;P0014;Yoga Mat;Sportswear;6;399.99;2399.94;Bank Transfer;2026/06/06;Sarah Mokoena
T03867;S002;Rivonia;C0175;Guest;P0015;Sports Bottle;Sportswear;5;199.99;999.95;Bank Transfer;2026/06/24;Noah Pillay
T03868;S002;Rivonia;C2016;Guest;P0007;Air Fryer;Appliances;3;1799.99;5399.97;Cash;2026/06/19;Liam Jacobs
T03869;S002;Rivonia;C2884;Member;P0004;USB-C Charger;Electronics;1;299.99;299.99;Bank Transfer;2026/03/26;James Botha
T03870;S002;Rivonia;C1258;Member;P0016;Skincare Set;Beauty;6;599.99;3599.94;Bank Transfer;2026/03/08;Olivia Dlamini
T03871;S002;Rivonia;C0492;Guest;P0006;Coffee Maker;Appliances;2;1299.99;2599.98;Cash;2026/01/10;Michael Williams
T03872;S002;Rivonia;C1601;Member;P0025;Novel Book;Books;4;199.99;799.96;Card;2026/06/12;Sophie Mthembu
T03873;S002;Rivonia;C1697;Guest;P0023;Dinner Plate Set;Kitchen;1;499.99;499.99;Bank Transfer;2026/04/16;Daniel Smith
T03874;S002;Rivonia;C0266;Guest;P0025;Novel Book;Books;4;199.99;799.96;Card;2026/01/07;Noah Pillay
T03875;S002;Rivonia;C2470;Member;P0008;Blender;Appliances;6;899.99;5399.94;Cash;2026/04/21;Liam Jacobs
T03876;S002;Rivonia;C2849;Guest;P0002;Bluetooth Speaker;Electronics;6;649.99;3899.94;Card;2026/06/11;Noah Pillay
T03877;S002;Rivonia;C0381;Guest;P0002;Bluetooth Speaker;Electronics;3;649.99;1949.97;Bank Transfer;2026/03/23;Daniel Smith
T03878;S002;Rivonia;C2025;Guest;P0021;Cushion Set;Home & Decor;4;299.99;1199.96;Card;2026/04/29;Liam Jacobs
T03879;S002;Rivonia;C1047;Member;P0017;Face Moisturiser;Beauty;5;249.99;1249.95;Mobile Pay;2026/03/13;Sarah Mokoena
T03880;S002;Rivonia;C2744;Member;P0013;Running Shoes;Sportswear;6;1499.5;8997.0;Bank Transfer;2026/04/25;Emma Nkosi
T03881;S002;Rivonia;C1215;Member;P0025;Novel Book;Books;4;199.99;799.96;Cash;2026/05/27;Noah Pillay
T03882;S002;Rivonia;C2858;Member;P0007;Air Fryer;Appliances;4;1799.99;7199.96;Mobile Pay;2026/01/05;Daniel Smith
T03883;S002;Rivonia;C1890;Member;P0010;Cotton T-Shirt;Clothing;5;249.99;1249.95;Cash;2026/06/15;Jessica Naidoo
T03884;S002;Rivonia;C2674;Member;P0019;Throw Blanket;Home & Decor;4;449.99;1799.96;Cash;2026/02/05;Jessica Naidoo
T03885;S002;Rivonia;C0891;Member;P0006;Coffee Maker;Appliances;4;1299.99;5199.96;Bank Transfer;2026/06/11;Olivia Dlamini
T03886;S002;Rivonia;C0156;Member;P0024;Storage Container Set;Kitchen;2;349.99;699.98;Card;2026/03/15;Noah Pillay
T03887;S002;Rivonia;C2110;Guest;P0017;Face Moisturiser;Beauty;4;249.99;999.96;Mobile Pay;2026/05/24;Emma Nkosi
T03888;S002;Rivonia;C2101;Guest;P0023;Dinner Plate Set;Kitchen;2;499.99;999.98;Cash;2026/01/19;Daniel Smith
T03889;S002;Rivonia;C1327;Guest;P0019;Throw Blanket;Home & Decor;5;449.99;2249.95;Cash;2026/03/18;Sophie Mthembu
T03890;S002;Rivonia;C2296;Member;P0020;Table Lamp;Home & Decor;4;699.99;2799.96;Bank Transfer;2026/01/31;James Botha
T03891;S002;Rivonia;C1851;Member;P0022;Cookware Set;Kitchen;6;1599.99;9599.94;Mobile Pay;2026/03/21;Noah Pillay
T03892;S002;Rivonia;C2126;Member;P0001;Wireless Headphones;Electronics;4;899.99;3599.96;Bank Transfer;2026/03/23;Sarah Mokoena
T03893;S002;Rivonia;C0502;Member;P0005;Laptop Backpack;Accessories;6;549.99;3299.94;Mobile Pay;2026/03/07;Michael Williams
T03894;S002;Rivonia;C1513;Member;P0001;Wireless Headphones;Electronics;2;899.99;1799.98;Cash;2026/01/13;Sophie Mthembu
T03895;S002;Rivonia;C2493;Guest;P0019;Throw Blanket;Home & Decor;1;449.99;449.99;Card;2026/02/20;Sarah Mokoena
T03896;S002;Rivonia;C0218;Guest;P0023;Dinner Plate Set;Kitchen;1;499.99;499.99;Card;2026/05/20;Sophie Mthembu
T03897;S002;Rivonia;C0434;Member;P0024;Storage Container Set;Kitchen;5;349.99;1749.95;Mobile Pay;2026/06/05;Sarah Mokoena
T03898;S002;Rivonia;C0290;Member;P0012;Hooded Sweatshirt;Clothing;1;599.99;599.99;Mobile Pay;2026/03/10;Daniel Smith
T03899;S002;Rivonia;C2017;Member;P0015;Sports Bottle;Sportswear;4;199.99;799.96;Bank Transfer;2026/06/25;Michael Williams
T03900;S002;Rivonia;C1714;Member;P0020;Table Lamp;Home & Decor;4;699.99;2799.96;Cash;2026/04/03;James Botha
T03901;S002;Rivonia;C2478;Guest;P0010;Cotton T-Shirt;Clothing;3;249.99;749.97;Mobile Pay;2026/04/14;Noah Pillay
T03902;S002;Rivonia;C0954;Member;P0014;Yoga Mat;Sportswear;4;399.99;1599.96;Mobile Pay;2026/04/13;Noah Pillay
T03903;S002;Rivonia;C2712;Guest;P0023;Dinner Plate Set;Kitchen;1;499.99;499.99;Card;2026/04/25;Sophie Mthembu
T03904;S002;Rivonia;C0451;Member;P0017;Face Moisturiser;Beauty;2;249.99;499.98;Card;2026/06/22;Sophie Mthembu
T03905;S002;Rivonia;C0719;Member;P0021;Cushion Set;Home & Decor;5;299.99;1499.95;Cash;2026/01/31;Daniel Smith
T03906;S002;Rivonia;C1664;Guest;P0009;Electric Kettle;Appliances;6;499.99;2999.94;Card;2026/06/01;James Botha
T03907;S002;Rivonia;C2332;Member;P0003;Smart Watch;Electronics;6;1299.99;7799.94;Cash;2026/04/02;Liam Jacobs
T03908;S002;Rivonia;C0460;Member;P0018;Perfume;Beauty;2;899.99;1799.98;Card;2026/06/03;Liam Jacobs
T03909;S002;Rivonia;C2606;Guest;P0018;Perfume;Beauty;1;899.99;899.99;Cash;2026/05/06;Michael Williams
T03910;S002;Rivonia;C0842;Member;P0005;Laptop Backpack;Accessories;2;549.99;1099.98;Mobile Pay;2026/04/01;Michael Williams
T03911;S002;Rivonia;C2312;Member;P0017;Face Moisturiser;Beauty;2;249.99;499.98;Mobile Pay;2026/04/12;Michael Williams
T03912;S002;Rivonia;C1619;Member;P0017;Face Moisturiser;Beauty;1;249.99;249.99;Mobile Pay;2026/03/05;Michael Williams
T03913;S002;Rivonia;C0423;Guest;P0008;Blender;Appliances;6;899.99;5399.94;Mobile Pay;2026/04/05;Sophie Mthembu
T03914;S002;Rivonia;C1331;Member;P0017;Face Moisturiser;Beauty;1;249.99;249.99;Card;2026/03/15;Olivia Dlamini
T03915;S002;Rivonia;C1359;Member;P0007;Air Fryer;Appliances;4;1799.99;7199.96;Card;2026/06/27;Sarah Mokoena
T03916;S002;Rivonia;C0659;Member;P0013;Running Shoes;Sportswear;4;1499.5;5998.0;Bank Transfer;2026/03/23;James Botha
T03917;S002;Rivonia;C1760;Member;P0020;Table Lamp;Home & Decor;5;699.99;3499.95;Bank Transfer;2026/04/11;Michael Williams
T03918;S002;Rivonia;C0665;Guest;P0007;Air Fryer;Appliances;1;1799.99;1799.99;Mobile Pay;2026/03/26;Olivia Dlamini
T03919;S002;Rivonia;C0496;Member;P0011;Denim Jeans;Clothing;1;799.99;799.99;Mobile Pay;2026/02/03;Noah Pillay
T03920;S002;Rivonia;C1832;Member;P0007;Air Fryer;Appliances;4;1799.99;7199.96;Cash;2026/06/20;Sophie Mthembu
T03921;S002;Rivonia;C0558;Member;P0018;Perfume;Beauty;3;899.99;2699.97;Mobile Pay;2026/06/09;Noah Pillay
T03922;S002;Rivonia;C0630;Member;P0004;USB-C Charger;Electronics;4;299.99;1199.96;Card;2026/06/26;James Botha
T03923;S002;Rivonia;C2161;Member;P0009;Electric Kettle;Appliances;5;499.99;2499.95;Mobile Pay;2026/01/02;Noah Pillay
T03924;S002;Rivonia;C0579;Guest;P0022;Cookware Set;Kitchen;3;1599.99;4799.97;Mobile Pay;2026/06/26;Michael Williams
T03925;S002;Rivonia;C0341;Member;P0009;Electric Kettle;Appliances;3;499.99;1499.97;Card;2026/05/21;Sophie Mthembu
T03926;S002;Rivonia;C0682;Member;P0011;Denim Jeans;Clothing;4;799.99;3199.96;Card;2026/04/05;Sophie Mthembu
T03927;S002;Rivonia;C0568;Member;P0009;Electric Kettle;Appliances;6;499.99;2999.94;Bank Transfer;2026/05/01;Daniel Smith
T03928;S002;Rivonia;C0249;Guest;P0015;Sports Bottle;Sportswear;1;199.99;199.99;Cash;2026/01/17;Sophie Mthembu
T03929;S002;Rivonia;C0706;Member;P0011;Denim Jeans;Clothing;6;799.99;4799.94;Cash;2026/04/01;Emma Nkosi
T03930;S002;Rivonia;C2294;Member;P0014;Yoga Mat;Sportswear;2;399.99;799.98;Mobile Pay;2026/06/01;Liam Jacobs
T03931;S002;Rivonia;C0887;Member;P0002;Bluetooth Speaker;Electronics;2;649.99;1299.98;Card;2026/04/19;Liam Jacobs
T03932;S002;Rivonia;C0666;Guest;P0011;Denim Jeans;Clothing;1;799.99;799.99;Mobile Pay;2026/02/26;James Botha
T03933;S002;Rivonia;C2885;Member;P0019;Throw Blanket;Home & Decor;4;449.99;1799.96;Bank Transfer;2026/05/29;Sophie Mthembu
T03934;S002;Rivonia;C0208;Member;P0020;Table Lamp;Home & Decor;4;699.99;2799.96;Bank Transfer;2026/03/30;James Botha
T03935;S002;Rivonia;C0262;Member;P0015;Sports Bottle;Sportswear;5;199.99;999.95;Bank Transfer;2026/06/15;Sarah Mokoena
T03936;S002;Rivonia;C0469;Member;P0024;Storage Container Set;Kitchen;1;349.99;349.99;Mobile Pay;2026/02/08;Olivia Dlamini
T03937;S002;Rivonia;C0842;Member;P0025;Novel Book;Books;5;199.99;999.95;Cash;2026/03/30;Olivia Dlamini
T03938;S002;Rivonia;C0309;Guest;P0002;Bluetooth Speaker;Electronics;5;649.99;3249.95;Card;2026/04/04;Liam Jacobs
T03939;S002;Rivonia;C0793;Member;P0006;Coffee Maker;Appliances;4;1299.99;5199.96;Card;2026/02/07;Sophie Mthembu
T03940;S002;Rivonia;C0767;Member;P0011;Denim Jeans;Clothing;4;799.99;3199.96;Cash;2026/05/23;Emma Nkosi
T03941;S002;Rivonia;C1809;Member;P0021;Cushion Set;Home & Decor;5;299.99;1499.95;Mobile Pay;2026/03/05;Noah Pillay
T03942;S002;Rivonia;C0493;Member;P0005;Laptop Backpack;Accessories;1;549.99;549.99;Bank Transfer;2026/04/09;Liam Jacobs
T03943;S002;Rivonia;C0275;Member;P0002;Bluetooth Speaker;Electronics;5;649.99;3249.95;Card;2026/02/05;James Botha
T03944;S002;Rivonia;C0114;Guest;P0018;Perfume;Beauty;2;899.99;1799.98;Mobile Pay;2026/06/22;Noah Pillay
T03945;S002;Rivonia;C1062;Guest;P0005;Laptop Backpack;Accessories;3;549.99;1649.97;Bank Transfer;2026/01/31;Sophie Mthembu
T03946;S002;Rivonia;C2407;Guest;P0013;Running Shoes;Sportswear;1;1499.5;1499.5;Cash;2026/05/13;Emma Nkosi
T03947;S002;Rivonia;C1324;Member;P0022;Cookware Set;Kitchen;2;1599.99;3199.98;Mobile Pay;2026/05/02;Olivia Dlamini
T03948;S002;Rivonia;C2861;Member;P0024;Storage Container Set;Kitchen;2;349.99;699.98;Cash;2026/03/31;Olivia Dlamini
T03949;S002;Rivonia;C2739;Guest;P0020;Table Lamp;Home & Decor;2;699.99;1399.98;Mobile Pay;2026/06/08;Daniel Smith
T03950;S002;Rivonia;C1223;Member;P0024;Storage Container Set;Kitchen;3;349.99;1049.97;Cash;2026/05/12;Liam Jacobs
T03951;S002;Rivonia;C2115;Guest;P0016;Skincare Set;Beauty;6;599.99;3599.94;Mobile Pay;2026/03/18;Jessica Naidoo
T03952;S002;Rivonia;C1836;Member;P0005;Laptop Backpack;Accessories;3;549.99;1649.97;Bank Transfer;2026/02/05;Noah Pillay
T03953;S002;Rivonia;C2728;Member;P0020;Table Lamp;Home & Decor;5;699.99;3499.95;Bank Transfer;2026/01/18;Liam Jacobs
T03954;S002;Rivonia;C1288;Member;P0021;Cushion Set;Home & Decor;2;299.99;599.98;Bank Transfer;2026/02/24;Michael Williams
T03955;S002;Rivonia;C1737;Member;P0021;Cushion Set;Home & Decor;3;299.99;899.97;Mobile Pay;2026/01/28;Olivia Dlamini
T03956;S002;Rivonia;C1234;Member;P0015;Sports Bottle;Sportswear;4;199.99;799.96;Bank Transfer;2026/01/12;Liam Jacobs
T03957;S002;Rivonia;C0106;Member;P0025;Novel Book;Books;5;199.99;999.95;Mobile Pay;2026/03/28;Jessica Naidoo
T03958;S002;Rivonia;C1575;Member;P0003;Smart Watch;Electronics;6;1299.99;7799.94;Bank Transfer;2026/03/29;Noah Pillay
T03959;S002;Rivonia;C2467;Member;P0016;Skincare Set;Beauty;5;599.99;2999.95;Card;2026/05/31;Jessica Naidoo
T03960;S002;Rivonia;C1789;Member;P0005;Laptop Backpack;Accessories;3;549.99;1649.97;Card;2026/06/23;Sophie Mthembu
T03961;S002;Rivonia;C1615;Guest;P0016;Skincare Set;Beauty;1;599.99;599.99;Bank Transfer;2026/03/26;Liam Jacobs
T03962;S002;Rivonia;C0118;Member;P0025;Novel Book;Books;3;199.99;599.97;Cash;2026/01/25;Sarah Mokoena
T03963;S002;Rivonia;C0464;Member;P0006;Coffee Maker;Appliances;3;1299.99;3899.97;Card;2026/01/04;Jessica Naidoo
T03964;S002;Rivonia;C0276;Member;P0007;Air Fryer;Appliances;4;1799.99;7199.96;Card;2026/04/25;Jessica Naidoo
T03965;S002;Rivonia;C0231;Member;P0015;Sports Bottle;Sportswear;3;199.99;599.97;Bank Transfer;2026/05/07;Emma Nkosi
T03966;S002;Rivonia;C1432;Guest;P0020;Table Lamp;Home & Decor;5;699.99;3499.95;Cash;2026/02/23;James Botha
T03967;S002;Rivonia;C1164;Guest;P0009;Electric Kettle;Appliances;6;499.99;2999.94;Cash;2026/06/28;Emma Nkosi
T03968;S002;Rivonia;C2223;Member;P0012;Hooded Sweatshirt;Clothing;4;599.99;2399.96;Cash;2026/01/16;James Botha
T03969;S002;Rivonia;C0064;Guest;P0009;Electric Kettle;Appliances;4;499.99;1999.96;Mobile Pay;2026/06/01;Michael Williams
T03970;S002;Rivonia;C1866;Member;P0016;Skincare Set;Beauty;2;599.99;1199.98;Bank Transfer;2026/02/18;Sarah Mokoena
T03971;S002;Rivonia;C0043;Member;P0025;Novel Book;Books;1;199.99;199.99;Bank Transfer;2026/01/30;Noah Pillay
T03972;S002;Rivonia;C1105;Guest;P0025;Novel Book;Books;2;199.99;399.98;Mobile Pay;2026/02/03;Daniel Smith
T03973;S002;Rivonia;C2384;Member;P0013;Running Shoes;Sportswear;5;1499.5;7497.5;Card;2026/03/07;Liam Jacobs
T03974;S002;Rivonia;C2615;Member;P0024;Storage Container Set;Kitchen;6;349.99;2099.94;Cash;2026/06/15;Jessica Naidoo
T03975;S002;Rivonia;C0137;Member;P0010;Cotton T-Shirt;Clothing;4;249.99;999.96;Mobile Pay;2026/02/18;Noah Pillay
T03976;S002;Rivonia;C0796;Member;P0011;Denim Jeans;Clothing;4;799.99;3199.96;Bank Transfer;2026/05/03;Sophie Mthembu
T03977;S002;Rivonia;C1270;Member;P0005;Laptop Backpack;Accessories;6;549.99;3299.94;Mobile Pay;2026/02/18;James Botha
T03978;S002;Rivonia;C1181;Guest;P0002;Bluetooth Speaker;Electronics;6;649.99;3899.94;Mobile Pay;2026/04/04;Emma Nkosi
T03979;S002;Rivonia;C0084;Member;P0022;Cookware Set;Kitchen;2;1599.99;3199.98;Mobile Pay;2026/01/02;Liam Jacobs
T03980;S002;Rivonia;C0470;Member;P0015;Sports Bottle;Sportswear;4;199.99;799.96;Card;2026/02/20;Noah Pillay
T03981;S002;Rivonia;C2648;Member;P0012;Hooded Sweatshirt;Clothing;3;599.99;1799.97;Card;2026/01/17;Sophie Mthembu
T03982;S002;Rivonia;C0036;Member;P0007;Air Fryer;Appliances;1;1799.99;1799.99;Cash;2026/01/09;Jessica Naidoo
T03983;S002;Rivonia;C2553;Member;P0010;Cotton T-Shirt;Clothing;6;249.99;1499.94;Mobile Pay;2026/01/16;Emma Nkosi
T03984;S002;Rivonia;C0196;Member;P0006;Coffee Maker;Appliances;6;1299.99;7799.94;Mobile Pay;2026/01/05;Jessica Naidoo
T03985;S002;Rivonia;C2296;Guest;P0013;Running Shoes;Sportswear;6;1499.5;8997.0;Bank Transfer;2026/02/26;Sarah Mokoena
T03986;S002;Rivonia;C0106;Member;P0025;Novel Book;Books;2;199.99;399.98;Mobile Pay;2026/05/24;Daniel Smith
T03987;S002;Rivonia;C1263;Member;P0021;Cushion Set;Home & Decor;3;299.99;899.97;Cash;2026/05/09;Emma Nkosi
T03988;S002;Rivonia;C0519;Member;P0014;Yoga Mat;Sportswear;6;399.99;2399.94;Bank Transfer;2026/01/02;Sophie Mthembu
T03989;S002;Rivonia;C2135;Member;P0023;Dinner Plate Set;Kitchen;1;499.99;499.99;Card;2026/04/09;Noah Pillay
T03990;S002;Rivonia;C2648;Member;P0003;Smart Watch;Electronics;2;1299.99;2599.98;Mobile Pay;2026/02/15;Michael Williams
T03991;S002;Rivonia;C0153;Guest;P0008;Blender;Appliances;4;899.99;3599.96;Bank Transfer;2026/05/30;Liam Jacobs
T03992;S002;Rivonia;C1738;Member;P0021;Cushion Set;Home & Decor;5;299.99;1499.95;Mobile Pay;2026/03/07;Michael Williams
T03993;S002;Rivonia;C1500;Member;P0001;Wireless Headphones;Electronics;5;899.99;4499.95;Bank Transfer;2026/06/10;Michael Williams
T03994;S002;Rivonia;C1409;Member;P0023;Dinner Plate Set;Kitchen;2;499.99;999.98;Bank Transfer;2026/03/14;Noah Pillay
T03995;S002;Rivonia;C2827;Member;P0001;Wireless Headphones;Electronics;3;899.99;2699.97;Mobile Pay;2026/02/23;Liam Jacobs
T03996;S002;Rivonia;C1673;Member;P0001;Wireless Headphones;Electronics;6;899.99;5399.94;Mobile Pay;2026/04/01;Sophie Mthembu
T03997;S002;Rivonia;C2728;Member;P0013;Running Shoes;Sportswear;1;1499.5;1499.5;Mobile Pay;2026/04/30;Noah Pillay
T03998;S002;Rivonia;C2353;Guest;P0008;Blender;Appliances;1;899.99;899.99;Cash;2026/05/21;Liam Jacobs
T03999;S002;Rivonia;C2370;Member;P0020;Table Lamp;Home & Decor;2;699.99;1399.98;Cash;2026/02/04;Jessica Naidoo
T04000;S002;Rivonia;C2768;Member;P0007;Air Fryer;Appliances;6;1799.99;10799.94;Card;2026/03/25;Sophie Mthembu
