CustomerID;FirstName;LastName;Email;Phone;JoinDate;Tier;CurrentPoints;TransactionID;PurchaseDate;AmountSpent;PointsEarned;RewardID;RewardName;PointsRequired;RedemptionDate;PointsUsed
C0001;James;Lewis;james.lewis1@example.com;555-1037;2024/08/12;Silver;10533;T00001;2025/05/19;164.34;164;;;;;
C0002;Amelia;Khumalo;amelia.khumalo2@example.com;555-1074;2024/09/14;Gold;5465;T00002;2025/06/27;252.74;253;R6;VIP Event Access;5000;2025/09/21;5000
C0003;Sipho;Wilson;sipho.wilson3@example.com;555-1111;2022/09/12;Platinum;3722;T00003;2025/12/14;219.51;220;;;;;
C0004;Daniel;Nkosi;daniel.nkosi4@example.com;555-1148;2022/02/07;Bronze;4508;T00004;2025/05/20;410.54;411;R6;VIP Event Access;5000;2025/03/01;5000
C0005;Emily;Williams;emily.williams5@example.com;555-1185;2023/06/23;Silver;5751;T00005;2025/03/28;239.54;240;R7;Wireless Earbuds;7500;2025/11/05;7500
C0006;Samuel;Wright;samuel.wright6@example.com;555-1222;2024/10/05;Gold;5291;T00006;2025/10/17;44.91;45;R6;VIP Event Access;5000;2025/04/01;5000
C0007;Naledi;Martinez;naledi.martinez7@example.com;555-1259;2022/09/24;Platinum;8723;T00007;2025/05/06;324.18;324;R2;$10 Gift Voucher;1000;2025/07/31;1000
C0008;Olivia;Hall;olivia.hall8@example.com;555-1296;2025/11/20;Bronze;3409;T00008;2025/03/10;700.95;701;;;;;
C0009;Joseph;Botha;joseph.botha9@example.com;555-1333;2025/06/04;Silver;3003;T00009;2025/09/01;476.82;477;;;;;
C0010;Lerato;Clark;lerato.clark10@example.com;555-1370;2023/05/07;Gold;14442;T00010;2025/07/01;600.9;601;;;;;
C0011;Jessica;Naidoo;jessica.naidoo11@example.com;555-1407;2022/06/01;Platinum;2134;T00011;2025/11/04;707.46;707;;;;;
C0012;Robert;Taylor;robert.taylor12@example.com;555-1444;2023/12/06;Bronze;8668;T00012;2025/06/17;838.97;839;;;;;
C0013;Grace;Dlamini;grace.dlamini13@example.com;555-1481;2025/06/01;Silver;8063;T00013;2025/04/20;351.3;351;R6;VIP Event Access;5000;2025/08/24;5000
C0014;Peter;Johnson;peter.johnson14@example.com;555-1518;2025/02/04;Gold;2887;T00014;2025/06/24;874.28;874;R2;$10 Gift Voucher;1000;2025/01/31;1000
C0015;David;King;david.king15@example.com;555-1555;2025/06/29;Platinum;12884;T00015;2025/10/24;935.03;935;;;;;
C0016;Charlotte;Brown;charlotte.brown16@example.com;555-1592;2022/07/25;Bronze;1214;T00016;2025/09/24;233.49;233;R6;VIP Event Access;5000;2025/11/15;5000
C0017;Thabo;Walker;thabo.walker17@example.com;555-1629;2025/06/02;Silver;64;T00017;2025/02/28;195.4;195;R3;Coffee Mug;1500;2025/10/15;1500
C0018;Michael;Pillay;michael.pillay18@example.com;555-1666;2025/02/28;Gold;4119;T00018;2025/12/25;103.72;104;R6;VIP Event Access;5000;2025/02/21;5000
C0019;Sophia;Davis;sophia.davis19@example.com;555-1703;2024/02/04;Platinum;7828;T00019;2025/07/03;660.51;661;R4;T-Shirt;2000;2025/01/30;2000
C0020;Thomas;Mokoena;thomas.mokoena20@example.com;555-1740;2022/05/07;Bronze;5788;T00020;2025/11/24;459.7;460;;;;;
C0021;Aisha;Smith;aisha.smith21@example.com;555-1777;2025/10/26;Silver;3085;T00021;2025/10/21;110.65;111;;;;;
C0022;Emma;Green;emma.green22@example.com;555-1814;2024/02/03;Gold;13823;T00022;2025/04/07;726.66;727;;;;;
C0023;William;Moore;william.moore23@example.com;555-1851;2022/09/17;Platinum;11415;T00023;2025/12/05;502.92;503;;;;;
C0024;Nomsa;Young;nomsa.young24@example.com;555-1888;2024/10/22;Bronze;485;T00024;2025/03/18;918.77;919;;;;;
C0025;Sarah;Anderson;sarah.anderson25@example.com;555-1925;2025/04/09;Silver;6027;T00025;2025/05/15;87.64;88;R1;$5 Gift Voucher;500;2025/10/12;500
C0026;James;Lewis;james.lewis26@example.com;555-1962;2025/01/04;Gold;8485;T00026;2025/03/01;484.46;484;;;;;
C0027;Amelia;Khumalo;amelia.khumalo27@example.com;555-1999;2024/08/21;Platinum;7072;T00027;2025/04/30;701.26;701;R3;Coffee Mug;1500;2025/12/10;1500
C0028;Sipho;Wilson;sipho.wilson28@example.com;555-2036;2022/03/08;Bronze;5124;T00028;2025/06/25;175.22;175;;;;;
C0029;Daniel;Nkosi;daniel.nkosi29@example.com;555-2073;2024/08/19;Silver;3;T00029;2025/04/04;493.88;494;;;;;
C0030;Emily;Williams;emily.williams30@example.com;555-2110;2025/01/09;Gold;9316;T00030;2025/07/10;999.84;1000;;;;;
C0031;Samuel;Wright;samuel.wright31@example.com;555-0000;2024/02/19;Platinum;5734;T00031;2025/11/27;32.76;33;;;;;
C0032;Naledi;Martinez;naledi.martinez32@example.com;555-2184;2023/11/28;Bronze;14388;T00032;2025/09/30;146.15;146;;;;;
C0033;Olivia;Hall;olivia.hall33@example.com;555-2221;2023/01/17;Silver;6315;T00033;2025/02/27;605.73;606;R3;Coffee Mug;1500;2025/08/05;1500
C0034;Joseph;Botha;joseph.botha34@example.com;555-2258;2024/07/16;Gold;5435;T00034;2025/02/27;536.57;537;;;;;
C0035;Lerato;Clark;lerato.clark35@example.com;555-2295;2023/04/22;Platinum;7609;T00035;2025/12/20;148.72;149;;;;;
C0036;Jessica;Naidoo;jessica.naidoo36@example.com;555-2332;2023/07/16;Bronze;7635;T00036;2025/12/07;832.46;832;R1;$5 Gift Voucher;500;2025/02/17;500
C0037;Robert;Taylor;duplicate.customer@example.com;555-2369;2024/10/29;Silver;7549;T00037;2025/04/25;67.54;68;;;;;
C0038;Grace;Dlamini;grace.dlamini38@example.com;555-2406;2025/08/17;Gold;7272;T00038;2025/08/11;618.23;618;;;;;
C0039;Peter;Johnson;peter.johnson39@example.com;555-2443;2024/02/20;Platinum;14077;T00039;2025/03/16;524.16;524;;;;;
C0040;David;King;david.king40@example.com;555-2480;2024/09/28;Bronze;3116;T00040;2025/12/23;683.85;684;;;;;
C0041;Charlotte;Brown;charlotte.brown41@example.com;555-2517;2023/06/13;Silver;14399;T00040;2025/12/21;819.65;820;R6;VIP Event Access;5000;2025/02/18;5000
C0042;Thabo;Walker;thabo.walker42@example.com;555-2554;2025/05/18;Gold;10811;T00042;2025/05/30;336.51;337;;;;;
C0043;Michael;Pillay;;555-2591;2024/12/19;Platinum;1666;T00043;2025/12/18;247.84;248;;;;;
C0044;Sophia;Davis;sophia.davis44@example.com;555-2628;2024/11/19;Bronze;9065;T00044;2025/10/11;380.61;381;;;;;
C0045;Thomas;Mokoena;thomas.mokoena45@example.com;555-2665;2022/06/14;Silver;13614;T00045;2025/12/06;949.34;949;;;;;
C0046;Aisha;Smith;aisha.smith46@example.com;555-2702;2022/01/27;Gold;4924;T00046;2025/03/31;318.93;319;R2;$10 Gift Voucher;1000;2025/07/24;1000
C0047;EMMA;Green;emma.green47@example.com;555-2739;2022/05/30;Platinum;10530;T00047;2025/02/24;475.91;476;R4;T-Shirt;2000;2025/01/15;2000
C0048;William;Moore;william.moore48@example.com;555-2776;2023/11/01;Bronze;3689;T00048;2025/01/02;20.05;20;;;;;
C0049;Nomsa;Young;nomsa.young49@example.com;555-2813;2025/07/08;Silver;948;T00049;2025/10/30;888.78;889;R7;Wireless Earbuds;7500;2025/10/31;7500
C0049;Nomsa;Young;nomsa.young49@example.com;555-2813;2025/07/08;Silver;948;T00049;2025/10/30;888.78;889;R7;Wireless Earbuds;7500;2025/10/31;7500
C0051;James;Lewis;james.lewis51@example.com;555-2887;2024/06/28;Platinum;12245;T00051;2025/07/13;168.23;168;R5;Free Shipping;750;2025/03/30;750
C0052;Amelia;Khumalo;amelia.khumalo52@example.com;555-2924;2023/11/26;Bronze;9105;T00052;2025/02/06;167.59;168;R2;$10 Gift Voucher;1000;2025/05/20;1000
C0053;Sipho;wilson;sipho.wilson53@example.com;555-2961;2023/11/24;Silver;12853;T00053;2025/09/19;115.25;115;;;;;
C0054;Daniel;Nkosi;daniel.nkosi54@example.com;555-2998;2022/05/01;Gold;14710;T00054;2025/03/20;417.33;417;R2;$10 Gift Voucher;1000;2025/08/15;1000
C0055;Emily;Williams;emily.williams55@example.com;555-3035;2023/06/06;Platinum;7628;T00055;2025/02/10;900.64;901;R2;$10 Gift Voucher;1000;2025/11/20;1000
C0056;Samuel;Wright;samuel.wright56@example.com;555-3072;2023/10/08;Bronze;7047;T00056;2025/08/02;72.64;73;R2;$10 Gift Voucher;1000;2025/12/17;1000
C0057;Naledi;Martinez;naledi.martinez57@example.com;555-3109;2022/07/17;Silver;9769;T00057;2025/11/16;510.21;510;R7;Wireless Earbuds;7500;2025/03/07;7500
C0058;Olivia;Hall;olivia.hall58@example.com;555-3146;2024/04/17;Gold;1606;T00058;2025/10/05;316.7;317;R6;VIP Event Access;5000;2025/02/27;5000
C0059; Joseph ;Botha;joseph.botha59@example.com;555-3183;2025/10/30;Platinum;6636;T00059;2025/03/25;829.68;830;;;;;
C0060;Lerato;Clark;lerato.clark60@example.com;555-3220;2024/03/06;Bronze;4935;T00060;2025/06/02;596.64;597;;;;;
C0061;Jessica;Naidoo;jessica.naidoo61@example.com;555-3257;2022/01/12;silver;7077;T00061;2025/07/18;284.5;284;;;;;
C0062;Robert;Taylor;robert.taylor62@example.com;555-0000;2023/05/22;Gold;12546;T00062;2025/02/09;937.32;937;;;;;
C0063;Grace;Dlamini;grace.dlamini63@example.com;555-3331;2025/02/02;Platinum;2153;T00063;2025/03/04;220.29;220;;;;;
C0064;Peter;Johnson;peter.johnson64@example.com;555-3368;2025/06/03;Bronze;4442;T00064;2025/08/06;815.62;816;;;;;
C0065;David;King;david.king65@example.com;555-3405;2024/04/27;Silver;2992;T00065;2025/02/21;568.5;568;;;;;
C0066;Charlotte;Brown;charlotte.brown66@example.com;555-3442;2025/08/11;Gold;11215;T00066;2025/10/23;426.96;427;R5;Free Shipping;750;2025/12/08;750
C0067;Thabo;Walker;thabo.walker67example.com;555-3479;2025/05/04;Platinum;3321;T00067;2025/04/29;62.75;630;;;;;
C0068;Michael;Pillay;michael.pillay68@example.com;555-3516;2022/11/08;Bronze;7903;T00068;2025/09/30;297.24;297;;;;;
C0069;Sophia;Davis;sophia.davis69@example.com;555-3553;2024/11/25;Silver;11850;T00069;2025/02/27;559.79;560;;;;;
C0070;Thomas;Mokoena;thomas.mokoena70@example.com;555-3590;2023/02/04;Gold;4546;T00070;2025/12/25;966.62;967;;;;;
C0071;Aisha;Smith;aisha.smith71@example.com;555-3627;2024/05/22;Platinum;1417;T00071;2024/04/22;314.14;314;;;;;
C0072;Emma;Green;emma.green72@example.com;555-3664;2023/08/16;Bronze;3250;T00072;2025/01/24;117.51;118;;;;;
C0073;William;Moore;william.moore73@example.com;;2023/05/25;Silver;1204;T00073;2025/03/15;786.58;787;;;;;
C0074;Nomsa;Young;duplicate.customer@example.com;555-3738;2023/10/19;Gold;2517;T00074;2025/12/02;936.58;937;;;;;
C0075;Sarah;Anderson;sarah.anderson75@example.com;555-3775;2025/01/20;Platinum;11097;T00075;2025/08/08;108.17;108;R1;$5 Gift Voucher;500;2025/11/04;500
C0076;James;Lewis;james.lewis76@example.com;555-3812;2024/03/02;Bronze;9476;T00076;2025/11/07;562.55;563;;;;;
C0077;Amelia;Khumalo;amelia.khumalo77@example.com;555-3849;2024/03/27;Silver;6053;T00077;2025/06/23;573.42;573;;;;;
C0078;Sipho;Wilson;sipho.wilson78@example.com;555-3886;2023/02/26;Gold;11128;T00078;2025/05/16;880.2;880;R7;Wireless Earbuds;7500;2025/07/17;7500
C0079;Daniel;Nkosi;daniel.nkosi79@example.com;555-3923;2023/08/22;Platinum;7360;T00079;2025/08/01;909.66;910;R99;Unknown Reward;999;2025/08/01;999
C0080;Emily;Williams;emily.williams80@example.com;555-3960;2024/02/18;Bronze;9290;T00080;2025/04/07;334.73;335;R3;Coffee Mug;1500;2025/10/13;1500
C0081;Samuel;Wright;samuel.wright81@example.com;555-3997;2025/04/23;Silver;5825;T00081;2025/11/15;125.49;125;R5;Free Shipping;750;2025/11/05;750
C0082;Naledi;Martinez;naledi.martinez82@example.com;555-4034;2025/03/14;Gold;10477;T00081;2025/04/24;761.85;762;;;;;
C0083;Olivia;Hall;olivia.hall83@example.com;(555) 4071;2024/03/12;PLATINUM;5602;T00083;2025/02/25;385.94;386;R4;T-Shirt;2000;2025/06/21;2000
C0084;Joseph;Botha;joseph.botha84@example.com;555-4108;2025/06/10;Bronze;2948;T00084;2025/09/03;959.2;959;;;;;
C0085;Lerato;Clark;lerato.clark85@example.com;555-4145;2022/05/08;Silver;12843;T00085;2025/08/18;599.47;599;;;;;
C0086;Jessica;Naidoo;;555-4182;2022/04/11;Gold;7919;T00086;2025/04/25;972.86;973;;;;;
C0087;Robert;Taylor;robert.taylor87@example.com;555-4219;2023/12/20;Platinum;9284;T00087;2025/04/02;209.01;209;;;;;
C0088;Grace;Dlamini;grace.dlamini88@example.com;555-4256;2025/01/04;Bronze;4946;T00088;2025/10/21;888.02;888;R5;Free Shipping;750;2025/01/29;750
C0089;Peter;Johnson; peter.johnson89@example.com ;555-4293;2023/01/11;Silver;10585;T00089;2025/05/05;-709.61;710;R4;T-Shirt;2000;2025/06/07;2000
C0090;David;King;david.king90@example.com;555-4330;2025/04/19;Gold;1866;T00090;2025/02/04;445.63;446;R6;VIP Event Access;5000;2025/09/15;5000
C0091;Charlotte;Brown;charlotte.brown91@example.com;555-4367;2023/03/23;Platinum;12594;T00091;2025/11/29;981.63;982;;;;;
C0092;Thabo;Walker;thabo.walker92@example.com;555-4404;2025/06/30;Bronze;13679;T00092;2025/12/28;513.26;513;;;;;
C0093;Michael;Pillay;michael.pillay93@example.com;555-0000;2023/05/09;Silver;13465;T00093;2025/12/20;64.28;64;;;;;
C0094;SOPHIA;Davis;sophia.davis94@example.com;555-4478;2025/01/03;Gold;14847;T00094;2025/12/16;709.5;710;R2;$10 Gift Voucher;1000;2025/02/12;1000
C0095;Thomas;Mokoena;thomas.mokoena95@example.com;555-4515;2025/08/22;Platinum;9367;T00095;2025/09/01;213.1;213;;;;;
C0096;Aisha;Smith;aisha.smith96@example.com;555-4552;2024/06/17;Bronze;5003;T00096;2025/07/08;967.11;967;R3;Coffee Mug;1500;2025/06/17;1500
C0097;Emma;Green;emma.green97@example.com;555-4589;2024/01/28;Silver;1614;T00097;2025/07/27;0;462;;;;;
C0098;William;Moore;william.moore98@example.com;555-4626;2025/01/25;Gold;4788;T00098;2025/05/05;160.56;161;;;;;
C0099;Nomsa;Young;nomsa.young99@example.com;555-4663;2025/12/01;Platinum;6398;T00099;2025/12/06;573.14;573;;;;;
C0099;Nomsa;Young;nomsa.young99@example.com;555-4663;2025/12/01;Platinum;6398;T00099;2025/12/06;573.14;573;;;;;
C0101;James;Lewis;JAMES.LEWIS101@EXAMPLE.COM;555-4737;2022/07/05;Silver;8863;T00101;2025/05/01;85.21;-100;;;;;
C0102;Amelia;Khumalo;amelia.khumalo102@example.com;555-4774;2025/05/23;Gold;817;T00102;2025/07/28;505.87;506;;;;;
C0103;Sipho;Wilson;sipho.wilson103@example.com;555-4811;2023/06/09;Platinum;5537;T00103;2025/08/02;833.23;833;R1;$10 Gift Voucher;500;2025/08/02;1000
C0104;Daniel;Nkosi;daniel.nkosi104@example.com;555-4848;2022/12/10;Bronze;13313;T00104;2025/06/07;277.35;277;R1;$5 Gift Voucher;500;2025/06/04;500
C0105;Emily;Williams;emily.williams105@example.com;555-4885;2022/10/26;Silver;10490;T00105;2025/09/21;964.36;964;;;;;
C0106;Samuel;wright;samuel.wright106@example.com;555-4922;2022/08/22;Gold;7923;T00106;2025/11/26;499.8;500;;;;;
C0107;Naledi;Martinez;naledi.martinez107@example.com;555-4959;2022/04/09; Platinum ;13333;T00107;2025/03/09;653.19;653;;;;;
C0108;Olivia;Hall;olivia.hall108@example.com;555-4996;2025/05/03;Bronze;13502;T00108;2025/07/30;852.66;853;;;;;
C0109;Joseph;Botha;joseph.botha109@example.com;555-5033;2022/08/19;Silver;-500;T00109;2025/04/04;643.22;643;;;;;
C0110;Lerato;Clark;lerato.clark110@example.com;555-5070;2022/09/13;Gold;6457;T00110;2025/04/16;267.53;268;R5;Free Shipping;750;2025/10/24;750
C0111;Jessica;Naidoo;duplicate.customer@example.com;555-5107;2022/10/23;Platinum;5306;T00111;2025/01/07;64.03;64;;;;;
C0112;Robert;Taylor;robert.taylor112@example.com;555-5144;2025/03/18;Bronze;12149;T00112;2025/03/31;369.72;370;R6;VIP Event Access;5000;2025/02/21;5000
C0113;Grace;Dlamini;grace.dlamini113@example.com;555-5181;2024/05/04;Silver;4029;;2025/09/24;952.46;952;;;;;
C0114;Peter;Johnson;peter.johnson114@example.com;555-5218;2022/07/02;Gold;3616;T00114;2025/10/13;712.48;712;;;;;
C0115;David;King;david.king115@example.com;555-5255;2024/04/12;Platinum;1611;T00115;2025/09/21;364.94;365;;;;;
C0116;Charlotte;Brown;charlotte.brown116@example.com;555-5292;2024/02/18;Bronze;12387;T00116;2025/11/28;580.07;580;;;;;
C0117;Thabo;Walker;thabo.walker117@example.com;555-5329;2025/07/15;Silver;1177;T00117;2025/03/06;722.58;723;R3;Coffee Mug;1500;2025/12/30;1500
C0118; Michael ;Pillay;michael.pillay118@example.com;555-5366;2025/04/10;Gold;12058;T00118;2025/05/27;21.51;22;;;;;
C0119;Sophia;Davis;sophia.davis119@example.com;555-5403;2024/10/11;Platinum;250;T00119;2025/04/21;347.67;348;R2;$10 Gift Voucher;1000;2025/12/25;1000
C0120;Thomas;Mokoena;thomas.mokoena120@example.com;555-5440;2025/05/09;Bronze;13988;T00120;2025/08/11;669.55;670;R1;$5 Gift Voucher;500;2025/02/17;500
C0121;Aisha;Smith;aisha.smith121@example.com;555-5477;2025/06/23;Silver;8978;T00121;2025/03/30;490.67;491;;;;;
C0122;Emma;Green;emma.green122@example.com;555-5514;2024/02/21;gold;4363;T00122;2025/11/05;140.53;141;;;;;
C0123;William;Moore;william.moore123@example.com;555-5551;2023/12/29;Platinum;13144;T00122;2025/01/18;605.51;606;;;;;
C0124;Nomsa;Young;nomsa.young124@example.com;555-0000;2022/09/02;Bronze;13216;T00124;2025/08/26;161.05;161;;;;;
C0125;Sarah;Anderson;sarah.anderson125@example.com;555-5625;2023/01/15;Silver;5658;T00125;2025/01/23;315.64;316;R7;Wireless Earbuds;7500;2025/05/14;7500
C0126;James;Lewis;james.lewis126@example.com;555-5662;2023/01/29;Gold;10018;T00126;2025/01/18;188.49;188;R2;$10 Gift Voucher;1000;2025/09/05;1000
C0127;Amelia;Khumalo;amelia.khumalo127@example.com;555-5699;2022/03/06;Platinum;14019;T00127;2025/02/09;;607;;;;;
C0128;Sipho;Wilson;sipho.wilson128@example.com;555-5736;2023/10/13;Bronze;11483;T00128;2025/07/26;109.6;110;R1;$5 Gift Voucher;500;2025/04/04;500
C0129;Daniel;Nkosi;;555-5773;2023/09/25;Silver;677;T00129;2025/02/17;86.4;86;R5;Free Shipping;750;2025/09/12;750
C0130;Emily;Williams;emily.williams130@example.com;555-5810;2022/12/12;Gold;8099;T00130;2025/02/07;945.47;945;;;;;
C0131;Samuel;Wright;samuel.wright131@example.com;555-5847;2023/01/06;Platinum;;T00131;2025/03/27;133.78;134;;;;;
C0132;Naledi;Martinez;naledi.martinez132@example.com;555-5884;2024/02/06;Bronze;13277;T00132;2025/12/31;766.64;767;R4;T-Shirt;2000;2025/05/11;2000
C0133;Olivia;Hall;olivia.hall133@example.com;555-5921;2023/01/24;Silver;2881;T00133;2025/04/17;735.27;735;;;;;
C0134;Joseph;Botha;joseph.botha134example.com;555-5958;2025/01/20;Gold;3337;T00134;2025/07/18;56.74;570;;;;;
C0135;Lerato;Clark;lerato.clark135@example.com;555-5995;2023/06/25;Platinum;1646;T00135;2025/10/19;226.57;227;;;;;
C0136;Jessica;Naidoo;jessica.naidoo136@example.com;555-6032;2022/04/08;Bronze;3626;T00136;2025/10/14;310.47;310;R1;$5 Gift Voucher;500;2025/07/29;500
C0137;Robert;Taylor;robert.taylor137@example.com;555-6069;2024/08/02;Silver;7114;T00137;2025/06/16;94.97;95;;Coffee Mug;1500;2025/06/16;1500
C0138;Grace;Dlamini;grace.dlamini138@example.com;555-6106;2024/06/23;Gold;680;T00138;2025/10/25;185.21;185;R1;$5 Gift Voucher;500;2025/10/25;500
C0139;Peter;Johnson;peter.johnson139@example.com;555-6143;2022/04/30;Platnium;3667;T00139;2025/11/04;311.72;312;;;;;
C0140;David;King;david.king140@example.com;555-6180;2023/02/01;Bronze;5137;T00140;2025/07/03;646.36;646;;;;;
C0141;CHARLOTTE;Brown;charlotte.brown141@example.com;555-6217;2024/02/21;Silver;6731;T00141;2025/02/20;119.65;120;;;;;
C0142;Thabo;Walker;thabo.walker142@example.com;555-6254;2022/10/06;Gold;10519;T00142;2022/09/06;836.75;837;R2;$10 Gift Voucher;1000;2025/05/11;1000
C0143;Michael;Pillay;michael.pillay143@example.com;555-6291;2022/02/27;Platinum;6612;T00143;2025/09/29;694.3;694;;;;;
C0144;Sophia;Davis;sophia.davis144@example.com;555-6328;2023/08/30;Bronze;10721;T00144;2025/04/14;647.8;648;;;;;
C0145;Thomas;Mokoena;thomas.mokoena145@example.com;555-6365;2025/07/09;Silver;5369;T00145;2025/09/23;773.74;774;;;;;
C0146;Aisha;Smith;aisha.smith146@example.com;;2024/09/26;Gold;14088;T00146;2025/11/08;663.23;663;;;;;
C0147;Emma;Green;emma.green147@example.com;555-6439;2023/06/28;Platinum;6302;T00147;2025/09/08;776.48;776;;;;;
C0148;William;Moore;duplicate.customer@example.com;555-6476;2023/02/04;Bronze;4000;T00148;2025/03/26;666.61;667;;;;;
C0149;Nomsa;Young;nomsa.young149@example.com;555-6513;2024/12/11;Silver;5478;T00149;2025/07/15;498.58;499;R7;;7500;;
C0149;Nomsa;Young;nomsa.young149@example.com;555-6513;2024/12/11;Silver;5478;T00149;2025/07/15;498.58;499;R7;;7500;;
c0151;James;Lewis;james.lewis151@example.com;555-6587;2024/10/19;Platinum;7149;T00151;2025/03/03;825.44;825;;;;;
C0152;Amelia;Khumalo;amelia.khumalo152@example.com;555-6624;2023/03/06;Bronze;13309;T00152;2025/08/31;45.98;46;;;;;
C0153;Sipho;Wilson;sipho.wilson153@example.com;555-6661;2024/11/03;Silver;3216;T00153;2025/06/08;853.54;854;;;;;
C0154;Daniel;Nkosi;daniel.nkosi154@example.com;555-6698;2025/02/20;Gold;1028;T00154;2025/11/20;348.07;348;;;;;
C0155;Emily;Williams;emily.williams155@example.com;555-0000;2022/09/19;Platinum;2291;T00155;2025/12/16;243.45;243;R6;VIP Event Access;5000;2025/06/21;5000
C0156;Samuel;Wright;samuel.wright156@example.com;555-6772;2024/10/28;Bronze;6482;T00156;2025/10/15;108.17;108;;;;;
C0157;;Martinez;naledi.martinez157@example.com;555-6809;2024/06/09;Silver;6355;T00157;2025/12/16;86.65;87;;;;;
C0158;Olivia;Hall;olivia.hall158@example.com;555-6846;2025/08/24;Gold;166;T00158;2025/04/26;792.54;793;R99;Unknown Reward;999;2025/04/26;999
C0159;Joseph;botha;joseph.botha159@example.com;555-6883;2023/09/25;Platinum;5921;T00159;2025/02/14;357.8;358;;;;;
C0160;Lerato;Clark;lerato.clark160@example.com;555-6920;2025/07/01;Bronze;14444;T00160;2025/06/27;290.39;290;R4;T-Shirt;2000;2025/02/02;2000
C0161;Jessica;Naidoo;jessica.naidoo161@example.com;555-6957;2024/01/20;Silver;1568;T00161;2025/10/27;73.51;74;;;;;
C0162;Robert;Taylor;robert.taylor162@example.com;555-6994;2023/06/02;Gold;12384;T00162;2025/08/21;144.02;144;R5;Free Shipping;750;2025/03/04;750
 C0163 ;Grace;Dlamini;grace.dlamini163@example.com;555-7031;2024/12/18;Platinum;12887;T00163;2025/04/24;146.39;146;R3;Coffee Mug;1500;2025/11/09;1500
C0164;Peter;Johnson;peter.johnson164@example.com;555-7068;2025/04/17;Bronze;3588;T00163;2025/12/09;887.07;887;R5;Free Shipping;750;2025/05/12;750
C0165;David;King;david.king165@example.com;555-7105;2024/12/15;Silver;172;T00165;2025/01/17;663.76;664;;;;;
C0166;Charlotte;Brown;charlotte.brown166@example.com;(555) 7142;2022/09/21;GOLD;11214;T00166;2025/11/21;808.53;809;;;;;
C0167;Thabo;;thabo.walker167@example.com;555-7179;2022/11/14;Platinum;2822;T00167;2025/03/18;822.61;823;;;;;
C0168;Michael;Pillay;michael.pillay168@example.com;555-7216;2022/09/04;Bronze;11060;T00168;2025/04/08;990.81;991;;;;;
C0169;Sophia;Davis;sophia.davis169@example.com;555-7253;2022/01/12;Silver;3475;T00169;2025/09/09;14.62;15;;;;;
C0170;Thomas;Mokoena;thomas.mokoena170@example.com;555-7290;2023/09/22;Gold;14562;T00170;2025/10/13;154.58;155;;;;;
C0171;Aisha;Smith;aisha.smith171@example.com;555-7327;2022/09/23;Platinum;69;T00171;2025/11/26;76.17;76;;;;;
C0172;Emma;Green;;555-7364;2022/04/05;Bronze;9967;T00172;2025/10/23;157.78;158;;;;;
C0173;William;Moore;william.moore173@example.com;555-7401;2022/05/08;;13620;T00173;2025/10/01;422.65;423;;;;;
C0174;Nomsa;Young;nomsa.young174@example.com;555-7438;2024/09/11;Gold;5777;T00174;2025/07/22;524.05;524;R4;T-Shirt;2000;2025/12/08;2000
C0175;Sarah;Anderson;sarah.anderson175@example.com;555-7475;2023/02/28;Platinum;13267;T00175;2025/02/28;187.5;188;;;;;
C0176;James;Lewis;james.lewis176@example.com;555-7512;2023/03/26;Bronze;6979;T00176;2025/03/21;225.24;225;;;;;
C0177; Amelia ;Khumalo;amelia.khumalo177@example.com;555-7549;2022/01/01;Silver;7932;T00177;2025/02/05;714.34;714;;;;;
C0178;Sipho;Wilson; sipho.wilson178@example.com ;555-7586;2022/12/16;Gold;10993;T00178;2025/02/28;-220.33;220;;;;;
C0179;Daniel;Nkosi;daniel.nkosi179@example.com;555-7623;2023/12/18;Platinum;9368;T00179;2025/10/06;175.3;175;R1;$5 Gift Voucher;500;2025/10/29;500
C0180;Emily;Williams;emily.williams180@example.com;555-7660;2022/08/12;Bronze;5511;T00180;2025/01/24;357.08;357;;;;;
;Samuel;Wright;samuel.wright181@example.com;555-7697;2025/06/16;Silver;6883;T00181;2025/11/25;85.67;86;;;;;
C0182;Naledi;Martinez;naledi.martinez182@example.com;555-7734;2022/07/17;Gold;8242;T00182;2025/07/21;16.48;16;;;;;
C0183;Olivia;Hall;olivia.hall183@example.com;555-7771;2024/05/27;platinum;5249;T00183;2025/01/26;395.69;396;;;;;
C0184;Joseph;Botha;joseph.botha184@example.com;555-7808;2025/11/21;Bronze;9121;T00184;2025/09/08;238.38;238;R5;Free Shipping;750;2025/07/11;750
C0185;Lerato;Clark;duplicate.customer@example.com;555-7845;2024/05/02;Silver;2824;T00185;2025/01/21;411.08;411;R3;Coffee Mug;1500;2025/11/08;1500
C0186;Jessica;Naidoo;jessica.naidoo186@example.com;555-0000;2024/01/01;Gold;1204;T00186;2025/07/04;610.74;611;;;;;
C0187;Robert;Taylor;robert.taylor187@example.com;555-7919;2025/04/28;Platinum;9489;T00187;2025/07/16;916.47;916;;;;;
C0188;GRACE;Dlamini;grace.dlamini188@example.com;555-7956;2022/01/07;Bronze;10362;T00188;2025/06/18;468.56;469;;;;;
C0189;Peter;Johnson;peter.johnson189@example.com;555-7993;2022/10/21;Silver;4356;T00189;2025/12/28;412.59;413;R6;VIP Event Access;5000;2025/09/25;5000
C0190;David;King;david.king190@example.com;555-8030;2025/07/09;Gold;9777;T00190;2025/12/17;778.31;778;;;;;
C0191;Charlotte;Brown;charlotte.brown191@example.com;555-8067;;Platinum;5015;T00191;2025/10/12;588.65;589;;;;;
C0192;Thabo;Walker;thabo.walker192@example.com;555-8104;2022/07/31;Bronze;13327;T00192;2025/07/04;313.97;314;;;;;
C0193;Michael;Pillay;michael.pillay193@example.com;555-8141;2023/04/06;Silver;12919;T00193;2025/05/26;22.92;23;R3;Coffee Mug;1500;2025/03/26;1500
C0194;Sophia;Davis;sophia.davis194@example.com;555-8178;2023/11/02;Gold;13930;T00194;2025/05/19;0;514;;;;;
C0195;Thomas;Mokoena;thomas.mokoena195@example.com;555-8215;2024/10/29;Platinum;14875;T00195;2025/05/07;321.76;322;;;;;
C0196;Aisha;Smith;aisha.smith196@example.com;555-8252;2024/04/14;Bronze;13705;T00196;2025/05/04;739.66;740;R2;$10 Gift Voucher;1000;2025/08/13;1000
C0197;Emma;Green;emma.green197@example.com;555-8289;2024/03/13;Silver;3653;T00197;2025/08/20;484.3;484;R2;$10 Gift Voucher;1000;2025/08/21;1000
C0198;William;Moore;william.moore198@example.com;555-8326;2024/07/24;Gold;761;T00198;2025/01/19;41.19;41;;;;;
C0199;Nomsa;Young;nomsa.young199@example.com;555-8363;2023/07/10;Platinum;1846;T00199;2025/09/08;861.22;861;;;;;
C0199;Nomsa;Young;nomsa.young199@example.com;555-8363;2023/07/10;Platinum;1846;T00199;2025/09/08;861.22;861;;;;;
C0201;James;Lewis;james.lewis201example.com;555-8437;2025/02/26;Silver;12799;T00201;2025/02/11;126.38;1260;R7;Wireless Earbuds;7500;2025/08/17;7500
C0202;Amelia;Khumalo;AMELIA.KHUMALO202@EXAMPLE.COM;555-8474;2022/01/23;Gold;4479;T00202;2025/03/06;393.01;-100;;;;;
C0203;Sipho;Wilson;sipho.wilson203@example.com;555-8511;2022/09/30;Platinum;14654;T00203;2025/08/27;143.59;144;;;;;
C0204;Daniel;Nkosi;daniel.nkosi204@example.com;555-8548;2022/08/25;Bronze;14780;T00204;2025/12/21;755.59;756;;;;;
C0205;Emily;Williams;emily.williams205@example.com;555-8585;2022/08/06;Silver;5132;T00204;2025/02/10;42.11;42;R7;Wireless Earbuds;7500;2025/05/08;7500
C0206;Samuel;Wright;samuel.wright206@example.com;555-8622;2023/03/22;Gold;9278;T00206;2025/11/12;903.86;904;R1;$10 Gift Voucher;500;2025/11/12;1000
C0207;Naledi;Martinez;naledi.martinez207@example.com;555-8659;2022/09/04;Platinum;6003;T00207;2025/01/22;841.28;841;;;;;
C0208;Olivia;Hall;olivia.hall208@example.com;555-8696;2024/05/08;Bronze;1471;T00208;2025/08/11;419.85;420;;;;;
C0209;Joseph;Botha;joseph.botha209@example.com;555-8733;2022/06/15;Silver;4511;T00209;2025/10/20;34.94;35;;;;;
C0210;Lerato;Clark;lerato.clark210@example.com;555-8770;2025/05/11;Gold;1806;T00210;2025/10/22;361.64;362;R2;$10 Gift Voucher;1000;2025/04/23;1000
C0211;Jessica;Naidoo;jessica.naidoo211@example.com;555-8807;2023/01/28;Platinum;4468;T00211;2025/07/20;846.11;846;;;;;
C0212;Robert;taylor;robert.taylor212@example.com;555-8844;2024/02/19;Bronze;4727;T00212;2025/02/02;590.99;591;;;;;
C0213;Grace;Dlamini;grace.dlamini213@example.com;555-8881;2022/12/16;Silver;3246;T00213;2022/11/16;776.83;777;R6;VIP Event Access;5000;2025/09/07;5000
C0214;Peter;Johnson;peter.johnson214@example.com;555-8918;2022/12/06; Gold ;9798;T00214;2025/06/26;644.55;645;R1;$5 Gift Voucher;500;2025/09/15;500
C0215;David;King;;555-8955;2025/12/12;Platinum;12866;T00215;2025/12/08;498.53;499;;;;;
C0216;Charlotte;Brown;charlotte.brown216@example.com;555-8992;2024/11/04;Bronze;13307;T00216;2025/05/11;50.95;51;;;;;
C0217;Thabo;Walker;thabo.walker217@example.com;555-0000;2024/08/11;Silver;13214;T00217;2025/12/24;997.37;997;;;;;
C0218;Michael;Pillay;michael.pillay218@example.com;555-9066;2024/12/16;Gold;-500;T00218;2025/10/07;406.82;407;;;;;
C0219;Sophia;Davis;sophia.davis219@example.com;;2025/06/25;Platinum;2812;T00219;2025/09/15;571.81;572;R2;$10 Gift Voucher;1000;2025/10/02;1000
C0220;Thomas;Mokoena;thomas.mokoena220@example.com;555-9140;2024/06/08;Bronze;5601;T00220;2025/06/12;501.35;501;R5;Free Shipping;750;2025/08/30;750
C0221;Aisha;Smith;aisha.smith221@example.com;555-9177;2023/09/04;Silver;7353;T00221;2025/01/16;948.91;949;;;;;
C0222;Emma;Green;duplicate.customer@example.com;555-9214;2024/09/13;Gold;8673;T00222;2025/08/07;330.28;330;R7;Wireless Earbuds;7500;2025/01/13;7500
C0223;William;Moore;william.moore223@example.com;555-9251;2022/11/07;Platinum;10156;T00223;2025/07/28;290.21;290;R4;T-Shirt;2000;2025/10/22;2000
C0224;Nomsa;Young;nomsa.young224@example.com;555-9288;2022/10/09;Bronze;10510;T00224;2025/04/08;274.34;274;;;;;
C0225;Sarah;Anderson;sarah.anderson225@example.com;555-9325;2024/04/29;Silver;1253;T00225;2025/07/23;592.02;592;;;;;
C0226;James;Lewis;james.lewis226@example.com;555-9362;2023/02/23;Gold;101;;2025/09/04;102.1;102;;;;;
C0227;Amelia;Khumalo;amelia.khumalo227@example.com;555-9399;2025/09/08;Platinum;13429;T00227;2025/04/13;404.28;404;;;;;
C0228;Sipho;Wilson;sipho.wilson228@example.com;555-9436;2023/08/08;Bronze;7473;T00228;2025/06/11;825.96;826;;;;;
C0229;Daniel;Nkosi;daniel.nkosi229@example.com;555-9473;2022/12/15;Silver;500;T00229;2025/01/30;349.03;349;;;;;
C0230;Emily;Williams;emily.williams230@example.com;555-9510;2024/07/01;Gold;14404;T00230;2025/04/21;743.36;743;R6;VIP Event Access;5000;2025/08/10;5000
C0231;Samuel;Wright;samuel.wright231@example.com;555-9547;2023/02/14;Platinum;13008;T00231;2025/10/03;103.45;103;R3;Coffee Mug;1500;2025/03/15;1500
C0232;Naledi;Martinez;naledi.martinez232@example.com;555-9584;2025/08/05;Bronze;14984;T00232;2025/05/11;892.38;892;;;;;
C0233;Olivia;Hall;olivia.hall233@example.com;555-9621;2022/06/25;Silver;10712;T00233;2025/02/06;330.18;330;;;;;
C0234;Joseph;Botha;joseph.botha234@example.com;555-9658;2023/03/31;Gold;3111;T00234;2025/01/04;298.68;299;R5;Free Shipping;750;2025/04/05;750
C0235;LERATO;Clark;lerato.clark235@example.com;555-9695;2024/02/08;Platinum;14000;T00235;2025/02/25;608.63;609;;;;;
C0236; Jessica ;Naidoo;jessica.naidoo236@example.com;555-9732;2025/07/13;Bronze;7386;T00236;2025/06/02;302.45;302;;;;;
C0237;Robert;Taylor;robert.taylor237@example.com;555-9769;2023/01/02;Silver;2579;T00237;2025/06/26;458.54;459;R99;Unknown Reward;999;2025/06/26;999
C0238;Grace;Dlamini;grace.dlamini238@example.com;555-9806;2023/10/29;Gold;14754;T00238;2025/08/29;497.23;497;;;;;
C0239;Peter;Johnson;peter.johnson239@example.com;555-9843;2025/02/03;Platinum;12383;T00239;2025/11/27;933.01;933;;;;;
C0240;David;King;david.king240@example.com;555-9880;2022/09/01;Bronze;13223;T00240;2025/05/25;39.5;40;R7;Wireless Earbuds;7500;2025/08/08;7500
C0241;Charlotte;Brown;charlotte.brown241@example.com;555-9917;2023/04/16;Silver;6113;T00241;2025/09/09;243.88;244;;;;;
C0242;Thabo;Walker;thabo.walker242@example.com;555-9954;2022/02/17;Gold;2535;T00242;2025/12/30;760.11;760;;;;;
C0243;Michael;Pillay;michael.pillay243@example.com;555-9991;2022/10/14;Platinum;9495;T00243;2025/09/07;175.31;175;;;;;
C0244;Sophia;Davis;sophia.davis244@example.com;555-1028;2024/06/16;bronze;9729;T00244;2025/08/24;22.78;23;;;;;
C0245;Thomas;Mokoena;thomas.mokoena245@example.com;555-1065;2022/12/15;Silver;11290;T00245;2025/03/21;771.15;771;R3;Coffee Mug;1500;2025/07/26;1500
C0246;Aisha;Smith;aisha.smith246@example.com;555-1102;2022/02/21;Gold;12745;T00245;2025/03/06;365.37;365;;;;;
C0247;Emma;Green;emma.green247@example.com;555-1139;2023/10/17;Platinum;10038;T00247;2025/10/15;851.91;852;R1;$5 Gift Voucher;500;2025/01/09;500
C0248;William;Moore;william.moore248@example.com;555-0000;2022/05/10;Bronze;2766;T00248;2025/01/18;719.23;719;R2;$10 Gift Voucher;1000;2025/11/08;1000
C0249;Nomsa;Young;nomsa.young249@example.com;(555) 1213;2025/04/23;SILVER;14531;T00249;2025/03/26;815.55;816;;;;;
C0249;Nomsa;Young;nomsa.young249@example.com;(555) 1213;2025/04/23;SILVER;14531;T00249;2025/03/26;815.55;816;;;;;
C0251;James;Lewis;james.lewis251@example.com;555-1287;2023/07/24;Platinum;13502;T00251;2025/06/05;563.68;564;;;;;
C0252;Amelia;Khumalo;amelia.khumalo252@example.com;555-1324;2025/03/21;Bronze;9988;T00252;2025/07/27;172.03;172;;;;;
C0253;Sipho;Wilson;sipho.wilson253@example.com;555-1361;2025/06/02;Silver;10374;T00253;2025/04/07;952.09;952;R4;T-Shirt;2000;2025/01/03;2000
C0254;Daniel;Nkosi;daniel.nkosi254@example.com;555-1398;2022/01/18;Gold;14082;T00254;2025/05/04;;555;R1;$5 Gift Voucher;500;2025/03/27;500
C0255;Emily;Williams;emily.williams255@example.com;555-1435;2024/03/30;Platinum;4666;T00255;2025/10/22;492.86;493;R3;Coffee Mug;1500;2025/04/07;1500
C0256;Samuel;Wright;samuel.wright256@example.com;555-1472;2022/01/13;Bronze;678;T00256;2025/04/13;90.49;90;;;;;
C0257;Naledi;Martinez;naledi.martinez257@example.com;555-1509;2025/04/03;Silver;41;T00257;2025/08/04;890.76;891;R3;Coffee Mug;1500;2025/05/13;1500
C0258;Olivia;Hall;;555-1546;2024/01/30;Gold;10361;T00258;2025/07/29;705.98;706;;;;;
C0259;Joseph;Botha;duplicate.customer@example.com;555-1583;2025/05/09;Platinum;1418;T00259;2025/10/15;563.17;563;;;;;
C0260;Lerato;Clark;lerato.clark260@example.com;555-1620;2024/04/30;Bronze;8490;T00260;2025/07/04;897.82;898;R3;Coffee Mug;1500;2025/11/10;1500
C0261;Jessica;Naidoo;jessica.naidoo261@example.com;555-1657;2025/06/27;Silver;1366;T00261;2025/10/03;361.64;362;;;;;
C0262;Robert;Taylor;robert.taylor262@example.com;555-1694;2024/05/19;Gold;;T00262;2025/07/09;251.22;251;R6;VIP Event Access;5000;2025/11/04;5000
C0263;Grace;Dlamini;grace.dlamini263@example.com;555-1731;2024/07/31;Platinum;2587;T00263;2025/04/26;123.43;123;R4;T-Shirt;2000;2025/08/22;2000
C0264;Peter;Johnson;peter.johnson264@example.com;555-1768;2024/04/06;Bronze;182;T00264;2025/03/24;255.91;256;;;;;
C0265;David;king;david.king265@example.com;555-1805;2024/04/16;Silver;12507;T00265;2025/01/02;897.48;897;;;;;
C0266;Charlotte;Brown;charlotte.brown266@example.com;555-1842;2024/10/24;Gold;11739;T00266;2025/08/12;787.75;788;;;;;
C0267;Thabo;Walker; thabo.walker267@example.com ;555-1879;2025/06/09;Platinum;11898;T00267;2025/09/23;-454.04;454;;;;;
C0268;Michael;Pillay;michael.pillay268example.com;555-1916;2024/08/30;Bronze;11754;T00268;2025/06/10;828.54;8290;R6;VIP Event Access;5000;2025/03/08;5000
C0269;Sophia;Davis;sophia.davis269@example.com;555-1953;2023/06/06;Silver;4003;T00269;2025/04/18;754.48;754;;;;;
C0270;Thomas;Mokoena;thomas.mokoena270@example.com;555-1990;2024/01/05;Gold;11761;T00270;2025/12/06;436.17;436;;;;;
C0271;Aisha;Smith;aisha.smith271@example.com;555-2027;2025/09/25;Platinum;14388;T00271;2025/10/13;144.8;145;;;;;
C0272;Emma;Green;emma.green272@example.com;555-2064;2024/05/14;Bronze;3365;T00272;2025/06/18;377.88;378;;;;;
C0273;William;Moore;william.moore273@example.com;555-2101;2024/05/28;Silver;260;T00273;2025/08/27;634.21;634;;;;;
C0274;Nomsa;Young;nomsa.young274@example.com;555-2138;2022/09/04;Gold;10841;T00274;2025/09/18;222.86;223;;Coffee Mug;1500;2025/09/18;1500
C0275;Sarah;Anderson;sarah.anderson275@example.com;555-2175;2022/03/23;Platinum;2393;T00275;2025/09/23;447.0;447;;;;;
C0276;James;Lewis;james.lewis276@example.com;555-2212;2022/10/04;Bronze;5882;T00276;2025/04/29;312.29;312;;;;;
C0277;Amelia;Khumalo;amelia.khumalo277@example.com;555-2249;2022/07/02;Silver;9023;T00277;2025/10/21;656.84;657;;;;;
C0278;Sipho;Wilson;sipho.wilson278@example.com;555-2286;2024/03/11;Platnium;257;T00278;2025/01/21;110.19;110;R4;T-Shirt;2000;2025/04/09;2000
C0279;Daniel;Nkosi;daniel.nkosi279@example.com;555-0000;2023/08/12;Platinum;4499;T00279;2025/01/23;446.22;446;R5;Free Shipping;750;2025/02/08;750
C0280;Emily;Williams;emily.williams280@example.com;555-2360;2023/06/15;Bronze;8004;T00280;2025/04/07;234.55;235;;;;;
C0281;Samuel;Wright;samuel.wright281@example.com;555-2397;2025/07/26;Silver;12667;T00281;2025/11/17;530.11;530;R1;$5 Gift Voucher;500;2025/05/12;500
C0282;NALEDI;Martinez;naledi.martinez282@example.com;555-2434;2022/03/17;Gold;12696;T00282;2025/01/21;616.29;616;;;;;
C0283;Olivia;Hall;olivia.hall283@example.com;555-2471;2025/05/10;Platinum;10138;T00283;2025/09/21;930.55;931;;;;;
C0284;Joseph;Botha;joseph.botha284@example.com;555-2508;2022/06/16;Bronze;1758;T00284;2022/05/17;529.42;529;R6;VIP Event Access;5000;2025/07/19;5000
C0285;Lerato;Clark;lerato.clark285@example.com;555-2545;2023/01/01;Silver;576;T00285;2025/08/10;804.99;805;;;;;
C0286;Jessica;Naidoo;jessica.naidoo286@example.com;555-2582;2024/07/14;Gold;4070;T00286;2025/06/19;742.01;742;;;;;
C0287;Robert;Taylor;robert.taylor287@example.com;555-2619;2024/12/18;Platinum;7159;T00286;2025/10/02;607.03;607;;;;;
C0288;Grace;Dlamini;grace.dlamini288@example.com;555-2656;2023/11/06;Bronze;2782;T00288;2025/10/22;684.06;684;;;;;
C0289;Peter;Johnson;peter.johnson289@example.com;555-2693;2024/11/08;Silver;7424;T00289;2025/05/08;239.09;239;;;;;
C0290;David;King;david.king290@example.com;555-2730;2024/08/21;Gold;7271;T00290;2025/12/18;365.62;366;;;;;
C0291;Charlotte;Brown;charlotte.brown291@example.com;555-2767;2025/08/19;Platinum;11537;T00291;2025/09/25;0;800;R4;T-Shirt;2000;2025/11/22;2000
C0292;Thabo;Walker;thabo.walker292@example.com;;2025/12/16;Bronze;9937;T00292;2025/10/21;650.02;650;;;;;
C0293;Michael;Pillay;michael.pillay293@example.com;555-2841;2023/05/27;Silver;3751;T00293;2025/08/05;813.96;814;R1;$5 Gift Voucher;500;2025/10/21;500
C0294;Sophia;Davis;sophia.davis294@example.com;555-2878;2025/11/18;Gold;14339;T00294;2025/04/04;662.19;662;R5;Free Shipping;750;2025/07/04;750
C0295; Thomas ;Mokoena;thomas.mokoena295@example.com;555-2915;2023/08/28;Platinum;4366;T00295;2025/01/29;948.88;949;R1;$5 Gift Voucher;500;2025/07/21;500
C0296;Aisha;Smith;duplicate.customer@example.com;555-2952;2024/01/26;Bronze;6687;T00296;2025/03/10;928.7;929;R7;Wireless Earbuds;7500;2025/05/23;7500
C0297;Emma;Green;emma.green297@example.com;555-2989;2024/04/10;Silver;1932;T00297;2025/01/09;665.78;666;;;;;
C0298;William;Moore;william.moore298@example.com;555-3026;2023/12/09;Gold;4306;T00298;2025/11/22;826.03;826;R7;;7500;;
C0299;Nomsa;Young;nomsa.young299@example.com;555-3063;2024/09/02;Platinum;2660;T00299;2025/04/20;113.0;113;R2;$10 Gift Voucher;1000;2025/05/02;1000
C0299;Nomsa;Young;nomsa.young299@example.com;555-3063;2024/09/02;Platinum;2660;T00299;2025/04/20;113.0;113;R2;$10 Gift Voucher;1000;2025/05/02;1000
C0301;James;Lewis;;555-3137;2022/11/28;Silver;11378;T00301;2025/02/10;989.1;989;R5;Free Shipping;750;2025/03/12;750
c0302;Amelia;Khumalo;amelia.khumalo302@example.com;555-3174;2025/04/04;Gold;8074;T00302;2025/01/14;749.6;750;R5;Free Shipping;750;2025/04/22;750
C0303;Sipho;Wilson;SIPHO.WILSON303@EXAMPLE.COM;555-3211;2025/07/22;Platinum;5101;T00303;2025/01/26;425.56;-100;;;;;
C0304;Daniel;Nkosi;daniel.nkosi304@example.com;555-3248;2023/05/27;Bronze;6400;T00304;2025/11/01;515.9;516;;;;;
C0305;Emily;Williams;emily.williams305@example.com;555-3285;2023/05/23;silver;2877;T00305;2025/04/06;633.39;633;;;;;
C0306;Samuel;Wright;samuel.wright306@example.com;555-3322;2023/03/20;Gold;3051;T00306;2025/11/08;806.47;806;;;;;
C0307;Naledi;Martinez;naledi.martinez307@example.com;555-3359;2024/06/13;Platinum;14754;T00307;2025/06/06;935.68;936;;;;;
C0308;Olivia;Hall;olivia.hall308@example.com;555-3396;2025/09/08;Bronze;13553;T00308;2025/12/17;698.47;698;;;;;
C0309;Joseph;Botha;joseph.botha309@example.com;555-3433;2024/11/05;Silver;12961;T00309;2025/06/08;542.58;543;R1;$10 Gift Voucher;500;2025/06/08;1000
C0310;Lerato;Clark;lerato.clark310@example.com;555-0000;2024/02/20;Gold;3179;T00310;2025/11/23;767.14;767;;;;;
C0311;Jessica;Naidoo;jessica.naidoo311@example.com;555-3507;2023/07/24;Platinum;14064;T00311;2025/05/08;745.07;745;;;;;
C0312;Robert;Taylor;robert.taylor312@example.com;555-3544;2025/11/22;Bronze;495;T00312;2025/08/07;16.24;16;R5;Free Shipping;750;2025/08/17;750
C0313;Grace;Dlamini;grace.dlamini313@example.com;555-3581;2024/02/26;Silver;14418;T00313;2025/04/17;764.58;765;;;;;
C0314;;Johnson;peter.johnson314@example.com;555-3618;2023/10/01;Gold;13829;T00314;2025/05/03;931.85;932;;;;;
C0315;David;King;david.king315@example.com;555-3655;2025/03/20;Platinum;11564;T00315;2025/05/26;820.04;820;R2;$10 Gift Voucher;1000;2025/09/20;1000
C0316;Charlotte;Brown;charlotte.brown316@example.com;555-3692;2025/12/02;Bronze;11507;T00316;2025/12/05;508.73;509;R99;Unknown Reward;999;2025/12/05;999
C0317;Thabo;Walker;thabo.walker317@example.com;555-3729;2024/01/15;Silver;3468;T00317;2025/07/02;203.1;203;;;;;
C0318;Michael;pillay;michael.pillay318@example.com;555-3766;2022/11/15;Gold;5153;T00318;2025/08/01;462.97;463;;;;;
C0319;Sophia;Davis;sophia.davis319@example.com;555-3803;2025/12/22;Platinum;2802;T00319;2025/11/22;320.35;320;R2;$10 Gift Voucher;1000;2025/03/15;1000
C0320;Thomas;Mokoena;thomas.mokoena320@example.com;555-3840;2022/12/30;Bronze;8159;T00320;2025/12/06;447.86;448;R5;Free Shipping;750;2025/05/22;750
C0321;Aisha;Smith;aisha.smith321@example.com;555-3877;2024/04/05; Silver ;8351;T00321;2025/10/20;555.28;555;;;;;
C0322;Emma;Green;emma.green322@example.com;555-3914;2022/08/02;Gold;4964;T00322;2025/02/08;791.14;791;;;;;
C0323;William;Moore;william.moore323@example.com;555-3951;2025/03/02;Platinum;8637;T00323;2025/11/06;271.88;272;;;;;
C0324;Nomsa;Young;nomsa.young324@example.com;555-3988;2023/03/20;Bronze;177;T00324;2025/08/06;413.92;414;;;;;
C0325;Sarah;Anderson;sarah.anderson325@example.com;555-4025;2022/04/19;Silver;11573;T00325;2025/10/31;421.22;421;;;;;
 C0326 ;James;Lewis;james.lewis326@example.com;555-4062;2022/10/30;Gold;9310;T00326;2025/04/22;99.94;100;;;;;
C0327;Amelia;Khumalo;amelia.khumalo327@example.com;555-4099;2025/06/03;Platinum;-500;T00327;2025/02/11;815.87;816;;;;;
C0328;Sipho;Wilson;sipho.wilson328@example.com;555-4136;2024/10/31;Bronze;8184;T00327;2025/05/21;877.37;877;;;;;
C0329;DANIEL;Nkosi;daniel.nkosi329@example.com;555-4173;2023/10/13;Silver;7420;T00329;2025/07/26;416.55;417;R5;Free Shipping;750;2025/07/22;750
C0330;Emily;Williams;emily.williams330@example.com;555-4210;2022/12/27;Gold;5468;T00330;2025/07/08;129.34;129;R3;Coffee Mug;1500;2025/03/29;1500
C0331;Samuel;Wright;samuel.wright331@example.com;555-4247;2022/05/29;Platinum;8895;T00331;2025/07/16;157.78;158;;;;;
C0332;Naledi;Martinez;naledi.martinez332@example.com;(555) 4284;2024/12/16;BRONZE;10495;T00332;2025/07/23;264.36;264;;;;;
C0333;Olivia;Hall;duplicate.customer@example.com;555-4321;2025/07/07;Silver;9450;T00333;2025/08/19;971.93;972;;;;;
C0334;Joseph;;joseph.botha334@example.com;555-4358;2023/07/10;Gold;5697;T00334;2025/11/13;616.54;617;;;;;
C0335;Lerato;Clark;lerato.clark335example.com;555-4395;2022/11/21;Platinum;1026;T00335;2025/05/15;847.26;8470;;;;;
C0336;Jessica;Naidoo;jessica.naidoo336@example.com;555-4432;2024/05/25;Bronze;10794;T00336;2025/05/08;616.53;617;;;;;
C0337;Robert;Taylor;robert.taylor337@example.com;555-4469;2025/05/22;Silver;11391;T00337;2025/02/28;533.83;534;;;;;
C0338;Grace;Dlamini;grace.dlamini338@example.com;555-4506;2022/11/11;Gold;11082;T00338;2025/09/15;542.69;543;;;;;
C0339;Peter;Johnson;peter.johnson339@example.com;555-4543;2025/12/21;Platinum;552;;2025/02/12;110.99;111;;;;;
C0340;David;King;david.king340@example.com;555-4580;2022/05/17;Bronze;12395;T00340;2025/04/14;618.46;618;R5;Free Shipping;750;2025/05/29;750
C0341;Charlotte;Brown;charlotte.brown341@example.com;555-0000;2023/07/27;Silver;3160;T00341;2025/04/17;908.46;908;;;;;
C0342;Thabo;Walker;thabo.walker342@example.com;555-4654;2023/09/13;Gold;14207;T00342;2025/10/05;715.53;716;R4;T-Shirt;2000;2025/11/21;2000
C0343;Michael;Pillay;michael.pillay343@example.com;555-4691;2024/10/11;Platinum;14996;T00343;2025/11/20;520.67;521;;;;;
C0344;Sophia;Davis;;555-4728;2025/12/17;Bronze;11015;T00344;2025/11/28;430.57;431;R5;Free Shipping;750;2025/04/01;750
C0345;Thomas;Mokoena;thomas.mokoena345@example.com;555-4765;2023/09/19;Silver;793;T00345;2025/01/09;284.56;285;;;;;
C0346;Aisha;Smith;aisha.smith346@example.com;555-4802;2023/04/13;;7197;T00346;2025/08/26;487.47;487;R4;T-Shirt;2000;2025/08/11;2000
C0347;Emma;Green;emma.green347@example.com;555-4839;2023/01/19;Platinum;9431;T00347;2025/04/15;797.81;798;R1;$5 Gift Voucher;500;2025/10/23;500
C0348;William;Moore;william.moore348@example.com;555-4876;2024/07/22;Bronze;3399;T00348;2025/04/26;886.61;887;R4;T-Shirt;2000;2025/04/15;2000
C0349;Nomsa;Young;nomsa.young349@example.com;555-4913;2023/10/06;Silver;14662;T00349;2025/06/02;341.86;342;R1;$5 Gift Voucher;500;2025/01/21;500
C0349;Nomsa;Young;nomsa.young349@example.com;555-4913;2023/10/06;Silver;14662;T00349;2025/06/02;341.86;342;R1;$5 Gift Voucher;500;2025/01/21;500
C0351;James;Lewis;james.lewis351@example.com;555-4987;2022/08/14;Platinum;5565;T00351;2025/06/20;869.9;870;R3;Coffee Mug;1500;2025/01/15;1500
C0352;Amelia;Khumalo;amelia.khumalo352@example.com;555-5024;2025/06/15;Bronze;3204;T00352;2025/10/29;784.86;785;;;;;
C0353;Sipho;Wilson;sipho.wilson353@example.com;555-5061;2022/05/03;Silver;2662;T00353;2025/04/08;934.48;934;;;;;
C0354; Daniel ;Nkosi;daniel.nkosi354@example.com;555-5098;2024/05/12;Gold;10767;T00354;2025/01/31;955.24;955;R3;Coffee Mug;1500;2025/09/19;1500
C0355;Emily;Williams;emily.williams355@example.com;555-5135;2025/11/22;Platinum;7956;T00355;2025/10/23;693.55;694;;;;;
C0356;Samuel;Wright; samuel.wright356@example.com ;555-5172;2023/03/18;Bronze;10472;T00356;2025/11/16;-976.72;977;;;;;
C0357;Naledi;Martinez;naledi.martinez357@example.com;555-5209;2023/03/27;Silver;5405;T00357;2025/12/26;905.34;905;R1;$5 Gift Voucher;500;2025/09/28;500
C0358;Olivia;Hall;olivia.hall358@example.com;555-5246;2024/04/05;Gold;12503;T00358;2025/06/16;16.02;16;;;;;
C0359;Joseph;Botha;joseph.botha359@example.com;555-5283;2024/11/29;Platinum;4848;T00359;2025/04/13;205.47;205;;;;;
C0360;Lerato;Clark;lerato.clark360@example.com;555-5320;2023/08/14;Bronze;4409;T00360;2025/07/05;265.62;266;R5;Free Shipping;750;2025/12/27;750
C0361;Jessica;Naidoo;jessica.naidoo361@example.com;555-5357;2024/09/08;Silver;3954;T00361;2025/06/27;584.02;584;;;;;
;Robert;Taylor;robert.taylor362@example.com;555-5394;2024/04/02;Gold;14741;T00362;2025/08/04;888.06;888;R1;$5 Gift Voucher;500;2025/09/04;500
C0363;Grace;Dlamini;grace.dlamini363@example.com;555-5431;2025/03/05;Platinum;8462;T00363;2025/07/21;433.95;434;R7;Wireless Earbuds;7500;2025/10/15;7500
C0364;Peter;Johnson;peter.johnson364@example.com;555-5468;2022/03/30;Bronze;4419;T00364;2025/03/28;740.19;740;;;;;
C0365;David;King;david.king365@example.com;;2024/08/28;Silver;5660;T00365;2025/05/28;972.08;972;;;;;
C0366;Charlotte;Brown;charlotte.brown366@example.com;555-5542;2023/01/27;gold;4924;T00366;2025/05/25;908.5;908;;;;;
C0367;Thabo;Walker;thabo.walker367@example.com;555-5579;2024/05/06;Platinum;2010;T00367;2025/06/13;200.13;200;R6;VIP Event Access;5000;2025/06/29;5000
C0368;Michael;Pillay;michael.pillay368@example.com;555-5616;2022/10/13;Bronze;8745;T00368;2025/05/29;958.83;959;R2;$10 Gift Voucher;1000;2025/07/16;1000
C0369;Sophia;Davis;sophia.davis369@example.com;555-5653;2025/07/26;Silver;13406;T00368;2025/09/19;925.17;925;;;;;
C0370;Thomas;Mokoena;duplicate.customer@example.com;555-5690;2025/06/22;Gold;98;T00370;2025/01/01;29.14;29;;;;;
C0371;Aisha;smith;aisha.smith371@example.com;555-5727;2023/06/09;Platinum;14852;T00371;2025/03/08;869.24;869;;;;;
C0372;Emma;Green;emma.green372@example.com;555-0000;2025/07/28;Bronze;3963;T00372;2025/10/15;787.52;788;;;;;
C0373;William;Moore;william.moore373@example.com;555-5801;2023/09/06;Silver;12161;T00373;2025/10/06;555.06;555;R4;T-Shirt;2000;2025/09/04;2000
C0374;Nomsa;Young;nomsa.young374@example.com;555-5838;2024/04/22;Gold;12523;T00374;2025/05/25;535.32;535;R3;Coffee Mug;1500;2025/01/05;1500
C0375;Sarah;Anderson;sarah.anderson375@example.com;555-5875;2025/02/02;Platinum;14051;T00375;2025/01/15;552.0;552;;;;;
C0376;JAMES;Lewis;james.lewis376@example.com;555-5912;2025/07/15;Bronze;12386;T00376;2025/08/29;167.39;167;;;;;
C0377;Amelia;Khumalo;amelia.khumalo377@example.com;555-5949;2025/12/06;Silver;7057;T00377;2025/05/12;51.17;51;R7;Wireless Earbuds;7500;2025/07/13;7500
C0378;Sipho;Wilson;sipho.wilson378@example.com;555-5986;2025/02/09;Gold;6614;T00378;2025/11/14;290.44;290;;;;;
C0379;Daniel;Nkosi;daniel.nkosi379@example.com;555-6023;2022/03/17;Platinum;3607;T00379;2025/12/28;491.2;491;;;;;
C0380;Emily;Williams;emily.williams380@example.com;555-6060;2025/02/13;Bronze;12611;T00380;2025/04/10;555.72;556;;;;;
C0381;Samuel;Wright;samuel.wright381@example.com;555-6097;2024/01/24;Silver;14741;T00381;2025/10/27;;162;;;;;
C0382;Naledi;Martinez;naledi.martinez382@example.com;555-6134;;Gold;553;T00382;2025/01/29;913.77;914;;;;;
C0383;Olivia;Hall;olivia.hall383@example.com;555-6171;2025/04/08;Platinum;6390;T00383;2025/09/08;170.6;171;;;;;
C0384;Joseph;Botha;joseph.botha384@example.com;555-6208;2025/08/03;Bronze;3591;T00384;2025/07/29;644.81;645;;;;;
C0385;Lerato;Clark;lerato.clark385@example.com;555-6245;2024/01/08;Silver;9160;T00385;2025/01/30;89.87;90;R6;VIP Event Access;5000;2025/11/07;5000
C0386;Jessica;Naidoo;jessica.naidoo386@example.com;555-6282;2025/07/07;Gold;1912;T00386;2025/11/14;804.78;805;;;;;
C0387;Robert;Taylor;;555-6319;2022/06/23;Platinum;14230;T00387;2025/02/13;579.51;580;;;;;
C0388;Grace;Dlamini;grace.dlamini388@example.com;555-6356;2025/07/10;Bronze;3188;T00388;2025/05/30;0;780;;;;;
C0389;Peter;Johnson;peter.johnson389@example.com;555-6393;2024/11/21;Silver;4668;T00389;2025/09/03;543.76;544;;;;;
C0390;David;King;david.king390@example.com;555-6430;2024/11/09;Gold;393;T00390;2025/11/22;906.27;906;;;;;
C0391;Charlotte;Brown;charlotte.brown391@example.com;555-6467;2024/09/29;Platinum;13543;T00391;2025/03/07;634.29;634;;;;;
C0392;Thabo;Walker;thabo.walker392@example.com;555-6504;2023/05/27;Bronze;10420;T00392;2025/12/24;588.39;588;;;;;
C0393;Michael;Pillay;michael.pillay393@example.com;555-6541;2022/11/18;Silver;;T00393;2025/07/15;571.15;571;R2;$10 Gift Voucher;1000;2025/09/23;1000
C0394;Sophia;Davis;sophia.davis394@example.com;555-6578;2022/03/26;Gold;2285;T00394;2025/03/13;49.89;50;R6;VIP Event Access;5000;2025/11/20;5000
C0395;Thomas;Mokoena;thomas.mokoena395@example.com;555-6615;2023/07/21;Platinum;12402;T00395;2025/11/09;401.15;401;R99;Unknown Reward;999;2025/11/09;999
C0396;Aisha;Smith;aisha.smith396@example.com;555-6652;2023/10/18;Bronze;4451;T00396;2025/06/25;342.99;343;;;;;
C0397;Emma;Green;emma.green397@example.com;555-6689;2025/05/18;Silver;8358;T00397;2025/09/21;105.11;105;;;;;
C0398;William;Moore;william.moore398@example.com;555-6726;2024/02/17;Gold;2672;T00398;2025/04/30;858.34;858;;;;;
C0399;Nomsa;Young;nomsa.young399@example.com;555-6763;2022/03/26;Platinum;8533;T00399;2025/05/16;393.04;393;;;;;
C0399;Nomsa;Young;nomsa.young399@example.com;555-6763;2022/03/26;Platinum;8533;T00399;2025/05/16;393.04;393;;;;;
C0401;James;Lewis;james.lewis401@example.com;555-6837;2025/01/03;Silver;14313;T00401;2025/04/01;57.39;57;R7;Wireless Earbuds;7500;2025/06/21;7500
C0402;Amelia;Khumalo;amelia.khumalo402example.com;555-6874;2025/05/10;Gold;14869;T00402;2025/03/30;181.23;1810;R6;VIP Event Access;5000;2025/10/24;5000
C0403;Sipho;Wilson;sipho.wilson403@example.com;555-0000;2025/02/13;Platinum;5899;T00403;2025/10/30;135.0;135;;;;;
C0404;Daniel;Nkosi;DANIEL.NKOSI404@EXAMPLE.COM;555-6948;2024/04/28;Bronze;7364;T00404;2025/06/15;929.43;-100;R2;$10 Gift Voucher;1000;2025/12/22;1000
C0405;Emily;Williams;emily.williams405@example.com;555-6985;2022/03/22;Silver;11567;T00405;2025/04/28;599.76;600;R4;T-Shirt;2000;2025/03/30;2000
C0406;Samuel;Wright;samuel.wright406@example.com;555-7022;2024/08/13;Gold;830;T00406;2025/12/22;217.97;218;;;;;
C0407;Naledi;Martinez;duplicate.customer@example.com;555-7059;2024/11/11;Platinum;13837;T00407;2025/10/31;790.53;791;;;;;
C0408;Olivia;Hall;olivia.hall408@example.com;555-7096;2024/03/30;Bronze;13244;T00408;2025/07/24;68.85;69;;;;;
C0409;Joseph;Botha;joseph.botha409@example.com;555-7133;2024/07/20;Silver;3435;T00409;2025/04/10;91.36;91;;;;;
C0410;Lerato;Clark;lerato.clark410@example.com;555-7170;2022/01/09;Gold;5609;T00409;2025/01/15;659.34;659;R1;$5 Gift Voucher;500;2025/02/06;500
C0411;Jessica;Naidoo;jessica.naidoo411@example.com;555-7207;2025/10/18;Platinum;6908;T00411;2025/08/28;972.81;973;;Coffee Mug;1500;2025/08/28;1500
C0412;Robert;Taylor;robert.taylor412@example.com;555-7244;2025/03/12;Bronze;10778;T00412;2025/01/10;970.76;971;R1;$10 Gift Voucher;500;2025/01/10;1000
C0413; Grace ;Dlamini;grace.dlamini413@example.com;555-7281;2022/04/04;Silver;13560;T00413;2025/05/25;706.26;706;;;;;
C0414;Peter;Johnson;peter.johnson414@example.com;555-7318;2025/06/21;Gold;6691;T00414;2025/03/21;920.99;921;;;;;
C0415;David;King;david.king415@example.com;(555) 7355;2024/06/05;PLATINUM;5330;T00415;2025/11/14;227.75;228;R3;Coffee Mug;1500;2025/06/16;1500
C0416;Charlotte;Brown;charlotte.brown416@example.com;555-7392;2025/09/05;Bronze;1905;T00416;2025/08/23;259.58;260;;;;;
C0417;Thabo;Walker;thabo.walker417@example.com;555-7429;2023/01/30;Platnium;5590;T00417;2025/04/14;742.58;743;;;;;
C0418;Michael;Pillay;michael.pillay418@example.com;555-7466;2023/04/18;Gold;8794;T00418;2025/02/09;246.04;246;;;;;
C0419;Sophia;Davis;sophia.davis419@example.com;555-7503;2024/06/24;Platinum;10322;T00419;2025/05/06;712.66;713;R5;Free Shipping;750;2025/11/03;750
C0420;Thomas;Mokoena;thomas.mokoena420@example.com;555-7540;2023/04/27;Bronze;12661;T00420;2025/10/11;246.49;246;;;;;
C0421;Aisha;Smith;aisha.smith421@example.com;555-7577;2023/12/16;Silver;3629;T00421;2025/10/22;259.83;260;;;;;
C0422;Emma;Green;emma.green422@example.com;555-7614;2022/09/08;Gold;8725;T00422;2025/09/15;525.76;526;;;;;
C0423;WILLIAM;Moore;william.moore423@example.com;555-7651;2022/11/04;Platinum;14638;T00423;2025/02/16;320.5;320;;;;;
C0424;Nomsa;young;nomsa.young424@example.com;555-7688;2025/11/19;Bronze;7478;T00424;2025/06/30;166.67;167;R7;Wireless Earbuds;7500;2025/02/05;7500
C0425;Sarah;Anderson;sarah.anderson425@example.com;555-7725;2022/02/13;Silver;7144;T00425;2025/12/09;665.3;665;;;;;
C0426;James;Lewis;james.lewis426@example.com;555-7762;2025/02/04;Gold;4173;T00426;2025/01/05;703.82;704;;;;;
C0427;Amelia;Khumalo;amelia.khumalo427@example.com;555-7799;2022/06/25;platinum;9986;T00427;2025/05/31;764.3;764;R5;Free Shipping;750;2025/11/16;750
C0428;Sipho;Wilson;sipho.wilson428@example.com;555-7836;2024/02/28; Bronze ;11421;T00428;2025/10/27;647.59;648;;;;;
C0429;Daniel;Nkosi;daniel.nkosi429@example.com;555-7873;2023/01/29;Silver;9698;T00429;2025/11/08;124.88;125;;;;;
C0430;Emily;Williams;;555-7910;2022/10/17;Gold;13770;T00430;2025/08/02;569.8;570;R7;Wireless Earbuds;7500;2025/03/04;7500
C0431;Samuel;Wright;samuel.wright431@example.com;555-7947;2023/01/27;Platinum;1789;T00431;2025/04/13;918.1;918;R6;VIP Event Access;5000;2025/07/28;5000
C0432;Naledi;Martinez;naledi.martinez432@example.com;555-7984;2024/02/16;Bronze;6763;T00432;2025/12/02;67.07;67;R1;$5 Gift Voucher;500;2025/10/18;500
C0433;Olivia;Hall;olivia.hall433@example.com;555-8021;2022/03/02;Silver;7923;T00433;2025/05/26;426.9;427;R1;$5 Gift Voucher;500;2025/12/27;500
C0434;Joseph;Botha;joseph.botha434@example.com;555-0000;2024/07/23;Gold;4545;T00434;2025/07/04;709.6;710;;;;;
C0435;Lerato;Clark;lerato.clark435@example.com;555-8095;2025/01/12;Platinum;12749;T00435;2025/03/05;519.33;519;R3;Coffee Mug;1500;2025/02/20;1500
C0436;Jessica;Naidoo;jessica.naidoo436@example.com;555-8132;2023/02/27;Bronze;-500;T00436;2025/05/11;207.4;207;R1;$5 Gift Voucher;500;2025/02/28;500
C0437;Robert;Taylor;robert.taylor437@example.com;555-8169;2022/07/01;Silver;7616;T00437;2025/07/18;434.58;435;;;;;
C0438;Grace;Dlamini;grace.dlamini438@example.com;;2022/04/27;Gold;5708;T00438;2025/07/08;365.99;366;R4;T-Shirt;2000;2025/08/09;2000
C0439;Peter;Johnson;peter.johnson439@example.com;555-8243;2025/09/04;Platinum;10450;T00439;2025/02/10;336.16;336;;;;;
C0440;David;King;david.king440@example.com;555-8280;2022/07/28;Bronze;9929;T00440;2025/07/22;921.67;922;R5;Free Shipping;750;2025/07/20;750
C0441;Charlotte;Brown;charlotte.brown441@example.com;555-8317;2024/02/14;Silver;11557;T00441;2025/08/05;68.46;68;;;;;
C0442;Thabo;Walker;thabo.walker442@example.com;555-8354;2022/08/05;Gold;91;T00442;2025/08/07;992.23;992;;;;;
C0443;Michael;Pillay;michael.pillay443@example.com;555-8391;2022/08/02;Platinum;5806;T00443;2025/07/11;375.55;376;;;;;
C0444;Sophia;Davis;duplicate.customer@example.com;555-8428;2023/06/22;Bronze;8939;T00444;2025/10/21;748.95;749;;;;;
C0445;Thomas;Mokoena; thomas.mokoena445@example.com ;555-8465;2023/08/08;Silver;7695;T00445;2025/01/13;-785.31;785;;;;;
C0446;Aisha;Smith;aisha.smith446@example.com;555-8502;2022/06/20;Gold;5608;T00446;2025/04/22;577.69;578;;;;;
C0447;Emma;Green;emma.green447@example.com;555-8539;2024/08/14;Platinum;14189;T00447;2025/01/06;158.83;159;R7;;7500;;
C0448;William;Moore;william.moore448@example.com;555-8576;2023/06/17;Bronze;7502;T00448;2025/08/28;134.52;135;R3;Coffee Mug;1500;2025/02/28;1500
C0449;Nomsa;Young;nomsa.young449@example.com;555-8613;2023/12/31;Silver;1934;T00449;2025/07/13;436.75;437;R3;Coffee Mug;1500;2025/02/24;1500
C0449;Nomsa;Young;nomsa.young449@example.com;555-8613;2023/12/31;Silver;1934;T00449;2025/07/13;436.75;437;R3;Coffee Mug;1500;2025/02/24;1500
C0451;James;Lewis;james.lewis451@example.com;555-8687;2025/03/24;Platinum;8755;T00450;2025/11/20;57.75;58;;;;;
C0452;Amelia;Khumalo;amelia.khumalo452@example.com;555-8724;2024/09/18;Bronze;10567;;2025/03/12;253.16;253;;;;;
c0453;Sipho;Wilson;sipho.wilson453@example.com;555-8761;2024/06/26;Silver;7353;T00453;2025/02/11;620.37;620;;;;;
C0454;Daniel;Nkosi;daniel.nkosi454@example.com;555-8798;2024/01/19;Gold;8023;T00454;2025/08/26;19.3;19;;;;;
C0455;Emily;Williams;emily.williams455@example.com;555-8835;2024/01/13;Platinum;1012;T00455;2025/06/11;891.93;892;R6;VIP Event Access;5000;2025/10/25;5000
C0456;Samuel;Wright;samuel.wright456@example.com;555-8872;2023/11/20;Bronze;1113;T00456;2025/07/30;214.07;214;R7;Wireless Earbuds;7500;2025/07/18;7500
C0457;Naledi;Martinez;naledi.martinez457@example.com;555-8909;2022/04/06;Silver;10834;T00457;2025/11/14;597.3;597;;;;;
C0458;Olivia;Hall;olivia.hall458@example.com;555-8946;2024/04/03;Gold;13227;T00458;2025/02/12;360.49;360;;;;;
C0459;Joseph;Botha;joseph.botha459@example.com;555-8983;2025/12/05;Platinum;9522;T00459;2025/08/27;456.63;457;;;;;
C0460;Lerato;Clark;lerato.clark460@example.com;555-9020;2022/12/20;Bronze;2736;T00460;2025/10/08;898.58;899;;;;;
C0461;Jessica;Naidoo;jessica.naidoo461@example.com;555-9057;2024/01/14;Silver;408;T00461;2025/05/07;595.9;596;R7;Wireless Earbuds;7500;2025/06/05;7500
C0462;Robert;Taylor;robert.taylor462@example.com;555-9094;2022/03/14;Gold;1702;T00462;2025/01/29;125.21;125;R6;VIP Event Access;5000;2025/05/03;5000
C0463;Grace;Dlamini;grace.dlamini463@example.com;555-9131;2025/02/09;Platinum;2219;T00463;2025/02/09;634.56;635;R3;Coffee Mug;1500;2025/07/20;1500
C0464;Peter;Johnson;peter.johnson464@example.com;555-9168;2025/10/08;Bronze;9829;T00464;2025/01/08;202.73;203;;;;;
C0465;David;King;david.king465@example.com;555-0000;2025/11/14;Silver;6510;T00465;2025/06/14;125.34;125;R2;$10 Gift Voucher;1000;2025/08/09;1000
C0466;Charlotte;Brown;charlotte.brown466@example.com;555-9242;2025/06/14;Gold;5830;T00466;2025/06/26;566.17;566;;;;;
C0467;Thabo;Walker;thabo.walker467@example.com;555-9279;2022/07/11;Platinum;3790;T00467;2025/05/28;124.45;124;R3;Coffee Mug;1500;2025/08/27;1500
C0468;Michael;Pillay;michael.pillay468@example.com;555-9316;2022/06/01;Bronze;12086;T00468;2025/10/06;488.4;488;;;;;
C0469;Sophia;Davis;sophia.davis469example.com;555-9353;2024/01/10;Silver;5080;T00469;2025/04/27;620.3;6200;;;;;
C0470;THOMAS;Mokoena;thomas.mokoena470@example.com;555-9390;2022/07/05;Gold;2176;T00470;2025/07/23;793.81;794;R2;$10 Gift Voucher;1000;2025/10/24;1000
C0471;;Smith;aisha.smith471@example.com;555-9427;2022/02/05;Platinum;5108;T00471;2025/11/12;495.49;495;;;;;
C0472; Emma ;Green;emma.green472@example.com;555-9464;2023/09/30;Bronze;12494;T00472;2025/10/20;198.53;199;;;;;
C0473;William;Moore;;555-9501;2022/09/25;Silver;6826;T00473;2025/11/30;768.64;769;R3;Coffee Mug;1500;2025/08/28;1500
C0474;Nomsa;Young;nomsa.young474@example.com;555-9538;2025/11/19;Gold;5946;T00474;2025/05/14;147.56;148;R99;Unknown Reward;999;2025/05/14;999
C0475;Sarah;Anderson;sarah.anderson475@example.com;555-9575;2023/03/30;Platinum;12784;T00475;2025/08/29;570.07;570;;;;;
C0476;James;Lewis;james.lewis476@example.com;555-9612;2023/04/29;Bronze;2317;T00476;2025/06/28;123.37;123;;;;;
C0477;Amelia;khumalo;amelia.khumalo477@example.com;555-9649;2025/11/15;Silver;12227;T00477;2025/10/12;803.52;804;;;;;
C0478;Sipho;Wilson;sipho.wilson478@example.com;555-9686;2024/08/08;Gold;3315;T00478;2025/03/07;981.59;982;R7;Wireless Earbuds;7500;2025/04/26;7500
C0479;Daniel;Nkosi;daniel.nkosi479@example.com;555-9723;2023/10/08;Platinum;4143;T00479;2025/01/05;871.3;871;;;;;
C0480;Emily;Williams;emily.williams480@example.com;555-9760;2023/12/13;Bronze;6428;T00480;2025/11/23;138.0;138;;;;;
C0481;Samuel;Wright;duplicate.customer@example.com;555-9797;2023/03/03;Silver;13166;T00481;2025/11/08;691.46;691;;;;;
C0482;Naledi;Martinez;naledi.martinez482@example.com;555-9834;2023/06/09;Gold;9013;T00482;2025/11/24;977.01;977;;;;;
C0483;Olivia;Hall;olivia.hall483@example.com;555-9871;2022/01/11;Platinum;6236;T00483;2025/07/14;970.78;971;;;;;
C0484;Joseph;Botha;joseph.botha484@example.com;555-9908;2022/07/17;Bronze;7115;T00484;2025/04/16;468.39;468;;;;;
C0485;Lerato;Clark;lerato.clark485@example.com;555-9945;2024/01/27;Silver;5634;T00485;2025/08/11;0;462;R5;Free Shipping;750;2025/10/05;750
C0486;Jessica;Naidoo;jessica.naidoo486@example.com;555-9982;2022/06/27;Gold;9561;T00486;2025/02/16;690.15;690;R5;Free Shipping;750;2025/03/26;750
C0487;Robert;Taylor;robert.taylor487@example.com;555-1019;2025/11/11;Platinum;1364;T00487;2025/02/14;636.27;636;;;;;
C0488;Grace;Dlamini;grace.dlamini488@example.com;555-1056;2022/08/08;bronze;9775;T00488;2025/12/30;751.11;751;R6;VIP Event Access;5000;2025/01/25;5000
 C0489 ;Peter;Johnson;peter.johnson489@example.com;555-1093;2025/10/23;Silver;13365;T00489;2025/04/13;123.13;123;;;;;
C0490;David;King;david.king490@example.com;555-1130;2025/01/27;Gold;11521;T00490;2025/09/20;979.52;980;;;;;
C0491;Charlotte;Brown;charlotte.brown491@example.com;555-1167;2022/12/19;Platinum;5348;T00491;2025/03/29;903.66;904;;;;;
C0492;Thabo;Walker;thabo.walker492@example.com;555-1204;2025/10/17;Bronze;10194;T00491;2025/01/28;49.63;50;R7;Wireless Earbuds;7500;2025/05/04;7500
C0493;Michael;Pillay;michael.pillay493@example.com;555-1241;2025/09/19;Silver;12855;T00493;2025/12/27;180.18;180;;;;;
C0494;Sophia;Davis;sophia.davis494@example.com;555-1278;2023/07/20;Gold;10478;T00494;2025/05/11;375.33;375;;;;;
C0495;Thomas;Mokoena;thomas.mokoena495@example.com;555-1315;2024/06/08;Platinum;11033;T00495;2025/05/04;539.24;539;R5;Free Shipping;750;2025/10/04;750
C0496;Aisha;Smith;aisha.smith496@example.com;555-0000;2024/08/29;Bronze;4405;T00496;2025/02/22;22.13;22;R5;Free Shipping;750;2025/04/20;750
C0497;Emma;Green;emma.green497@example.com;555-1389;2022/10/18;Silver;338;T00497;2022/09/18;736.63;737;;;;;
C0498;William;Moore;william.moore498@example.com;(555) 1426;2022/09/06;GOLD;3439;T00498;2025/01/04;228.54;229;R6;VIP Event Access;5000;2025/11/13;5000
C0499;Nomsa;Young;nomsa.young499@example.com;555-1463;2024/04/22;Platinum;2241;T00499;2025/08/23;644.49;644;R1;$5 Gift Voucher;500;2025/06/02;500
C0499;Nomsa;Young;nomsa.young499@example.com;555-1463;2024/04/22;Platinum;2241;T00499;2025/08/23;644.49;644;R1;$5 Gift Voucher;500;2025/06/02;500
C0501;James;;james.lewis501@example.com;555-1537;2024/10/15;Silver;11440;T00501;2025/01/25;501.33;501;R7;Wireless Earbuds;7500;2025/11/18;7500
C0502;Amelia;Khumalo;amelia.khumalo502@example.com;555-1574;2023/02/17;Gold;6155;T00502;2025/01/12;830.86;831;R2;$10 Gift Voucher;1000;2025/04/05;1000
C0503;Sipho;Wilson;sipho.wilson503@example.com;555-1611;2022/03/23;Platinum;13338;T00503;2025/01/03;444.96;445;R7;Wireless Earbuds;7500;2025/10/05;7500
C0504;Daniel;Nkosi;daniel.nkosi504@example.com;555-1648;2024/04/16;Bronze;4468;T00504;2025/01/28;32.54;33;;;;;
C0505;Emily;Williams;EMILY.WILLIAMS505@EXAMPLE.COM;555-1685;2024/09/02;Silver;6639;T00505;2025/11/23;314.0;-100;;;;;
C0506;Samuel;Wright;samuel.wright506@example.com;555-1722;2023/08/09;Gold;6264;T00506;2025/04/16;825.59;826;R1;$5 Gift Voucher;500;2025/06/15;500
C0507;Naledi;Martinez;naledi.martinez507@example.com;555-1759;2024/07/19;Platinum;7716;T00507;2025/09/18;942.12;942;;;;;
C0508;Olivia;Hall;olivia.hall508@example.com;555-1796;2024/01/15;Bronze;5899;T00508;2025/04/28;;1000;R4;T-Shirt;2000;2025/02/01;2000
C0509;Joseph;Botha;joseph.botha509@example.com;555-1833;2023/10/15;Silver;8955;T00509;2025/09/28;222.89;223;;;;;
C0510;Lerato;Clark;lerato.clark510@example.com;555-1870;2023/09/30;Gold;352;T00510;2025/06/29;479.19;479;R6;VIP Event Access;5000;2025/12/12;5000
C0511;Jessica;Naidoo;jessica.naidoo511@example.com;;2023/09/28;Platinum;8133;T00511;2025/12/29;25.74;26;;;;;
C0512;Robert;Taylor;robert.taylor512@example.com;555-1944;2022/02/22;Bronze;8916;T00512;2025/01/10;708.34;708;;;;;
C0513;Grace;Dlamini;grace.dlamini513@example.com;555-1981;2022/02/15;Silver;12621;T00513;2025/04/24;34.37;34;R7;Wireless Earbuds;7500;2025/03/04;7500
C0514;Peter;Johnson;peter.johnson514@example.com;555-2018;2023/08/11;Gold;5479;T00514;2025/07/02;843.44;843;;;;;
C0515;David;King;david.king515@example.com;555-2055;2022/09/06;Platinum;6570;T00515;2025/11/21;321.19;321;R1;$10 Gift Voucher;500;2025/11/21;1000
C0516;Charlotte;Brown;;555-2092;2025/11/26;Bronze;8544;T00516;2025/10/16;116.39;116;;;;;
C0517;THABO;Walker;thabo.walker517@example.com;555-2129;2023/03/27;Silver;11175;T00517;2025/10/27;428.5;428;R5;Free Shipping;750;2025/10/19;750
C0518;Michael;Pillay;duplicate.customer@example.com;555-2166;2023/02/24;Gold;329;T00518;2025/09/05;784.35;784;R6;VIP Event Access;5000;2025/03/11;5000
C0519;Sophia;Davis;sophia.davis519@example.com;555-2203;2025/07/23;;2862;T00519;2025/07/01;255.71;256;;;;;
C0520;Thomas;Mokoena;thomas.mokoena520@example.com;555-2240;2024/11/23;Bronze;5793;T00520;2025/09/01;599.97;600;;;;;
C0521;Aisha;Smith;aisha.smith521@example.com;555-2277;2024/03/22;Silver;196;T00521;2025/08/28;660.42;660;;;;;
C0522;Emma;Green;emma.green522@example.com;555-2314;2022/10/05;Gold;14375;T00522;2025/11/01;605.73;606;;;;;
C0523;William;Moore;william.moore523@example.com;555-2351;2023/04/27;Platinum;12742;T00523;2025/04/21;161.69;162;;;;;
C0524;Nomsa;Young;nomsa.young524@example.com;555-2388;2022/12/04;Bronze;;T00524;2025/12/06;151.58;152;;;;;
C0525;Sarah;Anderson;sarah.anderson525@example.com;555-2425;2022/03/19;Silver;480;T00525;2025/06/03;702.98;703;;;;;
C0526;James;Lewis;james.lewis526@example.com;555-2462;2022/05/26;Gold;14904;T00526;2025/02/28;898.53;899;;;;;
C0527;Amelia;Khumalo;amelia.khumalo527@example.com;555-0000;2025/04/15;Platinum;5502;T00527;2025/09/09;443.66;444;R5;Free Shipping;750;2025/04/14;750
C0528;Sipho;Wilson;sipho.wilson528@example.com;555-2536;2024/05/16;Bronze;13396;T00528;2025/05/07;660.45;660;R4;T-Shirt;2000;2025/12/11;2000
C0529;Daniel;Nkosi;daniel.nkosi529@example.com;555-2573;2025/10/04;Silver;13850;T00529;2025/06/25;721.77;722;R4;T-Shirt;2000;2025/08/25;2000
C0530;Emily;williams;emily.williams530@example.com;555-2610;2024/01/14;Gold;2025;T00530;2025/06/30;693.04;693;R1;$5 Gift Voucher;500;2025/07/04;500
C0531; Samuel ;Wright;samuel.wright531@example.com;555-2647;2024/04/02;Platinum;11234;T00531;2025/05/15;771.34;771;;;;;
C0532;Naledi;Martinez;naledi.martinez532@example.com;555-2684;2023/09/30;Bronze;9306;T00532;2025/07/31;40.06;40;;;;;
C0533;Olivia;Hall;olivia.hall533@example.com;555-2721;2024/12/08;Silver;3740;T00532;2025/02/05;280.28;280;;;;;
C0534;Joseph;Botha; joseph.botha534@example.com ;555-2758;2023/11/14;Gold;933;T00534;2025/10/16;-638.24;638;R3;Coffee Mug;1500;2025/06/29;1500
C0535;Lerato;Clark;lerato.clark535@example.com;555-2795;2025/06/08; Platinum ;2827;T00535;2025/09/01;434.97;435;;;;;
C0536;Jessica;Naidoo;jessica.naidoo536example.com;555-2832;2025/10/07;Bronze;10740;T00536;2025/03/20;768.93;7690;R7;Wireless Earbuds;7500;2025/01/09;7500
C0537;Robert;Taylor;robert.taylor537@example.com;555-2869;2024/11/27;Silver;4510;T00537;2025/11/25;711.22;711;R3;Coffee Mug;1500;2025/10/03;1500
C0538;Grace;Dlamini;grace.dlamini538@example.com;555-2906;2025/08/29;Gold;12337;T00538;2025/03/15;990.36;990;;;;;
C0539;Peter;Johnson;peter.johnson539@example.com;555-2943;2023/08/30;Platinum;6800;T00539;2025/06/02;340.45;340;;;;;
C0540;David;King;david.king540@example.com;555-2980;2024/06/19;Bronze;12766;T00540;2025/04/11;309.4;309;;;;;
C0541;Charlotte;Brown;charlotte.brown541@example.com;555-3017;2024/12/01;Silver;12324;T00541;2025/08/19;588.49;588;;;;;
C0542;Thabo;Walker;thabo.walker542@example.com;555-3054;2025/12/19;Gold;13583;T00542;2025/08/27;528.51;529;;;;;
;Michael;Pillay;michael.pillay543@example.com;555-3091;2022/10/13;Platinum;10264;T00543;2025/11/01;493.29;493;;;;;
C0544;Sophia;Davis;sophia.davis544@example.com;555-3128;2023/01/26;Bronze;11125;T00544;2025/01/04;334.67;335;;;;;
C0545;Thomas;Mokoena;thomas.mokoena545@example.com;555-3165;2024/12/10;Silver;-500;T00545;2025/03/02;389.59;390;;;;;
C0546;Aisha;Smith;aisha.smith546@example.com;555-3202;2024/03/21;Gold;10894;T00546;2025/06/30;313.67;314;;;;;
C0547;Emma;Green;emma.green547@example.com;555-3239;2023/01/20;Platinum;13073;T00547;2025/11/05;709.83;710;;;;;
C0548;William;Moore;william.moore548@example.com;555-3276;2025/08/09;Bronze;4393;T00548;2025/12/08;806.69;807;;Coffee Mug;1500;2025/12/08;1500
C0549;Nomsa;Young;nomsa.young549@example.com;555-3313;2022/01/03;silver;9053;T00549;2025/08/09;121.51;122;R3;Coffee Mug;1500;2025/05/29;1500
C0549;Nomsa;Young;nomsa.young549@example.com;555-3313;2022/01/03;silver;9053;T00549;2025/08/09;121.51;122;R3;Coffee Mug;1500;2025/05/29;1500
C0551;James;Lewis;james.lewis551@example.com;555-3387;2022/11/21;Platinum;8157;T00551;2025/10/21;755.98;756;R7;Wireless Earbuds;7500;2025/09/28;7500
C0552;Amelia;Khumalo;amelia.khumalo552@example.com;555-3424;2024/05/28;Bronze;808;T00552;2025/12/16;537.06;537;;;;;
C0553;Sipho;Wilson;sipho.wilson553@example.com;555-3461;2024/08/09;Silver;6131;T00553;2025/09/02;403.94;404;R99;Unknown Reward;999;2025/09/02;999
C0554;Daniel;Nkosi;daniel.nkosi554@example.com;555-3498;2023/08/30;Gold;10132;T00554;2025/08/02;174.42;174;;;;;
C0555;Emily;Williams;duplicate.customer@example.com;555-3535;2022/12/28;Platinum;8870;T00555;2025/03/23;517.32;517;;;;;
C0556;Samuel;Wright;samuel.wright556@example.com;555-3572;2022/01/07;Platnium;6463;T00556;2025/12/14;154.16;154;;;;;
C0557;Naledi;Martinez;naledi.martinez557@example.com;555-3609;2023/07/02;Silver;5388;T00557;2025/09/20;907.83;908;R4;T-Shirt;2000;2025/03/02;2000
C0558;Olivia;Hall;olivia.hall558@example.com;555-0000;2024/09/03;Gold;10512;T00558;2025/06/28;822.68;823;R1;$5 Gift Voucher;500;2025/03/30;500
C0559;Joseph;Botha;;555-3683;2023/01/09;Platinum;9065;T00559;2025/06/27;296.37;296;;;;;
C0560;Lerato;Clark;lerato.clark560@example.com;555-3720;2023/09/06;Bronze;1327;T00560;2025/04/18;783.07;783;R4;T-Shirt;2000;2025/01/06;2000
C0561;Jessica;Naidoo;jessica.naidoo561@example.com;555-3757;2024/09/02;Silver;14276;T00561;2025/08/22;78.53;79;;;;;
C0562;Robert;Taylor;robert.taylor562@example.com;555-3794;2024/04/20;Gold;9781;T00562;2025/09/17;54.18;54;;;;;
C0563;Grace;Dlamini;grace.dlamini563@example.com;555-3831;2025/03/11;Platinum;4027;T00563;2025/10/03;657.2;657;R6;VIP Event Access;5000;2025/12/29;5000
C0564;PETER;Johnson;peter.johnson564@example.com;555-3868;2025/04/06;Bronze;12192;T00564;2025/12/10;25.39;25;;;;;
C0565;David;King;david.king565@example.com;555-3905;2023/01/22;Silver;11234;;2025/01/01;505.28;505;;;;;
C0566;Charlotte;Brown;charlotte.brown566@example.com;555-3942;2022/09/09;Gold;11393;T00566;2025/10/23;379.29;379;R1;$5 Gift Voucher;500;2025/04/23;500
C0567;Thabo;Walker;thabo.walker567@example.com;555-3979;2022/09/21;Platinum;803;T00567;2025/12/19;994.59;995;R5;Free Shipping;750;2025/01/29;750
C0568;Michael;Pillay;michael.pillay568@example.com;555-4016;2022/06/11;Bronze;13617;T00568;2022/05/12;147.47;147;R6;VIP Event Access;5000;2025/05/30;5000
C0569;Sophia;Davis;sophia.davis569@example.com;555-4053;2023/12/07;Silver;478;T00569;2025/07/04;39.93;40;;;;;
C0570;Thomas;Mokoena;thomas.mokoena570@example.com;555-4090;2025/10/14;Gold;12203;T00570;2025/04/01;552.05;552;R6;VIP Event Access;5000;2025/09/09;5000
C0571;Aisha;Smith;aisha.smith571@example.com;555-4127;2024/09/08;Platinum;12036;T00571;2025/07/15;751.12;751;;;;;
C0572;Emma;Green;emma.green572@example.com;555-4164;2024/11/25;Bronze;12363;T00572;2025/11/27;937.73;938;;;;;
C0573;William;Moore;william.moore573@example.com;555-4201;;Silver;457;T00573;2025/12/26;150.32;150;;;;;
C0574;Nomsa;Young;nomsa.young574@example.com;555-4238;2024/03/31;Gold;13659;T00573;2025/12/26;488.78;489;;;;;
C0575;Sarah;Anderson;sarah.anderson575@example.com;555-4275;2025/10/31;Platinum;12901;T00575;2025/08/08;136.29;136;;;;;
C0576;James;Lewis;james.lewis576@example.com;555-4312;2022/08/08;Bronze;10034;T00576;2025/09/18;14.17;14;;;;;
C0577;Amelia;Khumalo;amelia.khumalo577@example.com;555-4349;2022/08/22;Silver;12839;T00577;2025/05/13;838.92;839;;;;;
C0578;Sipho;Wilson;sipho.wilson578@example.com;555-4386;2024/10/21;Gold;7637;T00578;2025/11/23;576.99;577;R1;$5 Gift Voucher;500;2025/05/09;500
C0579;Daniel;Nkosi;daniel.nkosi579@example.com;555-4423;2023/06/03;Platinum;6785;T00579;2025/11/16;204.88;205;;;;;
C0580;Emily;Williams;emily.williams580@example.com;555-4460;2025/10/18;Bronze;9286;T00580;2025/11/14;428.22;428;R1;$5 Gift Voucher;500;2025/12/06;500
C0581;Samuel;Wright;samuel.wright581@example.com;(555) 4497;2025/11/28;SILVER;2502;T00581;2025/01/08;561.23;561;;;;;
C0582;Naledi;Martinez;naledi.martinez582@example.com;555-4534;2022/09/08;Gold;13726;T00582;2025/03/10;0;315;;;;;
C0583;Olivia;hall;olivia.hall583@example.com;555-4571;2025/10/15;Platinum;14829;T00583;2025/05/23;872.35;872;R1;$5 Gift Voucher;500;2025/11/09;500
C0584;Joseph;Botha;joseph.botha584@example.com;;2023/06/18;Bronze;13416;T00584;2025/09/29;596.79;597;;;;;
C0585;Lerato;Clark;lerato.clark585@example.com;555-4645;2024/08/16;Silver;1412;T00585;2025/11/12;551.56;552;;;;;
C0586;Jessica;Naidoo;jessica.naidoo586@example.com;555-4682;2022/11/21;Gold;11695;T00586;2025/11/12;251.78;252;;;;;
C0587;Robert;Taylor;robert.taylor587@example.com;555-4719;2022/02/14;Platinum;184;T00587;2025/07/02;722.57;723;;;;;
C0588;Grace;Dlamini;grace.dlamini588@example.com;555-4756;2025/08/06;Bronze;784;T00588;2025/09/15;995.61;996;;;;;
C0589;Peter;Johnson;peter.johnson589@example.com;555-0000;2023/05/12;Silver;14583;T00589;2025/07/26;18.89;19;R3;Coffee Mug;1500;2025/03/21;1500
C0590; David ;King;david.king590@example.com;555-4830;2025/03/02;Gold;3157;T00590;2025/03/22;946.01;946;;;;;
C0591;Charlotte;Brown;charlotte.brown591@example.com;555-4867;2024/12/30;Platinum;1484;T00591;2025/12/03;512.53;513;R6;VIP Event Access;5000;2025/12/26;5000
C0592;Thabo;Walker;duplicate.customer@example.com;555-4904;2022/06/26;Bronze;7431;T00592;2025/04/23;122.4;122;;;;;
C0593;Michael;Pillay;michael.pillay593@example.com;555-4941;2025/07/21;Silver;14806;T00593;2025/07/24;298.77;299;;;;;
C0594;Sophia;Davis;sophia.davis594@example.com;555-4978;2025/07/01;Gold;6406;T00594;2025/06/20;485.14;485;;;;;
C0595;Thomas;Mokoena;thomas.mokoena595@example.com;555-5015;2023/01/07;Platinum;8647;T00595;2025/03/22;192.43;192;R2;$10 Gift Voucher;1000;2025/08/03;1000
C0596;Aisha;Smith;aisha.smith596@example.com;555-5052;2024/01/09;Bronze;13881;T00596;2025/11/08;229.77;230;R7;;7500;;
C0597;Emma;Green;emma.green597@example.com;555-5089;2024/06/24;Silver;6228;T00597;2025/01/02;978.13;978;;;;;
C0598;William;Moore;william.moore598@example.com;555-5126;2024/03/08;Gold;4260;T00598;2025/04/14;848.2;848;R1;$5 Gift Voucher;500;2025/12/30;500
C0599;Nomsa;Young;nomsa.young599@example.com;555-5163;2025/12/18;Platinum;7349;T00599;2025/12/23;397.75;398;;;;;
C0599;Nomsa;Young;nomsa.young599@example.com;555-5163;2025/12/18;Platinum;7349;T00599;2025/12/23;397.75;398;;;;;
C0601;James;Lewis;james.lewis601@example.com;555-5237;2025/01/02;Silver;9245;T00601;2025/04/19;645.75;646;;;;;
C0602;Amelia;Khumalo;;555-5274;2022/10/31;Gold;1874;T00602;2025/01/19;375.11;375;R5;Free Shipping;750;2025/10/18;750
C0603;Sipho;Wilson;sipho.wilson603example.com;555-5311;2025/01/06;Platinum;7999;T00603;2025/07/20;492.75;4930;R5;Free Shipping;750;2025/01/16;750
c0604;Daniel;Nkosi;daniel.nkosi604@example.com;555-5348;2022/02/28;Bronze;8868;T00604;2025/05/26;467.86;468;;;;;
C0605;Emily;Williams;emily.williams605@example.com;555-5385;2023/02/24;Silver;41;T00605;2025/04/03;957.28;957;R6;VIP Event Access;5000;2025/04/23;5000
C0606;Samuel;Wright;SAMUEL.WRIGHT606@EXAMPLE.COM;555-5422;2022/01/24;Gold;12969;T00606;2025/02/05;582.88;-100;;;;;
C0607;Naledi;Martinez;naledi.martinez607@example.com;555-5459;2024/03/07;Platinum;329;T00607;2025/09/26;776.67;777;R2;$10 Gift Voucher;1000;2025/05/06;1000
C0608;Olivia;Hall;olivia.hall608@example.com;555-5496;2024/06/10;Bronze;1695;T00608;2025/05/23;679.78;680;;;;;
C0609;Joseph;Botha;joseph.botha609@example.com;555-5533;2022/03/24;Silver;2787;T00609;2025/02/26;806.1;806;R5;Free Shipping;750;2025/12/10;750
C0610;Lerato;Clark;lerato.clark610@example.com;555-5570;2024/03/21;gold;5701;T00610;2025/01/16;204.6;205;R4;T-Shirt;2000;2025/06/18;2000
C0611;JESSICA;Naidoo;jessica.naidoo611@example.com;555-5607;2024/09/15;Platinum;14078;T00611;2025/03/22;61.85;62;R6;VIP Event Access;5000;2025/11/02;5000
C0612;Robert;Taylor;robert.taylor612@example.com;555-5644;2023/05/24;Bronze;4590;T00612;2025/08/25;436.01;436;R4;T-Shirt;2000;2025/12/20;2000
C0613;Grace;Dlamini;grace.dlamini613@example.com;555-5681;2024/01/23;Silver;5864;T00613;2025/02/14;337.31;337;;;;;
C0614;Peter;Johnson;peter.johnson614@example.com;555-5718;2025/12/06;Gold;10704;T00614;2025/10/05;403.28;403;;;;;
C0615;David;King;david.king615@example.com;555-5755;2025/09/27;Platinum;7567;T00614;2025/10/11;704.25;704;;;;;
C0616;Charlotte;Brown;charlotte.brown616@example.com;555-5792;2025/11/27;Bronze;2302;T00616;2025/08/24;658.72;659;;;;;
C0617;Thabo;Walker;thabo.walker617@example.com;555-5829;2024/01/24;Silver;4527;T00617;2025/03/22;517.79;518;R3;Coffee Mug;1500;2025/01/18;1500
C0618;Michael;Pillay;michael.pillay618@example.com;555-5866;2023/05/28;Gold;3383;T00618;2025/10/29;461.83;462;R1;$10 Gift Voucher;500;2025/10/29;1000
C0619;Sophia;Davis;sophia.davis619@example.com;555-5903;2022/10/13;Platinum;4505;T00619;2025/08/12;868.98;869;;;;;
C0620;Thomas;Mokoena;thomas.mokoena620@example.com;555-0000;2025/04/21;Bronze;3593;T00620;2025/09/15;505.3;505;;;;;
C0621;Aisha;Smith;aisha.smith621@example.com;555-5977;2025/09/21;Silver;13482;T00621;2025/03/25;126.6;127;;;;;
C0622;Emma;Green;emma.green622@example.com;555-6014;2023/12/07;Gold;6797;T00622;2025/12/22;52.47;52;R3;Coffee Mug;1500;2025/07/06;1500
C0623;William;Moore; william.moore623@example.com ;555-6051;2023/09/23;Platinum;10381;T00623;2025/02/01;-751.33;751;R7;Wireless Earbuds;7500;2025/05/29;7500
C0624;Nomsa;Young;nomsa.young624@example.com;555-6088;2023/06/20;Bronze;10481;T00624;2025/05/28;643.76;644;;;;;
C0625;Sarah;Anderson;sarah.anderson625@example.com;555-6125;2025/07/17;Silver;10474;T00625;2025/12/04;297.18;297;;;;;
C0626;James;Lewis;james.lewis626@example.com;555-6162;2022/08/19;Gold;9903;T00626;2025/01/06;864.33;864;;;;;
C0627;Amelia;Khumalo;amelia.khumalo627@example.com;555-6199;2025/12/06;Platinum;9290;T00627;2025/03/05;334.68;335;;;;;
C0628;;Wilson;sipho.wilson628@example.com;555-6236;2025/08/26;Bronze;1614;T00628;2025/04/07;315.85;316;R1;$5 Gift Voucher;500;2025/02/12;500
C0629;Daniel;Nkosi;duplicate.customer@example.com;555-6273;2025/05/22;Silver;6192;T00629;2025/10/10;128.49;128;;;;;
C0630;Emily;Williams;emily.williams630@example.com;555-6310;2022/02/04;Gold;3203;T00630;2025/09/29;387.52;388;R6;VIP Event Access;5000;2025/09/21;5000
C0631;Samuel;Wright;samuel.wright631@example.com;555-6347;2023/03/14;Platinum;7404;T00631;2025/07/07;543.33;543;;;;;
C0632;Naledi;Martinez;naledi.martinez632@example.com;555-6384;2023/03/14;Bronze;6618;T00632;2025/12/09;595.14;595;R99;Unknown Reward;999;2025/12/09;999
C0633;Olivia;Hall;olivia.hall633@example.com;555-6421;2025/02/26;Silver;2125;T00633;2025/07/22;298.37;298;;;;;
C0634;Joseph;Botha;joseph.botha634@example.com;555-6458;2023/04/03;Gold;2630;T00634;2025/09/11;569.93;570;;;;;
C0635;Lerato;Clark;lerato.clark635@example.com;555-6495;2022/05/23;Platinum;12675;T00635;2025/07/08;;361;;;;;
C0636;Jessica;naidoo;jessica.naidoo636@example.com;555-6532;2023/03/28;Bronze;8793;T00636;2025/08/20;172.2;172;R4;T-Shirt;2000;2025/08/19;2000
C0637;Robert;Taylor;robert.taylor637@example.com;555-6569;2024/06/17;Silver;5168;T00637;2025/03/16;498.76;499;;;;;
C0638;Grace;Dlamini;grace.dlamini638@example.com;555-6606;2025/06/15;Gold;6979;T00638;2025/04/01;255.15;255;R1;$5 Gift Voucher;500;2025/07/05;500
C0639;Peter;Johnson;peter.johnson639@example.com;555-6643;2025/05/30;Platinum;6244;T00639;2025/04/30;676.52;677;;;;;
C0640;David;King;david.king640@example.com;555-6680;2022/02/27;Bronze;2514;T00640;2025/06/21;451.51;452;R5;Free Shipping;750;2025/03/26;750
C0641;Charlotte;Brown;charlotte.brown641@example.com;555-6717;2025/11/13;Silver;10172;T00641;2025/01/01;834.13;834;;;;;
C0642;Thabo;Walker;thabo.walker642@example.com;555-6754;2024/04/25; Gold ;1632;T00642;2025/02/07;330.27;330;;;;;
C0643;Michael;Pillay;michael.pillay643@example.com;555-6791;2024/03/19;Platinum;4083;T00643;2025/02/13;399.94;400;;;;;
C0644;Sophia;Davis;sophia.davis644@example.com;555-6828;2023/06/16;Bronze;10556;T00644;2025/06/21;303.91;304;;;;;
C0645;Thomas;Mokoena;;555-6865;2024/01/30;Silver;2685;T00645;2025/08/11;529.06;529;R4;T-Shirt;2000;2025/07/24;2000
C0646;Aisha;Smith;aisha.smith646@example.com;555-6902;2025/10/27;Gold;5708;T00646;2025/03/18;109.29;109;;;;;
C0647;Emma;Green;emma.green647@example.com;555-6939;2023/01/18;Platinum;739;T00647;2025/12/01;900.4;900;;;;;
C0648;William;Moore;william.moore648@example.com;555-6976;2022/07/13;Bronze;14211;T00648;2025/09/05;415.64;416;;;;;
C0649; Nomsa ;Young;nomsa.young649@example.com;555-7013;2023/07/17;Silver;1017;T00649;2025/07/08;695.7;696;;;;;
C0649; Nomsa ;Young;nomsa.young649@example.com;555-7013;2023/07/17;Silver;1017;T00649;2025/07/08;695.7;696;;;;;
C0651;James;Lewis;james.lewis651@example.com;555-0000;2022/11/12;Platinum;5801;T00651;2025/03/30;626.0;626;;;;;
 C0652 ;Amelia;Khumalo;amelia.khumalo652@example.com;555-7124;2025/01/30;Bronze;1591;T00652;2025/05/24;698.0;698;R5;Free Shipping;750;2025/08/26;750
C0653;Sipho;Wilson;sipho.wilson653@example.com;555-7161;2024/03/24;Silver;3100;T00653;2025/01/18;97.89;98;;;;;
C0654;Daniel;Nkosi;daniel.nkosi654@example.com;555-7198;2023/10/07;Gold;-500;T00654;2025/06/20;486.03;486;;;;;
C0655;Emily;Williams;emily.williams655@example.com;555-7235;2023/10/03;Platinum;;T00655;2025/07/04;427.93;428;;;;;
C0656;Samuel;Wright;samuel.wright656@example.com;555-7272;2024/12/29;Bronze;14713;T00655;2025/10/31;650.23;650;;;;;
C0657;Naledi;Martinez;naledi.martinez657@example.com;;2025/07/10;Silver;8200;T00657;2025/04/06;364.57;365;;;;;
C0658;OLIVIA;Hall;olivia.hall658@example.com;555-7346;2025/04/29;Gold;8721;T00658;2025/02/13;596.57;597;;;;;
C0659;Joseph;Botha;joseph.botha659@example.com;555-7383;2025/03/25;Platinum;8049;T00659;2025/08/29;411.07;411;;;;;
C0660;Lerato;Clark;lerato.clark660@example.com;555-7420;2023/05/14;Bronze;5859;T00660;2025/04/22;824.24;824;R4;T-Shirt;2000;2025/04/18;2000
C0661;Jessica;Naidoo;jessica.naidoo661@example.com;555-7457;2023/03/03;Silver;12608;T00661;2025/09/30;75.76;76;;;;;
C0662;Robert;Taylor;robert.taylor662@example.com;555-7494;2023/05/08;Gold;7278;T00662;2025/04/29;205.0;205;;;;;
C0663;Grace;Dlamini;grace.dlamini663@example.com;555-7531;2024/06/08;Platinum;13625;T00663;2025/12/02;774.48;774;;;;;
C0664;Peter;Johnson;peter.johnson664@example.com;(555) 7568;2023/10/19;BRONZE;4153;T00664;2025/04/07;616.22;616;;;;;
C0665;David;King;david.king665@example.com;555-7605;2022/04/17;Silver;2454;T00665;2025/10/05;983.65;984;;;;;
C0666;Charlotte;Brown;duplicate.customer@example.com;555-7642;2025/02/12;Gold;9803;T00666;2025/04/29;257.87;258;;;;;
C0667;Thabo;Walker;thabo.walker667@example.com;555-7679;2022/03/07;Platinum;13716;T00667;2025/05/23;886.1;886;R1;$5 Gift Voucher;500;2025/06/25;500
C0668;Michael;;michael.pillay668@example.com;555-7716;2024/02/14;Bronze;5816;T00668;2025/08/01;930.35;930;;;;;
C0669;Sophia;Davis;sophia.davis669@example.com;555-7753;2022/05/13;Silver;11191;T00669;2025/12/19;559.68;560;;;;;
C0670;Thomas;Mokoena;thomas.mokoena670example.com;555-7790;2022/12/15;Gold;3869;T00670;2025/08/08;110.35;1100;R3;Coffee Mug;1500;2025/03/14;1500
C0671;Aisha;Smith;aisha.smith671@example.com;555-7827;2024/10/11;platinum;3384;T00671;2025/06/09;396.29;396;;;;;
C0672;Emma;Green;emma.green672@example.com;555-7864;2022/09/17;Bronze;6758;T00672;2025/03/11;111.57;112;R1;$5 Gift Voucher;500;2025/04/25;500
C0673;William;Moore;william.moore673@example.com;555-7901;2025/12/29;Silver;6143;T00673;2025/10/31;559.36;559;;;;;
C0674;Nomsa;Young;nomsa.young674@example.com;555-7938;2023/10/30;Gold;6137;T00674;2025/02/19;281.36;281;;;;;
C0675;Sarah;Anderson;sarah.anderson675@example.com;555-7975;2025/06/08;Platinum;9345;T00675;2025/03/28;265.07;265;;;;;
C0676;James;Lewis;james.lewis676@example.com;555-8012;2025/02/17;Bronze;14257;T00676;2025/09/24;561.81;562;;;;;
C0677;Amelia;Khumalo;amelia.khumalo677@example.com;555-8049;2022/02/07;Silver;4033;T00677;2025/12/25;87.26;87;;;;;
C0678;Sipho;Wilson;sipho.wilson678@example.com;555-8086;2025/08/24;Gold;8898;;2025/04/14;998.82;999;;;;;
C0679;Daniel;Nkosi;daniel.nkosi679@example.com;555-8123;2025/08/02;Platinum;537;T00679;2025/08/11;0;924;R6;VIP Event Access;5000;2025/06/14;5000
C0680;Emily;Williams;emily.williams680@example.com;555-8160;2022/03/24;Bronze;913;T00680;2025/10/10;459.43;459;R5;Free Shipping;750;2025/02/13;750
C0681;Samuel;Wright;samuel.wright681@example.com;555-8197;2023/04/04;Silver;5595;T00681;2025/05/28;935.9;936;R6;VIP Event Access;5000;2025/05/16;5000
C0682;Naledi;Martinez;naledi.martinez682@example.com;555-0000;2024/09/09;Gold;13580;T00682;2025/10/07;582.45;582;;;;;
C0683;Olivia;Hall;olivia.hall683@example.com;555-8271;2025/05/06;Platinum;8358;T00683;2025/11/13;568.35;568;;;;;
C0684;Joseph;Botha;joseph.botha684@example.com;555-8308;2023/02/26;Bronze;973;T00684;2025/07/18;391.97;392;R5;Free Shipping;750;2025/10/13;750
C0685;Lerato;Clark;lerato.clark685@example.com;555-8345;2025/04/24;Silver;9178;T00685;2025/01/12;432.03;432;;Coffee Mug;1500;2025/01/12;1500
C0686;Jessica;Naidoo;jessica.naidoo686@example.com;555-8382;2025/07/06;Gold;5685;T00686;2025/09/10;818.44;818;;;;;
C0687;Robert;Taylor;robert.taylor687@example.com;555-8419;2023/07/27;Platinum;3509;T00687;2025/10/14;845.96;846;;;;;
C0688;Grace;Dlamini;;555-8456;2025/02/26;Bronze;13188;T00688;2025/02/04;564.6;565;;;;;
C0689;Peter;johnson;peter.johnson689@example.com;555-8493;2023/11/10;Silver;7992;T00689;2025/01/22;870.87;871;;;;;
C0690;David;King;david.king690@example.com;555-8530;2023/05/30;Gold;3410;T00690;2025/11/11;350.67;351;R5;Free Shipping;750;2025/08/10;750
C0691;Charlotte;Brown;charlotte.brown691@example.com;555-8567;2022/12/19;Platinum;14487;T00691;2025/08/05;739.26;739;;;;;
C0692;Thabo;Walker;thabo.walker692@example.com;555-8604;2025/08/09;;9396;T00692;2025/07/29;528.39;528;;;;;
C0693;Michael;Pillay;michael.pillay693@example.com;555-8641;2025/10/10;Silver;10239;T00693;2025/12/18;251.96;252;R4;T-Shirt;2000;2025/08/06;2000
C0694;Sophia;Davis;sophia.davis694@example.com;555-8678;2025/06/14;Gold;10775;T00694;2025/10/11;436.17;436;;;;;
C0695;Thomas;Mokoena;thomas.mokoena695@example.com;555-8715;2023/07/26;Platnium;8430;T00695;2025/10/30;330.75;331;;;;;
C0696;Aisha;Smith;aisha.smith696@example.com;555-8752;2024/10/08;Bronze;8198;T00696;2025/02/25;543.61;544;;;;;
C0697;Emma;Green;emma.green697@example.com;555-8789;2023/04/04;Silver;2010;T00696;2025/01/16;258.98;259;;;;;
C0698;William;Moore;william.moore698@example.com;555-8826;2024/11/26;Gold;6820;T00698;2025/06/29;860.44;860;R3;Coffee Mug;1500;2025/04/23;1500
C0699;Nomsa;Young;nomsa.young699@example.com;555-8863;2022/01/28;Platinum;1788;T00699;2025/12/19;412.73;413;;;;;
C0699;Nomsa;Young;nomsa.young699@example.com;555-8863;2022/01/28;Platinum;1788;T00699;2025/12/19;412.73;413;;;;;
C0701;James;Lewis;james.lewis701@example.com;555-8937;2023/04/07;Silver;5999;T00701;2025/01/21;409.05;409;R1;$5 Gift Voucher;500;2025/03/23;500
C0702;Amelia;Khumalo;amelia.khumalo702@example.com;555-8974;2023/11/10;Gold;12237;T00702;2025/08/04;120.03;120;;;;;
C0703;Sipho;Wilson;duplicate.customer@example.com;555-9011;2025/01/21;Platinum;9765;T00703;2025/05/27;538.91;539;;;;;
C0704;Daniel;Nkosi;daniel.nkosi704@example.com;555-9048;2022/05/24;Bronze;7776;T00704;2025/10/31;895.34;895;;;;;
C0705;EMILY;Williams;emily.williams705@example.com;555-9085;2023/11/04;Silver;1457;T00705;2025/01/24;352.04;352;;;;;
C0706;Samuel;Wright;samuel.wright706@example.com;555-9122;2022/11/04;Gold;4015;T00706;2025/03/22;626.19;626;;;;;
C0707;Naledi;Martinez;NALEDI.MARTINEZ707@EXAMPLE.COM;555-9159;2022/04/28;Platinum;124;T00707;2025/05/15;539.46;-100;;;;;
C0708; Olivia ;Hall;olivia.hall708@example.com;555-9196;2022/04/02;Bronze;13321;T00708;2025/02/13;926.2;926;R6;VIP Event Access;5000;2025/04/03;5000
C0709;Joseph;Botha;joseph.botha709@example.com;555-9233;2022/07/31;Silver;1465;T00709;2025/01/09;777.53;778;;;;;
C0710;Lerato;Clark;lerato.clark710@example.com;555-9270;2024/10/07;Gold;4543;T00710;2024/09/07;663.02;663;;;;;
C0711;Jessica;Naidoo;jessica.naidoo711@example.com;555-9307;2025/02/02;Platinum;937;T00711;2025/06/25;305.85;306;R99;Unknown Reward;999;2025/06/25;999
C0712;Robert;Taylor; robert.taylor712@example.com ;555-9344;2023/03/20;Bronze;13397;T00712;2025/09/27;-19.64;20;;;;;
C0713;Grace;Dlamini;grace.dlamini713@example.com;555-0000;2022/04/05;Silver;11752;T00713;2025/01/13;867.45;867;;;;;
C0714;Peter;Johnson;peter.johnson714@example.com;555-9418;2022/09/17;Gold;9434;T00714;2025/02/11;892.94;893;;;;;
C0715;David;King;david.king715@example.com;555-9455;2023/01/26;Platinum;14026;T00715;2025/12/23;236.42;236;R6;VIP Event Access;5000;2025/02/18;5000
C0716;Charlotte;Brown;charlotte.brown716@example.com;555-9492;2022/04/16;Bronze;12578;T00716;2025/02/02;382.77;383;;;;;
C0717;Thabo;Walker;thabo.walker717@example.com;555-9529;2025/08/07;Silver;1469;T00717;2025/10/09;872.09;872;;;;;
C0718;Michael;Pillay;michael.pillay718@example.com;555-9566;2024/08/18;Gold;5053;T00718;2025/02/09;760.87;761;R7;Wireless Earbuds;7500;2025/07/08;7500
C0719;Sophia;Davis;sophia.davis719@example.com;555-9603;2023/04/02;Platinum;2335;T00719;2025/08/21;34.68;35;R2;$10 Gift Voucher;1000;2025/11/17;1000
C0720;Thomas;Mokoena;thomas.mokoena720@example.com;555-9640;2023/02/19;Bronze;13541;T00720;2025/01/09;120.05;120;R1;$5 Gift Voucher;500;2025/03/31;500
C0721;Aisha;Smith;aisha.smith721@example.com;555-9677;2024/08/16;Silver;14343;T00721;2025/08/09;793.29;793;R1;$10 Gift Voucher;500;2025/08/09;1000
C0722;Emma;Green;emma.green722@example.com;555-9714;2023/12/22;Gold;7930;T00722;2025/10/22;128.55;129;R1;$5 Gift Voucher;500;2025/11/18;500
C0723;William;Moore;william.moore723@example.com;555-9751;2022/11/01;Platinum;7308;T00723;2025/07/06;772.12;772;R1;$5 Gift Voucher;500;2025/02/11;500
;Nomsa;Young;nomsa.young724@example.com;555-9788;2022/09/26;Bronze;11867;T00724;2025/01/18;474.89;475;;;;;
C0725;Sarah;Anderson;sarah.anderson725@example.com;555-9825;2025/01/19;Silver;9424;T00725;2025/09/15;229.47;229;;;;;
C0726;James;Lewis;james.lewis726@example.com;555-9862;2022/03/16;Gold;6757;T00726;2025/07/14;140.46;140;R6;VIP Event Access;5000;2025/11/25;5000
C0727;Amelia;Khumalo;amelia.khumalo727@example.com;555-9899;2022/10/29;Platinum;3630;T00727;2025/05/23;11.11;11;R2;$10 Gift Voucher;1000;2025/02/09;1000
C0728;Sipho;Wilson;sipho.wilson728@example.com;555-9936;2024/01/10;Bronze;6952;T00728;2025/06/16;142.3;142;;;;;
C0729;Daniel;Nkosi;daniel.nkosi729@example.com;555-9973;2022/10/08;Silver;738;T00729;2025/10/22;977.26;977;;;;;
C0730;Emily;Williams;emily.williams730@example.com;;2024/04/23;Gold;2354;T00730;2025/06/18;912.71;913;;;;;
C0731;Samuel;Wright;;555-1047;2025/08/31;Platinum;12666;T00731;2025/02/02;159.16;159;;;;;
C0732;Naledi;Martinez;naledi.martinez732@example.com;555-1084;2022/08/21;bronze;14486;T00732;2025/03/04;992.38;992;;;;;
C0733;Olivia;Hall;olivia.hall733@example.com;555-1121;2023/03/04;Silver;128;T00733;2025/01/12;957.14;957;;;;;
C0734;Joseph;Botha;joseph.botha734@example.com;555-1158;2025/11/07;Gold;2583;T00734;2025/04/19;875.03;875;;;;;
C0735;Lerato;Clark;lerato.clark735@example.com;555-1195;2023/07/29;Platinum;1898;T00735;2025/05/25;952.3;952;;;;;
C0736;Jessica;Naidoo;jessica.naidoo736@example.com;555-1232;2023/05/12;Bronze;11604;T00736;2025/08/31;374.99;375;;;;;
C0737;Robert;Taylor;robert.taylor737example.com;555-1269;2024/01/29;Silver;8586;T00737;2025/09/07;481.07;4810;R7;Wireless Earbuds;7500;2025/06/13;7500
C0738;Grace;Dlamini;grace.dlamini738@example.com;555-1306;2023/02/02;Gold;4731;T00737;2025/06/18;435.1;435;;;;;
C0739;Peter;Johnson;peter.johnson739@example.com;555-1343;2024/09/22;Platinum;2636;T00739;2025/03/30;368.24;368;;;;;
C0740;David;King;duplicate.customer@example.com;555-1380;2024/06/24;Bronze;2151;T00740;2025/03/05;170.46;170;R1;$5 Gift Voucher;500;2025/06/22;500
C0741;Charlotte;Brown;charlotte.brown741@example.com;555-1417;2023/12/10;Silver;6607;T00741;2025/05/18;291.48;291;;;;;
C0742;Thabo;walker;thabo.walker742@example.com;555-1454;2023/04/21;Gold;9797;T00742;2025/07/26;804.02;804;;;;;
C0743;Michael;Pillay;michael.pillay743@example.com;555-1491;2023/10/28;Platinum;5356;T00743;2025/06/27;457.31;457;;;;;
C0744;Sophia;Davis;sophia.davis744@example.com;555-0000;2023/07/12;Bronze;11421;T00744;2025/10/09;335.38;335;;;;;
C0745;Thomas;Mokoena;thomas.mokoena745@example.com;555-1565;2025/08/19;Silver;4748;T00745;2025/03/03;177.77;178;R7;;7500;;
C0746;Aisha;Smith;aisha.smith746@example.com;555-1602;2024/10/06;Gold;7627;T00746;2025/10/12;417.03;417;R1;$5 Gift Voucher;500;2025/10/08;500
C0747;Emma;Green;emma.green747@example.com;(555) 1639;2022/12/27;PLATINUM;264;T00747;2025/03/31;249.11;249;;;;;
C0748;William;Moore;william.moore748@example.com;555-1676;2024/02/03;Bronze;1698;T00748;2025/04/30;62.6;63;;;;;
C0749;Nomsa;Young;nomsa.young749@example.com;555-1713;2023/06/19; Silver ;125;T00749;2025/04/08;580.2;580;;;;;
C0749;Nomsa;Young;nomsa.young749@example.com;555-1713;2023/06/19; Silver ;125;T00749;2025/04/08;580.2;580;;;;;
C0751;James;Lewis;james.lewis751@example.com;555-1787;2022/02/04;Platinum;13310;T00751;2025/05/09;618.04;618;R5;Free Shipping;750;2025/05/09;750
C0752;AMELIA;Khumalo;amelia.khumalo752@example.com;555-1824;2025/05/04;Bronze;1175;T00752;2025/01/05;912.8;913;;;;;
C0753;Sipho;Wilson;sipho.wilson753@example.com;555-1861;2024/09/23;Silver;13595;T00753;2025/07/01;562.61;563;R4;T-Shirt;2000;2025/05/12;2000
C0754;Daniel;Nkosi;daniel.nkosi754@example.com;555-1898;2024/05/01;Gold;9446;T00754;2025/04/24;790.47;790;R2;$10 Gift Voucher;1000;2025/04/28;1000
c0755;Emily;Williams;emily.williams755@example.com;555-1935;2023/03/19;Platinum;3616;T00755;2025/05/18;827.89;828;;;;;
C0756;Samuel;Wright;samuel.wright756@example.com;555-1972;2025/05/12;Bronze;1384;T00756;2025/02/10;913.9;914;;;;;
C0757;Naledi;Martinez;naledi.martinez757@example.com;555-2009;2024/11/16;Silver;4195;T00757;2025/06/27;849.78;850;;;;;
C0758;Olivia;Hall;olivia.hall758@example.com;555-2046;2023/07/05;Gold;14594;T00758;2025/02/28;52.13;52;R6;VIP Event Access;5000;2025/09/09;5000
C0759;Joseph;Botha;joseph.botha759@example.com;555-2083;2024/08/21;Platinum;7694;T00759;2025/08/18;926.72;927;;;;;
C0760;Lerato;Clark;lerato.clark760@example.com;555-2120;2025/07/17;Bronze;12264;T00760;2025/02/18;835.11;835;;;;;
C0761;Jessica;Naidoo;jessica.naidoo761@example.com;555-2157;2022/06/19;Silver;10451;T00761;2025/03/14;38.94;39;;;;;
C0762;Robert;Taylor;robert.taylor762@example.com;555-2194;2023/01/04;Gold;10547;T00762;2025/08/15;;760;;;;;
C0763;Grace;Dlamini;grace.dlamini763@example.com;555-2231;2024/10/11;Platinum;-500;T00763;2025/02/04;369.57;370;R4;T-Shirt;2000;2025/12/20;2000
C0764;Peter;Johnson;peter.johnson764@example.com;555-2268;;Bronze;14018;T00764;2025/01/13;855.95;856;R1;$5 Gift Voucher;500;2025/09/16;500
C0765;David;King;david.king765@example.com;555-2305;2024/03/09;Silver;3363;T00765;2025/09/03;728.42;728;;;;;
C0766;Charlotte;Brown;charlotte.brown766@example.com;555-2342;2022/01/31;Gold;1726;T00766;2025/12/08;363.3;363;;;;;
C0767; Thabo ;Walker;thabo.walker767@example.com;555-2379;2024/07/04;Platinum;7398;T00767;2025/12/02;413.92;414;;;;;
C0768;Michael;Pillay;michael.pillay768@example.com;555-2416;2024/06/25;Bronze;3997;T00768;2025/08/02;438.76;439;;;;;
C0769;Sophia;Davis;sophia.davis769@example.com;555-2453;2025/10/07;Silver;904;T00769;2025/10/24;218.27;218;;;;;
C0770;Thomas;Mokoena;thomas.mokoena770@example.com;555-2490;2024/02/23;Gold;4827;T00770;2025/03/30;925.8;926;R6;VIP Event Access;5000;2025/11/04;5000
C0771;Aisha;Smith;aisha.smith771@example.com;555-2527;2025/10/30;Platinum;1379;T00771;2025/01/10;507.54;508;;;;;
C0772;Emma;Green;emma.green772@example.com;555-2564;2024/08/24;Bronze;9452;T00772;2025/08/13;158.85;159;R7;Wireless Earbuds;7500;2025/05/24;7500
C0773;William;Moore;william.moore773@example.com;555-2601;2025/12/05;Silver;9941;T00773;2025/09/17;18.59;19;;;;;
C0774;Nomsa;Young;;555-2638;2025/03/25;Gold;412;T00774;2025/01/26;525.45;525;R6;VIP Event Access;5000;2025/02/01;5000
C0775;Sarah;Anderson;sarah.anderson775@example.com;555-0000;2023/08/02;Platinum;11976;T00775;2025/04/14;270.99;271;;;;;
C0776;James;Lewis;james.lewis776@example.com;555-2712;2024/12/04;Bronze;11154;T00776;2025/04/03;0;978;;;;;
C0777;Amelia;Khumalo;duplicate.customer@example.com;555-2749;2025/05/30;Silver;6679;T00777;2025/06/27;409.35;409;R1;$5 Gift Voucher;500;2025/11/02;500
C0778;Sipho;Wilson;sipho.wilson778@example.com;555-2786;2024/02/21;Gold;14457;T00778;2025/08/30;564.52;565;R2;$10 Gift Voucher;1000;2025/01/01;1000
C0779;Daniel;Nkosi;daniel.nkosi779@example.com;555-2823;2025/04/12;Platinum;6927;T00778;2025/01/15;464.51;465;;;;;
C0780;Emily;Williams;emily.williams780@example.com;555-2860;2025/01/24;Bronze;11751;T00780;2025/09/29;647.56;648;;;;;
C0781;Samuel;Wright;samuel.wright781@example.com;555-2897;2025/10/08;Silver;11385;T00781;2025/09/08;164.98;165;R2;$10 Gift Voucher;1000;2025/01/30;1000
C0782;Naledi;Martinez;naledi.martinez782@example.com;555-2934;2025/07/03;Gold;10226;T00782;2025/11/01;116.42;116;R5;Free Shipping;750;2025/09/11;750
C0783;Olivia;Hall;olivia.hall783@example.com;555-2971;2022/06/27;Platinum;3454;T00783;2025/04/21;322.96;323;;;;;
C0784;Joseph;Botha;joseph.botha784@example.com;555-3008;2024/12/18;Bronze;4584;T00784;2025/10/28;622.76;623;R4;T-Shirt;2000;2025/01/12;2000
C0785;;Clark;lerato.clark785@example.com;555-3045;2023/01/08;Silver;7072;T00785;2025/05/11;74.66;75;;;;;
C0786;Jessica;Naidoo;jessica.naidoo786@example.com;555-3082;2025/09/21;Gold;;T00786;2025/12/02;116.18;116;R7;Wireless Earbuds;7500;2025/07/05;7500
C0787;Robert;Taylor;robert.taylor787@example.com;555-3119;2022/03/23;Platinum;14160;T00787;2025/08/13;546.44;546;R2;$10 Gift Voucher;1000;2025/07/11;1000
C0788;Grace;Dlamini;grace.dlamini788@example.com;555-3156;2024/12/20;Bronze;11927;T00788;2025/03/07;267.39;267;;;;;
C0789;Peter;Johnson;peter.johnson789@example.com;555-3193;2023/06/30;Silver;3706;T00789;2025/02/02;945.33;945;R1;$5 Gift Voucher;500;2025/12/09;500
C0790;David;King;david.king790@example.com;555-3230;2022/09/27;Gold;11391;T00790;2025/03/07;403.04;403;R99;Unknown Reward;999;2025/03/07;999
C0791;Charlotte;Brown;charlotte.brown791@example.com;555-3267;2025/12/16;Platinum;2773;;2025/06/02;972.98;973;R2;$10 Gift Voucher;1000;2025/03/07;1000
C0792;Thabo;Walker;thabo.walker792@example.com;555-3304;2023/01/21;Bronze;13493;T00792;2025/11/15;207.52;208;;;;;
C0793;Michael;Pillay;michael.pillay793@example.com;555-3341;2024/03/01;silver;913;T00793;2025/03/10;128.33;128;;;;;
C0794;Sophia;Davis;sophia.davis794@example.com;555-3378;2023/06/03;Gold;4772;T00794;2025/01/24;253.54;254;;;;;
C0795;Thomas;mokoena;thomas.mokoena795@example.com;555-3415;2022/05/03;Platinum;5175;T00795;2025/12/15;42.6;43;;;;;
C0796;Aisha;Smith;aisha.smith796@example.com;555-3452;2023/04/29;Bronze;14976;T00796;2025/12/24;183.29;183;;;;;
C0797;Emma;Green;emma.green797@example.com;555-3489;2025/12/13;Silver;4433;T00797;2025/05/23;903.21;903;R5;Free Shipping;750;2025/09/01;750
C0798;William;Moore;william.moore798@example.com;555-3526;2022/10/20;Gold;11549;T00798;2025/01/04;634.22;634;;;;;
C0799;NOMSA;Young;nomsa.young799@example.com;555-3563;2025/07/01;Platinum;10628;T00799;2025/10/27;543.34;543;R1;$5 Gift Voucher;500;2025/11/11;500
C0799;NOMSA;Young;nomsa.young799@example.com;555-3563;2025/07/01;Platinum;10628;T00799;2025/10/27;543.34;543;R1;$5 Gift Voucher;500;2025/11/11;500
C0801;James;Lewis; james.lewis801@example.com ;555-3637;2025/02/12;Silver;7107;T00801;2025/12/18;-241.26;241;;;;;
C0802;Amelia;Khumalo;amelia.khumalo802@example.com;555-3674;2022/04/11;Gold;12689;T00802;2025/01/14;744.91;745;;;;;
C0803;Sipho;Wilson;sipho.wilson803@example.com;;2023/03/12;Platinum;13647;T00803;2025/09/25;984.53;985;;;;;
C0804;Daniel;Nkosi;daniel.nkosi804example.com;555-3748;2025/09/24;Bronze;1810;T00804;2025/09/14;963.3;9630;;;;;
C0805;Emily;Williams;emily.williams805@example.com;555-3785;2025/06/25;Silver;10780;T00805;2025/09/23;995.15;995;;;;;
C0806;Samuel;Wright;samuel.wright806@example.com;555-0000;2024/07/16;Gold;6335;T00806;2025/01/02;753.9;754;;;;;
C0807;Naledi;Martinez;naledi.martinez807@example.com;555-3859;2024/09/18;Platinum;9246;T00807;2025/08/02;939.3;939;R7;Wireless Earbuds;7500;2025/05/04;7500
C0808;Olivia;Hall;OLIVIA.HALL808@EXAMPLE.COM;555-3896;2023/11/25;Bronze;10660;T00808;2025/08/11;796.59;-100;;;;;
C0809;Joseph;Botha;joseph.botha809@example.com;555-3933;2025/01/09;Silver;6698;T00809;2025/08/31;795.24;795;;;;;
C0810;Lerato;Clark;lerato.clark810@example.com;555-3970;2023/12/16;Gold;10112;T00810;2025/05/03;55.87;56;;;;;
C0811;Jessica;Naidoo;jessica.naidoo811@example.com;555-4007;2024/12/09;Platinum;7381;T00811;2025/06/02;736.39;736;R5;Free Shipping;750;2025/01/21;750
C0812;Robert;Taylor;robert.taylor812@example.com;555-4044;2022/01/13;Bronze;4022;T00812;2025/06/07;920.09;920;R4;T-Shirt;2000;2025/09/02;2000
C0813;Grace;Dlamini;grace.dlamini813@example.com;555-4081;2023/12/19;Silver;8093;T00813;2025/02/01;787.52;788;;;;;
C0814;Peter;Johnson;duplicate.customer@example.com;555-4118;2023/08/19;Gold;13193;T00814;2025/02/25;106.42;106;R2;$10 Gift Voucher;1000;2025/03/18;1000
 C0815 ;David;King;david.king815@example.com;555-4155;2025/04/20;Platinum;14386;T00815;2025/09/26;297.09;297;;;;;
C0816;Charlotte;Brown;charlotte.brown816@example.com;555-4192;2024/01/11;Bronze;13993;T00816;2025/03/21;390.33;390;R5;Free Shipping;750;2025/03/18;750
C0817;Thabo;Walker;;555-4229;2022/10/27;Silver;6777;T00817;2025/01/24;203.81;204;;;;;
C0818;Michael;Pillay;michael.pillay818@example.com;555-4266;2022/04/22;Gold;11321;T00818;2025/04/16;256.15;256;;;;;
C0819;Sophia;Davis;sophia.davis819@example.com;555-4303;2023/03/24;Platinum;7682;T00819;2025/07/30;783.8;784;;;;;
C0820;Thomas;Mokoena;thomas.mokoena820@example.com;555-4340;2022/09/03;Bronze;8680;T00819;2025/10/16;778.33;778;R4;T-Shirt;2000;2025/01/23;2000
C0821;Aisha;Smith;aisha.smith821@example.com;555-4377;2025/09/25;Silver;12373;T00821;2025/11/13;949.97;950;R2;$10 Gift Voucher;1000;2025/09/09;1000
C0822;Emma;Green;emma.green822@example.com;555-4414;2023/12/25;Gold;3295;T00822;2025/05/27;447.46;447;;Coffee Mug;1500;2025/05/27;1500
C0823;William;Moore;william.moore823@example.com;555-4451;2023/12/16;Platinum;11155;T00823;2025/10/22;374.19;374;;;;;
C0824;Nomsa;Young;nomsa.young824@example.com;555-4488;2023/01/11;Bronze;14201;T00824;2025/11/28;657.56;658;R1;$10 Gift Voucher;500;2025/11/28;1000
C0825;Sarah;Anderson;sarah.anderson825@example.com;555-4525;2023/03/18;Silver;6856;T00825;2025/09/03;745.0;745;R6;VIP Event Access;5000;2025/04/22;5000
C0826; James ;Lewis;james.lewis826@example.com;555-4562;2022/06/21;Gold;10632;T00826;2025/07/29;638.32;638;R2;$10 Gift Voucher;1000;2025/11/07;1000
C0827;Amelia;Khumalo;amelia.khumalo827@example.com;555-4599;2023/12/22;Platinum;14780;T00827;2025/03/15;147.33;147;R5;Free Shipping;750;2025/08/14;750
C0828;Sipho;Wilson;sipho.wilson828@example.com;555-4636;2023/01/06;Bronze;3110;T00828;2025/12/28;158.18;158;;;;;
C0829;Daniel;Nkosi;daniel.nkosi829@example.com;555-4673;2022/12/28;Silver;885;T00829;2025/12/25;769.76;770;;;;;
C0830;Emily;Williams;emily.williams830@example.com;(555) 4710;2024/03/07;GOLD;4309;T00830;2025/12/14;495.89;496;;;;;
C0831;Samuel;Wright;samuel.wright831@example.com;555-4747;2024/05/25;Platinum;11035;T00831;2025/10/30;855.9;856;;;;;
C0832;Naledi;Martinez;naledi.martinez832@example.com;555-4784;2023/08/31;Bronze;13417;T00832;2025/12/29;622.55;623;R3;Coffee Mug;1500;2025/08/30;1500
C0833;Olivia;Hall;olivia.hall833@example.com;555-4821;2024/11/03;Silver;14746;T00833;2025/09/12;77.59;78;;;;;
C0834;Joseph;Botha;joseph.botha834@example.com;555-4858;2024/11/14;Platnium;7774;T00834;2025/05/23;247.03;247;;;;;
C0835;Lerato;;lerato.clark835@example.com;555-4895;2022/04/10;Platinum;8031;T00835;2025/06/12;690.77;691;;;;;
C0836;Jessica;Naidoo;jessica.naidoo836@example.com;555-4932;2024/06/03;Bronze;5981;T00836;2025/02/02;43.3;43;;;;;
C0837;Robert;Taylor;robert.taylor837@example.com;555-0000;2025/06/27;Silver;11041;T00837;2025/11/09;231.91;232;;;;;
C0838;Grace;Dlamini;grace.dlamini838@example.com;555-5006;2022/01/06;Gold;5452;T00838;2025/07/23;779.8;780;;;;;
C0839;Peter;Johnson;peter.johnson839@example.com;555-5043;2024/08/10;Platinum;6629;T00839;2025/07/05;678.13;678;;;;;
C0840;David;King;david.king840@example.com;555-5080;2022/05/14;Bronze;4950;T00840;2025/04/16;50.63;51;;;;;
C0841;Charlotte;Brown;charlotte.brown841@example.com;555-5117;2022/09/04;Silver;12993;T00841;2025/02/16;407.52;408;;;;;
C0842;Thabo;Walker;thabo.walker842@example.com;555-5154;2022/09/12;Gold;10716;T00842;2025/03/03;156.61;157;R7;Wireless Earbuds;7500;2025/07/02;7500
C0843;Michael;Pillay;michael.pillay843@example.com;555-5191;2022/05/24;Platinum;9405;T00843;2025/05/09;104.99;105;R3;Coffee Mug;1500;2025/02/20;1500
C0844;Sophia;Davis;sophia.davis844@example.com;555-5228;2022/02/19;Bronze;9836;T00844;2025/10/22;983.46;983;;;;;
C0845;Thomas;Mokoena;thomas.mokoena845@example.com;555-5265;2025/09/24;Silver;2780;T00845;2025/10/31;480.94;481;;;;;
C0846;AISHA;Smith;aisha.smith846@example.com;555-5302;2023/03/13;Gold;9461;T00846;2025/07/04;445.05;445;;;;;
C0847;Emma;Green;emma.green847@example.com;555-5339;2022/10/31;Platinum;3287;T00847;2025/09/28;693.33;693;;;;;
C0848;William;moore;william.moore848@example.com;555-5376;2023/10/02;Bronze;10357;T00848;2025/10/06;973.98;974;R3;Coffee Mug;1500;2025/11/12;1500
C0849;Nomsa;Young;nomsa.young849@example.com;555-5413;2024/10/07;Silver;11949;T00849;2025/04/18;911.99;912;;;;;
C0849;Nomsa;Young;nomsa.young849@example.com;555-5413;2024/10/07;Silver;11949;T00849;2025/04/18;911.99;912;;;;;
C0851;James;Lewis;duplicate.customer@example.com;555-5487;2025/05/22;Platinum;9024;T00851;2025/04/09;809.54;810;R7;Wireless Earbuds;7500;2025/02/15;7500
C0852;Amelia;Khumalo;amelia.khumalo852@example.com;555-5524;2023/08/18;Bronze;5631;T00852;2023/07/19;81.38;81;;;;;
C0853;Sipho;Wilson;sipho.wilson853@example.com;555-5561;2023/08/03;Silver;5778;T00853;2025/08/13;768.67;769;R6;VIP Event Access;5000;2025/11/08;5000
C0854;Daniel;Nkosi;daniel.nkosi854@example.com;555-5598;2025/12/25;gold;13323;T00854;2025/03/26;226.73;227;;;;;
C0855;Emily;Williams;emily.williams855@example.com;555-5635;2025/08/19;Platinum;14859;T00855;2025/12/22;235.79;236;R2;$10 Gift Voucher;1000;2025/08/28;1000
C0856;Samuel;Wright;samuel.wright856@example.com;555-5672;2023/11/10; Bronze ;3788;T00856;2025/05/06;622.91;623;;;;;
C0857;Naledi;Martinez;naledi.martinez857@example.com;555-5709;2023/07/14;Silver;13005;T00857;2025/11/04;265.95;266;R1;$5 Gift Voucher;500;2025/08/01;500
C0858;Olivia;Hall;olivia.hall858@example.com;555-5746;2025/12/22;Gold;3286;T00858;2025/10/05;205.53;206;;;;;
C0859;Joseph;Botha;joseph.botha859@example.com;555-5783;2024/05/30;Platinum;2667;T00859;2025/08/30;689.64;690;;;;;
C0860;Lerato;Clark;;555-5820;2024/03/25;Bronze;5911;T00860;2025/01/27;511.13;511;R5;Free Shipping;750;2025/04/27;750
C0861;Jessica;Naidoo;jessica.naidoo861@example.com;555-5857;2022/01/19;Silver;2495;T00860;2025/07/05;964.86;965;;;;;
C0862;Robert;Taylor;robert.taylor862@example.com;555-5894;2025/06/17;Gold;13264;T00862;2025/03/06;579.51;580;R6;VIP Event Access;5000;2025/06/14;5000
C0863;Grace;Dlamini;grace.dlamini863@example.com;555-5931;2024/10/06;Platinum;14819;T00863;2025/04/05;840.38;840;;;;;
C0864;Peter;Johnson;peter.johnson864@example.com;555-5968;2022/05/26;Bronze;4584;T00864;2025/11/01;508.17;508;;;;;
C0865;David;King;david.king865@example.com;555-6005;2022/08/19;;7259;T00865;2025/04/16;42.13;42;R3;Coffee Mug;1500;2025/07/08;1500
C0866;Charlotte;Brown;charlotte.brown866@example.com;555-6042;2022/12/26;Gold;13204;T00866;2025/05/23;562.22;562;;;;;
C0867;Thabo;Walker;thabo.walker867@example.com;555-6079;2025/08/04;Platinum;10465;T00867;2025/09/06;59.8;60;R7;Wireless Earbuds;7500;2025/02/12;7500
C0868;Michael;Pillay;michael.pillay868@example.com;555-0000;2025/07/12;Bronze;11047;T00868;2025/11/29;425.44;425;;;;;
C0869;Sophia;Davis;sophia.davis869@example.com;555-6153;2023/03/09;Silver;10491;T00869;2025/08/28;712.69;713;R99;Unknown Reward;999;2025/08/28;999
C0870;Thomas;Mokoena;thomas.mokoena870@example.com;555-6190;2022/03/04;Gold;10776;T00870;2025/05/24;835.95;836;R2;$10 Gift Voucher;1000;2025/03/19;1000
C0871;Aisha;Smith;aisha.smith871example.com;555-6227;2023/01/03;Platinum;8752;T00871;2025/03/07;804.74;8050;;;;;
C0872;Emma;Green;emma.green872@example.com;555-6264;2023/08/26;Bronze;-500;T00872;2025/12/19;651.18;651;R1;$5 Gift Voucher;500;2025/08/01;500
C0873;William;Moore;william.moore873@example.com;555-6301;2023/04/01;Silver;3414;T00873;2025/08/29;0;778;;;;;
C0874;Nomsa;Young;nomsa.young874@example.com;555-6338;2023/01/16;Gold;3367;T00874;2025/10/31;683.99;684;;;;;
C0875;Sarah;Anderson;sarah.anderson875@example.com;555-6375;2023/06/13;Platinum;13679;T00875;2025/06/27;14.51;15;;;;;
C0876;James;Lewis;james.lewis876@example.com;;2024/02/25;Bronze;6514;T00876;2025/04/25;680.7;681;;;;;
C0877;Amelia;Khumalo;amelia.khumalo877@example.com;555-6449;2022/11/17;Silver;1897;T00877;2025/05/25;521.6;522;R3;Coffee Mug;1500;2025/08/25;1500
C0878;Sipho;Wilson;sipho.wilson878@example.com;555-6486;2024/10/15;Gold;4082;T00878;2025/12/17;263.53;264;R1;$5 Gift Voucher;500;2025/05/24;500
C0879;Daniel;Nkosi;daniel.nkosi879@example.com;555-6523;2023/06/16;Platinum;4218;T00879;2025/11/19;921.09;921;;;;;
C0880;Emily;Williams;emily.williams880@example.com;555-6560;2025/12/19;Bronze;10447;T00880;2025/07/19;104.47;104;R1;$5 Gift Voucher;500;2025/08/16;500
C0881;Samuel;Wright;samuel.wright881@example.com;555-6597;2024/09/05;Silver;10794;T00881;2025/07/28;728.43;728;;;;;
C0882;Naledi;Martinez;naledi.martinez882@example.com;555-6634;2023/08/09;Gold;14769;T00882;2025/12/09;223.17;223;;;;;
C0883;Olivia;Hall;olivia.hall883@example.com;555-6671;2024/04/20;Platinum;8290;T00883;2025/05/26;749.8;750;;;;;
C0884;Joseph;Botha;joseph.botha884@example.com;555-6708;2025/09/14;Bronze;3623;T00884;2025/07/07;683.61;684;;;;;
C0885; Lerato ;Clark;lerato.clark885@example.com;555-6745;2025/06/18;Silver;6061;T00885;2025/01/01;697.54;698;;;;;
C0886;Jessica;Naidoo;jessica.naidoo886@example.com;555-6782;2023/07/27;Gold;12349;T00886;2025/12/01;608.46;608;;;;;
C0887;Robert;Taylor;robert.taylor887@example.com;555-6819;2025/01/03;Platinum;13168;T00887;2025/01/31;729.04;729;;;;;
C0888;Grace;Dlamini;duplicate.customer@example.com;555-6856;2022/02/04;Bronze;4213;T00888;2025/02/16;760.58;761;;;;;
C0889;Peter;Johnson;peter.johnson889@example.com;555-6893;2025/06/24;Silver;6627;T00889;2025/12/24;;436;;;;;
C0890;David;King; david.king890@example.com ;555-6930;2024/10/16;Gold;6128;T00890;2025/03/13;-183.13;183;R4;T-Shirt;2000;2025/12/07;2000
C0891;Charlotte;Brown;charlotte.brown891@example.com;555-6967;2024/01/23;Platinum;12782;T00891;2025/01/30;645.89;646;;;;;
C0892;Thabo;Walker;thabo.walker892@example.com;555-7004;2024/08/26;Bronze;1709;T00892;2025/04/14;604.35;604;;;;;
C0893;MICHAEL;Pillay;michael.pillay893@example.com;555-7041;2025/09/18;Silver;914;T00893;2025/01/01;191.21;191;;;;;
C0894;Sophia;Davis;sophia.davis894@example.com;555-7078;2022/05/29;Gold;11175;T00894;2025/06/01;733.1;733;R7;;7500;;
C0895;Thomas;Mokoena;thomas.mokoena895@example.com;555-7115;2023/05/17;Platinum;5888;T00895;2025/11/23;808.25;808;;;;;
C0896;Aisha;Smith;aisha.smith896@example.com;555-7152;2025/05/29;Bronze;8002;T00896;2025/09/20;140.47;140;;;;;
C0897;Emma;Green;emma.green897@example.com;555-7189;2024/09/18;Silver;13355;T00897;2025/07/29;826.85;827;;;;;
C0898;William;Moore;william.moore898@example.com;555-7226;2022/08/27;Gold;7606;T00898;2025/05/20;785.32;785;;;;;
C0899;Nomsa;Young;nomsa.young899@example.com;555-0000;2024/03/05;Platinum;6464;T00899;2025/12/12;286.01;286;R3;Coffee Mug;1500;2025/05/18;1500
C0899;Nomsa;Young;nomsa.young899@example.com;555-0000;2024/03/05;Platinum;6464;T00899;2025/12/12;286.01;286;R3;Coffee Mug;1500;2025/05/18;1500
C0901;James;lewis;james.lewis901@example.com;555-7337;2023/05/15;Silver;11364;T00901;2025/09/29;674.52;675;R5;Free Shipping;750;2025/06/02;750
C0902;Amelia;Khumalo;amelia.khumalo902@example.com;555-7374;2022/12/01;Gold;7434;T00901;2025/09/22;117.15;117;;;;;
C0903;Sipho;Wilson;;555-7411;2024/11/23;Platinum;3814;T00903;2025/04/22;323.78;324;R2;$10 Gift Voucher;1000;2025/04/21;1000
C0904;Daniel;Nkosi;daniel.nkosi904@example.com;555-7448;2024/04/04;Bronze;11537;;2025/03/19;67.71;68;;;;;
;Emily;Williams;emily.williams905@example.com;555-7485;2022/12/17;Silver;12401;T00905;2025/02/27;391.22;391;R7;Wireless Earbuds;7500;2025/02/16;7500
c0906;Samuel;Wright;samuel.wright906@example.com;555-7522;2023/05/07;Gold;13521;T00906;2025/06/14;458.94;459;;;;;
C0907;Naledi;Martinez;naledi.martinez907@example.com;555-7559;2025/01/25;Platinum;3117;T00907;2025/12/24;643.61;644;;;;;
C0908;Olivia;Hall;olivia.hall908@example.com;555-7596;2023/11/29;Bronze;13706;T00908;2025/11/27;301.57;302;;;;;
C0909;Joseph;Botha;JOSEPH.BOTHA909@EXAMPLE.COM;555-7633;2023/05/26;Silver;9624;T00909;2025/01/28;791.49;-100;;;;;
C0910;Lerato;Clark;lerato.clark910@example.com;555-7670;2023/08/22;Gold;8022;T00910;2025/05/16;356.19;356;;;;;
C0911;Jessica;Naidoo;jessica.naidoo911@example.com;555-7707;2025/09/18;Platinum;10087;T00911;2025/01/18;206.89;207;;;;;
C0912;Robert;Taylor;robert.taylor912@example.com;555-7744;2023/02/27;Bronze;7132;T00912;2025/09/16;156.81;157;;;;;
C0913;Grace;Dlamini;grace.dlamini913@example.com;(555) 7781;2024/09/30;SILVER;1282;T00913;2025/09/01;540.26;540;;;;;
C0914;Peter;Johnson;peter.johnson914@example.com;555-7818;2025/06/12;Gold;11211;T00914;2025/05/09;336.28;336;R7;Wireless Earbuds;7500;2025/04/25;7500
C0915;David;King;david.king915@example.com;555-7855;2024/08/24;platinum;6441;T00915;2025/09/05;619.47;619;R6;VIP Event Access;5000;2025/10/23;5000
C0916;Charlotte;Brown;charlotte.brown916@example.com;555-7892;2022/01/09;Bronze;7645;T00916;2025/03/09;860.23;860;R6;VIP Event Access;5000;2025/03/14;5000
C0917;Thabo;Walker;thabo.walker917@example.com;555-7929;2023/07/23;Silver;;T00917;2025/02/02;868.12;868;;;;;
C0918;Michael;Pillay;michael.pillay918@example.com;555-7966;2024/07/17;Gold;6652;T00918;2025/12/24;761.78;762;R3;Coffee Mug;1500;2025/09/12;1500
C0919;Sophia;Davis;sophia.davis919@example.com;555-8003;2022/07/20;Platinum;12612;T00919;2025/01/21;956.61;957;R4;T-Shirt;2000;2025/04/06;2000
C0920;Thomas;Mokoena;thomas.mokoena920@example.com;555-8040;2023/06/04;Bronze;1866;T00920;2025/05/01;356.36;356;;;;;
C0921;Aisha;Smith;aisha.smith921@example.com;555-8077;2025/07/03;Silver;5395;T00921;2025/07/27;606.71;607;;;;;
C0922;Emma;Green;emma.green922@example.com;555-8114;2022/03/15;Gold;4919;T00922;2025/02/16;235.69;236;R4;T-Shirt;2000;2025/02/11;2000
C0923;William;Moore;william.moore923@example.com;555-8151;2022/01/10;Platinum;10679;T00923;2021/12/11;21.93;22;R4;T-Shirt;2000;2025/01/05;2000
C0924;Nomsa;Young;nomsa.young924@example.com;555-8188;2022/03/21;Bronze;12213;T00924;2025/07/11;672.94;673;;;;;
C0925;Sarah;Anderson;duplicate.customer@example.com;555-8225;2025/02/01;Silver;1457;T00925;2025/09/10;39.14;39;;;;;
C0926;James;Lewis;james.lewis926@example.com;555-8262;2023/05/20;Gold;13104;T00926;2025/01/06;988.64;989;R5;Free Shipping;750;2025/10/03;750
C0927;Amelia;Khumalo;amelia.khumalo927@example.com;555-8299;2025/02/11;Platinum;12008;T00927;2025/10/28;498.26;498;R1;$10 Gift Voucher;500;2025/10/28;1000
C0928;Sipho;Wilson;sipho.wilson928@example.com;555-8336;2022/11/26;Bronze;2244;T00928;2025/09/03;734.35;734;;;;;
C0929;Daniel;Nkosi;daniel.nkosi929@example.com;555-8373;2023/09/19;Silver;3242;T00929;2025/05/24;850.73;851;R2;$10 Gift Voucher;1000;2025/10/08;1000
C0930;Emily;Williams;emily.williams930@example.com;555-0000;2024/07/02;Gold;5473;T00930;2025/08/20;93.15;93;;;;;
C0931;Samuel;Wright;samuel.wright931@example.com;555-8447;2022/07/22;Platinum;3558;T00931;2025/03/01;393.21;393;;;;;
C0932;Naledi;Martinez;naledi.martinez932@example.com;555-8484;2022/08/01;Bronze;13346;T00932;2025/12/21;440.67;441;;;;;
C0933;Olivia;Hall;olivia.hall933@example.com;555-8521;2022/09/29;Silver;5246;T00933;2025/05/18;411.53;412;;;;;
C0934;Joseph;Botha;joseph.botha934@example.com;555-8558;2024/07/22;Gold;13641;T00934;2025/03/13;709.11;709;R3;Coffee Mug;1500;2025/03/06;1500
C0935;Lerato;Clark;lerato.clark935@example.com;555-8595;2022/08/23;Platinum;14445;T00935;2025/04/07;857.74;858;R7;Wireless Earbuds;7500;2025/08/06;7500
C0936;Jessica;Naidoo;jessica.naidoo936@example.com;555-8632;2024/10/12;Bronze;11984;T00936;2025/05/03;317.72;318;;;;;
C0937;Robert;Taylor;robert.taylor937@example.com;555-8669;2025/09/23;Silver;3321;T00937;2025/10/19;386.44;386;;;;;
C0938;Grace;Dlamini;grace.dlamini938example.com;555-8706;2024/09/04;Gold;1170;T00938;2025/07/27;65.38;650;;;;;
C0939;Peter;Johnson;peter.johnson939@example.com;555-8743;2024/02/22;Platinum;7222;T00939;2025/01/01;92.67;93;;;;;
C0940;DAVID;King;david.king940@example.com;555-8780;2025/12/12;Bronze;11205;T00940;2025/08/29;352.42;352;R1;$5 Gift Voucher;500;2025/12/16;500
C0941;Charlotte;Brown;charlotte.brown941@example.com;555-8817;2024/02/28;Silver;12353;T00941;2025/12/22;981.08;981;;;;;
C0942;;Walker;thabo.walker942@example.com;555-8854;2024/11/20;Gold;11770;T00942;2025/04/23;599.48;599;R4;T-Shirt;2000;2025/05/01;2000
C0943;Michael;Pillay;michael.pillay943@example.com;555-8891;2022/08/27;Platinum;5727;T00942;2025/09/16;582.16;582;;;;;
C0944; Sophia ;Davis;sophia.davis944@example.com;555-8928;2024/05/24;Bronze;11800;T00944;2025/07/15;977.92;978;;;;;
C0945;Thomas;Mokoena;thomas.mokoena945@example.com;555-8965;2022/02/10;Silver;12239;T00945;2025/02/18;318.1;318;;;;;
C0946;Aisha;Smith;;555-9002;2025/07/19;Gold;9862;T00946;2025/01/30;743.21;743;;;;;
C0947;Emma;Green;emma.green947@example.com;555-9039;2022/09/16;Platinum;842;T00947;2025/03/08;947.39;947;;;;;
C0948;William;Moore;william.moore948@example.com;555-9076;2022/10/30;Bronze;639;T00948;2025/08/20;697.03;697;R99;Unknown Reward;999;2025/08/20;999
C0949;Nomsa;Young;nomsa.young949@example.com;;2022/02/22;Silver;13228;T00949;2025/07/05;82.22;82;;;;;
C0949;Nomsa;Young;nomsa.young949@example.com;;2022/02/22;Silver;13228;T00949;2025/07/05;82.22;82;;;;;
C0951;James;Lewis;james.lewis951@example.com;555-9187;2025/07/15;Platinum;6045;T00951;2025/04/13;399.26;399;;;;;
C0952;Amelia;Khumalo;amelia.khumalo952@example.com;555-9224;2025/05/16;Bronze;4536;T00952;2025/04/13;297.83;298;R4;T-Shirt;2000;2025/04/15;2000
C0953;Sipho;Wilson;sipho.wilson953@example.com;555-9261;2025/06/30;Silver;3143;T00953;2025/08/15;16.73;17;R6;VIP Event Access;5000;2025/04/26;5000
C0954;Daniel;nkosi;daniel.nkosi954@example.com;555-9298;2023/02/21;Gold;3394;T00954;2025/05/09;74.59;75;;;;;
C0955;Emily;Williams;emily.williams955@example.com;555-9335;;Platinum;7056;T00955;2025/02/12;700.0;700;;;;;
C0956;Samuel;Wright;samuel.wright956@example.com;555-9372;2022/11/12;Bronze;5753;T00956;2025/10/30;253.9;254;;;;;
C0957;Naledi;Martinez;naledi.martinez957@example.com;555-9409;2025/04/03;Silver;28;T00957;2025/01/29;630.95;631;;;;;
C0958;Olivia;Hall;olivia.hall958@example.com;555-9446;2022/09/23;Gold;12660;T00958;2025/09/24;617.22;617;R7;Wireless Earbuds;7500;2025/01/17;7500
C0959;Joseph;Botha;joseph.botha959@example.com;555-9483;2024/04/15;Platinum;14798;T00959;2025/04/06;187.86;188;;Coffee Mug;1500;2025/04/06;1500
C0960;Lerato;Clark;lerato.clark960@example.com;555-9520;2024/04/24;Bronze;4042;T00960;2025/07/04;726.77;727;;;;;
C0961;Jessica;Naidoo;jessica.naidoo961@example.com;555-0000;2023/07/11;Silver;13178;T00961;2025/09/30;883.1;883;;;;;
C0962;Robert;Taylor;duplicate.customer@example.com;555-9594;2023/08/22;Gold;11170;T00962;2025/08/15;713.29;713;;;;;
C0963;Grace;Dlamini;grace.dlamini963@example.com;555-9631;2022/10/08; Platinum ;9883;T00963;2025/10/20;302.31;302;R6;VIP Event Access;5000;2025/03/25;5000
C0964;Peter;Johnson;peter.johnson964@example.com;555-9668;2023/07/29;Bronze;11950;T00964;2025/05/04;611.05;611;R3;Coffee Mug;1500;2025/10/12;1500
C0965;David;King;david.king965@example.com;555-9705;2024/02/22;Silver;3480;T00965;2025/04/24;651.6;652;;;;;
C0966;Charlotte;Brown;charlotte.brown966@example.com;555-9742;2023/08/14;Gold;3411;T00966;2025/12/03;535.53;536;R4;T-Shirt;2000;2025/07/06;2000
C0967;Thabo;Walker;thabo.walker967@example.com;555-9779;2025/05/05;Platinum;6488;T00967;2025/07/27;423.85;424;R4;T-Shirt;2000;2025/10/22;2000
C0968;Michael;Pillay;michael.pillay968@example.com;555-9816;2024/08/02;Bronze;29;T00968;2025/10/18;673.7;674;;;;;
C0969;Sophia;Davis;sophia.davis969@example.com;555-9853;2025/03/10;Silver;3311;T00969;2025/04/03;565.77;566;R3;Coffee Mug;1500;2025/06/19;1500
C0970;Thomas;Mokoena;thomas.mokoena970@example.com;555-9890;2025/03/20;Gold;4369;T00970;2025/05/10;0;852;;;;;
C0971;Aisha;Smith;aisha.smith971@example.com;555-9927;2023/06/15;Platinum;5110;T00971;2025/05/26;372.98;373;R4;T-Shirt;2000;2025/07/21;2000
C0972;Emma;Green;emma.green972@example.com;555-9964;2024/09/21;Bronze;11728;T00972;2025/03/27;412.6;413;;;;;
C0973;William;Moore;william.moore973@example.com;555-1001;2025/04/20;Platnium;5676;T00973;2025/03/12;427.47;427;R1;$5 Gift Voucher;500;2025/04/27;500
C0974;Nomsa;Young;nomsa.young974@example.com;555-1038;2023/07/04;Gold;12533;T00974;2025/01/29;493.04;493;;;;;
C0975;Sarah;Anderson;sarah.anderson975@example.com;555-1075;2023/05/16;Platinum;9633;T00975;2025/12/05;482.83;483;;;;;
C0976;James;Lewis;james.lewis976@example.com;555-1112;2022/08/21;bronze;12919;T00976;2025/03/25;231.4;231;R5;Free Shipping;750;2025/05/14;750
C0977;Amelia;Khumalo;amelia.khumalo977@example.com;555-1149;2023/01/29;Silver;14115;T00977;2025/02/24;781.45;781;R7;Wireless Earbuds;7500;2025/12/23;7500
 C0978 ;Sipho;Wilson;sipho.wilson978@example.com;555-1186;2022/03/25;Gold;5795;T00978;2025/01/03;120.69;121;;;;;
C0979;Daniel;Nkosi; daniel.nkosi979@example.com ;555-1223;2022/11/21;Platinum;7646;T00979;2025/06/28;-641.96;642;R3;Coffee Mug;1500;2025/02/05;1500
C0980;Emily;Williams;emily.williams980@example.com;555-1260;2025/01/05;Bronze;802;T00980;2025/10/11;385.0;385;;;;;
C0981;Samuel;Wright;samuel.wright981@example.com;555-1297;2022/11/10;Silver;-500;T00981;2025/06/26;521.26;521;;;;;
C0982;Naledi;Martinez;naledi.martinez982@example.com;555-1334;2022/05/22;Gold;2853;T00982;2025/02/09;550.9;551;;;;;
C0983;Olivia;Hall;olivia.hall983@example.com;555-1371;2023/03/11;Platinum;5942;T00983;2025/09/25;563.99;564;;;;;
C0984;Joseph;Botha;joseph.botha984@example.com;555-1408;2023/07/11;Bronze;453;T00983;2025/07/25;573.59;574;;;;;
C0985;Lerato;Clark;lerato.clark985@example.com;555-1445;2023/11/01;Silver;3042;T00985;2025/01/02;531.56;532;;;;;
C0986;Jessica;Naidoo;jessica.naidoo986@example.com;555-1482;2022/03/19;Gold;9123;T00986;2025/08/06;599.13;599;;;;;
C0987;ROBERT;Taylor;robert.taylor987@example.com;555-1519;2023/05/19;Platinum;6178;T00987;2025/06/21;760.37;760;;;;;
C0988;Grace;Dlamini;grace.dlamini988@example.com;555-1556;2023/03/18;Bronze;3805;T00988;2025/12/13;76.45;76;;;;;
C0989;Peter;Johnson;;555-1593;2022/07/31;Silver;7845;T00989;2025/04/03;691.53;692;;;;;
C0990;David;King;david.king990@example.com;555-1630;2022/06/25;Gold;4270;T00990;2025/06/26;433.08;433;;;;;
C0991;Charlotte;Brown;charlotte.brown991@example.com;555-1667;2023/09/08;Platinum;1288;T00991;2025/01/09;646.36;646;;;;;
C0992;Thabo;Walker;thabo.walker992@example.com;555-0000;2025/06/03;Bronze;1154;T00992;2025/03/23;232.32;232;R5;Free Shipping;750;2025/02/25;750
C0993;Michael;Pillay;michael.pillay993@example.com;555-1741;2024/04/08;Silver;13017;T00993;2025/06/28;695.11;695;;;;;
C0994;Sophia;Davis;sophia.davis994@example.com;555-1778;2022/09/11;Gold;6377;T00994;2022/08/12;769.11;769;R1;$5 Gift Voucher;500;2025/12/09;500
C0995;Thomas;Mokoena;thomas.mokoena995@example.com;555-1815;2023/03/20;Platinum;264;T00995;2025/02/02;363.86;364;;;;;
C0996;Aisha;Smith;aisha.smith996@example.com;(555) 1852;2023/07/04;BRONZE;10301;T00996;2025/06/13;642.27;642;R4;T-Shirt;2000;2025/05/30;2000
C0997;Emma;Green;emma.green997@example.com;555-1889;2025/03/05;Silver;2578;T00997;2025/07/19;415.46;415;;;;;
C0001;James;Lewis;james.lewis1@example.com;555-1037;2022/06/26;Silver;3837;T00998;2025/11/16;222.27;222;;;;;
C0002;Amelia;Khumalo;duplicate.customer@example.com;555-1074;2023/11/12;Gold;5239;T00999;2025/07/09;420.79;421;R3;Coffee Mug;1500;2025/07/30;1500
C0002;Amelia;Khumalo;duplicate.customer@example.com;555-1074;2023/11/12;Gold;5239;T00999;2025/07/09;420.79;421;R3;Coffee Mug;1500;2025/07/30;1500
C0004;Daniel;Nkosi;daniel.nkosi4@example.com;555-1148;2024/04/25;Bronze;8610;T01001;2025/08/28;965.76;966;;;;;
C0005;Emily;;emily.williams5@example.com;555-1185;2024/11/24;Silver;9686;T01002;2025/03/28;867.76;868;;;;;
C0006; Samuel ;Wright;samuel.wright6@example.com;555-1222;2023/01/12;Gold;13467;T01003;2025/02/18;170.07;170;R2;$10 Gift Voucher;1000;2025/05/31;1000
C0007;Naledi;Martinez;naledi.martinez7@example.com;555-1259;2022/10/13;Platinum;3711;T01004;2025/10/10;841.35;841;R1;$5 Gift Voucher;500;2025/10/29;500
C0008;Olivia;Hall;olivia.hall8example.com;555-1296;2024/08/26;Bronze;10414;T01005;2025/01/10;425.6;4260;;;;;
C0009;Joseph;Botha;joseph.botha9@example.com;555-1333;2025/01/01;Silver;7549;T01006;2025/07/19;372.85;373;;;;;
C0010;Lerato;clark;lerato.clark10@example.com;555-1370;2025/06/11;Gold;4678;T01007;2025/09/08;64.72;65;;;;;
C0011;Jessica;Naidoo;jessica.naidoo11@example.com;555-1407;2024/12/07;Platinum;10456;T01008;2025/04/14;408.28;408;R5;Free Shipping;750;2025/06/07;750
C0012;Robert;Taylor;robert.taylor12@example.com;555-1444;2025/07/05;Bronze;5300;T01009;2025/05/06;21.52;22;;;;;
C0013;Grace;Dlamini;GRACE.DLAMINI13@EXAMPLE.COM;555-1481;2023/06/23;Silver;10458;T01010;2025/07/03;141.24;-100;;;;;
C0014;Peter;Johnson;peter.johnson14@example.com;555-1518;2025/04/16;Gold;9571;T01011;2025/11/23;112.79;113;R3;Coffee Mug;1500;2025/03/05;1500
C0015;David;King;david.king15@example.com;555-1555;2022/07/07;Platinum;4826;T01012;2025/07/02;819.17;819;;;;;
C0016;Charlotte;Brown;charlotte.brown16@example.com;555-1592;2024/11/21;Bronze;11137;T01013;2025/03/17;754.59;755;;;;;
C0017;Thabo;Walker;thabo.walker17@example.com;555-1629;2025/03/23;Silver;4355;T01014;2025/03/25;903.73;904;;;;;
C0018;Michael;Pillay;michael.pillay18@example.com;555-1666;2025/01/18;Gold;552;T01015;2025/07/16;877.35;877;R4;T-Shirt;2000;2025/09/16;2000
C0019;Sophia;Davis;sophia.davis19@example.com;555-1703;2022/10/03;Platinum;3261;T01016;2025/12/27;;348;R5;Free Shipping;750;2025/05/17;750
C0020;Thomas;Mokoena;thomas.mokoena20@example.com;555-1740;2025/08/18;Bronze;9946;;2025/11/25;757.68;758;R4;T-Shirt;2000;2025/09/10;2000
C0021;Aisha;Smith;aisha.smith21@example.com;555-1777;2024/09/10;Silver;13357;T01018;2025/03/08;618.11;618;R5;Free Shipping;750;2025/06/25;750
C0022;Emma;Green;emma.green22@example.com;555-1814;2024/09/18;Gold;11557;T01019;2025/06/27;681.71;682;;;;;
C0023;William;Moore;william.moore23@example.com;555-1851;2025/10/19;Platinum;7916;T01020;2025/07/14;540.48;540;;;;;
C0024;Nomsa;Young;nomsa.young24@example.com;555-1888;2023/02/02;Bronze;11583;T01021;2025/11/10;995.29;995;;;;;
C0025;Sarah;Anderson;sarah.anderson25@example.com;;2023/11/05;Silver;13125;T01022;2025/03/14;870.31;870;;;;;
C0026;James;Lewis;james.lewis26@example.com;555-0000;2022/02/10;Gold;3603;T01023;2025/10/23;400.59;401;R3;Coffee Mug;1500;2025/08/07;1500
C0027;Amelia;Khumalo;amelia.khumalo27@example.com;555-1999;2025/12/26;Platinum;6128;T01024;2025/11/03;791.33;791;R4;T-Shirt;2000;2025/03/09;2000
C0028;Sipho;Wilson;sipho.wilson28@example.com;555-2036;2024/02/29;Bronze;12633;T01024;2025/09/07;238.02;238;R4;T-Shirt;2000;2025/09/03;2000
C0029;Daniel;Nkosi;daniel.nkosi29@example.com;555-2073;2022/05/01;Silver;11039;T01026;2025/05/17;223.85;224;R1;$5 Gift Voucher;500;2025/07/20;500
C0030;Emily;Williams;emily.williams30@example.com;555-2110;2023/06/14;Gold;14180;T01027;2025/09/25;933.79;934;R99;Unknown Reward;999;2025/09/25;999
C0031;Samuel;Wright;samuel.wright31@example.com;555-2147;2024/03/06;Platinum;4898;T01028;2025/06/27;371.37;371;R7;Wireless Earbuds;7500;2025/04/26;7500
C0032;Naledi;Martinez;naledi.martinez32@example.com;555-2184;2024/02/12;Bronze;427;T01029;2025/12/09;205.38;205;;;;;
C0033;Olivia;Hall;olivia.hall33@example.com;555-2221;2022/10/23;Silver;12350;T01030;2025/07/21;720.59;721;R1;$10 Gift Voucher;500;2025/07/21;1000
C0034;Joseph;Botha;joseph.botha34@example.com;555-2258;2025/09/01;Gold;14938;T01031;2025/07/02;585.87;586;R7;Wireless Earbuds;7500;2025/10/13;7500
C0035;Lerato;Clark;;555-2295;2022/08/08;Platinum;2329;T01032;2025/11/16;517.54;518;R6;VIP Event Access;5000;2025/11/01;5000
C0036;Jessica;Naidoo;jessica.naidoo36@example.com;555-2332;2025/10/22;Bronze;7366;T01033;2025/09/12;274.19;274;;;;;
C0037;ROBERT;Taylor;robert.taylor37@example.com;555-2369;2022/02/07;Silver;9643;T01034;2025/12/20;286.29;286;R7;Wireless Earbuds;7500;2025/06/15;7500
C0038;Grace;Dlamini;grace.dlamini38@example.com;555-2406;2025/09/02;Gold;8572;T01035;2025/09/15;813.66;814;;;;;
C0039;Peter;Johnson;duplicate.customer@example.com;555-2443;2022/05/14;Platinum;5412;T01036;2025/05/09;901.79;902;;;;;
C0040;David;King;david.king40@example.com;555-2480;2024/03/07;bronze;3007;T01037;2025/10/13;285.02;285;;;;;
C0041;Charlotte;Brown;charlotte.brown41@example.com;555-2517;2022/10/18;;1845;T01038;2025/02/21;794.67;795;;;;;
C0042;Thabo;Walker;thabo.walker42@example.com;555-2554;2024/10/20;Gold;4368;T01039;2025/12/06;46.88;47;;;;;
C0043;Michael;Pillay;michael.pillay43@example.com;555-2591;2023/07/11;Platinum;6103;T01040;2025/11/16;337.39;337;;;;;
C0044;Sophia;Davis;sophia.davis44@example.com;555-2628;2025/08/08;Bronze;9441;T01041;2025/04/11;955.68;956;;;;;
C0045;Thomas;Mokoena;thomas.mokoena45@example.com;555-2665;2024/03/09;Silver;6079;T01042;2025/10/20;660.15;660;;;;;
C0046;Aisha;Smith;aisha.smith46@example.com;555-2702;2024/10/24;Gold;124;T01043;2025/11/24;305.66;306;R7;;7500;;
C0047;Emma;Green;emma.green47@example.com;555-2739;2025/03/13;Platinum;6862;T01044;2025/08/07;95.54;96;;;;;
C0048;William;Moore;william.moore48@example.com;555-2776;2025/09/08;Bronze;9561;T01045;2025/06/01;266.78;267;;;;;
C0049;Nomsa;Young;nomsa.young49@example.com;555-2813;2022/07/20;Silver;2642;T01046;2025/08/31;143.05;143;;;;;
C0050;Sarah;Anderson;sarah.anderson50@example.com;555-2850;2024/02/16;Gold;5468;T01047;2025/12/03;65.7;66;;;;;
C0051;James;Lewis;james.lewis51@example.com;555-2887;2022/09/11;Platinum;;T01048;2025/12/15;986.12;986;;;;;
C0052;Amelia;Khumalo;amelia.khumalo52@example.com;555-2924;2025/12/26;Bronze;1407;T01049;2025/11/23;951.17;951;R1;$5 Gift Voucher;500;2025/01/20;500
C0052;Amelia;Khumalo;amelia.khumalo52@example.com;555-2924;2025/12/26;Bronze;1407;T01049;2025/11/23;951.17;951;R1;$5 Gift Voucher;500;2025/01/20;500
C0054;Daniel;Nkosi;daniel.nkosi54@example.com;555-2998;2025/10/24;Gold;10690;T01051;2025/03/08;786.55;787;;;;;
C0055;Emily;Williams;emily.williams55@example.com;555-3035;2023/02/27;Platinum;3023;T01052;2025/02/04;399.99;400;R4;T-Shirt;2000;2025/08/21;2000
C0056;Samuel;Wright;samuel.wright56@example.com;555-3072;2022/05/03;Bronze;13449;T01053;2025/05/02;85.9;86;R7;Wireless Earbuds;7500;2025/09/24;7500
C0057;Naledi;Martinez;naledi.martinez57@example.com;555-0000;2023/06/05;Silver;12285;T01054;2025/12/21;853.91;854;;;;;
C0058;Olivia;Hall;olivia.hall58@example.com;555-3146;2022/01/30;Gold;11382;T01055;2025/02/24;274.24;274;R2;$10 Gift Voucher;1000;2025/07/30;1000
C0059;Joseph;Botha;joseph.botha59@example.com;555-3183;2022/04/27;Platinum;9228;T01056;2025/11/12;512.96;513;;;;;
c0060;Lerato;Clark;lerato.clark60@example.com;555-3220;2024/12/18;Bronze;1715;T01057;2025/10/04;163.75;164;R7;Wireless Earbuds;7500;2025/12/13;7500
C0061;Jessica;Naidoo;jessica.naidoo61@example.com;555-3257;2024/03/31;Silver;11657;T01058;2025/11/01;409.16;409;;;;;
C0062;Robert;Taylor;robert.taylor62@example.com;555-3294;2022/06/10;Gold;10979;T01059;2025/03/25;673.42;673;;;;;
C0063;Grace;dlamini;grace.dlamini63@example.com;555-3331;2025/06/15;Platinum;10232;T01060;2025/08/26;928.53;929;;;;;
C0064;Peter;Johnson;peter.johnson64@example.com;555-3368;2023/07/24;Bronze;14219;T01061;2025/12/06;688.24;688;R1;$5 Gift Voucher;500;2025/09/06;500
C0065; David ;King;david.king65@example.com;555-3405;2024/05/16;Silver;4387;T01062;2025/05/10;319.65;320;;;;;
C0066;Charlotte;Brown;charlotte.brown66@example.com;555-3442;2025/01/01;Gold;7174;T01063;2025/07/12;603.89;604;;;;;
C0067;Thabo;Walker;thabo.walker67@example.com;555-3479;2024/05/31;Platinum;3742;T01064;2025/08/29;550.81;551;;;;;
C0068;Michael;Pillay;michael.pillay68@example.com;555-3516;2025/04/04;Bronze;10148;T01065;2025/03/05;583.93;584;;;;;
C0069;Sophia;Davis;sophia.davis69@example.com;555-3553;2024/05/30;Silver;12856;T01065;2025/10/31;24.48;24;;;;;
C0070;Thomas;Mokoena;thomas.mokoena70@example.com;555-3590;2025/04/08;Gold;4677;T01067;2025/04/20;0;362;R1;$5 Gift Voucher;500;2025/12/26;500
C0071;Aisha;Smith; aisha.smith71@example.com ;555-3627;2025/10/30;Platinum;5199;T01068;2025/03/22;-750.9;751;;;;;
C0072;Emma;Green;emma.green72@example.com;555-3664;2024/12/23;Bronze;14394;T01069;2025/11/19;510.49;510;;;;;
C0073;William;Moore;william.moore73@example.com;555-3701;2024/03/22; Silver ;10275;T01070;2025/05/20;391.78;392;R5;Free Shipping;750;2025/11/28;750
C0074;Nomsa;Young;nomsa.young74@example.com;555-3738;2023/10/20;Gold;8301;T01071;2025/05/10;366.81;367;R4;T-Shirt;2000;2025/06/05;2000
C0075;Sarah;Anderson;sarah.anderson75example.com;555-3775;2024/09/11;Platinum;4340;T01072;2025/06/12;10.03;100;R5;Free Shipping;750;2025/06/14;750
C0076;James;Lewis;duplicate.customer@example.com;555-3812;2024/02/03;Bronze;1622;T01073;2025/05/17;881.43;881;;;;;
C0077;Amelia;Khumalo;amelia.khumalo77@example.com;555-3849;2025/10/30;Silver;13688;T01074;2025/09/10;363.49;363;;;;;
C0078;Sipho;Wilson;;555-3886;2022/11/27;Gold;2685;T01075;2025/03/09;678.94;679;R2;$10 Gift Voucher;1000;2025/10/22;1000
C0079;Daniel;Nkosi;daniel.nkosi79@example.com;555-3923;2022/01/14;Platinum;10413;T01076;2025/05/24;294.38;294;R5;Free Shipping;750;2025/04/10;750
C0080;Emily;Williams;emily.williams80@example.com;555-3960;2025/06/15;Bronze;5868;T01077;2025/11/01;435.07;435;;;;;
C0081;Samuel;Wright;samuel.wright81@example.com;555-3997;2023/04/24;Silver;7356;T01078;2025/02/19;811.44;811;R5;Free Shipping;750;2025/08/28;750
C0082;Naledi;Martinez;naledi.martinez82@example.com;(555) 4034;2023/01/06;GOLD;12138;T01079;2025/11/28;580.76;581;;;;;
C0083;Olivia;Hall;olivia.hall83@example.com;555-4071;2024/06/10;Platinum;14854;T01080;2025/08/24;53.15;53;R6;VIP Event Access;5000;2025/01/09;5000
C0084;JOSEPH;Botha;joseph.botha84@example.com;555-4108;2025/09/15;Bronze;11385;T01081;2025/05/24;628.49;628;;;;;
C0085;Lerato;Clark;lerato.clark85@example.com;555-4145;2025/04/24;Silver;10586;T01082;2025/04/22;135.75;136;;;;;
C0086;Jessica;Naidoo;jessica.naidoo86@example.com;555-4182;2024/07/05;Gold;11005;T01083;2025/10/14;737.81;738;;;;;
C0087;Robert;Taylor;robert.taylor87@example.com;555-4219;2023/07/09;Platinum;14916;T01084;2025/05/25;330.75;331;;;;;
C0088;Grace;Dlamini;grace.dlamini88@example.com;555-0000;2022/01/09;Bronze;12474;T01085;2025/05/11;277.73;278;;;;;
;Peter;Johnson;peter.johnson89@example.com;555-4293;2025/01/06;Silver;1617;T01086;2025/04/24;561.02;561;;;;;
C0090;David;King;david.king90@example.com;555-4330;2024/02/17;Gold;11582;T01087;2025/04/04;342.56;343;;;;;
C0091;Charlotte;Brown;charlotte.brown91@example.com;555-4367;2023/03/22;Platinum;12805;T01088;2025/10/19;982.94;983;R5;Free Shipping;750;2025/03/30;750
C0092;Thabo;Walker;thabo.walker92@example.com;555-4404;2023/07/18;Bronze;5358;T01089;2025/04/13;365.41;365;;;;;
C0093;Michael;Pillay;michael.pillay93@example.com;555-4441;2022/12/29;Silver;-500;T01090;2025/06/22;924.22;924;;;;;
C0094;Sophia;Davis;sophia.davis94@example.com;555-4478;2024/05/27;Gold;6251;T01091;2025/01/28;673.11;673;;;;;
C0095;Thomas;Mokoena;thomas.mokoena95@example.com;555-4515;2022/05/28;Platinum;4356;T01092;2025/08/18;13.2;13;;;;;
C0096;Aisha;Smith;aisha.smith96@example.com;555-4552;2022/08/15;Bronze;8291;T01093;2025/06/18;278.0;278;R1;$5 Gift Voucher;500;2025/07/04;500
C0097;Emma;Green;emma.green97@example.com;555-4589;2022/10/08;Silver;11154;T01094;2025/09/26;945.64;946;;;;;
C0098;William;Moore;william.moore98@example.com;;2023/08/26;Gold;11710;T01095;2025/09/06;838.56;839;;;;;
C0099;Nomsa;Young;nomsa.young99@example.com;555-4663;2025/09/21;Platinum;14164;T01096;2025/10/17;855.43;855;;Coffee Mug;1500;2025/10/17;1500
C0100;Sarah;Anderson;sarah.anderson100@example.com;555-4700;2022/02/18;Bronze;1753;T01097;2025/07/21;400.85;401;;;;;
C0101;James;Lewis;james.lewis101@example.com;555-4737;2023/10/31;silver;10916;T01098;2025/08/10;531.42;531;R7;Wireless Earbuds;7500;2025/09/26;7500
C0102;;Khumalo;amelia.khumalo102@example.com;555-4774;2023/05/17;Gold;12327;T01099;2025/09/15;191.73;192;R6;VIP Event Access;5000;2025/09/02;5000
C0102;;Khumalo;amelia.khumalo102@example.com;555-4774;2023/05/17;Gold;12327;T01099;2025/09/15;191.73;192;R6;VIP Event Access;5000;2025/09/02;5000
C0104;Daniel;Nkosi;daniel.nkosi104@example.com;555-4848;2022/03/26;Bronze;836;T01101;2025/05/11;284.91;285;;;;;
C0105;Emily;Williams;emily.williams105@example.com;555-4885;2024/12/11;Silver;8286;T01102;2025/11/01;941.9;942;;;;;
C0106;Samuel;Wright;samuel.wright106@example.com;555-4922;2025/09/01;Gold;5496;T01103;2025/11/02;320.08;320;;;;;
C0107;Naledi;Martinez;naledi.martinez107@example.com;555-4959;2022/08/29;Platinum;4831;T01104;2025/07/04;750.72;751;R1;$5 Gift Voucher;500;2025/04/15;500
C0108;Olivia;Hall;olivia.hall108@example.com;555-4996;2024/03/22;Bronze;12639;T01105;2025/04/20;592.19;592;;;;;
C0109;Joseph;Botha;joseph.botha109@example.com;555-5033;2025/04/01;Silver;858;T01106;2025/11/28;536.39;536;R99;Unknown Reward;999;2025/11/28;999
C0110;Lerato;Clark;lerato.clark110@example.com;555-5070;2022/07/29;Gold;7908;T01106;2025/11/13;290.65;291;;;;;
C0111;Jessica;Naidoo;jessica.naidoo111@example.com;555-5107;2024/11/15;Platinum;13404;T01108;2025/02/07;831.39;831;R5;Free Shipping;750;2025/07/04;750
C0112;Robert;Taylor;robert.taylor112@example.com;555-5144;2024/03/23;Bronze;6194;T01109;2025/03/01;24.76;25;;;;;
C0113;Grace;Dlamini;duplicate.customer@example.com;555-5181;2023/06/22;Silver;12328;T01110;2025/04/23;675.92;676;;;;;
C0114;Peter;Johnson;PETER.JOHNSON114@EXAMPLE.COM;555-5218;2025/05/16;Gold;4127;T01111;2025/01/02;70.74;-100;;;;;
C0115;David;King;david.king115@example.com;555-5255;2022/03/23;Platnium;10898;T01112;2025/05/09;601.69;602;;;;;
C0116;Charlotte;brown;charlotte.brown116@example.com;555-5292;2023/01/20;Bronze;13588;T01113;2025/03/29;634.18;634;;;;;
C0117;Thabo;Walker;thabo.walker117@example.com;555-5329;2023/10/27;Silver;9964;T01114;2025/10/29;410.04;410;;;;;
C0118;Michael;Pillay;michael.pillay118@example.com;555-5366;2023/08/04;Gold;6641;T01115;2025/01/31;646.14;646;;;;;
C0119;Sophia;Davis;sophia.davis119@example.com;555-0000;2025/09/07;Platinum;3956;T01116;2025/04/22;497.81;498;R1;$5 Gift Voucher;500;2025/02/10;500
C0120;Thomas;Mokoena;thomas.mokoena120@example.com;555-5440;2022/04/18;Bronze;14858;T01117;2025/03/03;48.03;48;R3;Coffee Mug;1500;2025/09/07;1500
C0121;Aisha;Smith;;555-5477;2024/11/19;Silver;14015;T01118;2025/05/15;479.46;479;;;;;
C0122;Emma;Green;emma.green122@example.com;555-5514;2023/09/12;Gold;100;T01119;2025/01/31;439.38;439;;;;;
C0123;William;Moore;william.moore123@example.com;555-5551;2024/08/28;Platinum;11155;T01120;2025/06/10;15.86;16;;;;;
C0124; Nomsa ;Young;nomsa.young124@example.com;555-5588;2024/08/25;Bronze;9904;T01121;2025/10/24;122.41;122;;;;;
C0125;Sarah;Anderson;sarah.anderson125@example.com;555-5625;2023/03/01;Silver;1435;T01122;2025/06/10;940.26;940;;;;;
C0126;James;Lewis;james.lewis126@example.com;555-5662;2025/11/04;Gold;5378;T01123;2025/10/28;527.46;527;;;;;
C0127;Amelia;Khumalo;amelia.khumalo127@example.com;555-5699;2024/12/22;Platinum;9262;T01124;2025/01/02;915.85;916;;;;;
C0128;Sipho;Wilson;sipho.wilson128@example.com;555-5736;2022/05/01;Bronze;1226;T01125;2025/09/13;106.76;107;;;;;
C0129;Daniel;Nkosi;daniel.nkosi129@example.com;555-5773;2022/09/27;Silver;2663;T01126;2025/10/05;890.14;890;;;;;
C0130;Emily;Williams;emily.williams130@example.com;555-5810;2024/10/05;Gold;8101;T01127;2025/06/01;104.26;104;;;;;
C0131;SAMUEL;Wright;samuel.wright131@example.com;555-5847;2022/08/25;Platinum;8518;T01128;2025/12/10;324.69;325;;;;;
C0132;Naledi;Martinez;naledi.martinez132@example.com;555-5884;2025/04/17;Bronze;7324;T01129;2025/04/15;504.77;505;;;;;
C0133;Olivia;Hall;olivia.hall133@example.com;555-5921;2022/03/17;Silver;13650;;2025/10/19;891.25;891;R6;VIP Event Access;5000;2025/02/07;5000
C0134;Joseph;Botha;joseph.botha134@example.com;555-5958;2024/09/13;Gold;12811;T01131;2025/07/15;506.96;507;;;;;
C0135;Lerato;Clark;lerato.clark135@example.com;555-5995;2024/09/02;Platinum;9681;T01132;2025/03/11;971.27;971;;;;;
C0136;Jessica;Naidoo;jessica.naidoo136@example.com;555-6032;2025/02/11;Bronze;7889;T01133;2025/12/05;329.96;330;R1;$10 Gift Voucher;500;2025/12/05;1000
C0137;Robert;Taylor;robert.taylor137@example.com;555-6069;2024/07/20;Silver;8517;T01134;2025/08/17;174.62;175;R1;$5 Gift Voucher;500;2025/03/26;500
C0138;Grace;Dlamini;grace.dlamini138@example.com;555-6106;2025/08/04;Gold;10759;T01135;2025/08/30;638.16;638;;;;;
C0139;Peter;Johnson;peter.johnson139@example.com;555-6143;2024/07/21;Platinum;2911;T01136;2024/06/21;784.36;784;R5;Free Shipping;750;2025/05/12;750
C0140;David;King;david.king140@example.com;555-6180;2022/09/19;Bronze;9305;T01137;2025/11/02;276.13;276;R2;$10 Gift Voucher;1000;2025/10/29;1000
C0141;Charlotte;Brown;charlotte.brown141@example.com;555-6217;2025/08/14;Silver;9178;T01138;2025/12/12;445.28;445;;;;;
C0142;Thabo;Walker;thabo.walker142example.com;555-6254;2023/02/15;Gold;5716;T01139;2025/09/19;722.38;7220;;;;;
C0143;Michael;Pillay;michael.pillay143@example.com;555-6291;2024/03/11;Platinum;3304;T01140;2025/01/24;396.42;396;;;;;
 C0144 ;Sophia;Davis;sophia.davis144@example.com;555-6328;2023/10/26;Bronze;5455;T01141;2025/08/04;449.13;449;;;;;
C0145;Thomas;Mokoena;thomas.mokoena145@example.com;555-6365;2022/03/02;Silver;7526;T01142;2025/08/29;563.87;564;;;;;
C0146;Aisha;Smith;aisha.smith146@example.com;555-6402;2023/12/24;Gold;1027;T01143;2025/05/14;;757;;;;;
C0147;Emma;Green;emma.green147@example.com;555-6439;2022/06/17;Platinum;5314;T01144;2025/05/23;928.39;928;;;;;
C0148;William;Moore;william.moore148@example.com;555-6476;2024/06/10;Bronze;11191;T01145;2025/03/08;523.18;523;;;;;
C0149;Nomsa;Young;nomsa.young149@example.com;555-6513;;Silver;11166;T01146;2025/05/29;237.35;237;;;;;
C0150;Sarah;Anderson;duplicate.customer@example.com;555-0000;2022/07/01;Gold;394;T01147;2025/12/08;62.4;62;;;;;
C0151;James;Lewis;james.lewis151@example.com;555-6587;2025/10/01;Platinum;13461;T01147;2025/10/13;937.76;938;R6;VIP Event Access;5000;2025/09/19;5000
C0152;Amelia;Khumalo;amelia.khumalo152@example.com;555-6624;2025/04/07;Bronze;3588;T01149;2025/09/06;59.61;60;;;;;
C0152;Amelia;Khumalo;amelia.khumalo152@example.com;555-6624;2025/04/07;Bronze;3588;T01149;2025/09/06;59.61;60;;;;;
C0154;Daniel;Nkosi;daniel.nkosi154@example.com;555-6698;2022/06/11;Gold;12341;T01151;2025/02/19;936.01;936;;;;;
C0155;Emily;Williams;emily.williams155@example.com;555-6735;2024/08/18;Platinum;10672;T01152;2025/10/15;716.53;717;;;;;
C0156;Samuel;Wright;samuel.wright156@example.com;555-6772;2024/06/19;Bronze;4887;T01153;2025/03/25;993.71;994;;;;;
C0157;Naledi;Martinez;naledi.martinez157@example.com;555-6809;2022/10/18;Silver;10478;T01154;2025/07/31;394.67;395;R4;T-Shirt;2000;2025/01/30;2000
C0158;Olivia;Hall;olivia.hall158@example.com;555-6846;2023/05/22;Gold;13012;T01155;2025/01/16;873.44;873;;;;;
C0159;Joseph;Botha;joseph.botha159@example.com;555-6883;2025/01/15;Platinum;4340;T01156;2025/09/21;393.3;393;;;;;
C0160;Lerato;Clark; lerato.clark160@example.com ;555-6920;2024/02/04;Bronze;10510;T01157;2025/04/07;-479.47;479;;;;;
C0161;Jessica;Naidoo;jessica.naidoo161@example.com;555-6957;2024/02/23;Silver;5715;T01158;2025/04/14;316.55;317;R6;VIP Event Access;5000;2025/01/21;5000
C0162;Robert;Taylor;robert.taylor162@example.com;555-6994;2023/05/27;gold;1095;T01159;2025/12/30;635.62;636;R4;T-Shirt;2000;2025/12/13;2000
C0163;Grace;Dlamini;grace.dlamini163@example.com;555-7031;2024/06/19;Platinum;7932;T01160;2025/05/01;232.78;233;;;;;
C0164;Peter;Johnson;;555-7068;2025/06/04;Bronze;12215;T01161;2025/07/06;242.37;242;;;;;
C0165;David;King;david.king165@example.com;(555) 7105;2022/09/04;SILVER;12446;T01162;2025/06/26;606.54;607;;;;;
C0166;Charlotte;Brown;charlotte.brown166@example.com;555-7142;2023/03/09;Gold;1362;T01163;2025/10/25;170.07;170;R3;Coffee Mug;1500;2025/08/19;1500
C0167;Thabo;Walker;thabo.walker167@example.com;555-7179;2025/10/19;Platinum;5129;T01164;2025/11/07;0;226;R2;$10 Gift Voucher;1000;2025/02/07;1000
C0168;Michael;Pillay;michael.pillay168@example.com;555-7216;2022/12/28;Bronze;2411;T01165;2025/05/12;76.69;77;;;;;
C0169;Sophia;davis;sophia.davis169@example.com;555-7253;2022/10/02;Silver;14217;T01166;2025/09/16;244.77;245;;;;;
C0170;Thomas;Mokoena;thomas.mokoena170@example.com;555-7290;2022/08/27;Gold;5002;T01167;2025/09/30;582.36;582;;;;;
C0171;Aisha;Smith;aisha.smith171@example.com;;2023/03/01;Platinum;8094;T01168;2025/07/19;889.9;890;;;;;
C0172;Emma;;emma.green172@example.com;555-7364;2023/11/16;Bronze;3102;T01169;2025/06/20;527.69;528;;;;;
C0173;William;Moore;william.moore173@example.com;555-7401;2022/04/22;Silver;10003;T01170;2025/07/14;198.86;199;;;;;
C0174;Nomsa;Young;nomsa.young174@example.com;555-7438;2024/01/14;Gold;12968;T01171;2025/07/08;596.48;596;R5;Free Shipping;750;2025/06/16;750
C0175;Sarah;Anderson;sarah.anderson175@example.com;555-7475;2024/06/06;Platinum;1328;T01172;2025/06/20;303.35;303;;;;;
C0176;James;Lewis;james.lewis176@example.com;555-7512;2023/05/22;Bronze;5352;T01173;2025/03/27;450.56;451;;;;;
C0177;Amelia;Khumalo;amelia.khumalo177@example.com;555-7549;2023/11/26;Silver;13222;T01174;2025/02/27;216.85;217;;;;;
C0178;SIPHO;Wilson;sipho.wilson178@example.com;555-7586;2025/08/08;Gold;4261;T01175;2025/09/05;623.02;623;R7;Wireless Earbuds;7500;2025/01/03;7500
C0179;Daniel;Nkosi;daniel.nkosi179@example.com;555-7623;2022/01/24;Platinum;9464;T01176;2025/03/23;107.63;108;R6;VIP Event Access;5000;2025/12/17;5000
C0180;Emily;Williams;emily.williams180@example.com;555-7660;2023/09/06; Bronze ;14248;T01177;2025/09/30;935.53;936;;;;;
C0181;Samuel;Wright;samuel.wright181@example.com;555-0000;2022/06/09;Silver;8275;T01178;2025/08/08;580.0;580;;;;;
C0182;Naledi;Martinez;naledi.martinez182@example.com;555-7734;2025/03/06;Gold;;T01179;2025/12/21;478.41;478;;;;;
C0183; Olivia ;Hall;olivia.hall183@example.com;555-7771;2022/11/28;Platinum;7368;T01180;2025/10/21;262.87;263;R7;Wireless Earbuds;7500;2025/12/11;7500
C0184;Joseph;Botha;joseph.botha184@example.com;555-7808;2024/08/24;Bronze;6850;T01181;2025/01/30;577.4;577;;;;;
C0185;Lerato;Clark;lerato.clark185@example.com;555-7845;2025/05/12;Silver;11286;T01182;2025/12/29;931.85;932;;;;;
C0186;Jessica;Naidoo;jessica.naidoo186@example.com;555-7882;2022/01/02;Gold;2160;T01183;2025/10/10;735.25;735;;;;;
C0187;Robert;Taylor;duplicate.customer@example.com;555-7919;2023/05/26;Platinum;6797;T01184;2025/07/27;576.54;577;;;;;
C0188;Grace;Dlamini;grace.dlamini188@example.com;555-7956;2024/02/04;Bronze;12186;T01185;2025/01/05;707.97;708;R99;Unknown Reward;999;2025/01/05;999
C0189;Peter;Johnson;peter.johnson189@example.com;555-7993;2023/12/19;Silver;8850;T01186;2025/04/02;227.51;228;;;;;
C0190;David;King;david.king190@example.com;555-8030;2024/08/04;Gold;2993;T01187;2025/08/09;440.44;440;;;;;
C0191;Charlotte;Brown;charlotte.brown191@example.com;555-8067;2025/06/10;Platinum;5383;T01188;2025/08/24;48.28;48;R6;VIP Event Access;5000;2025/02/25;5000
C0192;Thabo;Walker;thabo.walker192@example.com;555-8104;2023/07/06;Bronze;7162;T01188;2025/04/07;164.0;164;;;;;
C0193;Michael;Pillay;michael.pillay193@example.com;555-8141;2023/01/01;Silver;7402;T01190;2025/11/23;404.17;404;;;;;
C0194;Sophia;Davis;sophia.davis194@example.com;555-8178;2023/01/29;Gold;9080;T01191;2025/06/09;123.07;123;;;;;
C0195;Thomas;Mokoena;thomas.mokoena195@example.com;555-8215;2024/06/05;Platinum;14831;T01192;2025/01/20;145.0;145;R7;;7500;;
C0196;Aisha;Smith;aisha.smith196@example.com;555-8252;2025/08/16;Bronze;4219;T01193;2025/01/23;654.36;654;;;;;
C0197;Emma;Green;emma.green197@example.com;555-8289;2022/06/04;Silver;9591;T01194;2025/05/03;812.78;813;;;;;
C0198;William;Moore;william.moore198@example.com;555-8326;2024/07/01;Gold;9679;T01195;2025/12/24;716.2;716;R2;$10 Gift Voucher;1000;2025/01/02;1000
C0199;Nomsa;Young;nomsa.young199@example.com;555-8363;2022/08/18;Platinum;9694;T01196;2025/04/22;322.98;323;;;;;
C0200;Sarah;Anderson;sarah.anderson200@example.com;555-8400;2022/11/02;Bronze;14548;T01197;2025/02/04;126.73;127;;;;;
C0201;James;Lewis;james.lewis201@example.com;555-8437;2024/09/16;Silver;8457;T01198;2025/02/03;256.45;256;;;;;
C0202;Amelia;Khumalo;amelia.khumalo202@example.com;555-8474;2024/01/27;Gold;-500;T01199;2025/11/03;642.35;642;;;;;
C0202;Amelia;Khumalo;amelia.khumalo202@example.com;555-8474;2024/01/27;Gold;-500;T01199;2025/11/03;642.35;642;;;;;
C0204;Daniel;Nkosi;daniel.nkosi204@example.com;555-8548;2023/12/02;Bronze;2134;T01201;2025/11/13;974.97;975;;;;;
C0205;Emily;Williams;emily.williams205@example.com;555-8585;2022/03/06;Silver;12739;T01202;2025/10/04;583.22;583;;;;;
C0206;Samuel;Wright;samuel.wright206@example.com;555-8622;2023/09/08;Gold;4462;T01203;2025/11/13;101.08;101;;;;;
C0207;Naledi;Martinez;;555-8659;2022/05/03;Platinum;5128;T01204;2025/11/23;122.72;123;R3;Coffee Mug;1500;2025/04/20;1500
C0208;Olivia;Hall;olivia.hall208@example.com;555-8696;2024/10/02;Bronze;9121;T01205;2025/04/11;504.25;504;;;;;
C0209;Joseph;Botha;joseph.botha209example.com;555-8733;2025/04/22;Silver;14902;T01206;2025/05/16;825.36;8250;;;;;
C0210;Lerato;Clark;lerato.clark210@example.com;555-8770;2025/07/19;Gold;5135;T01207;2025/06/19;444.93;445;;;;;
c0211;Jessica;Naidoo;jessica.naidoo211@example.com;555-8807;2023/04/28;Platinum;7916;T01208;2025/07/06;606.61;607;R3;Coffee Mug;1500;2025/03/16;1500
C0212;Robert;Taylor;robert.taylor212@example.com;555-0000;2025/04/02;Bronze;11104;T01209;2025/10/23;694.6;695;R1;$5 Gift Voucher;500;2025/06/01;500
C0213;Grace;Dlamini;grace.dlamini213@example.com;555-8881;2025/03/21;Silver;5291;T01210;2025/05/07;171.73;172;;;;;
C0214;Peter;Johnson;peter.johnson214@example.com;555-8918;2024/08/01;;2426;T01211;2025/06/27;966.9;967;;;;;
C0215;David;King;DAVID.KING215@EXAMPLE.COM;555-8955;2023/08/12;Platinum;165;T01212;2025/01/28;472.77;-100;R4;T-Shirt;2000;2025/07/24;2000
C0216;Charlotte;Brown;charlotte.brown216@example.com;555-8992;2023/12/29;Bronze;2939;T01213;2025/03/06;24.93;25;R1;$5 Gift Voucher;500;2025/05/25;500
C0217;Thabo;Walker;thabo.walker217@example.com;555-9029;2022/03/20;Silver;9679;T01214;2025/06/13;492.96;493;;;;;
C0218;Michael;Pillay;michael.pillay218@example.com;555-9066;2024/12/04;Gold;9098;T01215;2025/10/07;691.32;691;;;;;
C0219;Sophia;Davis;sophia.davis219@example.com;555-9103;2024/02/13;Platinum;4779;T01216;2025/09/11;510.15;510;;;;;
C0220;Thomas;Mokoena;thomas.mokoena220@example.com;555-9140;2023/06/18;Bronze;8618;T01217;2025/01/13;825.91;826;;;;;
C0221;Aisha;Smith;aisha.smith221@example.com;555-9177;2024/09/03;Silver;12302;T01218;2025/11/16;809.87;810;R7;Wireless Earbuds;7500;2025/08/15;7500
C0222;Emma;green;emma.green222@example.com;555-9214;2025/03/10;Gold;10653;T01219;2025/10/06;177.48;177;R2;$10 Gift Voucher;1000;2025/03/05;1000
C0223;William;Moore;william.moore223@example.com;555-9251;2025/12/23;platinum;5279;T01220;2025/08/08;733.68;734;;;;;
C0224;Nomsa;Young;duplicate.customer@example.com;555-9288;2023/03/14;Bronze;5865;T01221;2025/05/25;907.12;907;R7;Wireless Earbuds;7500;2025/05/20;7500
C0225;SARAH;Anderson;sarah.anderson225@example.com;555-9325;2024/02/25;Silver;12073;T01222;2025/01/05;965.45;965;;;;;
C0226;James;Lewis;james.lewis226@example.com;555-9362;2025/09/16;Gold;5608;T01223;2025/08/18;179.9;180;R5;Free Shipping;750;2025/11/11;750
C0227;Amelia;Khumalo;amelia.khumalo227@example.com;555-9399;2024/09/01;Platinum;49;T01224;2025/04/22;730.59;731;R2;$10 Gift Voucher;1000;2025/05/18;1000
C0228;Sipho;Wilson;sipho.wilson228@example.com;555-9436;2025/10/06;Bronze;11746;T01225;2025/05/20;70.5;70;;;;;
C0229;Daniel;Nkosi;daniel.nkosi229@example.com;555-9473;2025/04/20;Silver;14333;T01226;2025/11/26;739.66;740;;;;;
C0230;Emily;Williams;emily.williams230@example.com;555-9510;2024/09/03;Gold;5062;T01227;2025/07/04;169.61;170;;;;;
C0231;Samuel;Wright;samuel.wright231@example.com;555-9547;2024/05/13;Platinum;7089;T01228;2025/09/27;702.97;703;R3;Coffee Mug;1500;2025/11/27;1500
C0232;Naledi;Martinez;naledi.martinez232@example.com;555-9584;2025/05/04;Bronze;7793;T01229;2025/02/25;942.93;943;R7;Wireless Earbuds;7500;2025/11/27;7500
C0233;Olivia;Hall;olivia.hall233@example.com;555-9621;2024/02/20;Silver;7081;T01229;2025/09/21;442.35;442;R7;Wireless Earbuds;7500;2025/10/10;7500
C0234;Joseph;Botha;joseph.botha234@example.com;555-9658;2022/02/25;Gold;13525;T01231;2025/11/10;905.62;906;;;;;
C0235;Lerato;Clark;lerato.clark235@example.com;555-9695;2022/08/15;Platinum;11089;T01232;2025/11/29;108.73;109;R6;VIP Event Access;5000;2025/03/13;5000
C0236;Jessica;Naidoo;jessica.naidoo236@example.com;555-9732;2025/01/12;Bronze;1000;T01233;2025/09/02;463.05;463;;Coffee Mug;1500;2025/09/02;1500
C0237;Robert;Taylor;robert.taylor237@example.com;555-9769;2025/03/05;Silver;64;T01234;2025/06/18;529.89;530;R4;T-Shirt;2000;2025/12/28;2000
C0238;Grace;Dlamini;grace.dlamini238@example.com;555-9806;2025/02/17;Gold;3268;T01235;2025/12/23;190.74;191;;;;;
C0239;Peter;Johnson;peter.johnson239@example.com;555-9843;2025/01/02;Platinum;10777;T01236;2025/01/17;950.13;950;R1;$10 Gift Voucher;500;2025/01/17;1000
C0240;David;King;david.king240@example.com;555-9880;2023/01/30;Bronze;13897;T01237;2025/08/17;225.64;226;;;;;
C0241;Charlotte;Brown;charlotte.brown241@example.com;555-9917;2025/04/16;Silver;5203;T01238;2025/01/29;873.33;873;R2;$10 Gift Voucher;1000;2025/10/30;1000
C0242; Thabo ;Walker;thabo.walker242@example.com;555-9954;2025/09/10;Gold;9275;T01239;2025/02/15;791.15;791;;;;;
C0243;Michael;Pillay;michael.pillay243@example.com;555-0000;2023/09/06;Platinum;1255;T01240;2025/06/02;669.86;670;;;;;
C0244;Sophia;Davis;sophia.davis244@example.com;;2022/11/27;Bronze;9247;T01241;2025/03/23;532.93;533;;;;;
C0245;Thomas;Mokoena;thomas.mokoena245@example.com;555-1065;2023/02/03;Silver;10101;T01242;2025/02/03;732.06;732;R7;Wireless Earbuds;7500;2025/12/21;7500
C0246;Aisha;Smith;aisha.smith246@example.com;555-1102;2022/10/31;Gold;13298;;2025/09/30;686.02;686;;;;;
C0247;Emma;Green;emma.green247@example.com;555-1139;2022/08/12;Platinum;13706;T01244;2025/02/17;102.71;103;R1;$5 Gift Voucher;500;2025/02/27;500
C0248;William;Moore;william.moore248@example.com;(555) 1176;2022/05/30;BRONZE;14710;T01245;2025/10/06;58.34;58;R5;Free Shipping;750;2025/07/31;750
C0249;Nomsa;Young; nomsa.young249@example.com ;555-1213;2025/01/14;Silver;1203;T01246;2025/08/14;-208.21;208;;;;;
C0250;Sarah;Anderson;;555-1250;2024/01/13;Gold;11330;T01247;2025/02/23;959.4;959;R7;Wireless Earbuds;7500;2025/10/17;7500
C0251;James;Lewis;james.lewis251@example.com;555-1287;2022/05/10;Platinum;10322;T01248;2025/08/03;927.38;927;;;;;
C0252;Amelia;Khumalo;amelia.khumalo252@example.com;555-1324;2023/06/10;Bronze;12814;T01249;2025/03/22;62.63;63;;;;;
C0252;Amelia;Khumalo;amelia.khumalo252@example.com;555-1324;2023/06/10;Bronze;12814;T01249;2025/03/22;62.63;63;;;;;
C0254;Daniel;Nkosi;daniel.nkosi254@example.com;555-1398;2025/10/16;Platnium;1782;T01251;2025/02/09;472.14;472;;;;;
C0255;Emily;Williams;emily.williams255@example.com;555-1435;2023/10/19;Platinum;3544;T01252;2025/07/03;160.08;160;;;;;
C0256;Samuel;Wright;samuel.wright256@example.com;555-1472;2025/06/30;Bronze;8996;T01253;2025/12/05;422.98;423;R6;VIP Event Access;5000;2025/02/16;5000
C0257;Naledi;Martinez;naledi.martinez257@example.com;555-1509;2023/12/08;Silver;8132;T01254;2025/11/22;472.23;472;;;;;
C0258;Olivia;Hall;olivia.hall258@example.com;555-1546;2022/06/13;Gold;6826;T01255;2025/03/24;491.08;491;;;;;
C0259;;Botha;joseph.botha259@example.com;555-1583;2023/05/30;Platinum;9452;T01256;2025/01/03;203.16;203;;;;;
C0260;Lerato;Clark;lerato.clark260@example.com;555-1620;2022/02/15;Bronze;1014;T01257;2025/02/15;35.69;36;;;;;
C0261;Jessica;Naidoo;duplicate.customer@example.com;555-1657;2022/10/24;Silver;5480;T01258;2025/03/28;394.69;395;;;;;
C0262;Robert;Taylor;robert.taylor262@example.com;555-1694;2023/10/22;Gold;11421;T01259;2025/03/22;424.45;424;R7;Wireless Earbuds;7500;2025/04/23;7500
C0263;Grace;Dlamini;grace.dlamini263@example.com;555-1731;2024/06/07;Platinum;12028;T01260;2025/08/10;292.99;293;;;;;
C0264;Peter;Johnson;peter.johnson264@example.com;555-1768;2025/05/12;Bronze;4200;T01261;2025/12/21;0;684;;;;;
C0265;David;King;david.king265@example.com;555-1805;2022/10/06;Silver;9263;T01262;2025/05/30;739.43;739;;;;;
C0266;Charlotte;Brown;charlotte.brown266@example.com;555-1842;2023/07/11;Gold;3022;T01263;2025/02/17;485.75;486;;;;;
C0267;Thabo;Walker;thabo.walker267@example.com;555-1879;2023/07/23;Platinum;11582;T01264;2025/05/11;293.23;293;R99;Unknown Reward;999;2025/05/11;999
C0268;Michael;Pillay;michael.pillay268@example.com;555-1916;2023/06/06;Bronze;5402;T01265;2025/01/06;813.58;814;R1;$5 Gift Voucher;500;2025/11/02;500
C0269;Sophia;Davis;sophia.davis269@example.com;555-1953;2022/12/13;Silver;6328;T01266;2025/05/22;735.69;736;R4;T-Shirt;2000;2025/11/14;2000
;Thomas;Mokoena;thomas.mokoena270@example.com;555-1990;2023/08/05;Gold;1869;T01267;2025/02/27;601.3;601;;;;;
C0271;Aisha;Smith;aisha.smith271@example.com;555-2027;2025/04/11;Platinum;10565;T01268;2025/10/23;470.37;470;;;;;
C0272;EMMA;Green;emma.green272@example.com;555-2064;2024/01/13;Bronze;3576;T01269;2025/07/11;321.21;321;;;;;
C0273;William;Moore;william.moore273@example.com;555-2101;2022/08/09;Silver;5587;T01270;2025/12/04;;556;;;;;
C0274;Nomsa;Young;nomsa.young274@example.com;555-0000;2023/03/11;Gold;2697;T01270;2025/06/25;709.01;709;R3;Coffee Mug;1500;2025/02/21;1500
C0275;Sarah;anderson;sarah.anderson275@example.com;555-2175;2023/06/14;Platinum;1325;T01272;2025/10/20;909.63;910;;;;;
C0276;James;Lewis;james.lewis276example.com;555-2212;2023/10/13;Bronze;8934;T01273;2025/06/22;262.97;2630;;;;;
C0277;Amelia;Khumalo;amelia.khumalo277@example.com;555-2249;2024/01/01;Silver;1721;T01274;2025/12/08;897.84;898;;;;;
C0278;Sipho;Wilson;sipho.wilson278@example.com;555-2286;2025/09/19;Gold;12936;T01275;2025/04/18;153.28;153;;;;;
C0279;Daniel;Nkosi;daniel.nkosi279@example.com;555-2323;2022/12/14;Platinum;6650;T01276;2025/06/27;118.09;118;R5;Free Shipping;750;2025/05/29;750
C0280;Emily;Williams;emily.williams280@example.com;555-2360;2024/07/30;Bronze;14533;T01277;2025/07/11;476.37;476;;;;;
C0281;Samuel;Wright;samuel.wright281@example.com;555-2397;2022/08/01;Silver;12241;T01278;2022/07/02;551.41;551;R5;Free Shipping;750;2025/02/19;750
C0282;Naledi;Martinez;naledi.martinez282@example.com;555-2434;2025/02/16;Gold;1761;T01279;2025/07/24;700.67;701;;;;;
C0283;Olivia;Hall;olivia.hall283@example.com;555-2471;2025/03/16;Platinum;13994;T01280;2025/06/04;823.59;824;R4;T-Shirt;2000;2025/05/31;2000
C0284;Joseph;Botha;joseph.botha284@example.com;555-2508;2024/12/19;bronze;4903;T01281;2025/07/29;626.89;627;;;;;
C0285;Lerato;Clark;lerato.clark285@example.com;555-2545;2024/07/16;Silver;4093;T01282;2025/02/28;457.41;457;R1;$5 Gift Voucher;500;2025/02/07;500
C0286;Jessica;Naidoo;jessica.naidoo286@example.com;555-2582;2024/04/02;Gold;4688;T01283;2025/09/04;758.24;758;R1;$5 Gift Voucher;500;2025/05/29;500
C0287;Robert;Taylor;robert.taylor287@example.com;555-2619;2025/06/30; Platinum ;10776;T01284;2025/10/31;772.64;773;;;;;
C0288;Grace;Dlamini;grace.dlamini288@example.com;555-2656;2025/05/28;Bronze;9622;T01285;2025/09/04;873.13;873;R4;T-Shirt;2000;2025/03/09;2000
C0289;Peter;Johnson;peter.johnson289@example.com;555-2693;2022/01/25;Silver;4221;T01286;2025/08/24;39.15;39;;;;;
C0290;David;King;david.king290@example.com;555-2730;2023/04/15;Gold;5831;T01287;2025/04/20;650.33;650;;;;;
C0291;Charlotte;Brown;charlotte.brown291@example.com;555-2767;2024/02/26;Platinum;3862;T01288;2025/05/04;952.29;952;R3;Coffee Mug;1500;2025/03/08;1500
C0292;Thabo;Walker;thabo.walker292@example.com;555-2804;2022/07/10;Bronze;8747;T01289;2025/06/11;351.95;352;R2;$10 Gift Voucher;1000;2025/04/13;1000
C0293;Michael;Pillay;;555-2841;2024/11/23;Silver;10530;T01290;2025/03/26;706.85;707;;;;;
C0294;Sophia;Davis;sophia.davis294@example.com;555-2878;2023/03/05;Gold;7352;T01291;2025/12/28;811.57;812;R7;Wireless Earbuds;7500;2025/10/23;7500
C0295;Thomas;Mokoena;thomas.mokoena295@example.com;555-2915;2022/12/25;Platinum;3022;T01292;2025/03/12;13.44;13;;;;;
C0296;Aisha;Smith;aisha.smith296@example.com;555-2952;2025/11/13;Bronze;12591;T01293;2025/02/25;638.28;638;R6;VIP Event Access;5000;2025/02/03;5000
C0297;Emma;Green;emma.green297@example.com;555-2989;2025/03/06;Silver;2804;T01294;2025/10/31;731.83;732;;;;;
C0298;William;Moore;duplicate.customer@example.com;555-3026;2024/01/11;Gold;3283;T01295;2025/04/29;879.2;879;;;;;
C0299;Nomsa;Young;nomsa.young299@example.com;555-3063;2022/04/29;Platinum;9035;T01296;2025/06/01;687.48;687;R2;$10 Gift Voucher;1000;2025/08/05;1000
C0300;Sarah;Anderson;sarah.anderson300@example.com;555-3100;2023/01/25;Bronze;8912;T01297;2025/03/04;84.37;84;;;;;
C0301; James ;Lewis;james.lewis301@example.com;555-3137;2025/06/13;Silver;6373;T01298;2025/05/04;480.0;480;R4;T-Shirt;2000;2025/05/24;2000
C0302;Amelia;Khumalo;amelia.khumalo302@example.com;555-3174;2022/04/20;Gold;10423;T01299;2025/01/26;89.76;90;R6;VIP Event Access;5000;2025/01/13;5000
C0302;Amelia;Khumalo;amelia.khumalo302@example.com;555-3174;2022/04/20;Gold;10423;T01299;2025/01/26;89.76;90;R6;VIP Event Access;5000;2025/01/13;5000
C0304;Daniel;Nkosi;daniel.nkosi304@example.com;555-3248;2025/10/28;Bronze;11331;T01301;2025/08/25;701.54;702;R5;Free Shipping;750;2025/12/09;750
C0305;Emily;Williams;emily.williams305@example.com;555-0000;2024/04/04;Silver;8743;T01302;2025/08/26;406.63;407;;;;;
C0306;Samuel;Wright;samuel.wright306@example.com;555-3322;2022/03/03;Gold;5688;T01303;2025/03/28;769.36;769;R6;VIP Event Access;5000;2025/01/22;5000
 C0307 ;Naledi;Martinez;naledi.martinez307@example.com;555-3359;2025/09/06;Platinum;10661;T01304;2025/10/28;985.31;985;;;;;
C0308;Olivia;Hall;olivia.hall308@example.com;555-3396;2022/04/23;Bronze;14901;T01305;2025/04/26;292.13;292;;;;;
C0309;Joseph;Botha;joseph.botha309@example.com;555-3433;2022/06/06;Silver;3049;T01306;2025/09/27;963.7;964;;;;;
C0310;Lerato;Clark;lerato.clark310@example.com;555-3470;2023/03/11;Gold;1524;T01307;2025/02/22;385.86;386;R1;$5 Gift Voucher;500;2025/10/26;500
C0311;Jessica;Naidoo;jessica.naidoo311@example.com;555-3507;2025/03/20;Platinum;-500;T01308;2025/11/29;586.19;586;;;;;
C0312;Robert;Taylor;robert.taylor312@example.com;555-3544;2022/10/15;Bronze;4658;T01309;2025/06/30;376.78;377;;;;;
C0313;Grace;Dlamini;grace.dlamini313@example.com;555-3581;2022/06/07;Silver;;T01310;2025/06/11;578.65;579;;;;;
C0314;Peter;Johnson;peter.johnson314@example.com;555-3618;2024/01/30;Gold;11711;T01311;2025/02/13;341.72;342;;;;;
C0315;David;King;david.king315@example.com;555-3655;2025/12/30;Platinum;11766;T01311;2025/07/17;989.32;989;R5;Free Shipping;750;2025/05/09;750
C0316;Charlotte;Brown;CHARLOTTE.BROWN316@EXAMPLE.COM;555-3692;2023/12/09;Bronze;2634;T01313;2025/10/12;879.38;-100;R7;Wireless Earbuds;7500;2025/09/29;7500
C0317;Thabo;Walker;thabo.walker317@example.com;;2023/03/30;Silver;10665;T01314;2025/05/05;730.39;730;R3;Coffee Mug;1500;2025/07/07;1500
C0318;Michael;Pillay;michael.pillay318@example.com;555-3766;2025/07/22;Gold;3742;T01315;2025/01/23;501.66;502;;;;;
C0319;SOPHIA;Davis;sophia.davis319@example.com;555-3803;2022/11/17;Platinum;1910;T01316;2025/02/01;487.02;487;;;;;
C0320;Thomas;Mokoena;thomas.mokoena320@example.com;555-3840;2025/04/20;Bronze;9401;T01317;2025/04/16;412.93;413;;;;;
C0321;Aisha;Smith;aisha.smith321@example.com;555-3877;2025/03/31;Silver;6822;T01318;2025/02/10;798.71;799;R7;Wireless Earbuds;7500;2025/08/15;7500
C0322;Emma;Green;emma.green322@example.com;555-3914;2022/07/30;Gold;13213;T01319;2025/08/05;457.96;458;R4;T-Shirt;2000;2025/01/13;2000
C0323;William;Moore;william.moore323@example.com;555-3951;2024/01/11;Platinum;10412;T01320;2025/11/16;288.46;288;;;;;
C0324;Nomsa;Young;nomsa.young324@example.com;555-3988;2025/11/16;Bronze;3393;T01321;2025/08/17;53.94;54;;;;;
C0325;Sarah;Anderson;sarah.anderson325@example.com;555-4025;2022/09/07;Silver;1582;T01322;2025/12/05;911.63;912;;;;;
C0326;James;Lewis;james.lewis326@example.com;555-4062;2023/08/24;Gold;11815;T01323;2025/12/13;44.65;45;R4;T-Shirt;2000;2025/09/25;2000
C0327;Amelia;Khumalo;amelia.khumalo327@example.com;555-4099;2022/05/19;Platinum;13919;T01324;2025/11/28;600.95;601;;;;;
C0328;Sipho;wilson;sipho.wilson328@example.com;555-4136;2025/12/14;Bronze;4654;T01325;2025/09/02;601.47;601;R6;VIP Event Access;5000;2025/06/06;5000
C0329;Daniel;Nkosi;daniel.nkosi329@example.com;555-4173;2022/12/13;Silver;7598;T01326;2025/06/16;272.01;272;R2;$10 Gift Voucher;1000;2025/04/12;1000
C0330;Emily;Williams;emily.williams330@example.com;555-4210;2025/09/26;Gold;13234;T01327;2025/07/07;874.57;875;;;;;
C0331;Samuel;Wright;samuel.wright331@example.com;(555) 4247;2024/02/17;PLATINUM;5105;T01328;2025/11/18;554.97;555;R1;$5 Gift Voucher;500;2025/02/11;500
C0332;Naledi;Martinez;naledi.martinez332@example.com;555-4284;2024/08/28;Bronze;3503;T01329;2025/08/07;729.77;730;;;;;
C0333;Olivia;Hall;olivia.hall333@example.com;555-4321;2025/02/28;Silver;13397;T01330;2025/09/01;584.34;584;;;;;
C0334;Joseph;Botha;joseph.botha334@example.com;555-4358;2025/11/19;Gold;1372;T01331;2025/06/07;858.26;858;;;;;
C0335;Lerato;Clark;duplicate.customer@example.com;555-4395;2024/08/31;Platinum;8330;T01332;2025/06/24;904.95;905;R6;VIP Event Access;5000;2025/12/05;5000
C0336;Jessica;Naidoo;;555-0000;2023/03/11;Bronze;3153;T01333;2025/03/20;522.41;522;R3;Coffee Mug;1500;2025/10/26;1500
C0337;Robert;Taylor;robert.taylor337@example.com;555-4469;2024/12/31;Silver;8371;T01334;2025/06/18;220.53;221;;;;;
C0338;Grace;Dlamini; grace.dlamini338@example.com ;555-4506;2024/11/22;Gold;2682;T01335;2025/03/12;-741.68;742;R1;$5 Gift Voucher;500;2025/04/12;500
C0339;Peter;;peter.johnson339@example.com;555-4543;2024/09/06;Platinum;1160;T01336;2025/03/20;417.88;418;;;;;
C0340;David;King;david.king340@example.com;555-4580;;Bronze;10076;T01337;2025/04/11;474.59;475;;;;;
C0341;Charlotte;Brown;charlotte.brown341@example.com;555-4617;2023/04/23;Silver;283;T01338;2025/12/09;387.41;387;;;;;
C0342;Thabo;Walker;thabo.walker342@example.com;555-4654;2025/02/02;Gold;14126;T01339;2025/03/01;811.5;812;R1;$10 Gift Voucher;500;2025/03/01;1000
C0343;Michael;Pillay;michael.pillay343example.com;555-4691;2024/12/16;Platinum;185;T01340;2025/01/21;649.42;6490;;;;;
C0344;Sophia;Davis;sophia.davis344@example.com;555-4728;2022/06/09;Bronze;1889;T01341;2025/01/13;104.84;105;R7;;7500;;
C0345;Thomas;Mokoena;thomas.mokoena345@example.com;555-4765;2025/02/15;silver;14827;T01342;2025/02/03;212.32;212;R2;$10 Gift Voucher;1000;2025/12/16;1000
C0346;Aisha;Smith;aisha.smith346@example.com;555-4802;2023/06/29;Gold;8373;T01343;2025/06/29;464.92;465;R99;Unknown Reward;999;2025/06/29;999
C0347;Emma;Green;emma.green347@example.com;555-4839;2022/08/09;Platinum;6743;T01344;2025/11/20;475.92;476;;;;;
C0348;William;Moore;william.moore348@example.com;555-4876;2022/11/17;Bronze;8246;T01345;2025/09/25;744.43;744;;;;;
C0349;Nomsa;Young;nomsa.young349@example.com;555-4913;2022/09/03;Silver;3682;T01346;2025/10/12;30.13;30;;;;;
C0350;Sarah;Anderson;sarah.anderson350@example.com;555-4950;2023/11/28;Gold;5647;T01347;2025/07/11;594.03;594;;;;;
C0351;James;Lewis;james.lewis351@example.com;555-4987;2022/06/12;Platinum;13626;T01348;2025/11/16;178.3;178;;;;;
C0352;Amelia;Khumalo;amelia.khumalo352@example.com;555-5024;2022/05/31;Bronze;4730;T01349;2022/05/01;429.89;430;;;;;
C0352;Amelia;Khumalo;amelia.khumalo352@example.com;555-5024;2022/05/31;Bronze;4730;T01349;2022/05/01;429.89;430;;;;;
C0354;Daniel;Nkosi;daniel.nkosi354@example.com;555-5098;2024/01/21;Gold;10164;T01351;2025/05/09;850.28;850;;;;;
C0355;Emily;Williams;emily.williams355@example.com;555-5135;2024/04/14;Platinum;454;T01352;2025/12/21;677.47;677;R5;Free Shipping;750;2025/04/22;750
C0356;Samuel;Wright;samuel.wright356@example.com;555-5172;2024/09/04;Bronze;10100;T01352;2025/08/24;358.56;359;;;;;
C0357;Naledi;Martinez;naledi.martinez357@example.com;555-5209;2025/01/03;Silver;10063;T01354;2025/01/06;456.5;456;R6;VIP Event Access;5000;2025/10/07;5000
C0358;Olivia;Hall;olivia.hall358@example.com;555-5246;2022/02/16;Gold;3727;T01355;2025/09/24;495.36;495;R1;$5 Gift Voucher;500;2025/09/16;500
C0359;Joseph;Botha;joseph.botha359@example.com;555-5283;2025/05/10;Platinum;7504;;2025/05/23;34.28;34;R6;VIP Event Access;5000;2025/08/29;5000
C0360; Lerato ;Clark;lerato.clark360@example.com;555-5320;2025/01/15;Bronze;5180;T01357;2025/04/15;702.63;703;;;;;
C0361;Jessica;Naidoo;jessica.naidoo361@example.com;555-5357;2023/02/21;Silver;3878;T01358;2025/09/08;0;668;;;;;
c0362;Robert;Taylor;robert.taylor362@example.com;555-5394;2025/05/28;Gold;7165;T01359;2025/12/14;437.54;438;;;;;
C0363;Grace;Dlamini;grace.dlamini363@example.com;555-5431;2022/05/12;Platinum;10953;T01360;2025/11/28;186.06;186;;;;;
C0364;Peter;Johnson;peter.johnson364@example.com;555-5468;2023/09/22;Bronze;13846;T01361;2025/08/23;603.13;603;;;;;
C0365;David;King;david.king365@example.com;555-5505;2023/03/14;Silver;3311;T01362;2025/08/30;281.79;282;R7;Wireless Earbuds;7500;2025/12/18;7500
C0366;CHARLOTTE;Brown;charlotte.brown366@example.com;555-5542;2022/09/17;Gold;6425;T01363;2025/02/09;546.46;546;R4;T-Shirt;2000;2025/03/29;2000
C0367;Thabo;Walker;thabo.walker367@example.com;555-0000;2023/12/17;Platinum;5352;T01364;2025/02/12;48.88;49;;;;;
C0368;Michael;Pillay;michael.pillay368@example.com;555-5616;2022/02/08;Bronze;6406;T01365;2025/10/15;210.53;211;;;;;
C0369;Sophia;Davis;sophia.davis369@example.com;555-5653;2024/07/19;Silver;12511;T01366;2025/06/29;703.86;704;R4;T-Shirt;2000;2025/04/10;2000
C0370;Thomas;Mokoena;thomas.mokoena370@example.com;555-5690;2025/05/23;Gold;1965;T01367;2025/04/08;494.2;494;;;;;
C0371;Aisha;Smith;aisha.smith371@example.com;555-5727;2023/10/06;Platinum;10039;T01368;2025/01/19;225.62;226;R7;Wireless Earbuds;7500;2025/09/12;7500
C0372;Emma;Green;duplicate.customer@example.com;555-5764;2025/05/15;Bronze;13435;T01369;2025/03/16;68.17;68;;;;;
C0373;William;Moore;william.moore373@example.com;555-5801;2025/02/05;Silver;1559;T01370;2025/12/23;402.37;402;;Coffee Mug;1500;2025/12/23;1500
C0374;Nomsa;Young;nomsa.young374@example.com;555-5838;2025/12/07;Gold;4898;T01371;2025/11/07;278.1;278;R2;$10 Gift Voucher;1000;2025/10/02;1000
C0375;Sarah;Anderson;sarah.anderson375@example.com;555-5875;2024/03/22;Platinum;13028;T01372;2025/07/09;951.19;951;;;;;
C0376;James;Lewis;james.lewis376@example.com;555-5912;2025/04/10;Bronze;1092;T01373;2025/12/09;984.79;985;;;;;
C0377;Amelia;Khumalo;amelia.khumalo377@example.com;555-5949;2023/10/30;Silver;4225;T01374;2025/11/30;682.73;683;;;;;
C0378;Sipho;Wilson;sipho.wilson378@example.com;555-5986;2024/07/01;Gold;11629;T01375;2025/04/04;876.73;877;;;;;
C0379;Daniel;Nkosi;;555-6023;2024/05/27;Platinum;6838;T01376;2025/09/20;497.08;497;;;;;
C0380;Emily;Williams;emily.williams380@example.com;555-6060;2025/06/13;Bronze;5424;T01377;2025/10/17;457.99;458;;;;;
C0381;Samuel;wright;samuel.wright381@example.com;555-6097;2025/06/24;Silver;14864;T01378;2025/10/09;32.18;32;;;;;
C0382;Naledi;Martinez;naledi.martinez382@example.com;555-6134;2023/11/07;Gold;9997;T01379;2025/10/09;831.94;832;R6;VIP Event Access;5000;2025/05/17;5000
C0383;Olivia;Hall;olivia.hall383@example.com;555-6171;2022/10/28;Platinum;13173;T01380;2025/06/02;42.68;43;;;;;
C0384;Joseph;Botha;joseph.botha384@example.com;555-6208;2025/07/22;Bronze;5321;T01381;2025/01/26;230.6;231;R1;$5 Gift Voucher;500;2025/03/06;500
C0385;Lerato;Clark;lerato.clark385@example.com;555-6245;2022/04/24;Silver;13362;T01382;2025/12/07;425.93;426;R6;VIP Event Access;5000;2025/03/14;5000
C0386;Jessica;Naidoo;jessica.naidoo386@example.com;555-6282;2023/03/14;Gold;3640;T01383;2025/11/03;913.79;914;R3;Coffee Mug;1500;2025/09/09;1500
C0387;Robert;Taylor;robert.taylor387@example.com;555-6319;2022/12/23;;3630;T01384;2025/03/29;997.39;997;R1;$5 Gift Voucher;500;2025/10/05;500
C0388;Grace;Dlamini;grace.dlamini388@example.com;555-6356;2025/12/12;Bronze;10633;T01385;2025/02/05;910.32;910;;;;;
C0389;Peter;Johnson;peter.johnson389@example.com;555-6393;2023/01/12;Silver;7501;T01386;2025/06/16;333.98;334;;;;;
C0390;David;King;david.king390@example.com;;2025/06/17;Gold;9645;T01387;2025/09/04;193.23;193;;;;;
C0391;Charlotte;Brown;charlotte.brown391@example.com;555-6467;2025/04/03;Platinum;2345;T01388;2025/04/19;343.92;344;;;;;
C0392;Thabo;Walker;thabo.walker392@example.com;555-6504;2025/10/16;Bronze;6134;T01389;2025/01/25;436.64;437;;;;;
C0393;Michael;Pillay;michael.pillay393@example.com;555-6541;2025/10/21;Platnium;6240;T01390;2025/06/18;422.55;423;;;;;
C0394;Sophia;Davis;sophia.davis394@example.com;555-6578;2022/10/30; Gold ;12908;T01391;2025/06/29;41.64;42;;;;;
C0395;Thomas;Mokoena;thomas.mokoena395@example.com;555-6615;2024/09/08;Platinum;1903;T01392;2025/01/13;44.3;44;;;;;
C0396;Aisha;Smith;aisha.smith396@example.com;555-6652;2024/12/12;Bronze;7568;T01393;2025/12/11;341.49;341;;;;;
C0397;Emma;Green;emma.green397@example.com;555-6689;2025/05/04;Silver;1816;T01393;2025/07/18;738.96;739;;;;;
C0398;William;Moore;william.moore398@example.com;555-0000;2024/08/09;Gold;281;T01395;2025/04/22;455.47;455;;;;;
C0399;Nomsa;Young;nomsa.young399@example.com;555-6763;2025/11/06;Platinum;4600;T01396;2025/10/26;664.54;665;;;;;
C0400;Sarah;Anderson;sarah.anderson400@example.com;555-6800;2023/09/05;Bronze;11885;T01397;2025/10/26;;553;;;;;
C0401;James;Lewis;james.lewis401@example.com;555-6837;2024/05/05;Silver;6444;T01398;2025/04/19;64.22;64;;;;;
C0402;Amelia;Khumalo;amelia.khumalo402@example.com;555-6874;2022/02/20;Gold;5559;T01399;2025/05/05;307.31;307;;;;;
C0402;Amelia;Khumalo;amelia.khumalo402@example.com;555-6874;2022/02/20;Gold;5559;T01399;2025/05/05;307.31;307;;;;;
C0404;Daniel;Nkosi;daniel.nkosi404@example.com;555-6948;2022/02/17;Bronze;9986;T01401;2025/03/04;527.13;527;;;;;
C0405;Emily;Williams;emily.williams405@example.com;555-6985;2022/02/20;Silver;3050;T01402;2025/06/26;989.12;989;;;;;
C0406;Samuel;Wright;samuel.wright406@example.com;555-7022;2024/08/24;gold;5629;T01403;2025/08/20;211.89;212;R1;$5 Gift Voucher;500;2025/11/09;500
C0407;Naledi;Martinez;naledi.martinez407@example.com;555-7059;2022/09/22;Platinum;8726;T01404;2025/09/28;162.12;162;;;;;
C0408;Olivia;Hall;olivia.hall408@example.com;555-7096;2022/08/04;Bronze;13556;T01405;2025/06/29;505.58;506;;;;;
C0409;Joseph;Botha;duplicate.customer@example.com;555-7133;2023/08/06;Silver;116;T01406;2025/01/07;19.8;20;R2;$10 Gift Voucher;1000;2025/04/07;1000
C0410;Lerato;Clark;lerato.clark410example.com;555-7170;2023/11/15;Gold;7972;T01407;2025/12/03;90.22;900;R1;$5 Gift Voucher;500;2025/08/07;500
C0411;Jessica;Naidoo;jessica.naidoo411@example.com;555-7207;2023/03/21;Platinum;1232;T01408;2025/12/07;177.86;178;;;;;
C0412;Robert;Taylor;robert.taylor412@example.com;555-7244;2023/01/30;Bronze;1738;T01409;2025/07/30;363.2;363;;;;;
C0413;GRACE;Dlamini;grace.dlamini413@example.com;555-7281;2025/04/15;Silver;10988;T01410;2025/02/26;780.62;781;;;;;
C0414;Peter;Johnson;peter.johnson414@example.com;(555) 7318;2023/12/24;GOLD;11863;T01411;2025/04/28;49.12;49;;;;;
C0415;David;King;david.king415@example.com;555-7355;2023/10/17;Platinum;10655;T01412;2025/02/16;845.71;846;R3;Coffee Mug;1500;2025/01/04;1500
C0416;;Brown;charlotte.brown416@example.com;555-7392;2023/06/30;Bronze;12163;T01413;2025/07/27;130.72;131;R3;Coffee Mug;1500;2025/12/08;1500
C0417;Thabo;Walker;THABO.WALKER417@EXAMPLE.COM;555-7429;2022/07/18;Silver;13663;T01414;2025/09/20;585.84;-100;R5;Free Shipping;750;2025/06/02;750
C0418;Michael;Pillay;michael.pillay418@example.com;555-7466;2024/06/06;Gold;7408;T01415;2025/07/22;694.92;695;;;;;
C0419; Sophia ;Davis;sophia.davis419@example.com;555-7503;2022/11/13;Platinum;3336;T01416;2025/12/26;626.83;627;;;;;
C0420;Thomas;Mokoena;thomas.mokoena420@example.com;555-7540;2024/10/22;Bronze;-500;T01417;2025/07/31;364.47;364;;;;;
C0421;Aisha;Smith;aisha.smith421@example.com;555-7577;2025/02/07;Silver;11490;T01418;2025/09/10;979.3;979;;;;;
C0422;Emma;Green;;555-7614;2024/08/04;Gold;3011;T01419;2025/02/07;903.2;903;;;;;
C0423;William;Moore;william.moore423@example.com;555-7651;2023/06/16;Platinum;9665;T01420;2023/05/17;128.26;128;R5;Free Shipping;750;2025/02/19;750
C0424;Nomsa;Young;nomsa.young424@example.com;555-7688;2024/01/11;Bronze;10567;T01421;2025/03/13;403.06;403;R6;VIP Event Access;5000;2025/10/25;5000
C0425;Sarah;Anderson;sarah.anderson425@example.com;555-7725;2025/09/24;Silver;1620;T01422;2025/02/18;276.52;277;R99;Unknown Reward;999;2025/02/18;999
C0426;James;Lewis;james.lewis426@example.com;555-7762;2022/05/05;Gold;1982;T01423;2025/05/14;321.66;322;;;;;
C0427;Amelia;Khumalo; amelia.khumalo427@example.com ;555-7799;2023/09/23;Platinum;10124;T01424;2025/12/29;-130.26;130;;;;;
C0428;Sipho;Wilson;sipho.wilson428@example.com;555-7836;2022/12/19;Bronze;10349;T01425;2025/10/01;922.66;923;R3;Coffee Mug;1500;2025/05/02;1500
C0429;Daniel;Nkosi;daniel.nkosi429@example.com;555-0000;2024/12/11;Silver;1403;T01426;2025/09/08;691.29;691;R5;Free Shipping;750;2025/08/08;750
C0430;Emily;Williams;emily.williams430@example.com;555-7910;2024/07/17;Gold;1370;T01427;2025/06/01;408.12;408;;;;;
C0431;Samuel;Wright;samuel.wright431@example.com;555-7947;2024/02/10;Platinum;14428;T01428;2025/11/14;804.35;804;;;;;
C0432;Naledi;Martinez;naledi.martinez432@example.com;555-7984;2023/09/12;Bronze;464;T01429;2025/09/05;416.26;416;;;;;
C0433;Olivia;Hall;olivia.hall433@example.com;555-8021;2024/05/20;Silver;10344;T01430;2025/08/24;583.39;583;R3;Coffee Mug;1500;2025/10/23;1500
C0434;Joseph;botha;joseph.botha434@example.com;555-8058;2024/03/16;Gold;10843;T01431;2025/06/05;190.89;191;;;;;
C0435;Lerato;Clark;lerato.clark435@example.com;555-8095;2024/02/22;Platinum;14099;T01432;2025/10/08;645.35;645;;;;;
C0436;Jessica;Naidoo;jessica.naidoo436@example.com;555-8132;2023/10/30;Bronze;4655;T01433;2025/03/26;761.14;761;;;;;
C0437;Robert;Taylor;robert.taylor437@example.com;555-8169;2022/03/18;Silver;2278;T01434;2025/01/01;375.19;375;;;;;
C0438;Grace;Dlamini;grace.dlamini438@example.com;555-8206;2025/02/28;Gold;4983;T01434;2025/08/27;309.78;310;;;;;
C0439;Peter;Johnson;peter.johnson439@example.com;555-8243;2023/06/29;Platinum;6043;T01436;2025/07/07;285.94;286;;;;;
C0440;David;King;david.king440@example.com;555-8280;2025/10/01;Bronze;12970;T01437;2025/01/21;828.83;829;R6;VIP Event Access;5000;2025/07/26;5000
C0441;Charlotte;Brown;charlotte.brown441@example.com;555-8317;2024/01/31;Silver;9437;T01438;2025/12/02;770.13;770;R5;Free Shipping;750;2025/08/26;750
C0442;Thabo;Walker;thabo.walker442@example.com;555-8354;2023/02/13;Gold;7369;T01439;2025/01/10;344.06;344;;;;;
C0443;Michael;Pillay;michael.pillay443@example.com;555-8391;2022/12/05;Platinum;2964;T01440;2025/01/17;784.28;784;R3;Coffee Mug;1500;2025/09/27;1500
C0444;Sophia;Davis;sophia.davis444@example.com;555-8428;2025/11/21;Bronze;;T01441;2025/05/31;806.92;807;;;;;
C0445;Thomas;Mokoena;thomas.mokoena445@example.com;555-8465;2025/02/15;Silver;11235;T01442;2025/11/02;315.19;315;R1;$10 Gift Voucher;500;2025/11/02;1000
C0446;Aisha;Smith;duplicate.customer@example.com;555-8502;2025/08/18;Gold;6939;T01443;2025/09/02;350.98;351;;;;;
C0447;Emma;Green;emma.green447@example.com;555-8539;2023/07/09;Platinum;5393;T01444;2025/11/28;90.83;91;R5;Free Shipping;750;2025/07/06;750
C0448;William;Moore;william.moore448@example.com;555-8576;2023/04/16;Bronze;5684;T01445;2025/06/10;115.27;115;R4;T-Shirt;2000;2025/08/02;2000
C0449;Nomsa;Young;nomsa.young449@example.com;555-8613;2024/04/28;Silver;6302;T01446;2025/06/08;32.41;32;;;;;
C0450;Sarah;Anderson;sarah.anderson450@example.com;555-8650;2025/10/13;Gold;369;T01447;2025/11/23;816.71;817;;;;;
;James;Lewis;james.lewis451@example.com;555-8687;2025/04/05;Platinum;8431;T01448;2025/01/17;208.15;208;;;;;
C0452;Amelia;Khumalo;amelia.khumalo452@example.com;555-8724;2023/05/13;Bronze;8687;T01449;2025/05/21;508.47;508;;;;;
C0452;Amelia;Khumalo;amelia.khumalo452@example.com;555-8724;2023/05/13;Bronze;8687;T01449;2025/05/21;508.47;508;;;;;
C0454;Daniel;Nkosi;daniel.nkosi454@example.com;555-8798;2022/10/09;Gold;12381;T01451;2025/06/09;650.22;650;;;;;
C0455;Emily;Williams;emily.williams455@example.com;555-8835;2025/12/11;Platinum;5448;T01452;2025/09/26;842.27;842;R7;Wireless Earbuds;7500;2025/04/29;7500
C0456;Samuel;Wright;samuel.wright456@example.com;555-8872;2025/03/08;Bronze;6477;T01453;2025/01/05;245.34;245;;;;;
C0457;Naledi;Martinez;naledi.martinez457@example.com;555-8909;2022/01/30;Silver;14598;T01454;2025/04/29;656.36;656;R3;Coffee Mug;1500;2025/02/13;1500
C0458;Olivia;Hall;olivia.hall458@example.com;555-8946;2022/07/22;Gold;14622;T01455;2025/05/16;0;427;R3;Coffee Mug;1500;2025/01/11;1500
C0459;Joseph;Botha;joseph.botha459@example.com;555-8983;2024/10/28;Platinum;13909;T01456;2025/08/25;605.41;605;;;;;
C0460;LERATO;Clark;lerato.clark460@example.com;555-0000;2024/01/08;Bronze;5367;T01457;2025/02/14;232.01;232;;;;;
C0461;Jessica;Naidoo;jessica.naidoo461@example.com;555-9057;2025/07/01;Silver;5393;T01458;2025/06/11;216.08;216;;;;;
C0462;Robert;Taylor;robert.taylor462@example.com;555-9094;2024/01/08;Gold;5638;T01459;2025/01/11;830.23;830;;;;;
C0463;Grace;Dlamini;grace.dlamini463@example.com;;2022/07/15;Platinum;2821;T01460;2025/11/24;295.31;295;;;;;
C0464;Peter;Johnson;peter.johnson464@example.com;555-9168;2023/11/20;Bronze;8080;T01461;2025/08/17;662.62;663;;;;;
C0465;David;King;;555-9205;2024/10/08;Silver;7358;T01462;2025/10/22;774.43;774;;;;;
C0466;Charlotte;Brown;charlotte.brown466@example.com;555-9242;2023/07/23;Gold;14241;T01463;2025/06/10;652.68;653;;;;;
C0467;Thabo;Walker;thabo.walker467@example.com;555-9279;2022/04/09;platinum;6438;T01464;2025/10/18;482.22;482;;;;;
C0468;Michael;Pillay;michael.pillay468@example.com;555-9316;2024/04/17;Bronze;9791;T01465;2025/04/06;480.67;481;R6;VIP Event Access;5000;2025/07/03;5000
C0469;Sophia;Davis;sophia.davis469@example.com;555-9353;2022/05/02;Silver;751;T01466;2025/08/03;943.81;944;R4;T-Shirt;2000;2025/05/25;2000
 C0470 ;Thomas;Mokoena;thomas.mokoena470@example.com;555-9390;2022/12/04;Gold;4106;T01467;2025/05/06;859.49;859;;;;;
C0471;Aisha;Smith;aisha.smith471@example.com;555-9427;2024/02/06;Platinum;13729;T01468;2025/08/24;146.97;147;;;;;
C0472;Emma;Green;emma.green472@example.com;555-9464;2022/02/07;Bronze;7294;;2025/07/10;312.39;312;;;;;
C0473;William;Moore;william.moore473@example.com;555-9501;2023/10/16;Silver;14517;T01470;2025/12/05;299.56;300;;;;;
C0474;Nomsa;Young;nomsa.young474@example.com;555-9538;2025/06/28;Gold;9837;T01471;2025/08/08;417.42;417;R5;Free Shipping;750;2025/07/19;750
C0475;Sarah;Anderson;sarah.anderson475@example.com;555-9575;2022/05/05;Platinum;5482;T01472;2025/10/10;494.4;494;;;;;
C0476;James;Lewis;james.lewis476@example.com;555-9612;2022/10/24;Bronze;3454;T01473;2025/07/07;421.08;421;;;;;
C0477;Amelia;Khumalo;amelia.khumalo477example.com;555-9649;2025/08/04;Silver;6649;T01474;2025/03/31;824.48;8240;;;;;
C0478; Sipho ;Wilson;sipho.wilson478@example.com;555-9686;2023/08/06;Gold;13280;T01475;2025/10/09;508.22;508;;;;;
C0479;Daniel;Nkosi;daniel.nkosi479@example.com;555-9723;2025/04/06;Platinum;7767;T01475;2025/09/22;96.17;96;;;;;
C0480;Emily;Williams;emily.williams480@example.com;555-9760;2025/02/19;Bronze;5532;T01477;2025/03/29;929.45;929;R2;$10 Gift Voucher;1000;2025/03/19;1000
C0481;Samuel;Wright;samuel.wright481@example.com;555-9797;2022/01/05;Silver;553;T01478;2025/10/07;443.12;443;;;;;
C0482;Naledi;Martinez;naledi.martinez482@example.com;555-9834;2022/06/02;Gold;2199;T01479;2025/06/05;740.52;741;;;;;
C0483;Olivia;Hall;duplicate.customer@example.com;555-9871;2022/07/24;Platinum;8452;T01480;2025/07/12;810.4;810;;;;;
C0484;Joseph;Botha;joseph.botha484@example.com;555-9908;2022/04/04;Bronze;4663;T01481;2025/12/15;825.2;825;R4;T-Shirt;2000;2025/07/14;2000
C0485;Lerato;Clark;lerato.clark485@example.com;555-9945;2025/01/08;Silver;3551;T01482;2025/08/29;49.57;50;;;;;
C0486;Jessica;Naidoo;jessica.naidoo486@example.com;555-9982;2022/12/10;Gold;3616;T01483;2025/08/05;217.77;218;R2;$10 Gift Voucher;1000;2025/11/06;1000
C0487;Robert;taylor;robert.taylor487@example.com;555-1019;2022/01/16;Platinum;5429;T01484;2025/06/04;869.87;870;;;;;
C0488;Grace;Dlamini;grace.dlamini488@example.com;555-1056;2025/02/01;Bronze;8717;T01485;2025/01/26;683.36;683;R1;$5 Gift Voucher;500;2025/09/23;500
C0489;Peter;Johnson;peter.johnson489@example.com;555-1093;2022/02/23;Silver;1071;T01486;2025/10/21;750.02;750;;;;;
C0490;David;King;david.king490@example.com;555-1130;2022/02/14;Gold;5866;T01487;2025/11/18;669.17;669;R3;Coffee Mug;1500;2025/11/24;1500
C0491;Charlotte;Brown;charlotte.brown491@example.com;555-0000;2022/07/22;Platinum;7332;T01488;2025/04/14;121.7;122;;;;;
C0492;Thabo;Walker;thabo.walker492@example.com;555-1204;2022/06/02;Bronze;3918;T01489;2025/02/11;897.53;898;;;;;
C0493;Michael;Pillay;michael.pillay493@example.com;555-1241;2023/08/13;Silver;9309;T01490;2025/07/04;547.89;548;R7;;7500;;
C0494;Sophia;Davis;sophia.davis494@example.com;555-1278;2024/05/02;Gold;1437;T01491;2024/04/02;502.47;502;;;;;
C0495;Thomas;Mokoena;thomas.mokoena495@example.com;555-1315;2023/08/26;Platinum;4469;T01492;2025/05/11;15.5;16;;;;;
C0496;Aisha;Smith;aisha.smith496@example.com;555-1352;2023/03/11;Bronze;7034;T01493;2025/12/10;991.98;992;R5;Free Shipping;750;2025/10/01;750
C0497;Emma;Green;emma.green497@example.com;(555) 1389;2022/01/16;SILVER;6196;T01494;2025/01/26;610.68;611;;;;;
C0498;William;Moore;william.moore498@example.com;555-1426;2025/02/24;Gold;9722;T01495;2025/05/30;501.24;501;;;;;
C0499;Nomsa;Young;nomsa.young499@example.com;555-1463;2024/01/04;Platinum;6809;T01496;2025/10/20;373.73;374;;;;;
C0500;Sarah;Anderson;sarah.anderson500@example.com;555-1500;2023/07/29;Bronze;14223;T01497;2025/11/23;504.07;504;;;;;
C0501;James;Lewis;james.lewis501@example.com;555-1537;2024/02/01; Silver ;10237;T01498;2025/09/08;983.7;984;;;;;
C0502;Amelia;Khumalo;amelia.khumalo502@example.com;555-1574;2024/07/12;Gold;10454;T01499;2025/02/02;64.07;64;;;;;
C0502;Amelia;Khumalo;amelia.khumalo502@example.com;555-1574;2024/07/12;Gold;10454;T01499;2025/02/02;64.07;64;;;;;
C0504;Daniel;Nkosi;daniel.nkosi504@example.com;555-1648;2022/11/11;Bronze;6244;T01501;2025/11/21;31.97;32;R99;Unknown Reward;999;2025/11/21;999
C0505;Emily;Williams;emily.williams505@example.com;555-1685;2025/10/14;Silver;10372;T01502;2025/04/21;250.45;250;;;;;
C0506;Samuel;;samuel.wright506@example.com;555-1722;2025/01/04;Gold;1415;T01503;2025/09/14;745.81;746;;;;;
C0507;NALEDI;Martinez;naledi.martinez507@example.com;555-1759;2022/10/11;Platinum;13632;T01504;2025/09/29;133.89;134;R5;Free Shipping;750;2025/07/04;750
C0508;Olivia;Hall;;555-1796;2022/06/16;Bronze;7937;T01505;2025/03/13;891.14;891;R2;$10 Gift Voucher;1000;2025/04/20;1000
C0509;Joseph;Botha;joseph.botha509@example.com;555-1833;2025/10/27;Silver;7945;T01506;2025/04/19;959.41;959;;;;;
C0510;Lerato;Clark;lerato.clark510@example.com;555-1870;2023/04/30;Gold;3942;T01507;2025/02/08;384.16;384;;Coffee Mug;1500;2025/02/08;1500
C0511;Jessica;Naidoo;jessica.naidoo511@example.com;555-1907;2022/01/05;Platinum;2250;T01508;2025/10/26;929.75;930;;;;;
C0512;Robert;Taylor;robert.taylor512@example.com;555-1944;2025/10/22;Bronze;5478;T01509;2025/09/17;315.83;316;;;;;
c0513;Grace;Dlamini;grace.dlamini513@example.com;555-1981;2025/07/07;Silver;399;T01510;2025/11/30;881.74;882;;;;;
C0514;Peter;Johnson;peter.johnson514@example.com;555-2018;2025/02/23;Gold;12292;T01511;2025/02/27;254.85;255;;;;;
C0515;David;King;david.king515@example.com;555-2055;2024/10/05;Platinum;7290;T01512;2025/07/22;32.64;33;;;;;
C0516;Charlotte;Brown; charlotte.brown516@example.com ;555-2092;2025/02/27;Bronze;6480;T01513;2025/10/17;-69.73;70;R2;$10 Gift Voucher;1000;2025/11/25;1000
C0517;Thabo;Walker;thabo.walker517@example.com;555-2129;2022/06/12;Silver;1903;T01514;2025/01/31;927.67;928;;;;;
C0518;Michael;Pillay;MICHAEL.PILLAY518@EXAMPLE.COM;555-2166;2025/06/20;Gold;6349;T01515;2025/06/07;781.22;-100;;;;;
C0519;Sophia;Davis;sophia.davis519@example.com;555-2203;2025/09/15;Platinum;14755;T01516;2025/07/09;511.0;511;;;;;
C0520;Thomas;Mokoena;duplicate.customer@example.com;555-2240;2025/06/07;Bronze;8804;T01516;2025/06/01;893.95;894;R3;Coffee Mug;1500;2025/01/31;1500
C0521;Aisha;Smith;aisha.smith521@example.com;555-2277;2022/01/12;Silver;10020;T01518;2025/02/05;481.33;481;;;;;
C0522;Emma;Green;emma.green522@example.com;555-0000;2023/03/21;Gold;14455;T01519;2025/12/06;764.56;765;;;;;
C0523;William;Moore;william.moore523@example.com;555-2351;2025/01/04;Platinum;8545;T01520;2025/12/19;797.72;798;;;;;
C0524;Nomsa;Young;nomsa.young524@example.com;555-2388;2023/11/29;Bronze;14197;T01521;2025/02/26;71.57;72;R7;Wireless Earbuds;7500;2025/08/31;7500
C0525;Sarah;Anderson;sarah.anderson525@example.com;555-2425;2022/04/17;Silver;5548;T01522;2025/05/16;470.34;470;R2;$10 Gift Voucher;1000;2025/02/27;1000
C0526;James;Lewis;james.lewis526@example.com;555-2462;2024/05/21;Gold;11772;T01523;2025/05/05;864.37;864;;;;;
C0527;Amelia;Khumalo;amelia.khumalo527@example.com;555-2499;2022/03/31;Platinum;717;T01524;2025/12/12;;503;R7;Wireless Earbuds;7500;2025/05/02;7500
C0528;Sipho;Wilson;sipho.wilson528@example.com;555-2536;2024/04/25;bronze;4017;T01525;2025/04/24;823.26;823;;;;;
C0529;Daniel;Nkosi;daniel.nkosi529@example.com;555-2573;2024/09/11;Silver;-500;T01526;2025/07/21;218.57;219;R5;Free Shipping;750;2025/01/10;750
C0530;Emily;Williams;emily.williams530@example.com;555-2610;2023/07/27;Gold;10748;T01527;2025/01/24;406.39;406;;;;;
C0531;Samuel;Wright;samuel.wright531@example.com;555-2647;;Platinum;4440;T01528;2025/08/05;198.35;198;;;;;
C0532;Naledi;Martinez;naledi.martinez532@example.com;555-2684;2023/05/23;Platnium;3536;T01529;2025/03/28;883.79;884;R2;$10 Gift Voucher;1000;2025/02/17;1000
C0533;Olivia;Hall;olivia.hall533@example.com;555-2721;2022/09/27;Silver;14315;T01530;2025/06/16;72.09;72;;;;;
C0534;Joseph;Botha;joseph.botha534@example.com;555-2758;2025/07/13;Gold;11108;T01531;2025/11/21;990.87;991;R2;$10 Gift Voucher;1000;2025/07/25;1000
C0535;Lerato;Clark;lerato.clark535@example.com;555-2795;2025/07/08;Platinum;14272;T01532;2025/08/11;431.3;431;;;;;
C0536;Jessica;Naidoo;jessica.naidoo536@example.com;;2025/04/07;Bronze;2489;T01533;2025/03/24;35.59;36;R4;T-Shirt;2000;2025/06/29;2000
C0537; Robert ;Taylor;robert.taylor537@example.com;555-2869;2023/12/04;Silver;5861;T01534;2025/02/01;297.69;298;;;;;
C0538;Grace;Dlamini;grace.dlamini538@example.com;555-2906;2023/03/11;Gold;6508;T01535;2025/10/11;525.99;526;;;;;
C0539;Peter;Johnson;peter.johnson539@example.com;555-2943;2023/03/13;Platinum;2508;T01536;2025/11/20;307.15;307;;;;;
C0540;David;king;david.king540@example.com;555-2980;2022/12/17;Bronze;383;T01537;2025/11/15;645.72;646;;;;;
C0541;Charlotte;Brown;charlotte.brown541@example.com;555-3017;2025/06/21;Silver;4335;T01538;2025/04/22;991.41;991;;;;;
C0542;Thabo;Walker;thabo.walker542@example.com;555-3054;2023/05/15;Gold;10376;T01539;2025/03/09;351.9;352;;;;;
C0543;Michael;Pillay;michael.pillay543@example.com;555-3091;2023/06/03;Platinum;3351;T01540;2025/11/18;470.07;470;;;;;
C0544;Sophia;Davis;sophia.davis544example.com;555-3128;2025/02/16;Bronze;2689;T01541;2025/02/01;342.84;3430;;;;;
C0545;Thomas;Mokoena;thomas.mokoena545@example.com;555-3165;2022/07/25;Silver;5564;T01542;2025/10/02;330.13;330;;;;;
C0546;Aisha;Smith;aisha.smith546@example.com;555-3202;2024/04/18;Gold;13209;T01543;2025/10/12;426.02;426;;;;;
C0547;Emma;Green;emma.green547@example.com;555-3239;2024/10/05;Platinum;10453;T01544;2025/01/14;210.18;210;R7;Wireless Earbuds;7500;2025/10/21;7500
C0548;William;Moore;william.moore548@example.com;555-3276;2025/02/05;Bronze;75;T01545;2025/06/30;547.71;548;R1;$10 Gift Voucher;500;2025/06/30;1000
C0549;Nomsa;Young;nomsa.young549@example.com;555-3313;2023/08/26;Silver;1340;T01546;2025/07/21;98.67;99;;;;;
C0550;Sarah;Anderson;sarah.anderson550@example.com;555-3350;2024/02/16;Gold;10566;T01547;2025/03/08;862.99;863;R7;Wireless Earbuds;7500;2025/12/21;7500
C0551;James;Lewis;;555-3387;2023/01/03;Platinum;11378;T01548;2025/08/04;578.93;579;R5;Free Shipping;750;2025/04/13;750
C0552;Amelia;Khumalo;amelia.khumalo552@example.com;555-3424;2024/12/09;Bronze;1190;T01549;2025/06/15;277.3;277;;;;;
C0552;Amelia;Khumalo;amelia.khumalo552@example.com;555-3424;2024/12/09;Bronze;1190;T01549;2025/06/15;277.3;277;;;;;
C0554;DANIEL;Nkosi;daniel.nkosi554@example.com;555-3498;2023/11/20;Gold;8523;T01551;2025/07/24;811.08;811;R4;T-Shirt;2000;2025/11/29;2000
C0555;Emily;Williams;emily.williams555@example.com;555-3535;2023/10/27;Platinum;9883;T01552;2025/08/03;0;536;R3;Coffee Mug;1500;2025/12/17;1500
C0556;Samuel;Wright;samuel.wright556@example.com;555-3572;2025/11/03;Bronze;2693;T01553;2025/07/29;760.53;761;;;;;
C0557;Naledi;Martinez;duplicate.customer@example.com;555-3609;2022/04/13;Silver;2565;T01554;2025/07/29;213.68;214;;;;;
C0558;Olivia;Hall;olivia.hall558@example.com;555-3646;2022/07/12;Gold;120;T01555;2025/11/11;180.58;181;R2;$10 Gift Voucher;1000;2025/03/14;1000
C0559;Joseph;Botha;joseph.botha559@example.com;555-3683;2022/05/30;Platinum;3260;T01556;2025/07/24;856.29;856;R3;Coffee Mug;1500;2025/03/02;1500
C0560;Lerato;Clark;lerato.clark560@example.com;555-3720;2023/01/21;;14324;T01557;2025/05/15;228.57;229;R3;Coffee Mug;1500;2025/10/28;1500
C0561;Jessica;Naidoo;jessica.naidoo561@example.com;555-3757;2025/01/28;Silver;4334;T01557;2025/04/21;103.63;104;R5;Free Shipping;750;2025/10/17;750
C0562;Robert;Taylor;robert.taylor562@example.com;555-3794;2024/02/28;Gold;13899;T01559;2025/07/26;53.83;54;;;;;
C0563;Grace;Dlamini;grace.dlamini563@example.com;555-3831;2023/01/11;Platinum;9038;T01560;2025/10/30;254.25;254;R1;$5 Gift Voucher;500;2025/08/29;500
C0564;Peter;Johnson;peter.johnson564@example.com;555-3868;2022/02/22;Bronze;6903;T01561;2025/07/20;731.71;732;;;;;
C0565;David;King;david.king565@example.com;555-3905;2023/03/31;Silver;1274;T01562;2023/03/01;964.84;965;;;;;
C0566;Charlotte;Brown;charlotte.brown566@example.com;555-3942;2025/09/19;Gold;9058;T01563;2025/09/26;792.28;792;;;;;
C0567;Thabo;Walker;thabo.walker567@example.com;555-3979;2025/11/04;Platinum;7531;T01564;2025/06/25;224.05;224;;;;;
C0568;Michael;Pillay;michael.pillay568@example.com;555-4016;2023/05/16;Bronze;12719;T01565;2025/04/28;332.9;333;R5;Free Shipping;750;2025/04/12;750
C0569;Sophia;Davis;sophia.davis569@example.com;555-4053;2025/10/25;Silver;14909;T01566;2025/01/22;923.76;924;;;;;
C0570;Thomas;Mokoena;thomas.mokoena570@example.com;555-4090;2023/08/30;Gold;8144;T01567;2025/02/21;867.21;867;;;;;
C0571;Aisha;Smith;aisha.smith571@example.com;555-4127;2022/07/05;Platinum;4904;T01568;2025/01/24;443.89;444;R6;VIP Event Access;5000;2025/08/13;5000
C0572;Emma;Green;emma.green572@example.com;555-4164;2023/11/26;Bronze;6207;T01569;2025/12/22;106.99;107;;;;;
C0573;;Moore;william.moore573@example.com;555-4201;2022/10/13;Silver;14302;T01570;2025/02/05;463.8;464;R7;Wireless Earbuds;7500;2025/12/28;7500
C0574;Nomsa;Young;nomsa.young574@example.com;555-4238;2025/06/29;Gold;9239;T01571;2025/03/01;452.92;453;;;;;
C0575;Sarah;Anderson;sarah.anderson575@example.com;555-4275;2024/08/26;Platinum;;T01572;2025/12/30;563.35;563;;;;;
C0576;James;Lewis;james.lewis576@example.com;555-4312;2023/03/19;Bronze;5283;T01573;2025/08/15;791.88;792;;;;;
C0577;Amelia;Khumalo;amelia.khumalo577@example.com;555-4349;2024/01/04;Silver;7138;T01574;2025/11/11;712.87;713;R1;$5 Gift Voucher;500;2025/04/02;500
C0578;Sipho;Wilson;sipho.wilson578@example.com;555-4386;2023/03/13;Gold;2739;T01575;2025/05/30;540.46;540;;;;;
C0579;Daniel;Nkosi;daniel.nkosi579@example.com;555-4423;2023/02/27;Platinum;9408;T01576;2025/04/06;780.45;780;R1;$5 Gift Voucher;500;2025/05/08;500
C0580;Emily;Williams;emily.williams580@example.com;(555) 4460;2025/03/24;BRONZE;3993;T01577;2025/03/22;725.24;725;R3;Coffee Mug;1500;2025/07/16;1500
C0581;Samuel;Wright;samuel.wright581@example.com;555-4497;2022/10/01;Silver;1763;T01578;2025/01/28;142.27;142;;;;;
C0582;Naledi;Martinez;naledi.martinez582@example.com;555-4534;2025/05/29;Gold;9983;T01579;2025/04/09;961.05;961;;;;;
C0583;Olivia;Hall;olivia.hall583@example.com;555-4571;2023/06/21;Platinum;3994;T01580;2025/08/28;677.04;677;R99;Unknown Reward;999;2025/08/28;999
C0584;Joseph;Botha;joseph.botha584@example.com;555-0000;2022/05/29;Bronze;6287;T01581;2025/06/13;68.0;68;;;;;
C0585;Lerato;Clark;lerato.clark585@example.com;555-4645;2022/06/15;Silver;10622;;2025/08/09;538.16;538;R2;$10 Gift Voucher;1000;2025/07/07;1000
C0586;Jessica;Naidoo;jessica.naidoo586@example.com;555-4682;2023/05/03;Gold;10072;T01583;2025/10/19;374.84;375;;;;;
C0587;Robert;Taylor;robert.taylor587@example.com;555-4719;2024/05/28;Platinum;9526;T01584;2025/04/01;920.15;920;R3;Coffee Mug;1500;2025/05/12;1500
C0588;Grace;Dlamini;grace.dlamini588@example.com;555-4756;2024/09/17;Bronze;6593;T01585;2025/01/24;667.99;668;;;;;
C0589;Peter;Johnson;peter.johnson589@example.com;555-4793;2025/07/17;silver;14880;T01586;2025/04/11;177.31;177;R7;Wireless Earbuds;7500;2025/02/09;7500
C0590;David;King;david.king590@example.com;555-4830;2023/08/13;Gold;11613;T01587;2025/12/19;553.96;554;R5;Free Shipping;750;2025/12/09;750
C0591;Charlotte;Brown;charlotte.brown591@example.com;555-4867;2024/08/06;Platinum;5961;T01588;2025/09/15;758.95;759;;;;;
C0592;Thabo;Walker;thabo.walker592@example.com;555-4904;2025/10/22;Bronze;3269;T01589;2025/07/23;524.1;524;;;;;
C0593;Michael;pillay;michael.pillay593@example.com;555-4941;2025/04/07;Silver;565;T01590;2025/04/02;84.64;85;;;;;
C0594;Sophia;Davis;;555-4978;2023/08/02;Gold;13371;T01591;2025/07/24;751.59;752;;;;;
C0595;Thomas;Mokoena;thomas.mokoena595@example.com;555-5015;2023/01/13;Platinum;13081;T01592;2025/03/11;496.49;496;R6;VIP Event Access;5000;2025/03/14;5000
C0596; Aisha ;Smith;aisha.smith596@example.com;555-5052;2024/03/02;Bronze;6806;T01593;2025/10/29;433.21;433;R6;VIP Event Access;5000;2025/10/17;5000
C0597;Emma;Green;emma.green597@example.com;555-5089;2023/06/03;Silver;12796;T01594;2025/08/16;327.08;327;R2;$10 Gift Voucher;1000;2025/07/16;1000
C0598;William;Moore;william.moore598@example.com;555-5126;2023/11/07;Gold;12497;T01595;2025/06/29;169.74;170;R2;$10 Gift Voucher;1000;2025/06/16;1000
C0599;Nomsa;Young;nomsa.young599@example.com;555-5163;2024/02/11;Platinum;461;T01596;2025/06/08;315.22;315;;;;;
C0600;Sarah;Anderson;sarah.anderson600@example.com;555-5200;2025/11/08;Bronze;7278;T01597;2025/03/21;372.02;372;;;;;
C0601;JAMES;Lewis;james.lewis601@example.com;555-5237;2023/03/20;Silver;612;T01598;2025/04/14;174.82;175;R3;Coffee Mug;1500;2025/04/09;1500
C0602;Amelia;Khumalo;amelia.khumalo602@example.com;555-5274;2022/12/25;Gold;9171;T01598;2025/08/10;460.03;460;;;;;
C0602;Amelia;Khumalo;amelia.khumalo602@example.com;555-5274;2022/12/25;Gold;9171;T01598;2025/08/10;460.03;460;;;;;
C0604;Daniel;Nkosi;daniel.nkosi604@example.com;555-5348;2025/07/15;Bronze;5980;T01601;2025/04/30;744.29;744;;;;;
C0605;Emily;Williams; emily.williams605@example.com ;555-5385;2023/06/10;Silver;10196;T01602;2025/10/06;-995.73;996;;;;;
C0606;Samuel;Wright;samuel.wright606@example.com;555-5422;2024/02/04;Gold;7064;T01603;2025/08/11;125.96;126;;;;;
C0607;Naledi;Martinez;naledi.martinez607@example.com;555-5459;2025/02/09;Platinum;2690;T01604;2025/01/29;466.44;466;;;;;
C0608;Olivia;Hall;olivia.hall608@example.com;555-5496;2022/03/26; Bronze ;6845;T01605;2025/06/15;823.27;823;R1;$5 Gift Voucher;500;2025/04/02;500
C0609;Joseph;Botha;joseph.botha609@example.com;;2024/02/02;Silver;4926;T01606;2025/08/05;545.09;545;;;;;
C0610;Lerato;Clark;lerato.clark610@example.com;555-5570;2024/10/06;Gold;11058;T01607;2025/07/14;728.45;728;R6;VIP Event Access;5000;2025/07/08;5000
C0611;Jessica;Naidoo;jessica.naidoo611example.com;555-5607;2025/07/17;Platinum;8044;T01608;2025/05/01;821.76;8220;R1;$5 Gift Voucher;500;2025/09/20;500
C0612;Robert;Taylor;robert.taylor612@example.com;555-5644;2024/11/24;Bronze;12734;T01609;2025/01/19;829.02;829;;;;;
C0613;Grace;Dlamini;grace.dlamini613@example.com;555-5681;2023/07/31;Silver;2727;T01610;2025/01/01;616.06;616;;;;;
C0614;Peter;Johnson;peter.johnson614@example.com;555-5718;2024/04/19;Gold;13359;T01611;2025/09/28;740.93;741;;;;;
C0615;David;King;david.king615@example.com;555-0000;2022/10/13;Platinum;7641;T01612;2025/08/18;823.07;823;R2;$10 Gift Voucher;1000;2025/04/06;1000
C0616;Charlotte;Brown;charlotte.brown616@example.com;555-5792;2022/12/10;Bronze;13509;T01613;2025/06/07;160.15;160;;;;;
C0617;Thabo;Walker;thabo.walker617@example.com;555-5829;2022/03/24;Silver;7209;T01614;2025/07/21;510.15;510;R4;T-Shirt;2000;2025/12/10;2000
C0618;Michael;Pillay;michael.pillay618@example.com;555-5866;2024/10/19;Gold;7455;T01615;2025/01/30;634.08;634;;;;;
C0619;Sophia;Davis;SOPHIA.DAVIS619@EXAMPLE.COM;555-5903;2024/04/09;Platinum;10013;T01616;2025/06/02;819.16;-100;;;;;
C0620;Thomas;Mokoena;thomas.mokoena620@example.com;555-5940;2022/04/16;Bronze;9079;T01617;2025/07/06;484.16;484;;;;;
C0621;Aisha;Smith;aisha.smith621@example.com;555-5977;2023/06/11;Silver;3129;T01618;2025/12/03;313.71;314;;;;;
C0622;Emma;Green;emma.green622@example.com;555-6014;2025/04/19;Gold;8753;T01619;2025/08/08;640.41;640;;;;;
C0623;William;Moore;william.moore623@example.com;555-6051;2024/12/01;Platinum;7293;T01620;2025/02/02;134.35;134;R3;Coffee Mug;1500;2025/12/04;1500
C0624;Nomsa;Young;nomsa.young624@example.com;555-6088;2022/06/20;Bronze;5720;T01621;2025/06/28;790.05;790;R3;Coffee Mug;1500;2025/07/12;1500
C0625;Sarah;Anderson;sarah.anderson625@example.com;555-6125;2023/08/23;Silver;7271;T01622;2025/01/16;910.4;910;;;;;
C0626;James;Lewis;james.lewis626@example.com;555-6162;2022/03/17;Gold;11778;T01623;2025/10/12;414.31;414;;;;;
C0627;Amelia;Khumalo;amelia.khumalo627@example.com;555-6199;2023/06/14;Platinum;7141;T01624;2025/10/10;795.12;795;R2;$10 Gift Voucher;1000;2025/10/08;1000
C0628;Sipho;Wilson;sipho.wilson628@example.com;555-6236;2024/11/06;Bronze;888;T01625;2025/05/23;102.43;102;R7;Wireless Earbuds;7500;2025/01/13;7500
C0629;Daniel;Nkosi;daniel.nkosi629@example.com;555-6273;2024/02/08;Silver;1813;T01626;2025/10/06;294.1;294;R6;VIP Event Access;5000;2025/05/08;5000
C0630;Emily;Williams;emily.williams630@example.com;555-6310;2024/09/26;Gold;7340;T01627;2025/11/29;315.16;315;;;;;
C0631;Samuel;Wright;duplicate.customer@example.com;555-6347;2023/02/12;Platinum;5750;T01628;2025/11/29;539.75;540;R7;Wireless Earbuds;7500;2025/10/10;7500
;Naledi;Martinez;naledi.martinez632@example.com;555-6384;2022/09/02;Bronze;2891;T01629;2025/01/28;450.37;450;;;;;
 C0633 ;Olivia;Hall;olivia.hall633@example.com;555-6421;2023/02/04;Silver;6720;T01630;2025/09/21;964.52;965;;;;;
C0634;Joseph;Botha;joseph.botha634@example.com;555-6458;2025/10/17;Gold;5822;T01631;2025/02/02;709.3;709;R6;VIP Event Access;5000;2025/09/06;5000
C0635;Lerato;Clark;lerato.clark635@example.com;555-6495;2025/09/04;Platinum;9107;T01632;2025/09/12;575.34;575;R5;Free Shipping;750;2025/05/09;750
C0636;Jessica;Naidoo;jessica.naidoo636@example.com;555-6532;2025/01/27;Bronze;14670;T01633;2024/12/28;398.43;398;;;;;
C0637;Robert;Taylor;;555-6569;2024/06/27;Silver;14771;T01634;2025/10/13;752.21;752;R1;$5 Gift Voucher;500;2025/12/11;500
C0638;Grace;Dlamini;grace.dlamini638@example.com;555-6606;2022/09/06;Gold;-500;T01635;2025/02/26;361.43;361;;;;;
C0639;Peter;Johnson;peter.johnson639@example.com;555-6643;2024/03/18;Platinum;4321;T01636;2025/10/28;559.27;559;;;;;
C0640;David;King;david.king640@example.com;555-6680;2023/11/07;Bronze;8938;T01637;2025/11/16;705.63;706;R6;VIP Event Access;5000;2025/10/23;5000
C0641;Charlotte;Brown;charlotte.brown641@example.com;555-6717;2025/06/10;Silver;9990;T01638;2025/06/23;270.46;270;;;;;
C0642;Thabo;Walker;thabo.walker642@example.com;555-6754;2022/10/31;Gold;441;T01639;2025/01/20;183.98;184;R7;;7500;;
C0643;Michael;Pillay;michael.pillay643@example.com;555-6791;2024/11/22;Platinum;4402;T01639;2025/08/11;531.22;531;;;;;
C0644;Sophia;Davis;sophia.davis644@example.com;555-6828;2024/04/06;Bronze;11634;T01641;2025/11/05;389.99;390;;;;;
C0645;Thomas;Mokoena;thomas.mokoena645@example.com;555-6865;2024/04/29;Silver;12985;T01642;2025/08/04;549.43;549;;;;;
C0646;Aisha;smith;aisha.smith646@example.com;555-0000;2024/01/06;Gold;8454;T01643;2025/12/16;960.39;960;;;;;
C0647;Emma;Green;emma.green647@example.com;555-6939;2023/08/25;Platinum;1496;T01644;2025/03/29;486.33;486;;Coffee Mug;1500;2025/03/29;1500
C0648;WILLIAM;Moore;william.moore648@example.com;555-6976;2023/11/17;Bronze;14428;T01645;2025/04/11;197.67;198;;;;;
C0649;Nomsa;Young;nomsa.young649@example.com;555-7013;2025/06/29;Silver;3874;T01646;2025/03/01;556.36;556;;;;;
C0650;Sarah;Anderson;sarah.anderson650@example.com;555-7050;2025/02/11;gold;13634;T01647;2025/03/04;703.52;704;;;;;
C0651;James;Lewis;james.lewis651@example.com;555-7087;2025/04/17;Platinum;4287;T01648;2025/08/04;656.86;657;R1;$10 Gift Voucher;500;2025/08/04;1000
C0652;Amelia;Khumalo;amelia.khumalo652@example.com;555-7124;2024/10/31;Bronze;10592;T01649;2025/09/04;0;308;R6;VIP Event Access;5000;2025/07/30;5000
C0652;Amelia;Khumalo;amelia.khumalo652@example.com;555-7124;2024/10/31;Bronze;10592;T01649;2025/09/04;0;308;R6;VIP Event Access;5000;2025/07/30;5000
C0654;Daniel;Nkosi;daniel.nkosi654@example.com;555-7198;2024/11/26;Gold;9226;T01651;2025/12/04;;406;R2;$10 Gift Voucher;1000;2025/11/08;1000
C0655; Emily ;Williams;emily.williams655@example.com;555-7235;2024/02/03;Platinum;3584;T01652;2025/11/14;439.27;439;;;;;
C0656;Samuel;Wright;samuel.wright656@example.com;555-7272;2023/11/10;Bronze;9061;T01653;2025/05/13;295.1;295;;;;;
C0657;Naledi;Martinez;naledi.martinez657@example.com;555-7309;2022/03/04;Silver;9803;T01654;2025/12/05;557.14;557;;;;;
C0658;Olivia;Hall;olivia.hall658@example.com;555-7346;2025/02/26;Gold;5343;T01655;2025/11/04;446.17;446;;;;;
C0659;Joseph;Botha;joseph.botha659@example.com;555-7383;2025/12/21;Platinum;11436;T01656;2025/04/06;936.58;937;;;;;
C0660;Lerato;Clark;lerato.clark660@example.com;555-7420;2022/07/23;Bronze;7852;T01657;2025/12/13;34.12;34;;;;;
C0661;Jessica;Naidoo;jessica.naidoo661@example.com;555-7457;2024/09/07;Silver;6216;T01658;2025/12/01;293.79;294;;;;;
C0662;Robert;Taylor;robert.taylor662@example.com;555-7494;2024/12/26;Gold;3694;T01659;2025/06/16;704.77;705;R99;Unknown Reward;999;2025/06/16;999
C0663;Grace;Dlamini;grace.dlamini663@example.com;(555) 7531;2024/05/13;PLATINUM;7454;T01660;2025/08/14;663.23;663;;;;;
c0664;Peter;Johnson;peter.johnson664@example.com;555-7568;2022/03/24;Bronze;8498;T01661;2025/01/30;851.45;851;;;;;
C0665;David;King;david.king665@example.com;555-7605;2022/03/17;Silver;8605;T01662;2025/06/15;612.8;613;;;;;
C0666;Charlotte;Brown;charlotte.brown666@example.com;555-7642;2025/09/22;Gold;3053;T01663;2025/11/13;768.25;768;;;;;
C0667;Thabo;Walker;thabo.walker667@example.com;555-7679;2025/07/20;Platinum;13424;T01664;2025/03/31;751.68;752;R5;Free Shipping;750;2025/09/21;750
C0668;Michael;Pillay;duplicate.customer@example.com;555-7716;2025/06/07;Bronze;4238;T01665;2025/09/12;595.65;596;R1;$5 Gift Voucher;500;2025/09/30;500
C0669;Sophia;Davis;sophia.davis669@example.com;555-7753;2024/06/12;Silver;12881;T01666;2025/09/10;607.09;607;;;;;
C0670;Thomas;Mokoena;thomas.mokoena670@example.com;555-7790;2025/04/26;Gold;3458;T01667;2025/07/23;573.41;573;R2;$10 Gift Voucher;1000;2025/02/21;1000
C0671;Aisha;Smith;aisha.smith671@example.com;555-7827;2025/12/21;Platnium;274;T01668;2025/03/13;667.61;668;R4;T-Shirt;2000;2025/02/14;2000
C0672;Emma;Green;emma.green672@example.com;555-7864;2024/11/29;Bronze;3095;T01669;2025/06/28;112.18;112;;;;;
C0673;William;;william.moore673@example.com;555-7901;2025/02/10;Silver;268;T01670;2025/01/14;682.07;682;;;;;
C0674;Nomsa;Young;nomsa.young674@example.com;555-7938;2023/06/03;Gold;753;T01671;2025/12/04;213.46;213;;;;;
C0675;Sarah;Anderson;sarah.anderson675@example.com;555-7975;2023/06/25;Platinum;6599;T01672;2025/01/02;505.82;506;R3;Coffee Mug;1500;2025/06/20;1500
C0676;James;Lewis;james.lewis676@example.com;555-8012;2024/05/16;Bronze;11946;T01673;2025/08/07;349.9;350;R6;VIP Event Access;5000;2025/02/14;5000
C0677;Amelia;Khumalo;amelia.khumalo677@example.com;555-0000;2023/07/24;Silver;11752;T01674;2025/04/21;58.33;58;;;;;
C0678;Sipho;Wilson;sipho.wilson678example.com;555-8086;2024/12/29;Gold;2872;T01675;2025/10/05;444.29;4440;R4;T-Shirt;2000;2025/12/03;2000
C0679;Daniel;Nkosi;daniel.nkosi679@example.com;555-8123;2024/03/29;Platinum;7453;T01676;2025/10/27;968.13;968;;;;;
C0680;Emily;Williams;;555-8160;2024/08/05;Bronze;1371;T01677;2025/09/21;783.62;784;;;;;
C0681;Samuel;Wright;samuel.wright681@example.com;555-8197;2022/07/31;Silver;316;T01678;2025/11/04;752.64;753;;;;;
C0682;Naledi;Martinez;naledi.martinez682@example.com;;2023/12/14;Gold;6744;T01679;2025/08/02;149.6;150;R4;T-Shirt;2000;2025/10/15;2000
C0683;Olivia;Hall;olivia.hall683@example.com;555-8271;2024/10/24;Platinum;834;T01680;2025/02/02;683.25;683;;;;;
C0684;Joseph;Botha;joseph.botha684@example.com;555-8308;2025/07/22;Bronze;11306;T01680;2025/03/18;655.58;656;R3;Coffee Mug;1500;2025/10/31;1500
C0685;Lerato;Clark;lerato.clark685@example.com;555-8345;2025/02/15;Silver;1476;T01682;2025/02/18;317.66;318;;;;;
C0686;Jessica;Naidoo;jessica.naidoo686@example.com;555-8382;2023/10/30;Gold;6254;T01683;2025/02/10;362.44;362;R2;$10 Gift Voucher;1000;2025/01/25;1000
C0687;Robert;Taylor;robert.taylor687@example.com;555-8419;2025/07/26;Platinum;12799;T01684;2025/08/14;300.03;300;;;;;
C0688;Grace;Dlamini;grace.dlamini688@example.com;555-8456;2023/02/24;Bronze;14458;T01685;2025/05/07;50.46;50;;;;;
C0689;Peter;Johnson;peter.johnson689@example.com;555-8493;2024/04/15;Silver;7813;T01686;2025/05/03;373.4;373;;;;;
C0690;David;King;david.king690@example.com;555-8530;2025/05/14;Gold;12498;T01687;2025/09/13;232.13;232;;;;;
C0691;Charlotte;Brown;charlotte.brown691@example.com;555-8567;2022/06/09;Platinum;2796;T01688;2025/04/16;980.69;981;;;;;
C0692;Thabo;Walker;thabo.walker692@example.com;555-8604;2022/07/19;Bronze;3644;T01689;2025/10/11;713.82;714;R5;Free Shipping;750;2025/04/09;750
C0693;Michael;Pillay;michael.pillay693@example.com;555-8641;2022/02/11;Silver;8409;T01690;2025/01/07;266.49;266;;;;;
C0694;Sophia;Davis; sophia.davis694@example.com ;555-8678;2022/02/08;Gold;8178;T01691;2025/11/10;-341.59;342;R2;$10 Gift Voucher;1000;2025/11/07;1000
C0695;THOMAS;Mokoena;thomas.mokoena695@example.com;555-8715;2024/01/29;Platinum;13401;T01692;2025/03/06;325.84;326;R4;T-Shirt;2000;2025/05/22;2000
C0696;Aisha;Smith;aisha.smith696@example.com;555-8752;2022/12/24;Bronze;6518;T01693;2025/05/30;111.3;111;R2;$10 Gift Voucher;1000;2025/08/08;1000
C0697;Emma;Green;emma.green697@example.com;555-8789;2025/02/21;Silver;10064;T01694;2025/03/01;227.6;228;R2;$10 Gift Voucher;1000;2025/02/19;1000
C0698;William;Moore;william.moore698@example.com;555-8826;2024/06/24;Gold;2879;;2025/03/11;883.64;884;R7;Wireless Earbuds;7500;2025/11/21;7500
C0699;Nomsa;young;nomsa.young699@example.com;555-8863;2023/05/13;Platinum;13838;T01696;2025/04/19;601.3;601;R2;$10 Gift Voucher;1000;2025/03/13;1000
C0700;Sarah;Anderson;sarah.anderson700@example.com;555-8900;2025/02/16;Bronze;4615;T01697;2025/06/16;52.46;52;R4;T-Shirt;2000;2025/12/29;2000
C0701;James;Lewis;james.lewis701@example.com;555-8937;2022/11/25;Silver;3465;T01698;2025/06/15;564.91;565;;;;;
C0702;Amelia;Khumalo;amelia.khumalo702@example.com;555-8974;2025/04/05;Gold;13784;T01699;2025/06/22;145.11;145;;;;;
C0702;Amelia;Khumalo;amelia.khumalo702@example.com;555-8974;2025/04/05;Gold;13784;T01699;2025/06/22;145.11;145;;;;;
C0704;Daniel;Nkosi;daniel.nkosi704@example.com;555-9048;2023/08/26;Bronze;6431;T01701;2025/02/27;364.84;365;R6;VIP Event Access;5000;2025/12/05;5000
C0705;Emily;Williams;duplicate.customer@example.com;555-9085;2023/11/15;Silver;4849;T01702;2025/04/25;46.22;46;;;;;
C0706;Samuel;Wright;samuel.wright706@example.com;555-9122;2025/08/17;Gold;;T01703;2025/03/20;371.79;372;;;;;
C0707;Naledi;Martinez;naledi.martinez707@example.com;555-9159;2025/06/22;Platinum;9179;T01704;2025/05/23;222.12;222;;;;;
C0708;Olivia;Hall;olivia.hall708@example.com;555-0000;2023/09/03;Bronze;6430;T01705;2025/03/04;169.65;170;R1;$5 Gift Voucher;500;2025/01/06;500
C0709;Joseph;Botha;joseph.botha709@example.com;555-9233;2024/02/09;Silver;9798;T01706;2025/08/26;190.84;191;;;;;
C0710;Lerato;Clark;lerato.clark710@example.com;555-9270;2024/07/28;Gold;14517;T01707;2025/04/30;499.28;499;;;;;
C0711;Jessica;Naidoo;jessica.naidoo711@example.com;555-9307;2025/09/23;platinum;11986;T01708;2025/11/02;85.65;86;;;;;
C0712;Robert;Taylor;robert.taylor712@example.com;555-9344;2023/01/23;Bronze;8853;T01709;2025/11/17;552.71;553;;;;;
C0713;Grace;Dlamini;grace.dlamini713@example.com;555-9381;2023/07/29;Silver;7226;T01710;2025/08/12;167.4;167;;;;;
C0714; Peter ;Johnson;peter.johnson714@example.com;555-9418;2024/10/02;Gold;4610;T01711;2025/03/09;218.82;219;;;;;
C0715;David;King;david.king715@example.com;555-9455;2024/01/06; Platinum ;10713;T01712;2025/05/13;602.14;602;R2;$10 Gift Voucher;1000;2025/06/16;1000
C0716;Charlotte;Brown;charlotte.brown716@example.com;555-9492;2025/08/07;Bronze;11733;T01713;2025/05/20;772.14;772;;;;;
C0717;Thabo;Walker;thabo.walker717@example.com;555-9529;2024/05/04;Silver;2867;T01714;2025/09/07;742.42;742;;;;;
C0718;Michael;Pillay;michael.pillay718@example.com;555-9566;2025/05/07;Gold;9850;T01715;2025/06/15;600.4;600;;;;;
C0719;Sophia;Davis;sophia.davis719@example.com;555-9603;2023/12/20;Platinum;7058;T01716;2025/07/03;496.52;497;;;;;
C0720;Thomas;Mokoena;THOMAS.MOKOENA720@EXAMPLE.COM;555-9640;2023/01/12;Bronze;96;T01717;2025/10/26;661.1;-100;;;;;
C0721;Aisha;Smith;aisha.smith721@example.com;555-9677;2023/11/14;Silver;9808;T01718;2025/11/03;100.43;100;R4;T-Shirt;2000;2025/04/20;2000
C0722;Emma;Green;emma.green722@example.com;555-9714;;Gold;7548;T01719;2025/03/16;727.39;727;;;;;
C0723;William;Moore;;555-9751;2025/05/12;Platinum;5858;T01720;2025/08/16;406.33;406;;;;;
C0724;Nomsa;Young;nomsa.young724@example.com;555-9788;2024/07/17;Bronze;11738;T01721;2025/12/06;227.0;227;;;;;
C0725;Sarah;Anderson;sarah.anderson725@example.com;555-9825;2023/03/01;Silver;8660;T01721;2025/01/28;567.89;568;;;;;
C0726;James;Lewis;james.lewis726@example.com;555-9862;2025/09/21;Gold;1373;T01723;2025/01/29;667.87;668;R2;$10 Gift Voucher;1000;2025/07/31;1000
C0727;Amelia;Khumalo;amelia.khumalo727@example.com;555-9899;2023/02/24;Platinum;12317;T01724;2025/05/26;797.39;797;;;;;
C0728;Sipho;Wilson;sipho.wilson728@example.com;555-9936;2022/02/12;Bronze;9032;T01725;2025/02/25;270.32;270;;;;;
C0729;Daniel;Nkosi;daniel.nkosi729@example.com;555-9973;2022/07/28;Silver;8108;T01726;2025/03/31;30.91;31;R4;T-Shirt;2000;2025/03/26;2000
C0730;;Williams;emily.williams730@example.com;555-1010;2023/07/02;Gold;10895;T01727;2025/07/27;611.47;611;R6;VIP Event Access;5000;2025/10/23;5000
C0731;Samuel;Wright;samuel.wright731@example.com;555-1047;2025/05/13;Platinum;12610;T01728;2025/03/15;606.61;607;;;;;
C0732;Naledi;Martinez;naledi.martinez732@example.com;555-1084;2025/02/10;Bronze;4281;T01729;2025/08/11;27.3;27;R1;$5 Gift Voucher;500;2025/06/23;500
C0733;Olivia;Hall;olivia.hall733@example.com;555-1121;2023/07/01;;2976;T01730;2025/04/30;513.59;514;;;;;
C0734;Joseph;Botha;joseph.botha734@example.com;555-1158;2022/12/13;Gold;12790;T01731;2025/03/26;206.26;206;R6;VIP Event Access;5000;2025/07/26;5000
C0735;Lerato;Clark;lerato.clark735@example.com;555-1195;2024/04/01;Platinum;2558;T01732;2025/12/11;460.68;461;;;;;
C0736;Jessica;Naidoo;jessica.naidoo736@example.com;555-1232;2025/07/26;Bronze;11547;T01733;2025/11/28;562.29;562;;;;;
C0737;Robert;Taylor;robert.taylor737@example.com;555-1269;2023/09/12;Silver;9929;T01734;2025/08/01;728.51;729;R6;VIP Event Access;5000;2025/04/05;5000
C0738;Grace;Dlamini;grace.dlamini738@example.com;555-1306;2025/08/24;Gold;13239;T01735;2025/06/23;445.8;446;R7;Wireless Earbuds;7500;2025/11/13;7500
C0739;Peter;Johnson;peter.johnson739@example.com;555-0000;2022/07/17;Platinum;4198;T01736;2025/02/25;531.4;531;;;;;
C0740;David;King;david.king740@example.com;555-1380;2022/10/28;Bronze;3139;T01737;2025/03/07;423.97;424;;;;;
C0741;Charlotte;Brown;charlotte.brown741@example.com;555-1417;2022/06/20;Silver;12687;T01738;2025/05/22;746.73;747;R99;Unknown Reward;999;2025/05/22;999
C0742;THABO;Walker;duplicate.customer@example.com;555-1454;2024/11/28;Gold;10079;T01739;2025/08/01;834.07;834;;;;;
C0743;Michael;Pillay;michael.pillay743@example.com;555-1491;2024/02/06;Platinum;2655;T01740;2025/05/26;943.24;943;;;;;
C0744;Sophia;Davis;sophia.davis744@example.com;555-1528;2025/01/04;Bronze;11031;T01741;2025/11/18;238.35;238;;;;;
C0745;Thomas;Mokoena;thomas.mokoena745example.com;555-1565;2025/07/23;Silver;3853;T01742;2025/10/21;924.63;9250;R4;T-Shirt;2000;2025/05/31;2000
C0746;Aisha;Smith;aisha.smith746@example.com;(555) 1602;2022/04/10;GOLD;11411;T01743;2025/03/19;435.37;435;;;;;
C0747;Emma;Green;emma.green747@example.com;555-1639;2023/04/01;Platinum;-500;T01744;2025/09/28;47.15;47;R4;T-Shirt;2000;2025/09/21;2000
C0748;William;Moore;william.moore748@example.com;555-1676;2024/08/16;Bronze;2695;T01745;2025/12/03;62.53;63;;;;;
C0749;Nomsa;Young;nomsa.young749@example.com;555-1713;2023/08/21;Silver;6531;T01746;2025/09/14;0;275;;;;;
C0750;Sarah;Anderson;sarah.anderson750@example.com;555-1750;2023/09/22;Gold;2367;T01747;2025/05/22;429.51;430;;;;;
C0751;James;Lewis;james.lewis751@example.com;555-1787;2022/10/02;Platinum;10521;T01748;2025/08/04;386.23;386;;;;;
C0752;Amelia;khumalo;amelia.khumalo752@example.com;555-1824;2022/01/22;Bronze;3895;T01749;2025/03/10;548.64;549;R2;$10 Gift Voucher;1000;2025/10/15;1000
C0752;Amelia;khumalo;amelia.khumalo752@example.com;555-1824;2022/01/22;Bronze;3895;T01749;2025/03/10;548.64;549;R2;$10 Gift Voucher;1000;2025/10/15;1000
C0754;Daniel;Nkosi;daniel.nkosi754@example.com;555-1898;2025/03/16;Gold;4323;T01751;2025/08/14;422.8;423;R1;$10 Gift Voucher;500;2025/08/14;1000
C0755;Emily;Williams;emily.williams755@example.com;;2025/09/09;Platinum;6445;T01752;2025/08/30;306.01;306;;;;;
C0756;Samuel;Wright;samuel.wright756@example.com;555-1972;2023/09/27;Bronze;13174;T01753;2025/06/29;458.42;458;;;;;
C0757;Naledi;Martinez;naledi.martinez757@example.com;555-2009;2024/07/09;Silver;10856;T01754;2025/02/08;742.31;742;;;;;
C0758;Olivia;Hall;olivia.hall758@example.com;555-2046;2025/08/05;Gold;5244;T01755;2025/08/30;327.94;328;;;;;
C0759;Joseph;Botha;joseph.botha759@example.com;555-2083;2023/07/27;Platinum;1538;T01756;2025/06/23;411.15;411;;;;;
C0760;Lerato;Clark;lerato.clark760@example.com;555-2120;2024/07/13;Bronze;12854;T01757;2025/06/30;992.48;992;;;;;
C0761;Jessica;Naidoo;jessica.naidoo761@example.com;555-2157;2025/12/09;Silver;14744;T01758;2025/09/30;534.53;535;;;;;
C0762;Robert;Taylor;robert.taylor762@example.com;555-2194;2025/04/29;Gold;4632;T01759;2025/08/12;114.02;114;;;;;
C0763;Grace;Dlamini;grace.dlamini763@example.com;555-2231;2025/08/04;Platinum;9939;T01760;2025/12/08;551.14;551;;;;;
C0764;Peter;Johnson;peter.johnson764@example.com;555-2268;2025/10/08;Bronze;11573;T01761;2025/08/11;522.51;523;R1;$5 Gift Voucher;500;2025/02/20;500
C0765;David;King;david.king765@example.com;555-2305;2024/07/13;Silver;13304;T01762;2025/09/24;137.05;137;;;;;
C0766;Charlotte;Brown;;555-2342;2022/09/07;Gold;13303;T01762;2025/03/21;636.53;637;R6;VIP Event Access;5000;2025/07/13;5000
C0767;Thabo;Walker;thabo.walker767@example.com;555-2379;2025/04/20;Platinum;7628;T01764;2025/06/19;119.54;120;;;;;
C0768;Michael;Pillay;michael.pillay768@example.com;555-2416;2022/06/02;Bronze;8241;T01765;2025/06/13;484.31;484;R3;Coffee Mug;1500;2025/02/19;1500
C0769;Sophia;Davis;sophia.davis769@example.com;555-2453;2025/12/25;Silver;14012;T01766;2025/01/27;972.55;973;;;;;
C0770;Thomas;Mokoena;thomas.mokoena770@example.com;555-0000;2024/10/18;Gold;8242;T01767;2025/08/22;347.8;348;;;;;
C0771;Aisha;Smith;aisha.smith771@example.com;555-2527;2023/07/09;Platinum;6491;T01768;2025/01/03;710.76;711;R5;Free Shipping;750;2025/04/18;750
C0772;Emma;Green;emma.green772@example.com;555-2564;2024/08/02;bronze;14403;T01769;2025/03/22;977.16;977;R3;Coffee Mug;1500;2025/08/20;1500
C0773; William ;Moore;william.moore773@example.com;555-2601;2025/06/30;Silver;1318;T01770;2025/09/21;738.29;738;R2;$10 Gift Voucher;1000;2025/08/16;1000
C0774;Nomsa;Young;nomsa.young774@example.com;555-2638;2024/12/19;Gold;10991;T01771;2025/03/03;998.81;999;;;;;
C0775;Sarah;Anderson;sarah.anderson775@example.com;555-2675;2022/01/02;Platinum;9113;T01772;2025/12/01;698.81;699;;;;;
C0776;James;Lewis;james.lewis776@example.com;555-2712;2025/07/22;Bronze;13747;T01773;2025/11/07;285.18;285;;;;;
C0777;Amelia;Khumalo;amelia.khumalo777@example.com;555-2749;2022/12/02;Silver;8328;T01774;2025/04/03;984.92;985;;;;;
C0778;Sipho;Wilson;sipho.wilson778@example.com;555-2786;2022/06/11;Gold;13352;T01775;2022/05/12;157.66;158;;;;;
C0779;Daniel;Nkosi;duplicate.customer@example.com;555-2823;2023/04/13;Platinum;1746;T01776;2025/11/26;692.1;692;;;;;
C0780;Emily;Williams;emily.williams780@example.com;555-2860;2024/03/04;Bronze;5714;T01777;2025/05/25;448.0;448;;;;;
C0781;Samuel;Wright;samuel.wright781@example.com;555-2897;2022/12/01;Silver;6370;T01778;2025/01/15;;364;;;;;
C0782;Naledi;Martinez;naledi.martinez782@example.com;555-2934;2023/03/23;Gold;1231;T01779;2025/09/19;786.3;786;;;;;
C0783;Olivia;Hall; olivia.hall783@example.com ;555-2971;2023/11/29;Platinum;2458;T01780;2025/08/20;-88.03;88;;;;;
C0784;Joseph;Botha;joseph.botha784@example.com;555-3008;2025/12/11;Bronze;14155;T01781;2025/08/07;591.67;592;;Coffee Mug;1500;2025/08/07;1500
C0785;Lerato;Clark;lerato.clark785@example.com;555-3045;2024/12/14;Silver;3143;T01782;2025/09/21;95.3;95;;;;;
C0786;Jessica;Naidoo;jessica.naidoo786@example.com;555-3082;2022/03/14;Gold;10147;T01783;2025/12/14;281.98;282;R1;$5 Gift Voucher;500;2025/07/21;500
C0787;Robert;Taylor;robert.taylor787@example.com;555-3119;2024/06/09;Platinum;13138;T01784;2025/11/06;974.23;974;R3;Coffee Mug;1500;2025/10/06;1500
C0788;Grace;Dlamini;grace.dlamini788@example.com;555-3156;2022/12/15;Bronze;11084;T01785;2025/11/24;126.58;127;R2;$10 Gift Voucher;1000;2025/03/25;1000
C0789;PETER;Johnson;peter.johnson789@example.com;555-3193;2022/04/26;Silver;788;T01786;2025/07/14;826.14;826;;;;;
C0790;David;King;david.king790@example.com;555-3230;2025/02/13;Gold;6489;T01787;2025/08/11;834.43;834;;;;;
C0791;Charlotte;Brown;charlotte.brown791@example.com;555-3267;2022/12/28;Platinum;2556;T01788;2025/11/09;164.4;164;R7;;7500;;
C0792;Thabo;Walker;thabo.walker792@example.com;555-3304;2023/05/04;Bronze;14202;T01789;2025/05/06;435.45;435;;;;;
C0793;Michael;Pillay;michael.pillay793@example.com;555-3341;2023/01/23;Silver;9673;T01790;2025/06/19;250.89;251;;;;;
C0794;Sophia;Davis;sophia.davis794@example.com;555-3378;2022/12/14;Gold;5910;T01791;2025/03/03;19.97;20;R5;Free Shipping;750;2025/07/13;750
C0795;Thomas;Mokoena;thomas.mokoena795@example.com;555-3415;2023/05/22;Platinum;8357;T01792;2025/05/25;672.37;672;;;;;
 C0796 ;Aisha;Smith;aisha.smith796@example.com;555-3452;2024/08/19;Bronze;10655;T01793;2025/06/01;591.11;591;R7;Wireless Earbuds;7500;2025/09/26;7500
C0797;Emma;Green;emma.green797@example.com;555-3489;2025/09/10;Silver;6633;T01794;2025/05/03;944.22;944;;;;;
C0798;William;Moore;william.moore798@example.com;555-3526;2022/09/28;Gold;5902;T01795;2025/08/16;63.61;64;;;;;
C0799;Nomsa;Young;nomsa.young799@example.com;555-3563;2023/11/22;Platinum;13311;T01796;2025/02/15;812.72;813;;;;;
C0800;Sarah;Anderson;sarah.anderson800@example.com;555-3600;2022/10/28;Bronze;6132;T01797;2025/07/25;181.71;182;;;;;
C0801;James;Lewis;james.lewis801@example.com;555-0000;2023/06/28;Silver;9807;T01798;2025/05/30;167.68;168;R3;Coffee Mug;1500;2025/02/20;1500
C0802;Amelia;Khumalo;amelia.khumalo802@example.com;555-3674;2022/05/23;Gold;1838;T01799;2025/07/18;202.71;203;;;;;
C0802;Amelia;Khumalo;amelia.khumalo802@example.com;555-3674;2022/05/23;Gold;1838;T01799;2025/07/18;202.71;203;;;;;
C0804;Daniel;Nkosi;daniel.nkosi804@example.com;555-3748;2022/05/18;Bronze;5287;T01801;2025/02/26;76.91;77;;;;;
C0805;Emily;williams;emily.williams805@example.com;555-3785;2024/05/31;Silver;4187;T01802;2025/09/10;223.75;224;;;;;
C0806;Samuel;Wright;samuel.wright806@example.com;555-3822;2023/10/13;Gold;468;T01803;2025/07/25;703.74;704;;;;;
C0807;Naledi;Martinez;naledi.martinez807@example.com;555-3859;2024/03/25;Platinum;4803;T01803;2025/08/03;364.74;365;;;;;
C0808;Olivia;Hall;olivia.hall808@example.com;555-3896;2025/05/10;Bronze;8021;T01805;2025/07/18;919.13;919;;;;;
C0809;Joseph;Botha;;555-3933;2025/08/30;Silver;9432;T01806;2025/04/15;502.28;502;;;;;
C0810;Lerato;Clark;lerato.clark810@example.com;555-3970;2025/04/10;Platnium;11835;T01807;2025/04/30;915.66;916;R5;Free Shipping;750;2025/04/25;750
C0811;Jessica;Naidoo;jessica.naidoo811@example.com;555-4007;2022/10/10;Platinum;1153;;2025/05/25;901.54;902;;;;;
C0812;Robert;Taylor;robert.taylor812example.com;555-4044;2024/09/08;Bronze;4589;T01809;2025/12/22;154.27;1540;;;;;
;Grace;Dlamini;grace.dlamini813@example.com;555-4081;2022/03/21;Silver;1590;T01810;2025/01/28;884.15;884;;;;;
C0814;Peter;Johnson;peter.johnson814@example.com;555-4118;2022/05/05;Gold;2102;T01811;2025/12/14;609.11;609;R2;$10 Gift Voucher;1000;2025/09/28;1000
c0815;David;King;david.king815@example.com;555-4155;2024/03/17;Platinum;14483;T01812;2025/10/16;617.28;617;R5;Free Shipping;750;2025/07/19;750
C0816;Charlotte;Brown;duplicate.customer@example.com;555-4192;2022/09/08;Bronze;1082;T01813;2025/08/17;691.55;692;;;;;
C0817;Thabo;Walker;thabo.walker817@example.com;555-4229;2024/12/30;Silver;12740;T01814;2025/07/31;533.85;534;;;;;
C0818;Michael;Pillay;michael.pillay818@example.com;555-4266;2023/08/23;Gold;610;T01815;2025/10/17;425.08;425;R6;VIP Event Access;5000;2025/06/30;5000
C0819;Sophia;Davis;sophia.davis819@example.com;555-4303;2024/06/07;Platinum;13736;T01816;2025/08/15;644.04;644;;;;;
C0820;Thomas;Mokoena;thomas.mokoena820@example.com;555-4340;2023/01/27;Bronze;12978;T01817;2025/08/12;517.38;517;R99;Unknown Reward;999;2025/08/12;999
C0821;Aisha;Smith;AISHA.SMITH821@EXAMPLE.COM;555-4377;2022/08/03;Silver;6831;T01818;2025/11/24;407.44;-100;;;;;
C0822;Emma;Green;emma.green822@example.com;555-4414;2024/05/21; Gold ;1035;T01819;2025/06/05;589.44;589;;;;;
C0823;William;Moore;william.moore823@example.com;555-4451;2025/05/16;Platinum;14810;T01820;2025/02/26;642.54;643;;;;;
C0824;Nomsa;Young;nomsa.young824@example.com;555-4488;2024/01/13;Bronze;14572;T01821;2025/10/06;452.05;452;;;;;
C0825;Sarah;Anderson;sarah.anderson825@example.com;555-4525;2024/06/28;Silver;2784;T01822;2025/10/21;817.02;817;;;;;
C0826;James;Lewis;james.lewis826@example.com;555-4562;2022/11/10;Gold;7168;T01823;2025/05/11;939.36;939;R3;Coffee Mug;1500;2025/06/22;1500
C0827;Amelia;Khumalo;amelia.khumalo827@example.com;555-4599;2024/06/27;Platinum;485;T01824;2025/02/01;870.46;870;R5;Free Shipping;750;2025/12/02;750
C0828;Sipho;Wilson;sipho.wilson828@example.com;;2023/08/19;Bronze;14005;T01825;2025/09/16;936.03;936;R7;Wireless Earbuds;7500;2025/11/08;7500
C0829;Daniel;Nkosi;daniel.nkosi829@example.com;(555) 4673;2022/01/16;SILVER;8320;T01826;2025/04/03;540.97;541;;;;;
C0830;Emily;Williams;emily.williams830@example.com;555-4710;2022/06/29;Gold;8688;T01827;2025/01/27;545.65;546;R4;T-Shirt;2000;2025/11/16;2000
C0831;Samuel;Wright;samuel.wright831@example.com;555-4747;2025/03/15;Platinum;13746;T01828;2025/08/25;436.17;436;;;;;
C0832; Naledi ;Martinez;naledi.martinez832@example.com;555-0000;2022/08/16;Bronze;13784;T01829;2025/01/05;383.24;383;;;;;
C0833;Olivia;Hall;olivia.hall833@example.com;555-4821;2025/03/08;silver;10772;T01830;2025/05/12;97.21;97;;;;;
C0834;Joseph;Botha;joseph.botha834@example.com;555-4858;2023/05/29;Gold;10368;T01831;2025/11/12;646.63;647;;;;;
C0835;Lerato;Clark;lerato.clark835@example.com;555-4895;2024/12/14;Platinum;8804;T01832;2025/07/05;421.37;421;;;;;
C0836;JESSICA;Naidoo;jessica.naidoo836@example.com;555-4932;2024/10/09;Bronze;13480;T01833;2025/10/26;276.41;276;R3;Coffee Mug;1500;2025/03/13;1500
C0837;Robert;Taylor;robert.taylor837@example.com;555-4969;2024/07/15;Silver;;T01834;2025/01/09;283.16;283;;;;;
C0838;Grace;Dlamini;grace.dlamini838@example.com;555-5006;2024/09/29;Gold;9184;T01835;2025/09/26;374.07;374;R1;$5 Gift Voucher;500;2025/03/30;500
C0839;Peter;Johnson;peter.johnson839@example.com;555-5043;2022/06/06;Platinum;9296;T01836;2025/04/30;595.73;596;;;;;
C0840;David;;david.king840@example.com;555-5080;2023/02/15;Bronze;7707;T01837;2025/08/20;257.62;258;;;;;
C0841;Charlotte;Brown;charlotte.brown841@example.com;555-5117;2022/04/22;Silver;5475;T01838;2025/03/09;671.47;671;R7;Wireless Earbuds;7500;2025/02/21;7500
C0842;Thabo;Walker;thabo.walker842@example.com;555-5154;2022/08/16;Gold;5090;T01839;2025/10/14;840.49;840;;;;;
C0843;Michael;Pillay;michael.pillay843@example.com;555-5191;2022/06/27;Platinum;9373;T01840;2025/12/12;26.32;26;;;;;
C0844;Sophia;Davis;sophia.davis844@example.com;555-5228;2025/03/19;Bronze;8518;T01841;2025/12/16;407.8;408;R7;Wireless Earbuds;7500;2025/02/02;7500
C0845;Thomas;Mokoena;thomas.mokoena845@example.com;555-5265;2025/06/30;Silver;13443;T01842;2025/09/29;427.51;428;;;;;
C0846;Aisha;Smith;aisha.smith846@example.com;555-5302;2025/08/18;Gold;13642;T01843;2025/08/14;0;528;;;;;
C0847;Emma;Green;emma.green847@example.com;555-5339;2022/09/08;Platinum;12453;T01844;2025/10/18;773.76;774;;;;;
C0848;William;Moore;william.moore848@example.com;555-5376;2024/12/12;Bronze;9601;T01844;2025/10/12;913.37;913;;;;;
C0849;Nomsa;Young;nomsa.young849@example.com;555-5413;2022/01/12;Silver;14973;T01846;2021/12/13;827.22;827;;;;;
C0850;Sarah;Anderson;sarah.anderson850@example.com;555-5450;2022/09/16;Gold;11375;T01847;2025/08/22;534.34;534;;;;;
C0851;James;Lewis;james.lewis851@example.com;555-5487;2023/12/19;Platinum;4057;T01848;2025/09/06;100.12;100;;;;;
C0852;Amelia;Khumalo;;555-5524;2025/03/18;Bronze;8774;T01849;2025/06/06;353.93;354;;;;;
C0852;Amelia;Khumalo;;555-5524;2025/03/18;Bronze;8774;T01849;2025/06/06;353.93;354;;;;;
C0854;Daniel;Nkosi;daniel.nkosi854@example.com;555-5598;2023/09/02;Gold;13443;T01851;2025/01/28;718.24;718;;;;;
C0855;Emily;Williams;emily.williams855@example.com;555-5635;2025/07/26;Platinum;5147;T01852;2025/02/26;311.76;312;R6;VIP Event Access;5000;2025/10/23;5000
C0856;Samuel;Wright;samuel.wright856@example.com;555-5672;2022/10/13;Bronze;-500;T01853;2025/04/02;27.59;28;;;;;
C0857;Naledi;Martinez;naledi.martinez857@example.com;555-5709;2023/02/15;Silver;4984;T01854;2025/12/22;583.5;584;R1;$10 Gift Voucher;500;2025/12/22;1000
C0858;Olivia;hall;olivia.hall858@example.com;555-5746;2023/01/04;Gold;1706;T01855;2025/07/05;741.31;741;;;;;
C0859;Joseph;Botha;joseph.botha859@example.com;555-5783;2023/11/11;Platinum;14528;T01856;2025/02/11;152.41;152;R7;Wireless Earbuds;7500;2025/09/19;7500
C0860;Lerato;Clark;lerato.clark860@example.com;555-5820;2022/03/22;Bronze;732;T01857;2025/04/27;992.26;992;;;;;
C0861;Jessica;Naidoo;jessica.naidoo861@example.com;555-5857;2025/07/11;Silver;14657;T01858;2025/03/18;418.55;419;R6;VIP Event Access;5000;2025/01/09;5000
C0862;Robert;Taylor;robert.taylor862@example.com;555-5894;2022/02/13;Gold;6326;T01859;2025/05/08;221.63;222;;;;;
C0863;Grace;Dlamini;grace.dlamini863@example.com;555-0000;2022/11/09;Platinum;12659;T01860;2025/12/24;133.75;134;R5;Free Shipping;750;2025/01/31;750
C0864;Peter;Johnson;peter.johnson864@example.com;555-5968;2023/01/05;Bronze;13920;T01861;2025/06/14;369.86;370;;;;;
C0865;David;King;david.king865@example.com;555-6005;2024/04/18;Silver;12923;T01862;2025/01/17;307.69;308;;;;;
C0866;Charlotte;Brown;charlotte.brown866@example.com;555-6042;2022/03/21;Gold;8794;T01863;2025/07/24;435.85;436;;;;;
C0867;Thabo;Walker;thabo.walker867@example.com;555-6079;2025/03/03;Platinum;14258;T01864;2025/02/02;736.3;736;;;;;
C0868;Michael;Pillay;michael.pillay868@example.com;555-6116;2025/06/17;Bronze;9705;T01865;2025/04/19;829.85;830;;;;;
C0869;Sophia;Davis;sophia.davis869@example.com;555-6153;2023/09/03;Silver;3329;T01866;2025/06/29;120.8;121;;;;;
C0870;Thomas;Mokoena;thomas.mokoena870@example.com;555-6190;2024/02/03;Gold;10542;T01867;2025/04/01;496.1;496;;;;;
C0871;Aisha;Smith;aisha.smith871@example.com;555-6227;2024/08/21;Platinum;1086;T01868;2025/12/20;68.32;68;;;;;
C0872;Emma;Green; emma.green872@example.com ;555-6264;2023/08/03;Bronze;10243;T01869;2025/04/24;-887.96;888;;;;;
C0873;William;Moore;william.moore873@example.com;555-6301;2023/04/18;Silver;1363;T01870;2025/10/22;795.33;795;R1;$5 Gift Voucher;500;2025/06/16;500
C0874;Nomsa;Young;nomsa.young874@example.com;555-6338;2024/05/21;Gold;13441;T01871;2025/09/25;772.61;773;;;;;
C0875;Sarah;Anderson;sarah.anderson875@example.com;555-6375;2022/07/27;Platinum;8895;T01872;2025/12/11;572.5;572;R1;$5 Gift Voucher;500;2025/06/11;500
C0876;James;Lewis;james.lewis876@example.com;555-6412;2022/03/27;Bronze;14478;T01873;2025/07/14;427.54;428;;;;;
C0877;Amelia;Khumalo;amelia.khumalo877@example.com;555-6449;2022/06/07;Silver;5115;T01874;2025/01/29;740.51;741;;;;;
C0878;Sipho;Wilson;sipho.wilson878@example.com;555-6486;2022/01/28;Gold;11352;T01875;2025/12/31;215.56;216;;;;;
C0879;Daniel;Nkosi;daniel.nkosi879example.com;555-6523;2025/07/10;Platinum;1111;T01876;2025/03/16;867.67;8680;;;;;
C0880;Emily;Williams;emily.williams880@example.com;555-6560;2025/01/16;Bronze;12388;T01877;2025/09/24;390.12;390;;;;;
C0881;Samuel;Wright;samuel.wright881@example.com;555-6597;2023/08/05;Silver;10208;T01878;2025/11/17;59.32;59;;;;;
C0882;Naledi;Martinez;naledi.martinez882@example.com;555-6634;2023/09/25;Gold;57;T01879;2025/06/11;82.51;83;;;;;
C0883;OLIVIA;Hall;olivia.hall883@example.com;555-6671;2023/03/05;Platinum;4007;T01880;2025/11/08;456.77;457;R6;VIP Event Access;5000;2025/05/09;5000
C0884;Joseph;Botha;joseph.botha884@example.com;555-6708;2024/04/18;Bronze;1852;T01881;2025/07/14;762.9;763;;;;;
C0885;Lerato;Clark;lerato.clark885@example.com;555-6745;2023/12/17;Silver;9984;T01882;2025/02/04;680.38;680;;;;;
C0886;Jessica;Naidoo;jessica.naidoo886@example.com;555-6782;2024/07/30;Gold;1167;T01883;2025/05/24;198.29;198;;;;;
C0887;;Taylor;robert.taylor887@example.com;555-6819;2025/07/11;Platinum;10212;T01884;2025/02/26;465.83;466;;;;;
C0888;Grace;Dlamini;grace.dlamini888@example.com;555-6856;2025/11/06;Bronze;6237;T01885;2025/07/13;628.21;628;R1;$5 Gift Voucher;500;2025/12/06;500
C0889;Peter;Johnson;peter.johnson889@example.com;555-6893;2024/10/26;Silver;3706;T01885;2025/08/26;261.02;261;;;;;
C0890;David;King;duplicate.customer@example.com;555-6930;2025/08/12;Gold;14421;T01887;2025/06/06;628.2;628;R1;$5 Gift Voucher;500;2025/05/14;500
C0891; Charlotte ;Brown;charlotte.brown891@example.com;555-6967;2022/11/15;Platinum;10120;T01888;2025/02/24;635.01;635;;;;;
C0892;Thabo;Walker;thabo.walker892@example.com;555-7004;2022/12/05;Bronze;6586;T01889;2025/01/22;516.63;517;;;;;
C0893;Michael;Pillay;michael.pillay893@example.com;555-7041;2023/02/18;Silver;6039;T01890;2025/11/19;369.99;370;;;;;
C0894;Sophia;Davis;sophia.davis894@example.com;555-0000;2022/12/29;gold;4118;T01891;2025/07/29;835.9;836;;;;;
C0895;Thomas;Mokoena;;555-7115;2025/04/07;Platinum;11833;T01892;2025/04/30;371.91;372;R4;T-Shirt;2000;2025/12/25;2000
C0896;Aisha;Smith;aisha.smith896@example.com;555-7152;2025/07/08;Bronze;7626;T01893;2025/09/12;493.46;493;R2;$10 Gift Voucher;1000;2025/06/29;1000
C0897;Emma;Green;emma.green897@example.com;555-7189;2023/11/12;Silver;9850;T01894;2025/12/29;93.36;93;;;;;
C0898;William;Moore;william.moore898@example.com;555-7226;2023/05/15;Gold;10998;T01895;2025/04/22;269.47;269;;;;;
C0899;Nomsa;Young;nomsa.young899@example.com;555-7263;2022/11/06;Platinum;10364;T01896;2025/01/12;750.29;750;R99;Unknown Reward;999;2025/01/12;999
C0900;Sarah;Anderson;sarah.anderson900@example.com;555-7300;2022/01/13;Bronze;8121;T01897;2025/11/06;601.02;601;R6;VIP Event Access;5000;2025/04/05;5000
C0901;James;Lewis;james.lewis901@example.com;;2025/09/13;Silver;9909;T01898;2025/01/19;28.14;28;;;;;
C0902;Amelia;Khumalo;amelia.khumalo902@example.com;555-7374;2025/07/21;Gold;2409;T01899;2025/07/22;696.01;696;R3;Coffee Mug;1500;2025/10/22;1500
C0902;Amelia;Khumalo;amelia.khumalo902@example.com;555-7374;2025/07/21;Gold;2409;T01899;2025/07/22;696.01;696;R3;Coffee Mug;1500;2025/10/22;1500
C0904;Daniel;Nkosi;daniel.nkosi904@example.com;555-7448;2024/03/06;Bronze;9907;T01901;2025/04/23;222.85;223;;;;;
C0905;Emily;Williams;emily.williams905@example.com;555-7485;2025/04/04;Silver;11733;T01902;2025/02/16;175.37;175;;;;;
C0906;Samuel;Wright;samuel.wright906@example.com;555-7522;2024/05/10;;11790;T01903;2025/07/20;835.29;835;;;;;
C0907;Naledi;Martinez;naledi.martinez907@example.com;555-7559;2022/07/27;Platinum;5593;T01904;2025/08/21;280.41;280;R5;Free Shipping;750;2025/04/03;750
C0908;Olivia;Hall;olivia.hall908@example.com;555-7596;2024/04/12;Bronze;12422;T01905;2025/12/09;;135;R1;$5 Gift Voucher;500;2025/05/02;500
C0909;Joseph;Botha;joseph.botha909@example.com;555-7633;2023/02/22;Silver;5002;T01906;2025/06/26;881.67;882;R3;Coffee Mug;1500;2025/10/18;1500
C0910;Lerato;Clark;lerato.clark910@example.com;555-7670;2025/09/28;Gold;7090;T01907;2025/11/05;412.53;413;;;;;
C0911;Jessica;naidoo;jessica.naidoo911@example.com;555-7707;2025/04/01;Platinum;9868;T01908;2025/05/15;42.34;42;;;;;
C0912;Robert;Taylor;robert.taylor912@example.com;(555) 7744;2022/03/23;BRONZE;6418;T01909;2025/03/02;900.61;901;;;;;
C0913;Grace;Dlamini;grace.dlamini913@example.com;555-7781;;Silver;7958;T01910;2025/09/06;965.31;965;R7;Wireless Earbuds;7500;2025/07/26;7500
C0914;Peter;Johnson;peter.johnson914@example.com;555-7818;2023/06/22;Gold;9579;T01911;2025/08/04;994.3;994;;;;;
C0915;David;King;david.king915@example.com;555-7855;2022/02/19;Platinum;13172;T01912;2025/02/15;844.43;844;;;;;
C0916;Charlotte;Brown;charlotte.brown916@example.com;555-7892;2025/05/09;Bronze;8658;T01913;2025/07/02;876.8;877;;;;;
C0917;Thabo;Walker;thabo.walker917@example.com;555-7929;2024/03/04;Silver;14665;T01914;2025/12/13;593.97;594;R2;$10 Gift Voucher;1000;2025/01/03;1000
C0918;Michael;Pillay;michael.pillay918@example.com;555-7966;2022/09/26;Gold;4234;T01915;2025/11/16;268.85;269;;;;;
C0919;Sophia;Davis;sophia.davis919@example.com;555-8003;2023/03/10;Platinum;228;T01916;2025/11/21;190.85;191;;;;;
C0920;Thomas;Mokoena;thomas.mokoena920@example.com;555-8040;2024/01/10;Bronze;7425;T01917;2023/12/11;108.36;108;;;;;
C0921;Aisha;Smith;aisha.smith921@example.com;555-8077;2022/04/28;Silver;3615;T01918;2025/10/07;807.5;808;;Coffee Mug;1500;2025/10/07;1500
C0922;Emma;Green;EMMA.GREEN922@EXAMPLE.COM;555-8114;2023/12/28;Gold;9470;T01919;2025/02/10;784.71;-100;;;;;
C0923;William;Moore;william.moore923@example.com;555-8151;2022/09/05;Platinum;7360;T01920;2025/08/18;448.17;448;;;;;
C0924;Nomsa;Young;nomsa.young924@example.com;555-8188;2023/01/20;Bronze;6936;;2025/09/12;86.04;86;R1;$5 Gift Voucher;500;2025/05/22;500
C0925;Sarah;Anderson;sarah.anderson925@example.com;555-0000;2024/05/12;Silver;10220;T01922;2025/04/29;243.36;243;;;;;
C0926;James;Lewis;james.lewis926@example.com;555-8262;2025/07/06;Gold;9407;T01923;2025/02/11;731.07;731;;;;;
C0927;Amelia;Khumalo;duplicate.customer@example.com;555-8299;2023/08/23;Platinum;14500;T01924;2025/09/24;985.98;986;;;;;
C0928;Sipho;Wilson;sipho.wilson928@example.com;555-8336;2025/07/14;Bronze;14688;T01925;2025/01/30;377.38;377;;;;;
C0929;Daniel;Nkosi;daniel.nkosi929@example.com;555-8373;2023/03/17; Silver ;4438;T01926;2025/04/09;894.08;894;;;;;
C0930;EMILY;Williams;emily.williams930@example.com;555-8410;2024/03/04;Gold;2526;T01926;2025/06/10;922.28;922;;;;;
C0931;Samuel;Wright;samuel.wright931@example.com;555-8447;2024/09/17;Platinum;8086;T01928;2025/12/21;721.79;722;;;;;
C0932;Naledi;Martinez;naledi.martinez932@example.com;555-8484;2024/05/19;Bronze;11084;T01929;2025/09/24;679.31;679;R1;$5 Gift Voucher;500;2025/04/09;500
C0933;Olivia;Hall;olivia.hall933@example.com;555-8521;2024/05/28;Silver;8429;T01930;2025/06/16;343.97;344;R7;Wireless Earbuds;7500;2025/09/30;7500
C0934;Joseph;Botha;joseph.botha934@example.com;555-8558;2023/01/02;Gold;5398;T01931;2025/02/09;878.21;878;;;;;
C0935;Lerato;Clark;lerato.clark935@example.com;555-8595;2022/03/20;Platinum;12330;T01932;2025/03/31;733.91;734;R5;Free Shipping;750;2025/06/23;750
C0936;Jessica;Naidoo;jessica.naidoo936@example.com;555-8632;2022/02/05;Bronze;13175;T01933;2025/09/17;934.46;934;;;;;
C0937;Robert;Taylor;robert.taylor937@example.com;555-8669;2025/09/05;Silver;14892;T01934;2025/05/30;557.47;557;;;;;
C0938;Grace;Dlamini;;555-8706;2024/04/16;Gold;928;T01935;2025/04/13;984.35;984;;;;;
C0939;Peter;Johnson;peter.johnson939@example.com;555-8743;2025/11/12;Platinum;6172;T01936;2025/03/24;28.31;28;R1;$5 Gift Voucher;500;2025/03/25;500
C0940;David;King;david.king940@example.com;555-8780;2023/06/09;Bronze;7508;T01937;2025/07/24;441.84;442;R7;;7500;;
C0941;Charlotte;Brown;charlotte.brown941@example.com;555-8817;2023/11/01;Silver;5585;T01938;2025/06/17;919.83;920;;;;;
C0942;Thabo;Walker;thabo.walker942@example.com;555-8854;2025/10/21;Gold;10151;T01939;2025/12/18;954.67;955;;;;;
C0943;Michael;Pillay;michael.pillay943@example.com;555-8891;2023/05/15;Platinum;9583;T01940;2025/08/21;0;129;R6;VIP Event Access;5000;2025/04/18;5000
C0944;Sophia;Davis;sophia.davis944@example.com;555-8928;2023/02/26;Bronze;5862;T01941;2025/09/13;998.62;999;;;;;
C0945;Thomas;Mokoena;thomas.mokoena945@example.com;555-8965;2024/04/26;Silver;14361;T01942;2025/12/02;992.13;992;R7;Wireless Earbuds;7500;2025/03/11;7500
C0946;Aisha;Smith;aisha.smith946example.com;555-9002;2022/02/03;Gold;3222;T01943;2025/07/26;596.09;5960;R7;Wireless Earbuds;7500;2025/01/29;7500
C0947;Emma;Green;emma.green947@example.com;555-9039;2025/11/05;Platinum;7274;T01944;2025/08/20;246.83;247;;;;;
C0948;William;Moore;william.moore948@example.com;555-9076;2025/01/01;Bronze;7400;T01945;2025/08/07;143.31;143;;;;;
C0949;Nomsa;Young;nomsa.young949@example.com;555-9113;2023/03/21;Platnium;10786;T01946;2025/03/10;39.05;39;;;;;
C0950; Sarah ;Anderson;sarah.anderson950@example.com;555-9150;2024/11/18;Gold;2598;T01947;2025/09/15;981.06;981;R3;Coffee Mug;1500;2025/04/11;1500
C0951;James;Lewis;james.lewis951@example.com;555-9187;2024/02/27;Platinum;4326;T01948;2025/03/01;10.61;11;R4;T-Shirt;2000;2025/03/13;2000
C0952;Amelia;Khumalo;amelia.khumalo952@example.com;555-9224;2022/10/08;Bronze;6122;T01949;2025/06/02;118.72;119;;;;;
C0952;Amelia;Khumalo;amelia.khumalo952@example.com;555-9224;2022/10/08;Bronze;6122;T01949;2025/06/02;118.72;119;;;;;
C0954;Daniel;Nkosi;daniel.nkosi954@example.com;555-9298;2025/04/08;Gold;12547;T01951;2025/02/28;923.25;923;;;;;
C0955;Emily;Williams;emily.williams955@example.com;555-9335;2022/02/21;platinum;604;T01952;2025/04/02;438.0;438;R4;T-Shirt;2000;2025/12/15;2000
C0956;Samuel;Wright;samuel.wright956@example.com;555-0000;2025/04/16;Bronze;404;T01953;2025/12/29;616.57;617;;;;;
C0957;Naledi;Martinez;naledi.martinez957@example.com;555-9409;2022/10/25;Silver;6009;T01954;2025/03/24;220.55;221;;;;;
C0958;Olivia;Hall;olivia.hall958@example.com;555-9446;2025/04/27;Gold;2865;T01955;2025/09/24;961.85;962;;;;;
 C0959 ;Joseph;Botha;joseph.botha959@example.com;555-9483;2022/08/22;Platinum;2813;T01956;2025/06/09;164.91;165;;;;;
C0960;Lerato;Clark;lerato.clark960@example.com;555-9520;2025/11/07;Bronze;14442;T01957;2025/04/22;90.91;91;R1;$10 Gift Voucher;500;2025/04/22;1000
C0961;Jessica;Naidoo; jessica.naidoo961@example.com ;555-9557;2024/01/09;Silver;3623;T01958;2025/04/14;-874.82;875;;;;;
C0962;Robert;Taylor;robert.taylor962@example.com;555-9594;2022/05/28;Gold;5682;T01959;2025/09/18;442.16;442;;;;;
C0963;Grace;Dlamini;grace.dlamini963@example.com;555-9631;2025/11/20;Platinum;3658;T01960;2025/07/28;427.77;428;;;;;
C0964;Peter;johnson;duplicate.customer@example.com;555-9668;2024/03/27;Bronze;11047;T01961;2025/08/10;849.02;849;R7;Wireless Earbuds;7500;2025/01/14;7500
C0965;David;King;david.king965@example.com;555-9705;2024/03/19;Silver;-500;T01962;2025/03/22;601.65;602;;;;;
c0966;Charlotte;Brown;charlotte.brown966@example.com;555-9742;2024/02/20;Gold;1283;T01963;2025/12/05;376.92;377;;;;;
C0967;Thabo;Walker;thabo.walker967@example.com;555-9779;2022/03/20;Platinum;11544;T01964;2025/01/01;136.52;137;;;;;
C0968;Michael;Pillay;michael.pillay968@example.com;555-9816;2022/05/15;Bronze;;T01965;2025/09/16;166.16;166;;;;;
C0969;Sophia;Davis;sophia.davis969@example.com;555-9853;2023/01/21;Silver;11121;T01966;2025/01/01;899.96;900;;;;;
C0970;Thomas;Mokoena;thomas.mokoena970@example.com;555-9890;2023/12/23;Gold;13091;T01967;2025/08/19;873.57;874;;;;;
C0971;Aisha;Smith;aisha.smith971@example.com;555-9927;2024/11/26;Platinum;140;T01967;2025/07/29;216.93;217;R7;Wireless Earbuds;7500;2025/01/22;7500
C0972;Emma;Green;emma.green972@example.com;555-9964;2023/09/16;Bronze;9176;T01969;2025/11/16;717.43;717;R3;Coffee Mug;1500;2025/11/14;1500
C0973;William;Moore;william.moore973@example.com;555-1001;2024/07/09;Silver;3105;T01970;2025/02/22;586.1;586;R4;T-Shirt;2000;2025/10/01;2000
C0974;Nomsa;Young;nomsa.young974@example.com;;2022/07/03;Gold;1312;T01971;2025/12/11;392.76;393;R5;Free Shipping;750;2025/08/04;750
C0975;Sarah;Anderson;sarah.anderson975@example.com;555-1075;2024/05/14;Platinum;1081;T01972;2025/07/31;881.09;881;;;;;
C0976;James;Lewis;james.lewis976@example.com;555-1112;2025/09/30;Bronze;8489;T01973;2025/03/26;917.51;918;;;;;
C0977;AMELIA;Khumalo;amelia.khumalo977@example.com;555-1149;2023/03/22;Silver;1928;T01974;2025/05/11;281.46;281;;;;;
C0978;Sipho;Wilson;sipho.wilson978@example.com;555-1186;2023/01/02;Gold;5131;T01975;2025/05/20;419.38;419;R99;Unknown Reward;999;2025/05/20;999
C0979;Daniel;Nkosi;daniel.nkosi979@example.com;555-1223;2022/03/23;Platinum;14842;T01976;2025/04/12;335.99;336;;;;;
C0980;Emily;Williams;emily.williams980@example.com;555-1260;2023/05/20;Bronze;4592;T01977;2025/05/17;605.0;605;;;;;
C0981;Samuel;Wright;;555-1297;2024/12/03;Silver;10140;T01978;2025/06/06;965.14;965;R7;Wireless Earbuds;7500;2025/07/09;7500
C0982;Naledi;Martinez;naledi.martinez982@example.com;555-1334;2024/06/14;Gold;3981;T01979;2025/05/27;947.29;947;;;;;
C0983;Olivia;Hall;olivia.hall983@example.com;555-1371;2024/07/06;Platinum;7192;T01980;2025/08/15;520.15;520;;;;;
C0984;Joseph;Botha;joseph.botha984@example.com;555-1408;2024/01/20;Bronze;4360;T01981;2025/05/07;947.03;947;;;;;
C0985;Lerato;Clark;lerato.clark985@example.com;555-1445;2025/05/12;Silver;10410;T01982;2025/10/26;18.8;19;;;;;
C0986;Jessica;Naidoo;jessica.naidoo986@example.com;555-1482;2023/11/04;Gold;11654;T01983;2025/06/10;905.28;905;;;;;
C0987;Robert;Taylor;robert.taylor987@example.com;555-0000;2023/01/21;Platinum;3513;T01984;2025/01/01;365.51;366;R4;T-Shirt;2000;2025/05/20;2000
C0988;Grace;Dlamini;grace.dlamini988@example.com;555-1556;2024/10/18;Bronze;3754;T01985;2025/03/12;517.04;517;;;;;
C0989;Peter;Johnson;peter.johnson989@example.com;555-1593;2024/06/24;Silver;9130;T01986;2025/11/21;428.24;428;R6;VIP Event Access;5000;2025/01/02;5000
C0990;David;King;david.king990@example.com;555-1630;2023/01/09;Gold;8548;T01987;2025/10/13;858.73;859;R2;$10 Gift Voucher;1000;2025/06/14;1000
C0991;Charlotte;Brown;charlotte.brown991@example.com;555-1667;2025/10/06;Platinum;3419;T01988;2025/09/06;304.91;305;;;;;
C0992;Thabo;Walker;thabo.walker992@example.com;555-1704;2022/08/04;Bronze;2498;T01989;2025/08/31;503.6;504;R6;VIP Event Access;5000;2025/12/26;5000
C0993;Michael;Pillay;michael.pillay993@example.com;555-1741;2024/02/10;Silver;7694;T01990;2025/09/27;404.15;404;R7;Wireless Earbuds;7500;2025/04/20;7500
;Sophia;Davis;sophia.davis994@example.com;555-1778;2024/09/30;Gold;12679;T01991;2025/06/24;542.93;543;;;;;
C0995;Thomas;Mokoena;thomas.mokoena995@example.com;(555) 1815;2023/09/22;PLATINUM;1210;T01992;2025/12/20;591.84;592;;;;;
C0996;Aisha;Smith;aisha.smith996@example.com;555-1852;2024/12/29;Bronze;2174;T01993;2025/01/11;329.9;330;;;;;
C0997;Emma;Green;emma.green997@example.com;555-1889;2024/04/04;Silver;13364;T01994;2025/12/31;866.29;866;;;;;
C0001;James;Lewis;james.lewis1@example.com;555-1037;2022/04/04;Silver;7326;T01995;2025/07/26;334.07;334;R5;Free Shipping;750;2025/08/05;750
C0002;Amelia;Khumalo;amelia.khumalo2@example.com;555-1074;2025/03/31;Gold;9192;T01996;2025/12/29;533.12;533;;;;;
C0003;Sipho;Wilson;sipho.wilson3@example.com;555-1111;2025/04/27;Platinum;4862;T01997;2025/09/29;384.94;385;;;;;
C0004;Daniel;Nkosi;duplicate.customer@example.com;555-1148;2025/03/09;Bronze;10584;T01998;2025/01/22;968.77;969;;;;;
C0005;Emily;Williams;emily.williams5@example.com;555-1185;2024/01/01;Silver;13494;T01999;2025/10/24;920.57;921;R4;T-Shirt;2000;2025/02/25;2000
C0005;Emily;Williams;emily.williams5@example.com;555-1185;2024/01/01;Silver;13494;T01999;2025/10/24;920.57;921;R4;T-Shirt;2000;2025/02/25;2000
C0007;Naledi;Martinez;naledi.martinez7@example.com;555-1259;2025/07/11;Platinum;3506;T02001;2025/08/15;255.07;255;;;;;
C0008;Olivia;Hall;olivia.hall8@example.com;555-1296;2023/01/26;Bronze;8957;T02002;2025/04/05;954.95;955;;;;;
C0009;Joseph;Botha;joseph.botha9@example.com;555-1333;2024/04/18;Silver;13724;T02003;2025/08/15;326.23;326;;;;;
C0010;Lerato;;lerato.clark10@example.com;555-1370;2022/11/14;Gold;5552;T02004;2025/10/21;730.74;731;;;;;
C0011;Jessica;Naidoo;jessica.naidoo11@example.com;555-1407;2024/06/14;Platinum;3519;T02005;2025/03/26;890.73;891;;;;;
C0012; Robert ;Taylor;robert.taylor12@example.com;555-1444;2024/09/07;Bronze;7443;T02006;2025/06/07;716.24;716;R7;Wireless Earbuds;7500;2025/12/02;7500
C0013;Grace;Dlamini;grace.dlamini13@example.com;555-1481;2024/01/06;Silver;1803;T02007;2025/05/19;893.03;893;;;;;
C0014;Peter;Johnson;peter.johnson14@example.com;555-1518;2022/12/06;Gold;2408;T02008;2025/11/29;952.9;953;;;;;
C0015;David;King;david.king15@example.com;555-1555;2025/02/28;Platinum;2533;T02008;2025/07/20;340.04;340;R6;VIP Event Access;5000;2025/05/29;5000
C0016;Charlotte;Brown;charlotte.brown16example.com;555-1592;2023/07/05;Bronze;1185;T02010;2025/01/03;620.54;6210;;;;;
C0017;Thabo;Walker;thabo.walker17@example.com;555-1629;2024/09/13;Silver;11352;T02011;2025/03/01;754.25;754;;;;;
C0018;Michael;Pillay;michael.pillay18@example.com;555-1666;2025/09/26;Gold;3497;T02012;2025/04/18;984.54;985;;;;;
C0019;Sophia;Davis;sophia.davis19@example.com;555-1703;2025/04/14;platinum;11119;T02013;2025/05/13;913.12;913;R5;Free Shipping;750;2025/01/05;750
C0020;Thomas;mokoena;thomas.mokoena20@example.com;555-1740;2025/02/23;Bronze;7807;T02014;2025/05/23;909.13;909;R7;Wireless Earbuds;7500;2025/09/23;7500
C0021;Aisha;Smith;aisha.smith21@example.com;555-0000;2025/12/19;Silver;6157;T02015;2025/06/29;59.06;59;;;;;
C0022;Emma;Green;emma.green22@example.com;555-1814;2024/06/26;Gold;680;T02016;2025/06/23;633.75;634;R2;$10 Gift Voucher;1000;2025/10/18;1000
C0023;William;Moore;william.moore23@example.com;555-1851;2025/08/26;Platinum;11744;T02017;2025/02/05;308.91;309;;;;;
C0024;Nomsa;Young;nomsa.young24@example.com;555-1888;2023/05/05;Bronze;4667;T02018;2025/10/11;492.27;492;;;;;
C0025;Sarah;Anderson;sarah.anderson25@example.com;555-1925;2024/12/21;Silver;6081;T02019;2025/11/30;20.95;21;;;;;
C0026;James;Lewis;JAMES.LEWIS26@EXAMPLE.COM;555-1962;2022/03/23;Gold;2366;T02020;2025/11/23;249.44;-100;R4;T-Shirt;2000;2025/07/14;2000
C0027;AMELIA;Khumalo;;555-1999;2025/01/30;Platinum;10527;T02021;2025/11/14;857.88;858;R7;Wireless Earbuds;7500;2025/12/18;7500
C0028;Sipho;Wilson;sipho.wilson28@example.com;555-2036;2025/04/02;Bronze;5866;T02022;2025/05/17;702.05;702;R2;$10 Gift Voucher;1000;2025/04/20;1000
C0029;Daniel;Nkosi;daniel.nkosi29@example.com;555-2073;2024/05/23;Silver;6459;T02023;2025/02/13;127.41;127;;;;;
C0030;Emily;Williams;emily.williams30@example.com;555-2110;2025/01/24;Gold;12255;T02024;2025/01/11;824.43;824;;;;;
C0031;Samuel;Wright;samuel.wright31@example.com;555-2147;2022/08/16;Platinum;2709;T02025;2025/01/19;64.64;65;;;;;
C0032;Naledi;Martinez;naledi.martinez32@example.com;555-2184;2023/02/24;Bronze;1078;T02026;2025/03/11;222.0;222;;;;;
C0033;Olivia;Hall;olivia.hall33@example.com;555-2221;2025/08/08;Silver;6583;T02027;2025/12/31;519.64;520;;;;;
C0034;Joseph;Botha;joseph.botha34@example.com;555-2258;2024/06/20;Gold;12531;T02028;2025/05/20;553.38;553;;;;;
C0035;Lerato;Clark;lerato.clark35@example.com;555-2295;2022/04/20;Platinum;12651;T02029;2025/07/18;398.69;399;R1;$5 Gift Voucher;500;2025/01/16;500
C0036;Jessica;Naidoo;jessica.naidoo36@example.com;555-2332;2025/05/08;Bronze;11587;T02030;2025/09/07;336.97;337;;;;;
C0037;Robert;Taylor;robert.taylor37@example.com;555-2369;2024/09/24;Silver;4698;T02031;2025/11/18;141.32;141;;;;;
C0038;Grace;Dlamini;grace.dlamini38@example.com;555-2406;2024/10/07;Gold;8159;T02032;2025/10/16;;346;;;;;
C0039;Peter;Johnson;peter.johnson39@example.com;555-2443;2023/07/18; Platinum ;11905;T02033;2025/09/23;879.93;880;;;;;
C0040;David;King;david.king40@example.com;555-2480;2023/10/05;Bronze;342;;2025/03/14;851.95;852;;;;;
C0041;Charlotte;Brown;duplicate.customer@example.com;555-2517;2022/09/19;Silver;6073;T02035;2025/06/11;213.75;214;;;;;
C0042;Thabo;Walker;thabo.walker42@example.com;555-2554;2022/05/23;Gold;12418;T02036;2025/03/29;621.53;622;;;;;
C0043;Michael;Pillay;michael.pillay43@example.com;555-2591;2025/09/08;Platinum;12843;T02037;2025/04/18;0;870;;;;;
C0044;Sophia;Davis;sophia.davis44@example.com;555-2628;2023/07/30;Bronze;6352;T02038;2025/01/15;236.59;237;R5;Free Shipping;750;2025/02/06;750
C0045;Thomas;Mokoena;thomas.mokoena45@example.com;555-2665;2024/08/04;Silver;5947;T02039;2025/02/11;64.77;65;;;;;
C0046;Aisha;Smith;aisha.smith46@example.com;555-2702;2025/09/15;Gold;12373;T02040;2025/12/06;93.85;94;;;;;
C0047;;Green;emma.green47@example.com;555-2739;2023/03/06;Platinum;4768;T02041;2025/09/28;118.64;119;;;;;
C0048;William;Moore;william.moore48@example.com;555-2776;2024/03/23;Bronze;4358;T02042;2025/06/15;779.47;779;;;;;
C0049;Nomsa;Young;nomsa.young49@example.com;555-2813;2022/07/11;Silver;14544;T02043;2025/03/29;172.09;172;R6;VIP Event Access;5000;2025/11/05;5000
C0050;Sarah;Anderson;sarah.anderson50@example.com;;2022/07/28;Gold;972;T02044;2025/07/06;507.97;508;;;;;
C0051;James;Lewis;james.lewis51@example.com;555-2887;2023/12/09;Platinum;12206;T02045;2025/11/18;686.31;686;;;;;
C0052;Amelia;Khumalo;amelia.khumalo52@example.com;555-0000;2024/12/19;Bronze;9230;T02046;2025/11/14;836.93;837;;;;;
C0053;Sipho;Wilson; sipho.wilson53@example.com ;555-2961;2025/05/01;Silver;12967;T02047;2025/04/02;-915.45;915;R3;Coffee Mug;1500;2025/12/29;1500
C0054;Daniel;Nkosi;daniel.nkosi54@example.com;555-2998;2022/08/13;Gold;7119;T02048;2025/11/26;388.97;389;;;;;
C0055;Emily;Williams;emily.williams55@example.com;555-3035;2024/04/11;Platinum;7287;T02049;2025/01/03;368.98;369;;;;;
C0055;Emily;Williams;emily.williams55@example.com;555-3035;2024/04/11;Platinum;7287;T02049;2025/01/03;368.98;369;;;;;
C0057;Naledi;Martinez;naledi.martinez57@example.com;555-3109;2023/07/08;Silver;8659;T02051;2025/05/21;355.79;356;R3;Coffee Mug;1500;2025/03/24;1500
C0058;Olivia;Hall;olivia.hall58@example.com;555-3146;2023/01/29;Gold;12291;T02052;2025/02/03;333.23;333;R6;VIP Event Access;5000;2025/09/01;5000
C0059;Joseph;Botha;joseph.botha59@example.com;555-3183;2023/06/15;Platinum;2806;T02053;2025/02/06;601.62;602;;;;;
C0060;Lerato;Clark;lerato.clark60@example.com;555-3220;2024/06/09;Bronze;9451;T02054;2025/02/23;892.83;893;R99;Unknown Reward;999;2025/02/23;999
C0061;Jessica;Naidoo;jessica.naidoo61@example.com;555-3257;2023/02/16;Silver;13698;T02055;2025/01/10;570.83;571;;Coffee Mug;1500;2025/01/10;1500
C0062;Robert;Taylor;robert.taylor62@example.com;555-3294;2022/05/18;Gold;2645;T02056;2025/02/24;487.05;487;;;;;
C0063;Grace;Dlamini;grace.dlamini63@example.com;555-3331;2023/07/23;Platinum;8529;T02057;2025/12/01;618.01;618;;;;;
C0064;Peter;Johnson;peter.johnson64@example.com;555-3368;2025/06/27;Bronze;4170;T02058;2025/10/06;646.19;646;;;;;
C0065;David;King;david.king65@example.com;555-3405;2024/05/07;Silver;12688;T02059;2024/04/07;901.52;902;;;;;
C0066;Charlotte;Brown;charlotte.brown66@example.com;555-3442;2022/03/14;Gold;8343;T02060;2025/01/13;387.22;387;R1;$10 Gift Voucher;500;2025/01/13;1000
C0067;Thabo;Walker;thabo.walker67@example.com;555-3479;2024/01/31;Platinum;12763;T02061;2025/05/27;628.82;629;R3;Coffee Mug;1500;2025/02/27;1500
C0068;Michael;Pillay;michael.pillay68@example.com;555-3516;2024/11/13;Bronze;8226;T02062;2025/03/23;909.45;909;R6;VIP Event Access;5000;2025/02/23;5000
C0069;Sophia;Davis;sophia.davis69@example.com;555-3553;2025/01/11;Silver;12198;T02063;2025/06/20;209.15;209;;;;;
C0070;Thomas;Mokoena;;555-3590;2022/06/18;Gold;2888;T02064;2025/01/17;46.22;46;;;;;
C0071; Aisha ;Smith;aisha.smith71@example.com;555-3627;2022/02/09;Platinum;7174;T02065;2025/05/15;590.89;591;;;;;
C0072;Emma;Green;emma.green72@example.com;555-3664;2025/06/13;Bronze;2157;T02066;2025/08/05;968.13;968;;;;;
C0073;William;moore;william.moore73@example.com;555-3701;2025/01/10;Silver;14610;T02067;2025/12/31;148.34;148;;;;;
C0074;NOMSA;Young;nomsa.young74@example.com;555-3738;2022/06/04;Gold;13694;T02068;2025/01/22;691.65;692;;;;;
C0075;Sarah;Anderson;sarah.anderson75@example.com;555-3775;2023/10/11;Platinum;8473;T02069;2025/02/20;266.07;266;R3;Coffee Mug;1500;2025/02/25;1500
C0076;James;Lewis;james.lewis76@example.com;555-3812;2023/07/26;Bronze;7983;T02070;2025/11/03;506.62;507;;;;;
C0077;Amelia;Khumalo;amelia.khumalo77@example.com;555-3849;2023/11/30;Silver;-500;T02071;2025/06/21;61.84;62;;;;;
C0078;Sipho;Wilson;duplicate.customer@example.com;555-3886;2022/10/05;Gold;609;T02072;2025/02/28;376.07;376;;;;;
C0079;Daniel;Nkosi;daniel.nkosi79@example.com;555-3923;2022/07/18;Platinum;6661;T02073;2025/04/15;842.46;842;;;;;
C0080;Emily;Williams;emily.williams80@example.com;555-3960;2024/01/31;bronze;2299;T02074;2025/10/17;210.72;211;;;;;
C0081;Samuel;Wright;samuel.wright81@example.com;(555) 3997;2024/10/20;SILVER;8116;T02075;2025/06/27;33.35;33;;;;;
C0082;Naledi;Martinez;naledi.martinez82@example.com;555-4034;2024/05/30;;5860;T02076;2025/06/14;978.3;978;;;;;
C0083;Olivia;Hall;olivia.hall83example.com;555-0000;2024/02/15;Platinum;4289;T02077;2025/02/08;71.86;720;;;;;
C0084;Joseph;Botha;joseph.botha84@example.com;555-4108;2025/03/29;Bronze;5452;T02078;2025/09/12;171.46;171;;;;;
C0085;Lerato;Clark;lerato.clark85@example.com;555-4145;2025/03/15;Silver;9285;T02079;2025/03/12;893.26;893;;;;;
C0086;Jessica;Naidoo;jessica.naidoo86@example.com;555-4182;2022/04/23;Gold;2681;T02080;2025/01/09;392.44;392;;;;;
C0087;Robert;Taylor;robert.taylor87@example.com;555-4219;2024/08/27;Platinum;10388;T02081;2025/12/11;189.21;189;;;;;
C0088;Grace;Dlamini;grace.dlamini88@example.com;555-4256;2022/07/16;Bronze;2585;T02082;2025/04/04;565.72;566;;;;;
C0089;Peter;Johnson;peter.johnson89@example.com;555-4293;2024/09/26;Silver;3050;T02083;2025/11/11;623.58;624;R7;Wireless Earbuds;7500;2025/04/28;7500
C0090;David;King;david.king90@example.com;555-4330;2022/08/25;Gold;11275;T02084;2025/04/01;453.95;454;;;;;
C0091;Charlotte;Brown;charlotte.brown91@example.com;555-4367;2023/10/26;Platnium;6181;T02085;2025/03/11;824.44;824;R6;VIP Event Access;5000;2025/11/04;5000
C0092;Thabo;Walker;thabo.walker92@example.com;555-4404;2025/06/26;Bronze;3646;T02086;2025/04/06;68.26;68;R7;;7500;;
C0093;Michael;Pillay;michael.pillay93@example.com;555-4441;2023/08/11;Silver;6114;T02087;2025/05/10;686.56;687;;;;;
C0094;Sophia;Davis;sophia.davis94@example.com;555-4478;2023/01/11;Gold;8833;T02088;2025/06/19;101.98;102;;;;;
C0095;Thomas;Mokoena;thomas.mokoena95@example.com;555-4515;2024/07/14;Platinum;8200;T02089;2025/05/09;274.63;275;R3;Coffee Mug;1500;2025/08/08;1500
C0096;Aisha;Smith;aisha.smith96@example.com;555-4552;2023/07/30;Bronze;5689;T02090;2025/10/27;33.43;33;R1;$5 Gift Voucher;500;2025/04/16;500
C0097;Emma;Green;emma.green97@example.com;555-4589;2024/10/27;Silver;5709;T02090;2025/08/13;312.8;313;;;;;
C0098;William;Moore;william.moore98@example.com;555-4626;2025/12/21;Gold;14676;T02092;2025/07/15;269.37;269;;;;;
C0099;Nomsa;Young;nomsa.young99@example.com;555-4663;2025/11/02;Platinum;8010;T02093;2025/02/05;638.46;638;;;;;
C0100;Sarah;Anderson;sarah.anderson100@example.com;555-4700;2023/02/26;Bronze;5650;T02094;2025/07/27;493.14;493;;;;;
C0101;James;Lewis;james.lewis101@example.com;555-4737;2025/12/06;Silver;13471;T02095;2025/06/03;930.24;930;;;;;
C0102;Amelia;Khumalo;amelia.khumalo102@example.com;555-4774;2024/02/01;Gold;;T02096;2025/05/15;291.53;292;;;;;
C0103;Sipho;Wilson;sipho.wilson103@example.com;555-4811;2022/02/06;Platinum;9696;T02097;2025/05/18;833.96;834;R2;$10 Gift Voucher;1000;2025/07/12;1000
C0104;Daniel;Nkosi;daniel.nkosi104@example.com;555-4848;2025/08/14;Bronze;9815;T02098;2025/05/13;656.02;656;R1;$5 Gift Voucher;500;2025/07/16;500
C0105;Emily;Williams;emily.williams105@example.com;555-4885;2025/06/20;Silver;11428;T02099;2025/12/17;350.81;351;;;;;
C0105;Emily;Williams;emily.williams105@example.com;555-4885;2025/06/20;Silver;11428;T02099;2025/12/17;350.81;351;;;;;
C0107;Naledi;Martinez;naledi.martinez107@example.com;555-4959;;Platinum;10240;T02101;2025/09/19;32.67;33;R3;Coffee Mug;1500;2025/07/13;1500
C0108;Olivia;Hall;olivia.hall108@example.com;555-4996;2025/10/07;Bronze;2855;T02102;2025/08/11;537.61;538;R3;Coffee Mug;1500;2025/03/16;1500
C0109;Joseph;Botha;joseph.botha109@example.com;555-5033;2024/05/17;Silver;13084;T02103;2025/03/07;60.27;60;;;;;
C0110;Lerato;Clark;lerato.clark110@example.com;555-5070;2024/11/29;Gold;8905;T02104;2025/08/28;212.44;212;;;;;
C0111;Jessica;Naidoo;jessica.naidoo111@example.com;555-5107;2025/02/19;Platinum;10726;T02105;2025/09/17;986.3;986;;;;;
C0112;Robert;Taylor;robert.taylor112@example.com;555-5144;2022/12/14;Bronze;13614;T02106;2025/02/02;43.34;43;R4;T-Shirt;2000;2025/02/20;2000
C0113;Grace;Dlamini;;555-5181;2024/03/05;Silver;278;T02107;2025/06/08;292.13;292;;;;;
C0114;Peter;Johnson;peter.johnson114@example.com;555-0000;2024/02/21;Gold;13521;T02108;2025/03/01;149.33;149;;;;;
C0115;David;King;duplicate.customer@example.com;555-5255;2024/11/22;Platinum;1650;T02109;2025/02/28;727.07;727;;;;;
C0116;Charlotte;Brown;charlotte.brown116@example.com;555-5292;2024/09/09;Bronze;2164;T02110;2025/09/25;596.5;596;;;;;
C0117;Thabo;Walker;thabo.walker117@example.com;555-5329;2024/03/21;Silver;3000;T02111;2025/03/07;182.35;182;;;;;
C0118;Michael;Pillay;michael.pillay118@example.com;555-5366;2024/04/03;Gold;3233;T02112;2025/11/28;391.28;391;R5;Free Shipping;750;2025/08/03;750
C0119;Sophia;Davis;sophia.davis119@example.com;555-5403;2024/12/29;Platinum;11869;T02113;2025/05/20;583.63;584;;;;;
c0120;Thomas;Mokoena;thomas.mokoena120@example.com;555-5440;2022/09/06;Bronze;12188;T02114;2025/07/01;498.12;498;;;;;
C0121;AISHA;Smith;aisha.smith121@example.com;555-5477;2023/08/26;Silver;10600;T02115;2025/01/07;340.03;340;R6;VIP Event Access;5000;2025/06/13;5000
C0122;Emma;Green;emma.green122@example.com;555-5514;2024/01/03;Gold;14145;T02116;2025/06/09;326.85;327;R6;VIP Event Access;5000;2025/10/02;5000
C0123;William;Moore;william.moore123@example.com;;2025/12/21;Platinum;9498;T02117;2025/11/02;677.66;678;;;;;
C0124;Nomsa;Young;nomsa.young124@example.com;555-5588;2023/08/25;Bronze;12673;T02118;2025/03/04;99.94;100;;;;;
 C0125 ;Sarah;Anderson;sarah.anderson125@example.com;555-5625;2024/05/27;Silver;8485;T02119;2025/12/26;832.48;832;;;;;
C0126;James;lewis;james.lewis126@example.com;555-5662;2022/06/22;Gold;4820;T02120;2025/01/31;708.74;709;;;;;
C0127;Amelia;Khumalo;AMELIA.KHUMALO127@EXAMPLE.COM;555-5699;2023/04/19;Platinum;941;T02121;2025/11/30;482.75;-100;;;;;
C0128;Sipho;Wilson;sipho.wilson128@example.com;555-5736;2023/06/14;Bronze;14128;T02122;2025/01/25;852.85;853;;;;;
C0129;Daniel;Nkosi;daniel.nkosi129@example.com;555-5773;2024/09/24;Silver;681;T02123;2025/03/11;320.89;321;;;;;
C0130; Emily ;Williams;emily.williams130@example.com;555-5810;2022/12/30;Gold;1441;T02124;2025/04/10;190.77;191;R5;Free Shipping;750;2025/01/23;750
C0131;Samuel;Wright;samuel.wright131@example.com;555-5847;2023/09/22;Platinum;2482;T02125;2025/07/03;309.18;309;;;;;
C0132;Naledi;Martinez;naledi.martinez132@example.com;555-5884;2023/05/24;Bronze;3464;T02126;2025/12/14;866.14;866;R2;$10 Gift Voucher;1000;2025/06/19;1000
C0133;Olivia;Hall;olivia.hall133@example.com;555-5921;2023/09/11;Silver;3118;T02127;2025/11/29;308.27;308;R1;$5 Gift Voucher;500;2025/03/17;500
C0134;Joseph;Botha;joseph.botha134@example.com;555-5958;2023/06/23;Gold;8451;T02128;2025/08/22;671.69;672;;;;;
C0135;Lerato;Clark;lerato.clark135@example.com;555-5995;2023/05/06;Platinum;14340;T02129;2025/03/23;464.55;465;;;;;
C0136;Jessica;Naidoo;jessica.naidoo136@example.com;555-6032;2025/07/05;Bronze;41;T02130;2025/06/05;132.16;132;;;;;
C0137;Robert;Taylor;robert.taylor137@example.com;555-6069;2022/08/07;Silver;9903;T02131;2025/12/05;53.29;53;;;;;
C0138;Grace;Dlamini;grace.dlamini138@example.com;555-6106;2022/12/16;Gold;7594;T02131;2025/11/01;547.58;548;;;;;
C0139;Peter;Johnson;peter.johnson139@example.com;555-6143;2024/05/31;Platinum;3569;T02133;2025/12/28;50.18;50;R99;Unknown Reward;999;2025/12/28;999
C0140;David;King;david.king140@example.com;555-6180;2022/12/05;Bronze;4757;T02134;2025/11/03;0;801;R6;VIP Event Access;5000;2025/05/27;5000
C0141;Charlotte;Brown;charlotte.brown141@example.com;555-6217;2022/03/23;silver;12360;T02135;2025/11/06;896.09;896;R3;Coffee Mug;1500;2025/01/26;1500
C0142;Thabo;Walker; thabo.walker142@example.com ;555-6254;2025/11/12;Gold;5897;T02136;2025/05/16;-918.26;918;R7;Wireless Earbuds;7500;2025/10/03;7500
C0143;Michael;Pillay;michael.pillay143@example.com;555-6291;2025/04/17;Platinum;254;T02137;2025/12/20;324.19;324;;;;;
C0144;Sophia;Davis;sophia.davis144@example.com;555-6328;2022/05/06;Bronze;1371;T02138;2025/03/12;605.27;605;;;;;
C0145;Thomas;Mokoena;thomas.mokoena145@example.com;555-0000;2024/04/15;Silver;1835;T02139;2025/01/29;837.52;838;R5;Free Shipping;750;2025/01/21;750
C0146;Aisha;Smith;aisha.smith146@example.com;555-6402;2025/07/03; Gold ;2401;T02140;2025/07/28;708.96;709;;;;;
C0147;Emma;Green;emma.green147@example.com;555-6439;2022/04/01;Platinum;14363;T02141;2025/10/06;924.77;925;;;;;
C0148;William;Moore;william.moore148@example.com;555-6476;2025/01/28;Bronze;10600;T02142;2025/02/06;78.8;79;;;;;
C0149;Nomsa;Young;nomsa.young149@example.com;555-6513;2025/02/19;Silver;11655;T02143;2025/06/06;976.13;976;R3;Coffee Mug;1500;2025/05/27;1500
C0150;Sarah;Anderson;sarah.anderson150example.com;555-6550;2023/12/25;Gold;1002;T02144;2025/08/30;608.7;6090;R4;T-Shirt;2000;2025/01/28;2000
C0151;James;Lewis;james.lewis151@example.com;555-6587;2022/08/06;Platinum;8253;T02145;2025/03/24;459.7;460;R4;T-Shirt;2000;2025/07/07;2000
C0152;Amelia;Khumalo;duplicate.customer@example.com;555-6624;2022/03/22;Bronze;1486;T02146;2025/04/19;757.28;757;R2;$10 Gift Voucher;1000;2025/12/22;1000
C0153;Sipho;Wilson;sipho.wilson153@example.com;555-6661;2025/01/12;Silver;2661;;2025/08/15;170.91;171;;;;;
C0154;Daniel;Nkosi;daniel.nkosi154@example.com;555-6698;2023/09/12;Gold;2428;T02148;2025/01/08;954.57;955;R7;Wireless Earbuds;7500;2025/11/14;7500
C0155;Emily;Williams;emily.williams155@example.com;555-6735;2022/04/23;Platinum;11485;T02149;2025/10/16;732.64;733;R1;$5 Gift Voucher;500;2025/11/24;500
C0155;Emily;Williams;emily.williams155@example.com;555-6735;2022/04/23;Platinum;11485;T02149;2025/10/16;732.64;733;R1;$5 Gift Voucher;500;2025/11/24;500
C0157;Naledi;Martinez;naledi.martinez157@example.com;555-6809;2025/03/20;Silver;3708;T02151;2025/02/16;410.64;411;R1;$5 Gift Voucher;500;2025/01/02;500
C0158;Olivia;Hall;olivia.hall158@example.com;555-6846;2023/11/16;Gold;6731;T02152;2025/03/12;882.33;882;R3;Coffee Mug;1500;2025/08/10;1500
C0159;Joseph;Botha;joseph.botha159@example.com;555-6883;2025/02/23;Platinum;2238;T02153;2025/11/30;148.63;149;R3;Coffee Mug;1500;2025/11/28;1500
C0160;Lerato;Clark;lerato.clark160@example.com;555-6920;2024/01/16;Bronze;6508;T02154;2025/03/28;193.22;193;R7;Wireless Earbuds;7500;2025/01/22;7500
C0161;Jessica;Naidoo;jessica.naidoo161@example.com;555-6957;2023/11/24;Silver;5306;T02155;2025/03/20;290.62;291;R5;Free Shipping;750;2025/03/06;750
C0162;Robert;Taylor;robert.taylor162@example.com;555-6994;2022/02/10;Gold;4520;T02156;2025/02/01;597.79;598;R5;Free Shipping;750;2025/08/07;750
C0163;Grace;Dlamini;grace.dlamini163@example.com;555-7031;2023/12/13;Platinum;2075;T02157;2025/03/29;605.79;606;;;;;
C0164;Peter;Johnson;peter.johnson164@example.com;(555) 7068;2025/01/14;BRONZE;157;T02158;2025/10/28;291.32;291;;;;;
C0165;David;King;david.king165@example.com;555-7105;2022/11/20;Silver;11157;T02159;2025/09/14;;333;R6;VIP Event Access;5000;2025/07/11;5000
C0166;Charlotte;Brown;charlotte.brown166@example.com;555-7142;2025/08/29;Gold;9693;T02160;2025/01/19;122.32;122;R7;Wireless Earbuds;7500;2025/02/06;7500
C0167;Thabo;Walker;thabo.walker167@example.com;555-7179;2025/04/15;Platinum;1373;T02161;2025/07/09;699.02;699;;;;;
C0168;MICHAEL;Pillay;michael.pillay168@example.com;555-7216;2025/10/31;Bronze;10234;T02162;2025/04/29;570.09;570;;;;;
C0169;Sophia;Davis;sophia.davis169@example.com;555-7253;2025/01/23;Silver;5956;T02163;2025/07/01;479.99;480;R1;$10 Gift Voucher;500;2025/07/01;1000
C0170;Thomas;Mokoena;thomas.mokoena170@example.com;555-7290;2024/01/01;Gold;9188;T02164;2025/10/19;819.87;820;;;;;
C0171;Aisha;Smith;aisha.smith171@example.com;555-7327;2024/06/03;Platinum;10595;T02165;2025/12/18;600.02;600;R3;Coffee Mug;1500;2025/07/25;1500
C0172;Emma;Green;emma.green172@example.com;555-7364;2022/11/05;Bronze;1317;T02166;2025/01/25;414.26;414;R2;$10 Gift Voucher;1000;2025/07/17;1000
C0173;William;Moore;william.moore173@example.com;555-7401;2025/10/22;Silver;8117;T02167;2025/03/15;463.15;463;R3;Coffee Mug;1500;2025/02/21;1500
C0174;Nomsa;Young;nomsa.young174@example.com;555-7438;2024/04/18;Gold;4714;T02168;2025/01/21;671.77;672;R1;$5 Gift Voucher;500;2025/11/30;500
C0175;Sarah;Anderson;sarah.anderson175@example.com;555-7475;2023/02/07;Platinum;12644;T02169;2025/03/07;785.91;786;R2;$10 Gift Voucher;1000;2025/11/06;1000
C0176;James;Lewis;james.lewis176@example.com;555-0000;2022/02/08;Bronze;13586;T02170;2025/06/06;538.96;539;;;;;
C0177;Amelia;;amelia.khumalo177@example.com;555-7549;2022/01/02;Silver;3916;T02171;2025/08/26;426.91;427;R5;Free Shipping;750;2025/10/02;750
;Sipho;Wilson;sipho.wilson178@example.com;555-7586;2024/11/05;Gold;577;T02172;2025/02/04;26.8;27;R2;$10 Gift Voucher;1000;2025/09/22;1000
C0179;Daniel;nkosi;daniel.nkosi179@example.com;555-7623;2025/01/24;Platinum;11162;T02172;2025/10/15;702.93;703;R7;Wireless Earbuds;7500;2025/03/30;7500
C0180;Emily;Williams;emily.williams180@example.com;555-7660;2025/01/10;Bronze;7716;T02174;2025/09/27;225.52;226;;;;;
C0181;Samuel;Wright;samuel.wright181@example.com;555-7697;2022/05/14;Silver;1053;T02175;2025/01/31;135.93;136;;;;;
C0182;Naledi;Martinez;naledi.martinez182@example.com;555-7734;2024/04/05;Gold;8536;T02176;2025/07/07;396.22;396;R7;Wireless Earbuds;7500;2025/08/01;7500
C0183;Olivia;Hall;olivia.hall183@example.com;555-7771;2023/11/18;Platinum;5349;T02177;2025/09/22;309.71;310;;;;;
C0184;Joseph;Botha;joseph.botha184@example.com;555-7808;2022/03/14;Bronze;9878;T02178;2025/02/13;875.05;875;R7;Wireless Earbuds;7500;2025/08/15;7500
C0185;Lerato;Clark;lerato.clark185@example.com;555-7845;2024/08/08;Silver;9653;T02179;2025/05/18;924.39;924;;;;;
C0186;Jessica;Naidoo;jessica.naidoo186@example.com;555-7882;2022/02/03;Gold;-500;T02180;2025/04/30;656.54;657;;;;;
C0187;Robert;Taylor;robert.taylor187@example.com;555-7919;2022/09/24;Platinum;231;T02181;2025/07/18;849.34;849;;;;;
C0188;Grace;Dlamini;grace.dlamini188@example.com;555-7956;2024/08/29;Bronze;7736;T02182;2025/07/22;661.24;661;;;;;
C0189; Peter ;Johnson;duplicate.customer@example.com;555-7993;2024/04/17;Silver;8588;T02183;2025/12/01;756.71;757;;;;;
C0190;David;King;david.king190@example.com;555-8030;2024/05/28;Gold;7467;T02184;2025/01/18;940.29;940;;;;;
C0191;Charlotte;Brown;charlotte.brown191@example.com;555-8067;2024/07/20;Platinum;183;T02185;2025/06/19;832.75;833;R6;VIP Event Access;5000;2025/05/29;5000
C0192;Thabo;Walker;thabo.walker192@example.com;555-8104;2023/09/16;Bronze;9616;T02186;2025/09/18;661.24;661;;;;;
C0193;Michael;Pillay;michael.pillay193@example.com;555-8141;2024/04/19;Silver;2051;T02187;2025/09/15;294.03;294;;;;;
C0194;Sophia;Davis;sophia.davis194@example.com;555-8178;2023/08/24;Gold;11812;T02188;2025/07/30;950.17;950;;;;;
C0195;Thomas;Mokoena;thomas.mokoena195@example.com;555-8215;2024/04/04;Platinum;13767;T02189;2025/10/13;767.52;768;;;;;
C0196;Aisha;Smith;aisha.smith196@example.com;;2023/04/23;Bronze;9897;T02190;2025/12/24;514.0;514;;;;;
C0197;Emma;Green;emma.green197@example.com;555-8289;2024/01/25;Silver;3040;T02191;2025/09/13;360.8;361;;;;;
C0198;William;Moore;william.moore198@example.com;555-8326;2023/07/30;Gold;3672;T02192;2025/04/28;69.12;69;;Coffee Mug;1500;2025/04/28;1500
C0199;Nomsa;Young;;555-8363;2022/10/03;Platinum;4277;T02193;2025/11/18;823.55;824;;;;;
C0200;Sarah;Anderson;sarah.anderson200@example.com;555-8400;2022/09/26;Bronze;2723;T02194;2025/08/05;655.75;656;R2;$10 Gift Voucher;1000;2025/12/14;1000
C0201;James;Lewis;james.lewis201@example.com;555-8437;2023/07/31;Silver;9817;T02195;2025/07/08;474.97;475;R4;T-Shirt;2000;2025/08/28;2000
C0202;Amelia;Khumalo;amelia.khumalo202@example.com;555-8474;2022/11/27;gold;8921;T02196;2025/07/11;774.15;774;R5;Free Shipping;750;2025/12/17;750
C0203;Sipho;Wilson;sipho.wilson203@example.com;555-8511;2022/03/27;Platinum;4675;T02197;2025/08/25;594.18;594;;;;;
C0204;;Nkosi;daniel.nkosi204@example.com;555-8548;2025/08/07;Bronze;7494;T02198;2025/03/22;250.97;251;;;;;
C0205;Emily;Williams;emily.williams205@example.com;555-8585;2025/05/06;Silver;10877;T02199;2025/07/09;436.04;436;;;;;
C0205;Emily;Williams;emily.williams205@example.com;555-8585;2025/05/06;Silver;10877;T02199;2025/07/09;436.04;436;;;;;
C0207;Naledi;Martinez;naledi.martinez207@example.com;555-0000;2022/07/09;Platinum;6999;T02201;2022/06/09;329.83;330;;;;;
C0208;Olivia;Hall;olivia.hall208@example.com;555-8696;2024/07/15;Bronze;13303;T02202;2025/12/12;273.72;274;;;;;
C0209;Joseph;Botha;joseph.botha209@example.com;555-8733;2025/04/07;Silver;12701;T02203;2025/04/08;16.37;16;;;;;
C0210;Lerato;Clark;lerato.clark210@example.com;555-8770;2023/01/19;Gold;5737;T02204;2025/10/03;498.88;499;;;;;
C0211;Jessica;Naidoo;jessica.naidoo211@example.com;555-8807;2024/01/14;Platinum;8528;T02205;2025/11/29;437.39;437;R1;$5 Gift Voucher;500;2025/12/01;500
C0212;Robert;Taylor;robert.taylor212@example.com;555-8844;2024/05/01;Bronze;2702;T02206;2025/10/25;409.12;409;R1;$5 Gift Voucher;500;2025/04/19;500
C0213;Grace;Dlamini;grace.dlamini213@example.com;555-8881;2022/11/28;Silver;4694;T02207;2025/12/11;698.07;698;;;;;
C0214;Peter;Johnson;peter.johnson214@example.com;555-8918;2025/06/20;Gold;5304;T02208;2025/10/01;462.78;463;;;;;
C0215;DAVID;King;david.king215@example.com;555-8955;2024/12/15;Platinum;480;T02209;2025/12/22;973.85;974;;;;;
C0216;Charlotte;Brown;charlotte.brown216@example.com;555-8992;2022/12/08;Bronze;13900;T02210;2025/08/17;116.67;117;R1;$5 Gift Voucher;500;2025/03/02;500
C0217;Thabo;Walker;thabo.walker217example.com;555-9029;2022/05/25;Silver;6064;T02211;2025/09/21;638.19;6380;R3;Coffee Mug;1500;2025/03/26;1500
C0218;Michael;Pillay;michael.pillay218@example.com;555-9066;2024/10/27;Gold;5600;T02212;2025/10/14;331.14;331;R99;Unknown Reward;999;2025/10/14;999
C0219;Sophia;Davis;sophia.davis219@example.com;555-9103;2023/10/03;Platinum;3958;T02213;2025/11/13;167.91;168;R3;Coffee Mug;1500;2025/06/15;1500
C0220;Thomas;Mokoena;thomas.mokoena220@example.com;555-9140;2025/10/06;Bronze;3999;T02213;2025/09/05;312.14;312;;;;;
C0221;Aisha;Smith;aisha.smith221@example.com;555-9177;2023/11/10;Silver;7594;T02215;2025/11/25;773.06;773;;;;;
C0222;Emma;Green;emma.green222@example.com;555-9214;2022/02/09;Gold;6246;T02216;2025/10/07;267.28;267;;;;;
C0223;William;Moore;william.moore223@example.com;555-9251;2024/06/23;Platinum;1830;T02217;2025/11/16;966.63;967;;;;;
C0224;Nomsa;Young;nomsa.young224@example.com;555-9288;2024/01/13;Bronze;10183;T02218;2025/12/10;445.96;446;;;;;
C0225;Sarah;Anderson;sarah.anderson225@example.com;555-9325;2024/06/09;Silver;5546;T02219;2025/09/18;793.57;794;;;;;
C0226;James;Lewis;duplicate.customer@example.com;555-9362;2023/08/18;Gold;483;T02220;2025/10/25;536.85;537;R2;$10 Gift Voucher;1000;2025/09/16;1000
C0227;Amelia;Khumalo;amelia.khumalo227@example.com;555-9399;2024/04/27;Platinum;1692;T02221;2025/06/30;347.11;347;;;;;
C0228;Sipho;Wilson;SIPHO.WILSON228@EXAMPLE.COM;555-9436;2023/06/21;Bronze;11299;T02222;2025/01/01;496.12;-100;R1;$5 Gift Voucher;500;2025/06/29;500
C0229;Daniel;Nkosi;daniel.nkosi229@example.com;555-9473;2025/06/20;Silver;6664;T02223;2025/08/02;754.07;754;;;;;
C0230;Emily;Williams;emily.williams230@example.com;555-9510;2023/06/04;Platnium;5503;T02224;2025/01/17;62.53;63;R6;VIP Event Access;5000;2025/07/05;5000
C0231;Samuel;Wright; samuel.wright231@example.com ;555-9547;2025/06/13;Platinum;7215;T02225;2025/01/19;-468.69;469;;;;;
C0232;Naledi;martinez;naledi.martinez232@example.com;555-9584;2025/09/20;Bronze;4532;T02226;2025/04/14;728.69;729;;;;;
C0233;Olivia;Hall;olivia.hall233@example.com;555-9621;2024/08/15;Silver;;T02227;2025/06/21;531.08;531;;;;;
C0234;Joseph;Botha;joseph.botha234@example.com;555-9658;2023/02/13;Gold;1686;T02228;2025/03/24;950.99;951;R3;Coffee Mug;1500;2025/01/11;1500
C0235;Lerato;Clark;lerato.clark235@example.com;555-9695;2023/12/09;Platinum;12910;T02229;2025/07/05;711.88;712;;;;;
C0236;Jessica;Naidoo;jessica.naidoo236@example.com;555-9732;2023/09/25;Bronze;5851;T02230;2025/05/24;420.13;420;;;;;
C0237;Robert;Taylor;robert.taylor237@example.com;555-9769;2023/04/27;Silver;4284;T02231;2025/02/23;0;926;R3;Coffee Mug;1500;2025/06/04;1500
C0238;Grace;Dlamini;grace.dlamini238@example.com;555-0000;2022/03/10;Gold;10401;T02232;2025/03/08;454.55;455;;;;;
C0239;Peter;Johnson;peter.johnson239@example.com;555-9843;2022/12/19;Platinum;551;T02233;2025/06/21;284.66;285;;;;;
C0240;David;King;david.king240@example.com;555-9880;2024/12/30;Bronze;8760;T02234;2025/02/26;317.51;318;;;;;
C0241;Charlotte;Brown;charlotte.brown241@example.com;555-9917;2023/04/16;Silver;14455;T02235;2025/04/05;971.57;972;R7;;7500;;
C0242;Thabo;Walker;;555-9954;2025/09/12;Gold;681;T02236;2025/02/14;971.68;972;R2;$10 Gift Voucher;1000;2025/02/07;1000
C0243;Michael;Pillay;michael.pillay243@example.com;555-9991;2023/03/06;Platinum;13900;T02237;2025/06/06;528.18;528;;;;;
C0244;Sophia;Davis;sophia.davis244@example.com;555-1028;2025/02/09;Bronze;5116;T02238;2025/11/10;973.74;974;;;;;
C0245;Thomas;Mokoena;thomas.mokoena245@example.com;555-1065;2022/08/09;Silver;1812;T02239;2025/05/03;55.02;55;;;;;
C0246;Aisha;Smith;aisha.smith246@example.com;555-1102;2023/04/07;Gold;9776;T02240;2025/02/23;738.62;739;;;;;
C0247;Emma;Green;emma.green247@example.com;(555) 1139;2024/01/03;PLATINUM;7459;T02241;2025/04/22;864.99;865;;;;;
C0248; William ;Moore;william.moore248@example.com;555-1176;2023/09/07;Bronze;4091;T02242;2025/12/05;418.57;419;;;;;
C0249;Nomsa;Young;nomsa.young249@example.com;555-1213;2024/04/29;Silver;14644;T02243;2025/06/22;846.52;847;;;;;
C0250;Sarah;Anderson;sarah.anderson250@example.com;555-1250;2024/10/31;Gold;62;T02244;2025/06/22;918.43;918;R1;$5 Gift Voucher;500;2025/08/09;500
C0251;James;Lewis;james.lewis251@example.com;555-1287;2023/05/30;Platinum;13286;T02245;2025/09/16;979.58;980;;;;;
C0252;Amelia;Khumalo;amelia.khumalo252@example.com;555-1324;2024/11/15;Bronze;7153;T02246;2025/03/16;651.75;652;R6;VIP Event Access;5000;2025/06/13;5000
C0253;Sipho;Wilson;sipho.wilson253@example.com;555-1361;2024/06/09; Silver ;644;T02247;2025/10/06;57.06;57;R4;T-Shirt;2000;2025/08/12;2000
C0254;Daniel;Nkosi;daniel.nkosi254@example.com;555-1398;2023/03/27;Gold;653;T02248;2025/10/26;596.4;596;;;;;
C0255;Emily;Williams;emily.williams255@example.com;555-1435;2022/03/15;;6145;T02249;2025/01/06;491.99;492;;;;;
C0255;Emily;Williams;emily.williams255@example.com;555-1435;2022/03/15;;6145;T02249;2025/01/06;491.99;492;;;;;
C0257;Naledi;Martinez;naledi.martinez257@example.com;555-1509;2022/08/23;Silver;9319;T02251;2025/02/06;870.04;870;R1;$5 Gift Voucher;500;2025/11/12;500
C0258;Olivia;Hall;olivia.hall258@example.com;555-1546;2025/12/20;Gold;8380;T02252;2025/05/23;980.8;981;R6;VIP Event Access;5000;2025/08/25;5000
C0259;Joseph;Botha;joseph.botha259@example.com;555-1583;2023/04/24;Platinum;10985;T02253;2025/12/18;248.16;248;;;;;
C0260;Lerato;Clark;lerato.clark260@example.com;555-1620;2025/01/15;Bronze;12566;T02254;2025/08/14;844.93;845;;;;;
C0261;Jessica;Naidoo;jessica.naidoo261@example.com;555-1657;2022/02/01;Silver;2167;T02254;2025/08/09;823.08;823;;;;;
C0262;ROBERT;Taylor;robert.taylor262@example.com;555-1694;2025/12/10;Gold;10879;T02256;2025/07/24;355.42;355;R2;$10 Gift Voucher;1000;2025/01/16;1000
C0263;Grace;Dlamini;duplicate.customer@example.com;555-1731;2024/08/01;platinum;232;T02257;2025/11/11;147.85;148;;;;;
C0264;Peter;Johnson;peter.johnson264@example.com;555-1768;2023/12/07;Bronze;1055;T02258;2025/03/04;651.67;652;;;;;
C0265;David;King;david.king265@example.com;555-1805;2024/02/01;Silver;7492;T02259;2025/07/21;966.62;967;R6;VIP Event Access;5000;2025/01/26;5000
C0266;Charlotte;Brown;charlotte.brown266@example.com;555-1842;2023/08/10;Gold;10509;;2025/07/20;557.51;558;;;;;
C0267;Thabo;Walker;thabo.walker267@example.com;555-1879;2025/10/24;Platinum;5847;T02261;2025/03/04;501.45;501;;;;;
C0268;Michael;Pillay;michael.pillay268@example.com;555-1916;2024/08/10;Bronze;9722;T02262;2025/04/02;420.34;420;R4;T-Shirt;2000;2025/02/26;2000
C0269;Sophia;Davis;sophia.davis269@example.com;;2024/01/24;Silver;10981;T02263;2025/09/11;488.87;489;;;;;
C0270;Thomas;Mokoena;thomas.mokoena270@example.com;555-1990;2022/12/07;Gold;11197;T02264;2025/07/09;76.43;76;R2;$10 Gift Voucher;1000;2025/03/28;1000
c0271;Aisha;Smith;aisha.smith271@example.com;555-2027;2023/05/14;Platinum;3238;T02265;2025/02/01;703.15;703;R6;VIP Event Access;5000;2025/05/01;5000
C0272;Emma;Green;emma.green272@example.com;555-2064;2024/02/07;Bronze;10227;T02266;2025/07/27;373.58;374;R1;$10 Gift Voucher;500;2025/07/27;1000
C0273;William;Moore;william.moore273@example.com;555-2101;2023/04/05;Silver;9392;T02267;2025/10/07;583.21;583;R3;Coffee Mug;1500;2025/12/23;1500
C0274;Nomsa;Young;nomsa.young274@example.com;555-2138;2024/01/05;Gold;11464;T02268;2025/10/31;425.24;425;;;;;
C0275;Sarah;Anderson;sarah.anderson275@example.com;555-2175;2023/07/05;Platinum;10;T02269;2025/05/02;141.37;141;;;;;
C0276;James;Lewis;james.lewis276@example.com;555-2212;2023/03/08;Bronze;1262;T02270;2025/10/15;464.4;464;;;;;
C0277;Amelia;Khumalo;amelia.khumalo277@example.com;555-2249;2025/11/10;Silver;7924;T02271;2025/10/15;206.92;207;;;;;
C0278;Sipho;Wilson;sipho.wilson278@example.com;555-2286;2022/01/30;Gold;14364;T02272;2021/12/31;309.58;310;;;;;
C0279;Daniel;Nkosi;daniel.nkosi279@example.com;555-2323;2023/08/18;Platinum;8834;T02273;2025/04/03;331.8;332;;;;;
C0280;Emily;Williams;emily.williams280@example.com;555-2360;2024/11/02;Bronze;1471;T02274;2025/12/26;470.21;470;;;;;
C0281;Samuel;Wright;samuel.wright281@example.com;555-2397;2025/09/14;Silver;8088;T02275;2025/02/09;57.42;57;R3;Coffee Mug;1500;2025/12/11;1500
C0282;Naledi;Martinez;naledi.martinez282@example.com;555-2434;2023/01/14;Gold;541;T02276;2025/02/19;176.51;177;R5;Free Shipping;750;2025/05/05;750
C0283;Olivia;Hall;olivia.hall283@example.com;555-2471;2022/06/25;Platinum;2676;T02277;2025/09/06;911.46;911;;;;;
C0284;Joseph;Botha;joseph.botha284example.com;555-2508;2023/01/21;Bronze;1782;T02278;2025/03/25;727.37;7270;;;;;
C0285;Lerato;clark;;555-2545;2024/12/12;Silver;8655;T02279;2025/01/27;891.33;891;;;;;
C0286;Jessica;Naidoo;jessica.naidoo286@example.com;555-2582;2025/08/18;Gold;11819;T02280;2025/02/02;849.95;850;R1;$5 Gift Voucher;500;2025/02/19;500
C0287;Robert;Taylor;robert.taylor287@example.com;555-2619;2025/02/01;Platinum;8237;T02281;2025/05/30;509.45;509;;;;;
 C0288 ;Grace;Dlamini;grace.dlamini288@example.com;555-2656;2025/09/19;Bronze;5409;T02282;2025/04/23;639.81;640;;;;;
C0289;Peter;Johnson;peter.johnson289@example.com;555-2693;2025/09/25;Silver;4093;T02283;2025/05/20;440.2;440;;;;;
C0290;David;King;david.king290@example.com;555-2730;2023/07/17;Gold;2688;T02284;2025/09/15;564.67;565;;;;;
C0291;Charlotte;Brown;charlotte.brown291@example.com;555-2767;2023/08/05;Platinum;6649;T02285;2025/04/21;201.27;201;;;;;
C0292;Thabo;Walker;thabo.walker292@example.com;555-2804;2022/04/07;Bronze;10610;T02286;2025/11/23;;682;R6;VIP Event Access;5000;2025/05/02;5000
C0293;Michael;Pillay;michael.pillay293@example.com;555-2841;2022/08/20;Silver;1773;T02287;2025/03/31;437.67;438;R4;T-Shirt;2000;2025/09/10;2000
C0294;Sophia;Davis;sophia.davis294@example.com;555-2878;2023/01/24;Gold;3755;T02288;2025/11/26;880.93;881;;;;;
C0295;Thomas;Mokoena;thomas.mokoena295@example.com;555-2915;2023/12/30;Platinum;-500;T02289;2025/12/01;13.06;13;R7;Wireless Earbuds;7500;2025/08/20;7500
C0296;Aisha;Smith;aisha.smith296@example.com;555-2952;2025/04/20;Bronze;4573;T02290;2025/10/30;320.43;320;R6;VIP Event Access;5000;2025/07/23;5000
C0297;Emma;Green;emma.green297@example.com;555-2989;2024/09/28;Silver;9133;T02291;2025/12/05;141.16;141;R99;Unknown Reward;999;2025/12/05;999
C0298;William;Moore;william.moore298@example.com;555-3026;;Gold;7851;T02292;2025/07/07;913.82;914;;;;;
C0299;Nomsa;Young;nomsa.young299@example.com;555-3063;2025/07/18;Platinum;12991;T02293;2025/11/10;800.94;801;;;;;
C0300;Sarah;Anderson;duplicate.customer@example.com;555-0000;2024/12/02;Bronze;10223;T02294;2025/10/23;71.64;72;;;;;
C0301;James;Lewis;james.lewis301@example.com;555-3137;2024/01/14;Silver;14584;T02295;2025/03/05;371.33;371;;;;;
C0302;Amelia;Khumalo;amelia.khumalo302@example.com;555-3174;2025/07/12;Gold;4893;T02295;2025/11/21;671.53;672;;;;;
C0303;Sipho;Wilson;sipho.wilson303@example.com;555-3211;2024/01/31;Platinum;12525;T02297;2025/03/29;922.23;922;;;;;
C0304;Daniel;Nkosi;daniel.nkosi304@example.com;555-3248;2023/06/11;Bronze;14122;T02298;2025/11/06;68.07;68;R7;Wireless Earbuds;7500;2025/01/14;7500
C0305;Emily;Williams;emily.williams305@example.com;555-3285;2023/11/24;Silver;1747;T02299;2025/02/11;627.27;627;;;;;
C0305;Emily;Williams;emily.williams305@example.com;555-3285;2023/11/24;Silver;1747;T02299;2025/02/11;627.27;627;;;;;
C0307; Naledi ;Martinez;naledi.martinez307@example.com;555-3359;2024/07/10;Platinum;3551;T02301;2025/03/13;474.07;474;R2;$10 Gift Voucher;1000;2025/01/07;1000
C0308;Olivia;Hall;olivia.hall308@example.com;555-3396;2025/03/03;Bronze;3707;T02302;2025/11/28;849.23;849;;;;;
C0309;JOSEPH;Botha;joseph.botha309@example.com;555-3433;2024/11/28;Silver;5437;T02303;2025/01/19;559.31;559;;;;;
C0310;Lerato;Clark;lerato.clark310@example.com;555-3470;2023/07/16;Gold;4116;T02304;2025/09/06;522.78;523;;;;;
C0311;Jessica;Naidoo;jessica.naidoo311@example.com;555-3507;2023/06/12;Platinum;7995;T02305;2025/06/14;873.46;873;;;;;
C0312;Robert;Taylor;robert.taylor312@example.com;555-3544;2022/11/09;Bronze;13054;T02306;2025/03/21;718.22;718;;;;;
C0313;Grace;Dlamini;grace.dlamini313@example.com;555-3581;2022/10/20;Silver;9916;T02307;2025/03/05;987.22;987;R5;Free Shipping;750;2025/02/22;750
C0314;Peter;Johnson;peter.johnson314@example.com;555-3618;2022/05/03;Gold;10881;T02308;2025/02/11;138.23;138;;;;;
C0315;David;King;david.king315@example.com;555-3655;2025/12/24;Platinum;10378;T02309;2025/09/13;639.44;639;;;;;
C0316;Charlotte;Brown;charlotte.brown316@example.com;555-3692;2024/04/30;Bronze;1804;T02310;2025/05/31;478.87;479;;;;;
C0317;Thabo;Walker;thabo.walker317@example.com;555-3729;2022/04/18;Silver;8157;T02311;2025/01/12;682.45;682;;;;;
C0318;Michael;Pillay;michael.pillay318@example.com;555-3766;2025/10/14;Gold;2550;T02312;2025/08/14;233.33;233;;;;;
C0319;Sophia;Davis;sophia.davis319@example.com;555-3803;2024/02/16;Platinum;10159;T02313;2025/06/07;718.94;719;R3;Coffee Mug;1500;2025/02/07;1500
C0320;Thomas;Mokoena; thomas.mokoena320@example.com ;555-3840;2023/03/03;Bronze;9889;T02314;2025/08/31;-589.24;589;;;;;
C0321;Aisha;Smith;aisha.smith321@example.com;555-3877;2024/07/20;Silver;14007;T02315;2025/07/01;208.15;208;R6;VIP Event Access;5000;2025/12/05;5000
C0322;Emma;Green;emma.green322@example.com;555-3914;2025/01/18;Gold;10874;T02316;2025/04/24;925.94;926;;;;;
C0323;William;Moore;william.moore323@example.com;555-3951;2023/11/15;Platinum;14982;T02317;2025/02/16;79.74;80;;;;;
C0324;Nomsa;Young;nomsa.young324@example.com;555-3988;2022/10/10;bronze;6212;T02318;2025/10/20;385.71;386;R6;VIP Event Access;5000;2025/08/07;5000
C0325;Sarah;Anderson;sarah.anderson325@example.com;555-4025;2024/03/26;Silver;10380;T02319;2025/11/17;38.76;39;R4;T-Shirt;2000;2025/06/11;2000
C0326;James;Lewis;james.lewis326@example.com;555-4062;2024/05/03;Gold;9629;T02320;2025/11/27;349.06;349;;;;;
C0327;Amelia;Khumalo;amelia.khumalo327@example.com;555-4099;2024/07/02;Platinum;8557;T02321;2025/11/26;226.1;226;;;;;
C0328;Sipho;Wilson;;555-4136;2024/11/14;Bronze;11791;T02322;2025/03/23;312.11;312;R1;$5 Gift Voucher;500;2025/08/03;500
C0329;Daniel;Nkosi;DANIEL.NKOSI329@EXAMPLE.COM;555-4173;2025/06/30;Silver;14843;T02323;2025/10/21;313.42;-100;;;;;
C0330;Emily;Williams;emily.williams330@example.com;(555) 4210;2025/01/21;GOLD;9428;T02324;2025/08/23;39.5;40;;;;;
C0331;Samuel;Wright;samuel.wright331@example.com;555-0000;2023/11/20;Platinum;12998;T02325;2025/02/19;843.11;843;;;;;
C0332;Naledi;Martinez;naledi.martinez332@example.com;555-4284;2024/03/12;Bronze;9914;T02326;2025/03/03;267.45;267;;;;;
C0333;Olivia;Hall;olivia.hall333@example.com;555-4321;2023/06/17;Silver;14979;T02327;2025/07/29;228.36;228;;;;;
C0334;Joseph;Botha;joseph.botha334@example.com;555-4358;2023/08/19;Gold;4500;T02328;2025/04/16;0;600;;;;;
C0335;Lerato;Clark;lerato.clark335@example.com;555-4395;2025/05/04;Platinum;13438;T02329;2025/05/22;334.54;335;;Coffee Mug;1500;2025/05/22;1500
C0336;Jessica;Naidoo;jessica.naidoo336@example.com;555-4432;2024/05/15;Bronze;2204;T02330;2025/04/02;579.94;580;;;;;
C0337;Robert;Taylor;duplicate.customer@example.com;555-4469;2022/08/10;Silver;12538;T02331;2025/01/18;368.03;368;R3;Coffee Mug;1500;2025/03/12;1500
C0338;Grace;dlamini;grace.dlamini338@example.com;555-4506;2024/01/22;Gold;2248;T02332;2025/10/28;524.36;524;;;;;
C0339;Peter;Johnson;peter.johnson339@example.com;555-4543;2024/06/01;Platinum;14982;T02333;2025/11/06;30.95;31;;;;;
C0340;David;King;david.king340@example.com;555-4580;2022/12/26;Bronze;6962;T02334;2025/05/19;297.09;297;;;;;
C0341;Charlotte;Brown;charlotte.brown341@example.com;555-4617;2025/12/17;Silver;9776;T02335;2025/09/01;43.15;43;;;;;
C0342;Thabo;Walker;thabo.walker342@example.com;;2024/08/29;Gold;306;T02336;2025/05/01;795.45;795;R4;T-Shirt;2000;2025/12/14;2000
C0343;Michael;Pillay;michael.pillay343@example.com;555-4691;2024/10/26;Platinum;9328;T02336;2025/10/17;723.33;723;R5;Free Shipping;750;2025/04/27;750
C0344;Sophia;;sophia.davis344@example.com;555-4728;2025/10/05;Bronze;9644;T02338;2025/03/24;944.0;944;;;;;
C0345;Thomas;Mokoena;thomas.mokoena345@example.com;555-4765;2025/01/30;Silver;13732;T02339;2025/01/19;640.48;640;;;;;
C0346;Aisha;Smith;aisha.smith346@example.com;555-4802;2023/08/11;Gold;345;T02340;2025/06/01;836.73;837;R7;Wireless Earbuds;7500;2025/04/13;7500
C0347;Emma;Green;emma.green347@example.com;555-4839;2022/08/02;Platinum;158;T02341;2025/03/17;884.04;884;;;;;
C0348;William;Moore;william.moore348@example.com;555-4876;2023/02/08;Bronze;6808;T02342;2025/03/21;402.31;402;;;;;
C0349;Nomsa;Young;nomsa.young349@example.com;555-4913;2022/06/24;Silver;4934;T02343;2022/05/25;596.18;596;R4;T-Shirt;2000;2025/03/30;2000
C0350;Sarah;Anderson;sarah.anderson350@example.com;555-4950;2023/06/09;Gold;5656;T02344;2025/07/02;849.63;850;;;;;
C0351;James;Lewis;james.lewis351example.com;555-4987;2023/03/31;Platinum;12866;T02345;2025/10/18;559.3;5590;;;;;
C0352;Amelia;Khumalo;amelia.khumalo352@example.com;555-5024;2023/08/13;Bronze;6035;T02346;2025/03/13;884.97;885;;;;;
C0353;Sipho;Wilson;sipho.wilson353@example.com;555-5061;2024/09/04;Silver;4658;T02347;2025/08/12;762.09;762;;;;;
C0354;Daniel;Nkosi;daniel.nkosi354@example.com;555-5098;2023/09/05;Gold;13597;T02348;2025/03/17;440.73;441;R6;VIP Event Access;5000;2025/09/03;5000
C0355;Emily;Williams;emily.williams355@example.com;555-5135;2022/08/22;Platinum;9094;T02349;2025/12/14;947.5;948;;;;;
C0355;Emily;Williams;emily.williams355@example.com;555-5135;2022/08/22;Platinum;9094;T02349;2025/12/14;947.5;948;;;;;
C0357;Naledi;Martinez;naledi.martinez357@example.com;555-5209;2024/10/03;Silver;12300;T02351;2025/07/08;343.79;344;R2;$10 Gift Voucher;1000;2025/11/16;1000
C0358;Olivia;Hall;olivia.hall358@example.com;555-5246;2023/03/21;Gold;12742;T02352;2025/02/24;209.72;210;;;;;
;Joseph;Botha;joseph.botha359@example.com;555-5283;2022/06/29;Platinum;13862;T02353;2025/04/09;756.4;756;R3;Coffee Mug;1500;2025/11/09;1500
C0360;Lerato;Clark;lerato.clark360@example.com;555-5320;2022/08/15; Bronze ;8420;T02354;2025/01/17;888.81;889;;;;;
C0361;;Naidoo;jessica.naidoo361@example.com;555-5357;2022/05/13;Silver;5498;T02355;2025/03/30;705.59;706;;;;;
C0362;Robert;Taylor;robert.taylor362@example.com;555-0000;2024/03/19;Gold;14302;T02356;2025/12/25;205.4;205;;;;;
C0363;Grace;Dlamini;grace.dlamini363@example.com;555-5431;2022/04/29;Platinum;3299;T02357;2025/04/06;629.17;629;;;;;
C0364;Peter;Johnson;peter.johnson364@example.com;555-5468;2024/07/19;Bronze;;T02358;2025/11/04;916.22;916;;;;;
C0365;David;King;david.king365@example.com;555-5505;2022/04/14;Silver;1275;T02359;2025/08/05;648.5;648;R4;T-Shirt;2000;2025/03/08;2000
C0366; Charlotte ;Brown;charlotte.brown366@example.com;555-5542;2022/11/20;Gold;7085;T02360;2025/03/18;526.51;527;R7;Wireless Earbuds;7500;2025/06/06;7500
C0367;Thabo;Walker;thabo.walker367@example.com;555-5579;2023/09/16;Platinum;9293;T02361;2025/11/14;166.4;166;;;;;
C0368;Michael;Pillay;michael.pillay368@example.com;555-5616;2025/10/26;Bronze;13481;T02362;2025/02/14;391.4;391;R4;T-Shirt;2000;2025/09/16;2000
C0369;Sophia;Davis;sophia.davis369@example.com;555-5653;2023/02/08;Platnium;12918;T02363;2025/10/17;224.86;225;R6;VIP Event Access;5000;2025/01/15;5000
C0370;Thomas;Mokoena;thomas.mokoena370@example.com;555-5690;2023/05/22;Gold;6247;T02364;2025/05/17;702.73;703;;;;;
C0371;Aisha;Smith;;555-5727;2025/01/13;Platinum;5244;T02365;2025/12/15;637.38;637;R1;$5 Gift Voucher;500;2025/03/26;500
C0372;Emma;Green;emma.green372@example.com;555-5764;2022/02/04;Bronze;12122;T02366;2025/03/13;106.2;106;;;;;
C0373;William;Moore;william.moore373@example.com;555-5801;2024/01/09;Silver;1649;T02367;2025/09/08;217.76;218;R6;VIP Event Access;5000;2025/05/29;5000
C0374;Nomsa;Young;duplicate.customer@example.com;555-5838;2022/04/17;Gold;9079;T02368;2025/10/07;568.61;569;R1;$5 Gift Voucher;500;2025/11/15;500
C0375;Sarah;Anderson;sarah.anderson375@example.com;555-5875;2023/08/24;Platinum;9302;T02369;2025/03/14;563.14;563;R1;$10 Gift Voucher;500;2025/03/14;1000
C0376;James;Lewis;james.lewis376@example.com;555-5912;2024/04/06;Bronze;5173;T02370;2025/01/09;524.27;524;R99;Unknown Reward;999;2025/01/09;999
C0377;Amelia;Khumalo;amelia.khumalo377@example.com;555-5949;2025/05/11;Silver;11754;T02371;2025/02/13;66.82;67;;;;;
C0378;Sipho;Wilson;sipho.wilson378@example.com;555-5986;2024/10/01;Gold;14611;T02372;2025/04/29;835.23;835;;;;;
C0379;Daniel;Nkosi;daniel.nkosi379@example.com;555-6023;2022/03/06;Platinum;1049;;2025/01/21;295.28;295;R4;T-Shirt;2000;2025/08/19;2000
C0380;Emily;Williams;emily.williams380@example.com;555-6060;2024/10/19;Bronze;14000;T02374;2025/07/17;759.24;759;;;;;
C0381;Samuel;Wright;samuel.wright381@example.com;555-6097;2023/07/17;Silver;13878;T02375;2025/02/06;330.61;331;R1;$5 Gift Voucher;500;2025/08/22;500
C0382;Naledi;Martinez;naledi.martinez382@example.com;555-6134;2022/04/11;Gold;30;T02376;2025/09/10;129.01;129;;;;;
C0383;Olivia;Hall;olivia.hall383@example.com;555-6171;2024/02/29;Platinum;5089;T02377;2025/02/20;30.04;30;;;;;
C0384;Joseph;Botha;joseph.botha384@example.com;555-6208;2022/02/24;Bronze;8971;T02377;2025/12/05;742.48;742;;;;;
C0385;Lerato;Clark;lerato.clark385@example.com;555-6245;2022/03/30;silver;2769;T02379;2025/11/22;100.72;101;;;;;
C0386;Jessica;Naidoo;jessica.naidoo386@example.com;555-6282;2025/12/03;Gold;3553;T02380;2025/12/22;381.86;382;;;;;
C0387;Robert;Taylor;robert.taylor387@example.com;555-6319;2025/04/21;Platinum;13185;T02381;2025/08/31;806.37;806;;;;;
C0388;Grace;Dlamini;grace.dlamini388@example.com;555-6356;2024/02/19;Bronze;10120;T02382;2025/03/13;512.04;512;;;;;
C0389;Peter;Johnson;peter.johnson389@example.com;555-6393;2022/11/01;Silver;3273;T02383;2025/02/14;196.75;197;;;;;
C0390;David;King;david.king390@example.com;555-6430;2024/05/26;Gold;12396;T02384;2025/09/15;306.78;307;R7;;7500;;
C0391;Charlotte;brown;charlotte.brown391@example.com;555-6467;2022/08/09;Platinum;1776;T02385;2025/02/20;133.73;134;;;;;
C0392;Thabo;Walker;thabo.walker392@example.com;555-6504;2024/10/20;Bronze;7773;T02386;2025/02/02;973.71;974;R6;VIP Event Access;5000;2025/04/29;5000
C0393;Michael;Pillay;michael.pillay393@example.com;555-0000;2022/10/28;Silver;9302;T02387;2025/03/25;407.94;408;R2;$10 Gift Voucher;1000;2025/11/11;1000
C0394;Sophia;Davis;sophia.davis394@example.com;555-6578;2024/06/25;Gold;3948;T02388;2025/05/15;917.34;917;R5;Free Shipping;750;2025/11/01;750
C0395;Thomas;Mokoena;thomas.mokoena395@example.com;555-6615;2023/05/12;Platinum;5694;T02389;2025/04/01;427.42;427;;;;;
C0396;Aisha;Smith;aisha.smith396@example.com;555-6652;2024/11/18;Bronze;3977;T02390;2025/05/03;569.5;570;R7;Wireless Earbuds;7500;2025/06/22;7500
C0397;Emma;Green;emma.green397@example.com;555-6689;2023/10/03;Silver;14796;T02391;2025/06/20;516.45;516;;;;;
C0398;William;Moore;william.moore398@example.com;555-6726;2025/01/22;Gold;3587;T02392;2025/02/08;252.66;253;;;;;
C0399;Nomsa;Young;nomsa.young399@example.com;555-6763;2022/08/25;Platinum;8669;T02393;2025/08/21;512.58;513;;;;;
C0400;Sarah;Anderson;sarah.anderson400@example.com;555-6800;2024/08/16;Bronze;11371;T02394;2025/02/11;257.83;258;;;;;
C0401;James;Lewis;james.lewis401@example.com;555-6837;2022/04/19;Silver;5106;T02395;2025/09/27;83.79;84;R4;T-Shirt;2000;2025/06/22;2000
C0402;Amelia;Khumalo;amelia.khumalo402@example.com;555-6874;2022/09/02;Gold;10485;T02396;2025/07/06;252.83;253;R2;$10 Gift Voucher;1000;2025/06/26;1000
C0403;SIPHO;Wilson;sipho.wilson403@example.com;555-6911;2023/08/06;Platinum;339;T02397;2025/07/18;807.02;807;;;;;
C0404;Daniel;Nkosi;daniel.nkosi404@example.com;555-6948;2023/07/07;Bronze;-500;T02398;2025/11/21;293.96;294;;;;;
C0405;Emily;Williams;emily.williams405@example.com;555-6985;2025/11/01;Silver;10291;T02399;2025/08/03;995.13;995;;;;;
C0405;Emily;Williams;emily.williams405@example.com;555-6985;2025/11/01;Silver;10291;T02399;2025/08/03;995.13;995;;;;;
C0407;Naledi;Martinez;naledi.martinez407@example.com;555-7059;2025/05/23;Platinum;12035;T02401;2025/01/01;393.64;394;;;;;
C0408;Olivia;Hall;olivia.hall408@example.com;555-7096;2024/12/05;Bronze;8545;T02402;2025/04/12;971.25;971;R2;$10 Gift Voucher;1000;2025/08/03;1000
C0409;Joseph;Botha; joseph.botha409@example.com ;555-7133;2022/09/03;Silver;12435;T02403;2025/04/03;-128.88;129;;;;;
C0410;Lerato;Clark;lerato.clark410@example.com;555-7170;2022/10/15;Gold;6292;T02404;2025/03/10;72.84;73;;;;;
C0411;Jessica;Naidoo;duplicate.customer@example.com;555-7207;2025/10/27;Platinum;6902;T02405;2025/03/03;239.08;239;;;;;
C0412;Robert;Taylor;robert.taylor412@example.com;555-7244;2022/06/14;Bronze;6432;T02406;2025/01/11;205.3;205;;;;;
C0413;Grace;Dlamini;grace.dlamini413@example.com;(555) 7281;2025/10/07;SILVER;8097;T02407;2025/02/18;742.26;742;;;;;
C0414;Peter;Johnson;;555-7318;2025/01/03;Gold;3537;T02408;2025/07/14;228.37;228;R4;T-Shirt;2000;2025/09/29;2000
C0415;David;King;david.king415@example.com;;2025/11/28;Platinum;5440;T02409;2025/12/27;282.87;283;;;;;
C0416;Charlotte;Brown;charlotte.brown416@example.com;555-7392;2025/12/12;Bronze;3494;T02410;2025/09/18;905.15;905;;;;;
C0417;Thabo;Walker;thabo.walker417@example.com;555-7429;2022/05/18;Silver;10055;T02411;2025/03/14;97.64;98;;;;;
C0418;Michael;Pillay;michael.pillay418example.com;555-7466;2025/02/06;Gold;6220;T02412;2025/10/05;714.49;7140;;;;;
C0419;Sophia;Davis;sophia.davis419@example.com;555-7503;2025/12/29;Platinum;11750;T02413;2025/10/28;;865;;;;;
C0420;Thomas;Mokoena;thomas.mokoena420@example.com;555-7540;2024/09/05;Bronze;4811;T02414;2024/08/06;742.17;742;;;;;
C0421;Aisha;Smith;aisha.smith421@example.com;555-7577;2024/08/11;Silver;792;T02415;2025/06/22;236.72;237;R6;VIP Event Access;5000;2025/06/14;5000
c0422;Emma;Green;emma.green422@example.com;555-7614;2025/04/01;Gold;3803;T02416;2025/03/27;904.05;904;;;;;
C0423;William;Moore;william.moore423@example.com;555-7651;2024/08/14;Platinum;14140;T02417;2025/12/12;16.93;17;R1;$5 Gift Voucher;500;2025/08/03;500
C0424;Nomsa;Young;nomsa.young424@example.com;555-0000;2023/04/05;Bronze;6800;T02418;2025/07/21;313.92;314;R6;VIP Event Access;5000;2025/11/03;5000
C0425; Sarah ;Anderson;sarah.anderson425@example.com;555-7725;2025/02/10;Silver;7544;T02418;2025/01/11;51.97;52;;;;;
C0426;James;Lewis;james.lewis426@example.com;555-7762;2022/10/29;Gold;12868;T02420;2025/05/10;322.66;323;R4;T-Shirt;2000;2025/04/01;2000
C0427;Amelia;Khumalo;amelia.khumalo427@example.com;555-7799;2024/04/07;Platinum;7233;T02421;2025/04/01;625.49;625;;;;;
C0428;Sipho;Wilson;sipho.wilson428@example.com;555-7836;2025/05/03;;13717;T02422;2025/05/14;739.67;740;;;;;
C0429;Daniel;Nkosi;daniel.nkosi429@example.com;555-7873;2024/09/28;Silver;6191;T02423;2025/07/25;455.2;455;R2;$10 Gift Voucher;1000;2025/11/08;1000
C0430;Emily;Williams;EMILY.WILLIAMS430@EXAMPLE.COM;555-7910;2025/08/06;Gold;12255;T02424;2025/11/26;317.38;-100;R6;VIP Event Access;5000;2025/04/03;5000
C0431;Samuel;Wright;samuel.wright431@example.com;555-7947;2024/12/22;Platinum;2778;T02425;2025/11/17;0;54;;;;;
C0432;Naledi;Martinez;naledi.martinez432@example.com;555-7984;2022/09/05;Bronze;14876;T02426;2025/05/13;941.44;941;;;;;
C0433;Olivia;Hall;olivia.hall433@example.com;555-8021;2023/02/03;Silver;8629;T02427;2025/07/31;331.54;332;;;;;
C0434;Joseph;Botha;joseph.botha434@example.com;555-8058;2024/02/22;Gold;11923;T02428;2025/06/01;928.49;928;;;;;
C0435;Lerato;Clark;lerato.clark435@example.com;555-8095;2024/07/03;Platinum;7557;T02429;2025/07/02;135.65;136;R6;VIP Event Access;5000;2025/08/13;5000
C0436;Jessica;Naidoo;jessica.naidoo436@example.com;555-8132;2022/01/21;Bronze;2144;T02430;2025/03/03;686.48;686;R4;T-Shirt;2000;2025/01/16;2000
C0437;Robert;Taylor;robert.taylor437@example.com;555-8169;2025/11/06;Silver;10309;T02431;2025/09/18;172.34;172;;;;;
C0438;Grace;Dlamini;grace.dlamini438@example.com;555-8206;2023/06/01;Gold;12350;T02432;2025/10/09;136.13;136;;;;;
C0439;Peter;Johnson;peter.johnson439@example.com;555-8243;2023/01/29;Platinum;3071;T02433;2025/11/13;852.72;853;;;;;
C0440;David;King;david.king440@example.com;555-8280;2024/07/19;Bronze;8567;T02434;2025/01/13;919.01;919;;;;;
C0441;Charlotte;Brown;charlotte.brown441@example.com;555-8317;2025/10/13;Silver;7632;T02435;2025/07/23;830.38;830;;;;;
C0442;Thabo;Walker;thabo.walker442@example.com;555-8354;2022/10/16;Gold;7659;T02436;2025/03/03;611.71;612;;;;;
C0443;Michael;Pillay;michael.pillay443@example.com;555-8391;2025/03/07;Platinum;89;T02437;2025/11/28;763.72;764;;;;;
C0444;Sophia;davis;sophia.davis444@example.com;555-8428;2024/05/19;Bronze;135;T02438;2025/10/30;589.15;589;R1;$5 Gift Voucher;500;2025/03/05;500
C0445;Thomas;Mokoena;thomas.mokoena445@example.com;555-8465;2022/04/10;Silver;4456;T02439;2025/05/18;425.35;425;;;;;
C0446;Aisha;Smith;aisha.smith446@example.com;555-8502;2023/02/06;gold;3308;T02440;2025/11/16;636.3;636;;;;;
C0447;Emma;Green;emma.green447@example.com;555-8539;2023/05/26;Platinum;3125;T02441;2025/07/09;898.56;899;;;;;
C0448;William;Moore;duplicate.customer@example.com;555-8576;2025/09/21;Bronze;8004;T02442;2025/03/24;482.37;482;R7;Wireless Earbuds;7500;2025/12/27;7500
C0449;Nomsa;Young;nomsa.young449@example.com;555-8613;2022/01/01;Silver;561;T02443;2025/11/23;317.5;318;R4;T-Shirt;2000;2025/11/02;2000
C0450;SARAH;Anderson;sarah.anderson450@example.com;555-8650;2024/12/29;Gold;6829;T02444;2025/08/08;213.16;213;;;;;
 C0451 ;James;Lewis;james.lewis451@example.com;555-8687;2025/11/18;Platinum;4965;T02445;2025/01/13;577.52;578;;;;;
C0452;Amelia;Khumalo;amelia.khumalo452@example.com;555-8724;2025/04/23;Bronze;10833;T02446;2025/10/19;303.12;303;;;;;
C0453;Sipho;Wilson;sipho.wilson453@example.com;555-8761;2024/06/17;Silver;14832;T02447;2025/07/20;880.51;881;R5;Free Shipping;750;2025/12/18;750
C0454;Daniel;Nkosi;daniel.nkosi454@example.com;555-8798;2023/09/16;Gold;11262;T02448;2025/05/28;390.15;390;;;;;
C0455;Emily;Williams;emily.williams455@example.com;555-0000;2022/09/22;Platinum;4240;T02449;2025/11/27;278.03;278;R99;Unknown Reward;999;2025/11/27;999
C0455;Emily;Williams;emily.williams455@example.com;555-0000;2022/09/22;Platinum;4240;T02449;2025/11/27;278.03;278;R99;Unknown Reward;999;2025/11/27;999
C0457;Naledi;Martinez;;555-8909;2022/08/23;Silver;8680;T02451;2025/03/01;363.78;364;;;;;
C0458;Olivia;Hall;olivia.hall458@example.com;555-8946;2022/09/20;Gold;5700;T02452;2025/05/14;578.54;579;;;;;
C0459;Joseph;Botha;joseph.botha459@example.com;555-8983;2024/03/26;Platinum;13855;T02453;2025/09/18;857.14;857;R3;Coffee Mug;1500;2025/10/27;1500
C0460;Lerato;Clark;lerato.clark460@example.com;555-9020;2024/10/12;Bronze;900;T02454;2025/04/16;656.98;657;;;;;
C0461;Jessica;Naidoo;jessica.naidoo461@example.com;555-9057;2023/03/11;Silver;13372;T02455;2025/03/25;447.64;448;R6;VIP Event Access;5000;2025/12/31;5000
C0462;Robert;Taylor;robert.taylor462@example.com;555-9094;2025/03/29;Gold;4018;T02456;2025/01/09;159.93;160;R1;$5 Gift Voucher;500;2025/04/22;500
C0463;Grace;Dlamini;grace.dlamini463@example.com;555-9131;2025/07/27;Platinum;3463;T02457;2025/09/04;120.99;121;R6;VIP Event Access;5000;2025/05/13;5000
C0464;Peter;Johnson;peter.johnson464@example.com;555-9168;2024/03/18;Bronze;1906;T02458;2025/07/24;110.39;110;;;;;
C0465;David;King;david.king465@example.com;555-9205;2024/03/12;Silver;6756;T02459;2025/05/27;713.71;714;R2;$10 Gift Voucher;1000;2025/11/08;1000
C0466;Charlotte;Brown;charlotte.brown466@example.com;555-9242;2023/12/04;Gold;7087;T02459;2025/01/30;230.14;230;;;;;
C0467;Thabo;Walker;thabo.walker467@example.com;555-9279;2023/04/29; Platinum ;2502;T02461;2025/06/20;381.04;381;;;;;
C0468;Michael;Pillay;michael.pillay468@example.com;555-9316;2023/08/11;Bronze;1121;T02462;2025/03/24;41.12;41;R2;$10 Gift Voucher;1000;2025/07/31;1000
C0469;Sophia;Davis;sophia.davis469@example.com;555-9353;2024/06/25;Silver;10835;T02463;2025/08/16;764.63;765;;;;;
C0470;Thomas;Mokoena;thomas.mokoena470@example.com;555-9390;2025/06/20;Gold;7526;T02464;2025/02/03;169.92;170;;;;;
C0471;Aisha;Smith;aisha.smith471@example.com;555-9427;2023/12/10;Platinum;9016;T02465;2025/11/28;776.8;777;;;;;
C0472;Emma;Green;emma.green472@example.com;555-9464;2024/08/02;Bronze;12651;T02466;2025/07/13;728.69;729;;Coffee Mug;1500;2025/07/13;1500
C0473;William;Moore;william.moore473@example.com;555-9501;2025/11/18;Silver;9713;T02467;2025/07/25;678.58;679;R5;Free Shipping;750;2025/12/29;750
C0474;Nomsa;Young;nomsa.young474@example.com;555-9538;2024/05/07;Gold;9820;T02468;2025/01/20;671.21;671;;;;;
C0475;Sarah;Anderson;sarah.anderson475@example.com;555-9575;2025/09/09;Platinum;14106;T02469;2025/04/20;139.03;139;;;;;
C0476;James;Lewis;james.lewis476@example.com;555-9612;2025/02/22;Bronze;6589;T02470;2025/01/08;73.32;73;;;;;
C0477;Amelia;Khumalo;amelia.khumalo477@example.com;555-9649;2024/09/27;Silver;11387;T02471;2025/05/17;254.49;254;;;;;
C0478;Sipho;Wilson;sipho.wilson478@example.com;555-9686;2022/06/05;Gold;9738;T02472;2025/08/11;878.59;879;R1;$10 Gift Voucher;500;2025/08/11;1000
C0479;Daniel;Nkosi;daniel.nkosi479@example.com;555-9723;2022/10/15;Platinum;7628;T02473;2025/12/24;917.83;918;R4;T-Shirt;2000;2025/06/15;2000
C0480;Emily;Williams;emily.williams480@example.com;555-9760;2022/02/03;Bronze;1185;T02474;2025/11/26;328.76;329;;;;;
C0481;Samuel;Wright;samuel.wright481@example.com;555-9797;2024/04/28;Silver;14441;T02475;2025/11/06;635.79;636;;;;;
C0482;Naledi;Martinez;naledi.martinez482@example.com;555-9834;2023/05/24;Gold;12503;T02476;2025/02/11;84.68;85;R4;T-Shirt;2000;2025/06/08;2000
C0483;Olivia;Hall;olivia.hall483@example.com;555-9871;2024/03/17;Platinum;11017;T02477;2025/12/06;210.77;211;;;;;
C0484; Joseph ;Botha;joseph.botha484@example.com;555-9908;2023/04/13;Bronze;12639;T02478;2025/07/24;28.73;29;;;;;
C0485;Lerato;Clark;lerato.clark485example.com;555-9945;2022/11/03;Silver;12972;T02479;2025/11/05;128.51;1290;;;;;
C0486;Jessica;Naidoo;jessica.naidoo486@example.com;555-0000;2022/01/22;Gold;6642;T02480;2025/09/28;126.46;126;R5;Free Shipping;750;2025/05/25;750
C0487;Robert;Taylor;robert.taylor487@example.com;555-1019;2022/10/24;Platinum;3988;T02481;2025/05/23;851.27;851;;;;;
C0488;Grace;Dlamini;grace.dlamini488@example.com;;2022/06/13;Bronze;10244;T02482;2025/04/14;343.22;343;R4;T-Shirt;2000;2025/07/07;2000
C0489;Peter;Johnson;peter.johnson489@example.com;555-1093;;Silver;2942;T02483;2025/03/04;108.75;109;;;;;
C0490;David;King;david.king490@example.com;555-1130;2022/11/11;Gold;7167;T02484;2025/06/17;530.44;530;R2;$10 Gift Voucher;1000;2025/12/08;1000
C0491;Charlotte;Brown;charlotte.brown491@example.com;555-1167;2022/12/30;Platinum;2721;T02485;2022/11/30;705.92;706;R6;VIP Event Access;5000;2025/10/27;5000
C0492;Thabo;Walker;thabo.walker492@example.com;555-1204;2023/03/18;Bronze;952;;2025/06/02;123.71;124;R2;$10 Gift Voucher;1000;2025/08/19;1000
C0493;Michael;Pillay;michael.pillay493@example.com;555-1241;2023/07/05;Silver;2003;T02487;2025/02/24;498.17;498;;;;;
C0494;Sophia;Davis;sophia.davis494@example.com;555-1278;2022/03/21;Gold;7902;T02488;2025/06/13;859.75;860;;;;;
C0495;Thomas;Mokoena;thomas.mokoena495@example.com;555-1315;2022/02/04;Platinum;;T02489;2025/03/30;644.7;645;;;;;
C0496;Aisha;Smith;aisha.smith496@example.com;(555) 1352;2024/09/21;BRONZE;12665;T02490;2025/05/10;740.29;740;;;;;
C0497;EMMA;green;emma.green497@example.com;555-1389;2024/03/12;Silver;8233;T02491;2025/02/21;871.5;872;;;;;
C0498;William;Moore; william.moore498@example.com ;555-1426;2025/09/17;Gold;10881;T02492;2025/12/07;-371.21;371;;;;;
C0499;Nomsa;Young;nomsa.young499@example.com;555-1463;2023/10/26;Platinum;7295;T02493;2025/06/07;701.54;702;;;;;
C0500;Sarah;Anderson;;555-1500;2025/04/19;Bronze;673;T02494;2025/01/09;361.57;362;R7;Wireless Earbuds;7500;2025/08/23;7500
C0501;James;Lewis;james.lewis501@example.com;555-1537;2024/06/29;Silver;14157;T02495;2025/09/05;402.16;402;R5;Free Shipping;750;2025/09/15;750
C0502;Amelia;Khumalo;amelia.khumalo502@example.com;555-1574;2023/03/11;Gold;7259;T02496;2025/09/23;390.25;390;;;;;
C0503;Sipho;Wilson;sipho.wilson503@example.com;555-1611;2024/06/10;Platinum;1905;T02497;2025/11/12;249.14;249;R7;Wireless Earbuds;7500;2025/11/22;7500
C0504;Daniel;Nkosi;daniel.nkosi504@example.com;555-1648;2024/02/18;Bronze;3858;T02498;2025/12/03;957.6;958;R3;Coffee Mug;1500;2025/01/15;1500
C0505;Emily;Williams;emily.williams505@example.com;555-1685;2022/05/03;Silver;4559;T02499;2025/04/06;767.64;768;;;;;
C0505;Emily;Williams;emily.williams505@example.com;555-1685;2022/05/03;Silver;4559;T02499;2025/04/06;767.64;768;;;;;
C0507;Naledi;Martinez;naledi.martinez507@example.com;555-1759;2022/02/21;platinum;8636;T02500;2025/05/04;661.63;662;;;;;
C0508;Olivia;Hall;olivia.hall508@example.com;555-1796;2024/10/21;Platnium;701;T02502;2025/10/13;160.58;161;R7;Wireless Earbuds;7500;2025/07/25;7500
C0509;Joseph;Botha;joseph.botha509@example.com;555-1833;2024/06/07;Silver;14859;T02503;2025/03/26;599.37;599;R5;Free Shipping;750;2025/10/10;750
C0510;Lerato;Clark;lerato.clark510@example.com;555-1870;2025/02/09;Gold;13735;T02504;2025/08/12;749.62;750;;;;;
C0511;Jessica;;jessica.naidoo511@example.com;555-1907;2024/12/05;Platinum;13170;T02505;2025/11/27;843.2;843;R4;T-Shirt;2000;2025/06/25;2000
C0512;Robert;Taylor;robert.taylor512@example.com;555-1944;2024/05/17;Bronze;6905;T02506;2025/03/03;12.49;12;;;;;
C0513;Grace;Dlamini;grace.dlamini513@example.com;555-1981;2022/09/11;Silver;-500;T02507;2025/05/17;425.19;425;;;;;
C0514;Peter;Johnson;peter.johnson514@example.com;555-2018;2025/11/26;Gold;3418;T02508;2025/09/21;57.36;57;;;;;
C0515;David;King;david.king515@example.com;555-2055;2025/07/02;Platinum;8564;T02509;2025/06/06;554.47;554;;;;;
C0516;Charlotte;Brown;charlotte.brown516@example.com;555-2092;2022/10/19;Bronze;379;T02510;2025/10/04;53.39;53;R3;Coffee Mug;1500;2025/02/10;1500
C0517;Thabo;Walker;thabo.walker517@example.com;555-0000;2024/07/16;Silver;3486;T02511;2025/02/04;604.96;605;;;;;
C0518;;Pillay;michael.pillay518@example.com;555-2166;2025/07/28;Gold;10701;T02512;2025/01/12;919.05;919;;;;;
C0519;Sophia;Davis;sophia.davis519@example.com;555-2203;2024/03/30;Platinum;208;T02513;2025/02/15;538.5;538;;;;;
C0520;Thomas;Mokoena;thomas.mokoena520@example.com;555-2240;2023/09/28;Bronze;13176;T02514;2025/07/01;202.83;203;R6;VIP Event Access;5000;2025/07/10;5000
C0521;Aisha;Smith;aisha.smith521@example.com;555-2277;2024/03/05;Silver;8799;T02515;2025/02/19;55.24;55;R5;Free Shipping;750;2025/02/21;750
C0522;Emma;Green;duplicate.customer@example.com;555-2314;2022/03/21;Gold;12775;T02516;2025/01/11;510.56;511;R5;Free Shipping;750;2025/09/25;750
C0523;William;Moore;william.moore523@example.com;555-2351;2022/02/14;Platinum;13314;T02517;2025/01/26;100.86;101;R4;T-Shirt;2000;2025/01/14;2000
C0524;Nomsa;Young;nomsa.young524@example.com;555-2388;2022/01/06;Bronze;5813;T02518;2025/08/03;456.73;457;;;;;
C0525;Sarah;Anderson;sarah.anderson525@example.com;555-2425;2024/08/14;Silver;14042;T02519;2025/09/14;897.65;898;;;;;
C0526;James;Lewis;james.lewis526@example.com;555-2462;2025/05/27;Gold;12539;T02520;2025/11/11;206.69;207;;;;;
C0527;Amelia;Khumalo;amelia.khumalo527@example.com;555-2499;2023/08/24;Platinum;9355;T02521;2025/12/06;448.7;449;;;;;
C0528;Sipho;Wilson;sipho.wilson528@example.com;555-2536;2025/12/06;Bronze;11344;T02522;2025/02/11;0;892;;;;;
C0529;Daniel;Nkosi;daniel.nkosi529@example.com;555-2573;2022/10/31;Silver;14677;T02523;2025/01/22;682.43;682;;;;;
C0530;Emily;Williams;emily.williams530@example.com;555-2610;2024/07/17;Gold;2009;T02524;2025/11/12;178.78;179;;;;;
C0531;Samuel;Wright;SAMUEL.WRIGHT531@EXAMPLE.COM;555-2647;2025/03/26;Platinum;9408;T02525;2025/02/05;407.3;-100;;;;;
C0532;Naledi;Martinez;naledi.martinez532@example.com;555-2684;2024/06/22;Bronze;10431;T02526;2025/12/30;557.94;558;R3;Coffee Mug;1500;2025/12/17;1500
C0533;Olivia;Hall;olivia.hall533@example.com;555-2721;2024/07/04;Silver;12713;T02527;2025/08/08;629.02;629;;;;;
C0534;Joseph;Botha;joseph.botha534@example.com;555-2758;2024/05/08;Gold;3127;T02528;2025/01/23;15.73;16;R99;Unknown Reward;999;2025/01/23;999
C0535;Lerato;Clark;lerato.clark535@example.com;555-2795;2022/12/14;Platinum;8107;T02529;2025/09/10;541.08;541;R7;Wireless Earbuds;7500;2025/04/10;7500
C0536;Jessica;Naidoo;jessica.naidoo536@example.com;555-2832;2025/02/19;Bronze;5863;T02530;2025/04/08;889.58;890;;;;;
C0537;Robert;Taylor;robert.taylor537@example.com;555-2869;2024/08/21;Silver;1317;T02531;2025/11/16;848.07;848;;;;;
C0538;Grace;Dlamini;grace.dlamini538@example.com;555-2906;2025/02/16;Gold;3361;T02532;2025/04/24;690.02;690;;;;;
C0539;Peter;Johnson;peter.johnson539@example.com;555-2943;2023/02/01;Platinum;13705;T02533;2025/08/14;350.11;350;R7;;7500;;
;David;King;david.king540@example.com;555-2980;2023/03/21;Bronze;6087;T02534;2025/06/30;931.96;932;;;;;
C0541;Charlotte;Brown;charlotte.brown541@example.com;555-3017;2024/04/30;Silver;2048;T02535;2025/11/29;407.91;408;;;;;
C0542;Thabo;Walker;thabo.walker542@example.com;555-3054;2024/08/15;Gold;7551;T02536;2025/09/17;446.07;446;;;;;
C0543; Michael ;Pillay;;555-3091;2024/04/30;Platinum;230;T02537;2025/03/22;761.21;761;;;;;
C0544;SOPHIA;Davis;sophia.davis544@example.com;555-3128;2023/04/26;Bronze;9897;T02538;2025/06/15;610.37;610;;;;;
C0545;Thomas;Mokoena;thomas.mokoena545@example.com;555-3165;2025/04/27;Silver;9732;T02539;2025/06/15;263.28;263;;;;;
C0546;Aisha;Smith;aisha.smith546@example.com;555-3202;2022/09/06;Gold;10316;T02540;2025/06/06;;785;;;;;
C0547;Emma;Green;emma.green547@example.com;555-3239;2023/08/29;Platinum;2974;T02541;2025/11/11;487.33;487;R3;Coffee Mug;1500;2025/01/17;1500
C0548;William;Moore;william.moore548@example.com;555-0000;2024/04/09;Bronze;6996;T02541;2025/09/07;698.23;698;R6;VIP Event Access;5000;2025/09/06;5000
C0549;Nomsa;Young;nomsa.young549@example.com;555-3313;2022/08/07;Silver;1650;T02543;2025/03/23;37.07;37;;;;;
C0550;Sarah;anderson;sarah.anderson550@example.com;555-3350;2023/11/24;Gold;1851;T02544;2025/09/07;166.93;167;;;;;
C0551;James;Lewis;james.lewis551@example.com;555-3387;2025/09/04;Platinum;14904;T02545;2025/06/02;860.86;861;;;;;
C0552;Amelia;Khumalo;amelia.khumalo552example.com;555-3424;2025/10/12;Bronze;11458;T02546;2025/03/25;770.18;7700;;;;;
C0553;Sipho;Wilson;sipho.wilson553@example.com;555-3461;2025/12/27;Silver;8637;T02547;2025/06/28;22.37;22;R6;VIP Event Access;5000;2025/09/16;5000
C0554;Daniel;Nkosi;daniel.nkosi554@example.com;555-3498;2025/11/30;Gold;11516;T02548;2025/07/28;131.27;131;R6;VIP Event Access;5000;2025/09/01;5000
C0555;Emily;Williams;emily.williams555@example.com;555-3535;2022/06/25;Platinum;11292;T02549;2025/08/30;938.64;939;R7;Wireless Earbuds;7500;2025/04/20;7500
C0555;Emily;Williams;emily.williams555@example.com;555-3535;2022/06/25;Platinum;11292;T02549;2025/08/30;938.64;939;R7;Wireless Earbuds;7500;2025/04/20;7500
C0557;Naledi;Martinez;naledi.martinez557@example.com;555-3609;2022/08/02;Silver;6144;T02551;2025/05/16;382.1;382;;;;;
C0558;Olivia;Hall;olivia.hall558@example.com;555-3646;2023/11/04;Gold;11487;T02552;2025/10/18;618.57;619;;;;;
C0559;Joseph;Botha;duplicate.customer@example.com;555-3683;2024/09/02;Platinum;9621;T02553;2025/11/25;258.87;259;;;;;
C0560;Lerato;Clark;lerato.clark560@example.com;555-3720;2023/12/05;Bronze;224;T02554;2025/05/28;862.81;863;R1;$5 Gift Voucher;500;2025/06/03;500
C0561;Jessica;Naidoo;jessica.naidoo561@example.com;;2022/02/14;Silver;7278;T02555;2025/05/12;653.75;654;R7;Wireless Earbuds;7500;2025/08/25;7500
C0562;Robert;Taylor;robert.taylor562@example.com;555-3794;2022/08/01;Gold;6760;T02556;2022/07/02;577.5;578;;;;;
C0563;Grace;Dlamini;grace.dlamini563@example.com;555-3831;2023/02/02;Platinum;10895;T02557;2025/11/24;788.31;788;;;;;
C0564;Peter;Johnson;peter.johnson564@example.com;555-3868;2024/08/17;Bronze;8467;T02558;2025/12/21;388.84;389;;;;;
C0565;David;King;david.king565@example.com;555-3905;2025/09/26;Silver;10008;T02559;2025/11/26;40.39;40;;;;;
C0566;Charlotte;Brown;charlotte.brown566@example.com;555-3942;2022/03/12;Gold;3715;T02560;2025/12/25;448.04;448;;;;;
C0567;Thabo;Walker;thabo.walker567@example.com;555-3979;2023/02/02;Platinum;3246;T02561;2025/02/08;314.9;315;R5;Free Shipping;750;2025/06/20;750
C0568;Michael;Pillay;michael.pillay568@example.com;555-4016;2023/02/04;bronze;4256;T02562;2025/11/21;764.6;765;;;;;
C0569;Sophia;Davis;sophia.davis569@example.com;555-4053;2023/05/12;Silver;2160;T02563;2025/05/08;498.8;499;R6;VIP Event Access;5000;2025/12/19;5000
C0570;Thomas;Mokoena;thomas.mokoena570@example.com;555-4090;2022/06/04;Gold;11248;T02564;2025/05/23;596.22;596;R2;$10 Gift Voucher;1000;2025/04/11;1000
C0571;Aisha;Smith;aisha.smith571@example.com;555-4127;2023/05/07;Platinum;833;T02565;2025/11/13;449.94;450;R2;$10 Gift Voucher;1000;2025/10/09;1000
C0572;Emma;Green;emma.green572@example.com;555-4164;2025/06/21;Bronze;11443;T02566;2025/09/25;347.57;348;;;;;
c0573;William;Moore;william.moore573@example.com;555-4201;2023/02/19;Silver;952;T02567;2025/09/04;614.74;615;R2;$10 Gift Voucher;1000;2025/03/15;1000
C0574;Nomsa;Young;nomsa.young574@example.com;555-4238;2023/04/23; Gold ;8095;T02568;2025/02/06;201.19;201;;;;;
C0575;Sarah;Anderson;sarah.anderson575@example.com;555-4275;2025/04/19;Platinum;3029;T02569;2025/03/07;969.1;969;;;;;
C0576;James;Lewis;james.lewis576@example.com;555-4312;2023/03/07;Bronze;3563;T02570;2025/06/03;606.8;607;R5;Free Shipping;750;2025/01/07;750
C0577;Amelia;Khumalo;amelia.khumalo577@example.com;555-4349;2022/05/25;Silver;13977;T02571;2025/02/25;278.56;279;;;;;
C0578;Sipho;Wilson;sipho.wilson578@example.com;555-4386;2023/03/19;Gold;10537;T02572;2025/08/08;258.33;258;;;;;
C0579;Daniel;Nkosi;daniel.nkosi579@example.com;(555) 4423;2023/05/01;PLATINUM;3841;T02573;2025/06/03;757.52;758;R7;Wireless Earbuds;7500;2025/03/21;7500
C0580;Emily;Williams;emily.williams580@example.com;555-4460;2022/07/21;Bronze;9237;T02574;2025/01/27;530.44;530;;;;;
C0581;Samuel;Wright;samuel.wright581@example.com;555-4497;2025/04/30;Silver;13236;T02575;2025/09/13;963.49;963;R1;$10 Gift Voucher;500;2025/09/13;1000
C0582;Naledi;Martinez;naledi.martinez582@example.com;555-4534;2023/08/27;Gold;1222;T02576;2025/06/03;957.34;957;R7;Wireless Earbuds;7500;2025/01/11;7500
C0583;Olivia;Hall;olivia.hall583@example.com;555-4571;2025/04/25;Platinum;1979;T02577;2025/11/13;282.01;282;;;;;
C0584;Joseph;Botha;joseph.botha584@example.com;555-4608;2025/04/16;Bronze;3753;T02578;2025/04/03;762.29;762;R7;Wireless Earbuds;7500;2025/09/29;7500
C0585;Lerato;Clark;lerato.clark585@example.com;555-4645;2023/12/23;Silver;12788;T02579;2025/06/03;654.95;655;;;;;
C0586;Jessica;Naidoo;;555-4682;2024/05/17;Gold;11419;T02580;2025/06/04;101.06;101;;;;;
C0587;Robert;Taylor; robert.taylor587@example.com ;555-4719;2024/09/14;Platinum;12113;T02581;2025/02/07;-418.77;419;;;;;
C0588;Grace;Dlamini;grace.dlamini588@example.com;555-4756;2024/01/02;Bronze;13840;T02582;2025/02/20;892.75;893;R4;T-Shirt;2000;2025/02/14;2000
C0589;Peter;Johnson;peter.johnson589@example.com;555-4793;2025/06/14;Silver;10341;T02582;2025/07/20;93.47;93;R2;$10 Gift Voucher;1000;2025/01/28;1000
C0590;David;King;david.king590@example.com;555-4830;2025/05/21;Gold;9015;T02584;2025/02/27;241.77;242;;;;;
C0591;CHARLOTTE;Brown;charlotte.brown591@example.com;555-4867;2025/11/12;Platinum;6157;T02585;2025/03/21;62.98;63;;;;;
C0592;Thabo;Walker;thabo.walker592@example.com;555-4904;2024/08/13;Bronze;8333;T02586;2025/12/18;256.76;257;;;;;
C0593;Michael;Pillay;michael.pillay593@example.com;555-4941;2025/11/01;Silver;8998;T02587;2025/05/30;644.27;644;;;;;
C0594;Sophia;Davis;sophia.davis594@example.com;555-4978;2022/07/19;Gold;11180;T02588;2025/06/18;264.94;265;;;;;
C0595;Thomas;Mokoena;thomas.mokoena595@example.com;555-5015;2023/03/22;Platinum;9152;T02589;2025/05/30;650.62;651;;;;;
C0596;Aisha;Smith;duplicate.customer@example.com;555-5052;2023/05/31;Bronze;4220;T02590;2025/04/20;484.12;484;;;;;
C0597;Emma;Green;emma.green597@example.com;555-5089;2023/05/20;Silver;7420;T02591;2025/04/28;220.09;220;;;;;
C0598;William;Moore;william.moore598@example.com;555-5126;2024/06/10;Gold;9779;T02592;2025/03/29;227.09;227;;;;;
C0599;Nomsa;Young;nomsa.young599@example.com;555-5163;2024/01/04;Platinum;11221;T02593;2025/05/24;157.86;158;;;;;
C0600;Sarah;Anderson;sarah.anderson600@example.com;555-5200;2022/05/26;Bronze;5748;T02594;2025/12/13;297.96;298;;;;;
C0601;James;Lewis;james.lewis601@example.com;555-5237;2024/05/08;;14125;T02595;2025/09/22;175.24;175;;;;;
C0602; Amelia ;Khumalo;amelia.khumalo602@example.com;555-5274;2024/10/09;Gold;1566;T02596;2025/11/26;741.17;741;R7;Wireless Earbuds;7500;2025/06/26;7500
C0603;Sipho;wilson;sipho.wilson603@example.com;555-5311;2025/02/23;Platinum;9352;T02597;2025/12/05;216.6;217;;;;;
C0604;Daniel;Nkosi;daniel.nkosi604@example.com;555-5348;2022/02/10;Bronze;14349;T02598;2025/01/07;321.73;322;;;;;
C0605;Emily;Williams;emily.williams605@example.com;555-5385;2024/04/25;Silver;2620;;2025/08/03;719.62;720;;;;;
C0605;Emily;Williams;emily.williams605@example.com;555-5385;2024/04/25;Silver;2620;;2025/08/03;719.62;720;;;;;
C0607;Naledi;Martinez;naledi.martinez607@example.com;555-5459;2024/05/08;Platinum;461;T02601;2025/12/28;646.87;647;;;;;
C0608;Olivia;Hall;olivia.hall608@example.com;555-5496;2023/08/02;Bronze;14490;T02602;2025/09/23;875.56;876;;;;;
C0609;Joseph;Botha;joseph.botha609@example.com;555-5533;2023/07/13;Silver;7799;T02603;2025/07/29;597.16;597;;Coffee Mug;1500;2025/07/29;1500
C0610;Lerato;Clark;lerato.clark610@example.com;555-0000;2025/11/13;Gold;10486;T02604;2025/05/08;276.93;277;;;;;
C0611;Jessica;Naidoo;jessica.naidoo611@example.com;555-5607;2024/05/21;Platinum;1345;T02605;2025/08/07;774.06;774;;;;;
C0612;Robert;Taylor;robert.taylor612@example.com;555-5644;2024/04/21;Bronze;4436;T02606;2025/05/26;624.71;625;R4;T-Shirt;2000;2025/11/29;2000
C0613;Grace;Dlamini;grace.dlamini613@example.com;555-5681;2025/12/13;Silver;2986;T02607;2025/09/05;591.0;591;R99;Unknown Reward;999;2025/09/05;999
 C0614 ;Peter;Johnson;peter.johnson614@example.com;555-5718;2023/03/27;Gold;159;T02608;2025/04/24;790.66;791;R7;Wireless Earbuds;7500;2025/07/16;7500
C0615;David;King;david.king615@example.com;555-5755;2025/03/10;Platinum;11704;T02609;2025/05/24;372.17;372;;;;;
C0616;Charlotte;Brown;charlotte.brown616@example.com;555-5792;2023/09/30;Bronze;4521;T02610;2025/09/05;473.26;473;R2;$10 Gift Voucher;1000;2025/05/28;1000
C0617;Thabo;Walker;thabo.walker617@example.com;555-5829;2023/11/25;Silver;2089;T02611;2025/02/23;730.87;731;;;;;
C0618;Michael;Pillay;michael.pillay618@example.com;555-5866;2024/04/26;Gold;10370;T02612;2025/01/15;40.16;40;;;;;
C0619;Sophia;Davis;sophia.davis619example.com;555-5903;2024/01/31;Platinum;472;T02613;2025/04/18;376.35;3760;;;;;
C0620;Thomas;Mokoena;thomas.mokoena620@example.com;555-5940;2025/01/14;Bronze;6947;T02614;2025/11/08;728.1;728;R4;T-Shirt;2000;2025/05/25;2000
C0621;Aisha;Smith;aisha.smith621@example.com;555-5977;2025/06/01;Silver;3312;T02615;2025/12/08;166.44;166;;;;;
C0622;Emma;Green;emma.green622@example.com;555-6014;2022/12/31;Gold;-500;T02616;2025/11/07;763.22;763;;;;;
C0623;William;Moore;william.moore623@example.com;555-6051;2024/10/27;Platinum;1787;T02617;2025/01/11;686.97;687;;;;;
C0624;Nomsa;Young;nomsa.young624@example.com;555-6088;2022/12/23;Bronze;8833;T02618;2025/09/02;345.59;346;R5;Free Shipping;750;2025/05/27;750
C0625;Sarah;Anderson;sarah.anderson625@example.com;555-6125;2023/02/24;Silver;34;T02619;2025/03/26;0;251;;;;;
C0626;James;Lewis;james.lewis626@example.com;555-6162;2024/10/07;Gold;;T02620;2025/09/22;379.32;379;;;;;
C0627;Amelia;Khumalo;amelia.khumalo627@example.com;555-6199;2024/04/29;Platinum;11857;T02621;2025/04/14;920.35;920;;;;;
C0628;Sipho;Wilson;sipho.wilson628@example.com;555-6236;2022/01/17;Bronze;12002;T02622;2025/04/14;597.72;598;R5;Free Shipping;750;2025/09/28;750
C0629;Daniel;Nkosi;;555-6273;2025/10/30;silver;5891;T02623;2025/12/04;696.33;696;;;;;
C0630;Emily;Williams;emily.williams630@example.com;555-6310;2022/02/22;Gold;12103;T02623;2025/02/24;445.64;446;R4;T-Shirt;2000;2025/04/18;2000
C0631;Samuel;Wright;samuel.wright631@example.com;555-6347;2025/01/21;Platinum;119;T02625;2025/11/25;12.91;13;R1;$5 Gift Voucher;500;2025/04/21;500
C0632;Naledi;Martinez;NALEDI.MARTINEZ632@EXAMPLE.COM;555-6384;2023/08/09;Bronze;5608;T02626;2025/11/06;320.88;-100;;;;;
C0633;Olivia;Hall;duplicate.customer@example.com;555-6421;2023/05/01;Silver;12851;T02627;2023/04/01;963.43;963;R5;Free Shipping;750;2025/12/31;750
C0634;Joseph;Botha;joseph.botha634@example.com;;2025/06/23;Gold;10084;T02628;2025/08/27;386.75;387;;;;;
C0635;Lerato;Clark;lerato.clark635@example.com;555-6495;2024/03/22;Platinum;8265;T02629;2025/07/05;361.33;361;;;;;
C0636;Jessica;Naidoo;jessica.naidoo636@example.com;555-6532;2022/03/24;Bronze;3540;T02630;2025/06/26;853.16;853;R2;$10 Gift Voucher;1000;2025/07/19;1000
C0637;Robert;Taylor;robert.taylor637@example.com;555-6569;2025/03/11;Silver;7068;T02631;2025/05/21;626.2;626;;;;;
C0638;GRACE;Dlamini;grace.dlamini638@example.com;555-6606;2023/01/30;Gold;7935;T02632;2025/06/15;45.25;45;R4;T-Shirt;2000;2025/02/02;2000
C0639;Peter;Johnson;peter.johnson639@example.com;555-6643;2023/12/28;Platinum;5668;T02633;2025/07/15;785.74;786;;;;;
C0640;David;King;david.king640@example.com;555-6680;2023/12/28;Bronze;5237;T02634;2025/04/22;374.78;375;;;;;
C0641;Charlotte;Brown;charlotte.brown641@example.com;555-0000;2024/12/23;Silver;4266;T02635;2025/11/01;270.11;270;;;;;
C0642;Thabo;Walker;thabo.walker642@example.com;555-6754;2025/07/04;Gold;9358;T02636;2025/12/06;415.38;415;;;;;
C0643;Michael;Pillay;michael.pillay643@example.com;555-6791;2024/08/02;Platinum;2557;T02637;2025/12/10;456.89;457;;;;;
C0644;Sophia;Davis;sophia.davis644@example.com;555-6828;2025/09/19;Bronze;5820;T02638;2025/08/01;63.1;63;;;;;
C0645;Thomas;Mokoena;thomas.mokoena645@example.com;555-6865;2025/05/06;Silver;1460;T02639;2025/08/02;132.03;132;R5;Free Shipping;750;2025/03/01;750
C0646;Aisha;Smith;aisha.smith646@example.com;555-6902;2022/06/14;Gold;7762;T02640;2025/08/30;318.36;318;;;;;
C0647;Emma;Green;emma.green647@example.com;555-6939;2022/07/08;Platnium;7019;T02641;2025/08/25;389.6;390;;;;;
C0648;William;Moore;william.moore648@example.com;555-6976;2025/05/24;Bronze;855;T02642;2025/10/04;596.19;596;;;;;
C0649;Nomsa;Young;nomsa.young649@example.com;555-7013;2025/06/10;Silver;14511;T02643;2025/06/13;934.65;935;R4;T-Shirt;2000;2025/09/30;2000
C0650;Sarah;Anderson;sarah.anderson650@example.com;555-7050;2024/04/29;Gold;12904;T02644;2025/03/19;587.7;588;R6;VIP Event Access;5000;2025/06/22;5000
C0651;James;Lewis;james.lewis651@example.com;555-7087;2024/11/19;Platinum;9845;T02645;2025/02/27;441.49;441;R2;$10 Gift Voucher;1000;2025/12/03;1000
C0652;Amelia;Khumalo;amelia.khumalo652@example.com;555-7124;2025/12/03;Bronze;7876;T02646;2025/08/12;950.45;950;;;;;
C0653;Sipho;Wilson;sipho.wilson653@example.com;555-7161;2022/10/24;Silver;6299;T02647;2025/03/02;885.93;886;;;;;
C0654;Daniel;Nkosi;daniel.nkosi654@example.com;555-7198;2024/02/22;Gold;9150;T02648;2025/03/18;866.31;866;;;;;
C0655;Emily;Williams;emily.williams655@example.com;555-7235;2024/02/01;Platinum;7958;T02649;2025/09/28;681.35;681;R2;$10 Gift Voucher;1000;2025/04/14;1000
C0655;Emily;Williams;emily.williams655@example.com;555-7235;2024/02/01;Platinum;7958;T02649;2025/09/28;681.35;681;R2;$10 Gift Voucher;1000;2025/04/14;1000
C0657;Naledi;Martinez;naledi.martinez657@example.com;555-7309;2022/11/07;Silver;3661;T02651;2025/09/21;521.2;521;;;;;
C0658;Olivia;Hall;olivia.hall658@example.com;555-7346;2023/08/11;Gold;7922;T02652;2025/12/18;218.91;219;;;;;
C0659;Joseph;Botha;joseph.botha659@example.com;555-7383;2023/07/24;Platinum;2613;T02653;2025/10/20;899.03;899;;;;;
C0660;Lerato;Clark;lerato.clark660@example.com;555-7420;2022/07/25;Bronze;11832;T02654;2025/04/11;116.56;117;;;;;
C0661; Jessica ;Naidoo;jessica.naidoo661@example.com;555-7457;2022/04/29;Silver;8966;T02655;2025/03/21;322.81;323;;;;;
C0662;Robert;Taylor;robert.taylor662@example.com;(555) 7494;2023/10/08;GOLD;9318;T02656;2025/08/10;687.45;687;R1;$5 Gift Voucher;500;2025/06/12;500
C0663;Grace;Dlamini;grace.dlamini663@example.com;555-7531;2022/05/07;Platinum;7404;T02657;2025/09/28;623.95;624;R1;$5 Gift Voucher;500;2025/09/13;500
C0664;Peter;Johnson;peter.johnson664@example.com;555-7568;2023/03/18;Bronze;9201;T02658;2025/07/11;302.66;303;;;;;
C0665;David;King;david.king665@example.com;555-7605;2024/08/24;Silver;3420;T02659;2025/09/11;114.14;114;R3;Coffee Mug;1500;2025/03/22;1500
C0666;Charlotte;Brown;charlotte.brown666@example.com;555-7642;2023/06/07;Gold;12449;T02660;2025/07/07;97.89;98;;;;;
C0667;Thabo;Walker;thabo.walker667@example.com;555-7679;2025/11/29;Platinum;10310;T02661;2025/12/23;829.17;829;;;;;
C0668;Michael;Pillay;michael.pillay668@example.com;555-7716;2024/01/04;Bronze;10086;T02662;2025/01/23;541.46;541;;;;;
C0669;Sophia;Davis;sophia.davis669@example.com;555-7753;2023/10/22;Silver;13267;T02663;2025/02/14;792.76;793;;;;;
C0670;Thomas;Mokoena;duplicate.customer@example.com;555-7790;2023/10/14;Gold;2970;T02664;2025/06/11;498.48;498;;;;;
C0671;Aisha;Smith;aisha.smith671@example.com;555-7827;2022/01/24;Platinum;7586;T02664;2025/08/12;642.99;643;;;;;
C0672;Emma;Green;;555-0000;2024/10/05;Bronze;13347;T02666;2025/05/06;553.08;553;;;;;
C0673;William;Moore;william.moore673@example.com;555-7901;2025/07/09;Silver;1866;T02667;2025/10/26;;650;;;;;
C0674;Nomsa;Young;nomsa.young674@example.com;555-7938;2023/01/18;Gold;4307;T02668;2025/01/25;172.95;173;;;;;
C0675;;Anderson;sarah.anderson675@example.com;555-7975;2024/05/10;Platinum;13619;T02669;2025/05/22;350.96;351;;;;;
C0676;James;Lewis; james.lewis676@example.com ;555-8012;2024/04/02;Bronze;9930;T02670;2025/03/04;-682.67;683;;;;;
C0677;Amelia;Khumalo;amelia.khumalo677@example.com;555-8049;2022/11/03;Silver;8383;T02671;2025/12/14;759.29;759;;;;;
C0678;Sipho;;sipho.wilson678@example.com;555-8086;2024/04/21;Gold;5693;T02672;2025/06/01;83.65;84;;;;;
C0679;Daniel;Nkosi;daniel.nkosi679@example.com;555-8123;2022/03/26;Platinum;1391;T02673;2025/07/27;661.17;661;;;;;
C0680;Emily;Williams;emily.williams680@example.com;555-8160;;Bronze;11151;T02674;2025/10/07;656.11;656;;;;;
C0681;Samuel;Wright;samuel.wright681@example.com;555-8197;2023/04/15; Silver ;8765;T02675;2025/03/02;561.91;562;R6;VIP Event Access;5000;2025/08/22;5000
C0682;Naledi;Martinez;naledi.martinez682@example.com;555-8234;2022/04/30;Gold;8957;T02676;2025/03/07;287.11;287;;;;;
C0683;Olivia;Hall;olivia.hall683@example.com;555-8271;2022/08/24;Platinum;3622;T02677;2025/05/03;422.99;423;R4;T-Shirt;2000;2025/03/08;2000
C0684;Joseph;Botha;joseph.botha684@example.com;555-8308;2024/10/21;Bronze;1871;T02678;2025/08/21;965.18;965;R1;$10 Gift Voucher;500;2025/08/21;1000
C0685;LERATO;Clark;lerato.clark685@example.com;555-8345;2025/01/05;Silver;2326;T02679;2025/08/06;230.76;231;;;;;
C0686;Jessica;Naidoo;jessica.naidoo686example.com;555-8382;2025/04/27;Gold;8553;T02680;2025/06/11;393.23;3930;;;;;
C0687;Robert;Taylor;robert.taylor687@example.com;555-8419;2023/07/16;Platinum;6495;T02681;2025/03/26;84.26;84;;;;;
C0688;Grace;Dlamini;grace.dlamini688@example.com;555-8456;2023/03/04;Bronze;14631;T02682;2025/06/14;950.35;950;R7;;7500;;
C0689;Peter;Johnson;peter.johnson689@example.com;555-8493;2025/11/16;Silver;14900;T02683;2025/05/05;510.02;510;R7;Wireless Earbuds;7500;2025/10/26;7500
C0690;David;King;david.king690@example.com;555-8530;2025/11/30;gold;11860;T02684;2025/05/09;904.31;904;R6;VIP Event Access;5000;2025/09/28;5000
C0691;Charlotte;Brown;charlotte.brown691@example.com;555-8567;2023/10/19;Platinum;9591;T02685;2025/10/09;559.09;559;;;;;
C0692;Thabo;Walker;thabo.walker692@example.com;555-8604;2023/08/18;Bronze;9025;T02686;2025/03/07;682.28;682;R99;Unknown Reward;999;2025/03/07;999
C0693;Michael;Pillay;michael.pillay693@example.com;555-8641;2022/07/05;Silver;8339;T02687;2025/02/22;767.77;768;;;;;
C0694;Sophia;Davis;sophia.davis694@example.com;555-8678;2022/07/26;Gold;4489;T02688;2025/06/11;342.72;343;;;;;
C0695;Thomas;Mokoena;thomas.mokoena695@example.com;555-8715;2024/02/06;Platinum;8303;T02689;2025/06/20;906.84;907;R1;$5 Gift Voucher;500;2025/08/08;500
C0696;Aisha;Smith;aisha.smith696@example.com;555-8752;2024/12/15;Bronze;3846;T02690;2025/10/10;816.62;817;;;;;
C0697;Emma;Green;emma.green697@example.com;555-8789;2025/03/26;Silver;5671;T02691;2025/11/15;535.08;535;;;;;
C0698;William;Moore;william.moore698@example.com;555-8826;2025/09/12;Gold;4267;T02692;2025/02/05;106.08;106;;;;;
C0699;Nomsa;Young;nomsa.young699@example.com;555-8863;2023/03/04;Platinum;9941;T02693;2025/03/10;315.66;316;;;;;
C0700;Sarah;Anderson;sarah.anderson700@example.com;555-8900;2025/05/21;Bronze;10161;T02694;2025/06/24;226.56;227;;;;;
C0701;James;Lewis;james.lewis701@example.com;555-8937;2025/03/04;Silver;9203;T02695;2025/05/26;367.63;368;;;;;
C0702;Amelia;Khumalo;amelia.khumalo702@example.com;555-8974;2022/10/20;Gold;5189;T02696;2025/05/20;466.98;467;;;;;
C0703;Sipho;Wilson;sipho.wilson703@example.com;555-0000;2024/10/02;Platinum;890;T02697;2025/07/07;850.56;851;;;;;
C0704;Daniel;Nkosi;daniel.nkosi704@example.com;555-9048;2023/06/14;Bronze;1613;T02698;2023/05/15;76.77;77;;;;;
C0705;Emily;Williams;emily.williams705@example.com;555-9085;2025/05/16;Silver;6699;T02699;2025/06/14;446.52;447;;;;;
C0705;Emily;Williams;emily.williams705@example.com;555-9085;2025/05/16;Silver;6699;T02699;2025/06/14;446.52;447;;;;;
C0707;Naledi;Martinez;duplicate.customer@example.com;;2025/10/24;Platinum;6818;T02701;2025/02/27;76.79;77;R4;T-Shirt;2000;2025/10/29;2000
C0708;Olivia;Hall;olivia.hall708@example.com;555-9196;2023/02/28;Bronze;6584;T02702;2025/09/22;394.05;394;R6;VIP Event Access;5000;2025/04/25;5000
C0709;Joseph;botha;joseph.botha709@example.com;555-9233;2025/01/31;Silver;7508;T02703;2025/08/21;236.02;236;;;;;
C0710;Lerato;Clark;lerato.clark710@example.com;555-9270;2022/08/13;Gold;3108;T02704;2025/01/21;264.76;265;;;;;
C0711;Jessica;Naidoo;jessica.naidoo711@example.com;555-9307;2025/01/13;Platinum;9172;T02705;2025/07/26;788.05;788;R5;Free Shipping;750;2025/12/19;750
C0712;Robert;Taylor;robert.taylor712@example.com;555-9344;2025/04/01;Bronze;9027;T02705;2025/11/25;924.81;925;;;;;
C0713;Grace;Dlamini;grace.dlamini713@example.com;555-9381;2025/01/18;Silver;4087;T02707;2025/11/27;332.18;332;;;;;
C0714;Peter;Johnson;peter.johnson714@example.com;555-9418;2025/08/11;Gold;12245;T02708;2025/11/14;894.33;894;;;;;
C0715;David;King;;555-9455;2022/02/13;Platinum;10775;T02709;2025/03/08;737.1;737;;;;;
C0716;Charlotte;Brown;charlotte.brown716@example.com;555-9492;2025/01/27;Bronze;10650;T02710;2025/01/19;343.21;343;R6;VIP Event Access;5000;2025/08/18;5000
C0717;Thabo;Walker;thabo.walker717@example.com;555-9529;2024/01/19;Silver;8275;T02711;2025/01/06;529.32;529;;;;;
C0718;Michael;Pillay;michael.pillay718@example.com;555-9566;2025/07/28;Gold;7290;;2025/02/28;807.06;807;R2;$10 Gift Voucher;1000;2025/05/14;1000
C0719;Sophia;Davis;sophia.davis719@example.com;555-9603;2022/08/26;Platinum;8630;T02713;2025/03/27;213.63;214;;;;;
C0720; Thomas ;Mokoena;thomas.mokoena720@example.com;555-9640;2023/11/22;Bronze;6643;T02714;2025/11/12;624.43;624;;;;;
;Aisha;Smith;aisha.smith721@example.com;555-9677;2025/04/23;Silver;10112;T02715;2025/03/21;490.68;491;;;;;
C0722;Emma;Green;emma.green722@example.com;555-9714;2023/07/04;Gold;5419;T02716;2025/02/17;0;652;;;;;
C0723;William;Moore;william.moore723@example.com;555-9751;2023/08/13;Platinum;1061;T02717;2025/12/22;478.38;478;;;;;
c0724;Nomsa;Young;nomsa.young724@example.com;555-9788;2025/09/22;Bronze;6848;T02718;2025/12/30;682.73;683;R2;$10 Gift Voucher;1000;2025/04/18;1000
C0725;Sarah;Anderson;sarah.anderson725@example.com;555-9825;2022/12/27;Silver;13638;T02719;2025/01/19;148.77;149;;;;;
C0726;James;Lewis;james.lewis726@example.com;555-9862;2024/01/31;Gold;2120;T02720;2025/08/23;296.35;296;;;;;
C0727;Amelia;Khumalo;amelia.khumalo727@example.com;555-9899;2025/02/23;Platinum;8358;T02721;2025/10/29;938.91;939;;;;;
C0728;Sipho;Wilson;sipho.wilson728@example.com;555-9936;2025/05/10;Bronze;13948;T02722;2025/09/09;712.67;713;;;;;
C0729;Daniel;Nkosi;daniel.nkosi729@example.com;555-9973;2023/11/24;Silver;8978;T02723;2025/05/25;826.87;827;;;;;
C0730;Emily;Williams;emily.williams730@example.com;555-1010;2023/07/07;Gold;6570;T02724;2025/09/11;522.25;522;;;;;
C0731;Samuel;Wright;samuel.wright731@example.com;555-1047;2023/02/12;Platinum;-500;T02725;2025/08/16;628.46;628;R3;Coffee Mug;1500;2025/10/04;1500
C0732;NALEDI;Martinez;naledi.martinez732@example.com;555-1084;2022/11/15;Bronze;8530;T02726;2025/03/19;566.74;567;R3;Coffee Mug;1500;2025/11/14;1500
C0733;Olivia;Hall;OLIVIA.HALL733@EXAMPLE.COM;555-1121;2023/03/07;Silver;14581;T02727;2025/03/06;256.44;-100;R2;$10 Gift Voucher;1000;2025/02/23;1000
C0734;Joseph;Botha;joseph.botha734@example.com;555-0000;2022/06/16;Gold;2463;T02728;2025/05/29;606.83;607;;;;;
C0735;Lerato;Clark;lerato.clark735@example.com;555-1195;2022/06/04;Platinum;1161;T02729;2025/01/01;265.65;266;;;;;
C0736;Jessica;Naidoo;jessica.naidoo736@example.com;555-1232;2022/05/13;Bronze;8277;T02730;2025/03/01;46.59;47;;;;;
C0737;Robert;Taylor;robert.taylor737@example.com;555-1269;2024/05/20;Silver;9238;T02731;2025/11/11;538.08;538;R2;$10 Gift Voucher;1000;2025/04/01;1000
C0738;Grace;Dlamini;grace.dlamini738@example.com;555-1306;2022/07/08;Gold;3688;T02732;2025/04/27;959.66;960;;;;;
C0739;Peter;Johnson;peter.johnson739@example.com;555-1343;2025/10/09;Platinum;7707;T02733;2025/01/05;590.74;591;R7;Wireless Earbuds;7500;2025/03/06;7500
C0740;David;King;david.king740@example.com;555-1380;2024/09/25;Bronze;11369;T02734;2025/12/31;937.47;937;R1;$5 Gift Voucher;500;2025/09/02;500
C0741;Charlotte;Brown;charlotte.brown741@example.com;555-1417;2022/02/28;Silver;7749;T02735;2025/04/16;936.08;936;;;;;
C0742;Thabo;Walker;thabo.walker742@example.com;555-1454;2024/12/27;Gold;12599;T02736;2025/01/19;298.88;299;;;;;
C0743;Michael;Pillay;michael.pillay743@example.com;555-1491;2022/03/31;Platinum;12435;T02737;2025/10/31;787.2;787;R7;Wireless Earbuds;7500;2025/03/09;7500
C0744;Sophia;Davis;duplicate.customer@example.com;555-1528;2023/08/10;Bronze;9312;T02738;2025/04/20;947.95;948;;;;;
C0745;Thomas;Mokoena;thomas.mokoena745@example.com;(555) 1565;2022/03/15;SILVER;2544;T02739;2025/11/07;656.04;656;;;;;
C0746;Aisha;Smith;aisha.smith746@example.com;555-1602;2024/08/12;Gold;13612;T02740;2025/04/04;991.52;992;;Coffee Mug;1500;2025/04/04;1500
C0747;Emma;Green;emma.green747@example.com;555-1639;2024/05/03;Platinum;10995;T02741;2025/01/28;209.91;210;;;;;
C0748;William;Moore;william.moore748@example.com;555-1676;2025/12/30;Bronze;11390;T02742;2025/09/11;782.11;782;R6;VIP Event Access;5000;2025/10/24;5000
C0749;Nomsa;Young;nomsa.young749@example.com;555-1713;2024/06/22;Silver;11514;T02743;2025/09/20;636.36;636;;;;;
C0750;Sarah;Anderson;sarah.anderson750@example.com;555-1750;2025/07/18;Gold;88;T02744;2025/10/08;91.21;91;;;;;
C0751;James;Lewis;james.lewis751@example.com;555-1787;2025/10/16;platinum;11240;T02745;2025/07/18;566.8;567;;;;;
C0752;Amelia;Khumalo;amelia.khumalo752@example.com;555-1824;2025/05/10;Bronze;3483;T02746;2025/07/10;934.8;935;R3;Coffee Mug;1500;2025/11/28;1500
C0753;Sipho;Wilson;sipho.wilson753example.com;555-1861;2025/11/01;Silver;9851;T02746;2025/12/28;367.01;3670;R1;$5 Gift Voucher;500;2025/06/08;500
C0754;Daniel;Nkosi;daniel.nkosi754@example.com;555-1898;2024/12/23;Gold;8926;T02748;2025/02/02;659.28;659;;;;;
C0755;Emily;Williams;emily.williams755@example.com;555-1935;2022/10/30;Platinum;6777;T02749;2025/01/01;546.37;546;R5;Free Shipping;750;2025/05/03;750
C0755;Emily;Williams;emily.williams755@example.com;555-1935;2022/10/30;Platinum;6777;T02749;2025/01/01;546.37;546;R5;Free Shipping;750;2025/05/03;750
C0757;Naledi;Martinez;naledi.martinez757@example.com;555-2009;2022/08/09;Silver;;T02751;2025/03/15;375.36;375;R2;$10 Gift Voucher;1000;2025/04/23;1000
C0758;Olivia;Hall;;555-2046;2023/06/03;Gold;11601;T02752;2025/06/08;808.98;809;R3;Coffee Mug;1500;2025/02/22;1500
C0759;Joseph;Botha;joseph.botha759@example.com;555-2083;2025/11/11;Platinum;12459;T02753;2025/11/23;461.69;462;R4;T-Shirt;2000;2025/10/29;2000
C0760;Lerato;Clark;lerato.clark760@example.com;555-2120;2024/11/06;Bronze;3503;T02754;2025/06/14;495.63;496;;;;;
C0761;Jessica;Naidoo;jessica.naidoo761@example.com;555-2157;2024/07/02;Silver;6783;T02755;2025/05/06;60.85;61;;;;;
C0762;Robert;taylor;robert.taylor762@example.com;555-2194;2024/11/22;Gold;919;T02756;2025/08/11;214.09;214;;;;;
C0763;Grace;Dlamini;grace.dlamini763@example.com;555-2231;2023/01/13;Platinum;13183;T02757;2025/01/15;940.11;940;;;;;
C0764;Peter;Johnson;peter.johnson764@example.com;555-2268;2023/12/04;Bronze;1933;T02758;2025/04/19;773.03;773;;;;;
C0765;David;King; david.king765@example.com ;555-0000;2022/01/01;Silver;12818;T02759;2025/01/23;-289.23;289;;;;;
C0766;Charlotte;Brown;charlotte.brown766@example.com;555-2342;2025/07/28;Gold;12253;T02760;2025/01/31;499.56;500;;;;;
C0767;Thabo;Walker;thabo.walker767@example.com;555-2379;2022/11/24;Platinum;12150;T02761;2025/07/26;487.61;488;R7;Wireless Earbuds;7500;2025/06/12;7500
C0768;Michael;Pillay;michael.pillay768@example.com;555-2416;2025/07/14;Bronze;6790;T02762;2025/07/19;149.62;150;;;;;
C0769;Sophia;Davis;sophia.davis769@example.com;555-2453;2024/02/06;Silver;4892;T02763;2025/09/17;590.23;590;;;;;
C0770;Thomas;Mokoena;thomas.mokoena770@example.com;555-2490;2022/04/01;Gold;13824;T02764;2025/08/03;246.9;247;;;;;
C0771;Aisha;Smith;aisha.smith771@example.com;555-2527;2023/08/06;Platinum;8451;T02765;2025/11/24;975.43;975;R99;Unknown Reward;999;2025/11/24;999
C0772;Emma;Green;emma.green772@example.com;555-2564;2023/05/02;Bronze;88;T02766;2025/02/19;951.12;951;;;;;
C0773;William;Moore;william.moore773@example.com;555-2601;2023/05/01;Silver;10589;T02767;2025/01/08;111.97;112;;;;;
C0774;Nomsa;Young;nomsa.young774@example.com;555-2638;2025/12/04;;10212;T02768;2025/06/08;514.08;514;R5;Free Shipping;750;2025/12/03;750
C0775;Sarah;Anderson;sarah.anderson775@example.com;555-2675;2024/07/07;Platinum;8732;T02769;2024/06/07;661.22;661;;;;;
C0776;James;Lewis;james.lewis776@example.com;555-2712;2024/09/14;Bronze;7142;T02770;2025/01/17;341.43;341;R5;Free Shipping;750;2025/02/01;750
 C0777 ;Amelia;Khumalo;amelia.khumalo777@example.com;555-2749;2025/04/15;Silver;13731;T02771;2025/11/01;332.34;332;;;;;
C0778;Sipho;Wilson;sipho.wilson778@example.com;555-2786;2024/01/13;Gold;1848;T02772;2025/04/26;648.83;649;;;;;
C0779; DANIEL ;Nkosi;daniel.nkosi779@example.com;555-2823;2022/04/22;Platinum;14767;T02773;2025/05/22;639.52;640;R4;T-Shirt;2000;2025/09/01;2000
C0780;Emily;Williams;emily.williams780@example.com;;2023/01/06;Bronze;8754;T02774;2025/12/05;561.17;561;R3;Coffee Mug;1500;2025/04/19;1500
C0781;Samuel;Wright;duplicate.customer@example.com;555-2897;2025/08/25;Silver;8251;T02775;2025/10/28;509.03;509;;;;;
C0782;Naledi;Martinez;naledi.martinez782@example.com;555-2934;2023/01/08;Gold;10523;T02776;2025/03/14;620.92;621;;;;;
C0783;Olivia;Hall;olivia.hall783@example.com;555-2971;2024/01/18;Platinum;13794;T02777;2025/01/10;328.39;328;;;;;
C0784;Joseph;Botha;joseph.botha784@example.com;555-3008;2025/03/03;Bronze;12233;T02778;2025/04/11;555.96;556;R2;$10 Gift Voucher;1000;2025/03/25;1000
C0785;Lerato;Clark;lerato.clark785@example.com;555-3045;2025/04/18;Silver;4935;T02779;2025/05/16;427.78;428;;;;;
C0786;Jessica;Naidoo;jessica.naidoo786@example.com;555-3082;2025/02/07;Platnium;3862;T02780;2025/11/08;329.56;330;;;;;
C0787;Robert;Taylor;robert.taylor787@example.com;555-3119;2024/06/18;Platinum;1324;T02781;2025/03/12;935.22;935;R1;$10 Gift Voucher;500;2025/03/12;1000
C0788;Grace;Dlamini;grace.dlamini788@example.com;555-3156;2024/04/09; Bronze ;6224;T02782;2025/05/04;932.41;932;R1;$5 Gift Voucher;500;2025/11/16;500
C0789;Peter;Johnson;peter.johnson789@example.com;555-3193;2024/05/29;Silver;10511;T02783;2025/09/08;795.71;796;;;;;
C0790;David;King;david.king790@example.com;555-3230;2022/10/21;Gold;11814;T02784;2025/10/03;745.97;746;R6;VIP Event Access;5000;2025/07/25;5000
C0791;Charlotte;Brown;charlotte.brown791@example.com;555-3267;2025/12/23;Platinum;2218;T02785;2025/06/01;248.72;249;;;;;
C0792;Thabo;Walker;thabo.walker792@example.com;555-3304;2025/09/21;Bronze;11631;T02786;2025/05/19;813.14;813;;;;;
C0793;Michael;Pillay;michael.pillay793@example.com;555-3341;2025/07/01;Silver;2517;T02787;2025/06/11;662.0;662;;;;;
C0794;Sophia;Davis;sophia.davis794@example.com;555-3378;2023/07/26;Gold;11849;T02787;2025/03/07;581.62;582;;;;;
C0795;Thomas;Mokoena;thomas.mokoena795@example.com;555-3415;2025/10/31;Platinum;4398;T02789;2025/04/19;440.66;441;;;;;
C0796;Aisha;Smith;aisha.smith796@example.com;555-0000;2025/10/10;Bronze;4036;T02790;2025/10/23;773.42;773;R1;$5 Gift Voucher;500;2025/04/18;500
C0797;Emma;Green;emma.green797@example.com;555-3489;2025/09/13;Silver;2775;T02791;2025/07/13;716.59;717;;;;;
C0798;William;Moore;william.moore798@example.com;555-3526;2024/12/26;Gold;7765;T02792;2025/12/10;273.83;274;;;;;
C0799;Nomsa;Young;nomsa.young799@example.com;555-3563;2025/09/17;Platinum;9204;T02793;2025/11/03;159.48;159;;;;;
C0800;Sarah;Anderson;sarah.anderson800@example.com;555-3600;2022/07/26;Bronze;7500;T02794;2025/11/09;;480;;;;;
C0801;James;Lewis;;555-3637;2024/07/24;Silver;5344;T02795;2025/06/12;151.45;151;;;;;
C0802;Amelia;Khumalo;amelia.khumalo802@example.com;555-3674;2024/05/09;Gold;6777;T02796;2025/03/31;317.78;318;;;;;
C0803;Sipho;Wilson;sipho.wilson803@example.com;555-3711;2022/08/20;Platinum;13264;T02797;2025/02/08;370.02;370;R5;Free Shipping;750;2025/01/19;750
C0804;Daniel;Nkosi;daniel.nkosi804@example.com;555-3748;2022/06/25;Bronze;13006;T02798;2025/03/12;508.09;508;;;;;
C0805;Emily;Williams;emily.williams805@example.com;555-3785;2022/07/12;Silver;9619;T02799;2025/04/25;730.9;731;;;;;
C0805;Emily;Williams;emily.williams805@example.com;555-3785;2022/07/12;Silver;9619;T02799;2025/04/25;730.9;731;;;;;
C0807;Naledi;Martinez;naledi.martinez807@example.com;555-3859;2023/03/05;Platinum;2317;T02801;2025/04/08;579.56;580;;;;;
C0808;Olivia;Hall;olivia.hall808@example.com;555-3896;2024/05/29;Bronze;3745;T02802;2025/05/27;839.08;839;R2;$10 Gift Voucher;1000;2025/11/27;1000
C0809;Joseph;Botha;joseph.botha809@example.com;555-3933;2022/06/19;Silver;9517;T02803;2025/04/22;433.16;433;;;;;
C0810;Lerato;Clark;lerato.clark810@example.com;555-3970;2022/11/21;Gold;14745;T02804;2025/01/07;365.1;365;;;;;
C0811;Jessica;Naidoo;jessica.naidoo811@example.com;555-4007;2022/12/09;Platinum;2139;T02805;2025/08/16;730.52;731;;;;;
C0812;Robert;Taylor;robert.taylor812@example.com;555-4044;2022/12/17;bronze;7256;T02806;2025/01/31;811.57;812;;;;;
C0813;Grace;Dlamini;grace.dlamini813@example.com;555-4081;2023/10/25;Silver;9959;T02807;2025/08/18;410.56;411;R1;$5 Gift Voucher;500;2025/12/04;500
C0814;Peter;Johnson;peter.johnson814@example.com;555-4118;2024/11/29;Gold;3914;T02808;2025/01/08;196.46;196;;;;;
C0815;David;king;david.king815@example.com;555-4155;2023/04/23;Platinum;5214;T02809;2025/03/22;969.9;970;;;;;
C0816;Charlotte;Brown;charlotte.brown816@example.com;555-4192;2024/01/15;Bronze;12617;T02810;2025/04/24;311.23;311;;;;;
C0817;Thabo;Walker;thabo.walker817@example.com;555-4229;2022/12/15;Silver;37;T02811;2025/11/05;618.74;619;R7;Wireless Earbuds;7500;2025/02/04;7500
C0818;Michael;Pillay;duplicate.customer@example.com;555-4266;2022/07/06;Gold;9053;T02812;2025/01/16;128.8;129;;;;;
C0819;Sophia;Davis;sophia.davis819@example.com;555-4303;2023/02/26;Platinum;12891;T02813;2025/05/14;0;828;;;;;
C0820;Thomas;Mokoena;thomas.mokoena820example.com;555-4340;2025/01/25;Bronze;4847;T02814;2025/08/24;56.25;560;;;;;
C0821;Aisha;Smith;aisha.smith821@example.com;555-4377;2023/07/17;Silver;7381;T02815;2025/07/01;406.35;406;;;;;
C0822;Emma;Green;emma.green822@example.com;555-4414;2023/09/23;Gold;4472;T02816;2025/05/10;362.06;362;;;;;
C0823;William;Moore;william.moore823@example.com;555-4451;2025/08/09;Platinum;4106;T02817;2025/12/14;161.86;162;;;;;
C0824;Nomsa;Young;nomsa.young824@example.com;555-4488;2025/11/04;Bronze;5518;T02818;2025/12/25;240.72;241;R1;$5 Gift Voucher;500;2025/10/14;500
C0825;Sarah;Anderson;sarah.anderson825@example.com;555-4525;2023/01/27;Silver;3855;T02819;2025/12/26;594.31;594;R4;T-Shirt;2000;2025/07/13;2000
C0826;JAMES;Lewis;james.lewis826@example.com;555-4562;2024/03/18;Gold;2025;T02820;2025/05/28;295.55;296;;;;;
C0827;Amelia;Khumalo;amelia.khumalo827@example.com;555-0000;2024/11/14;Platinum;4733;T02821;2025/03/19;31.29;31;;;;;
C0828;Sipho;Wilson;sipho.wilson828@example.com;(555) 4636;2023/06/15;BRONZE;7002;T02822;2025/02/05;715.73;716;;;;;
C0829;Daniel;Nkosi;daniel.nkosi829@example.com;555-4673;2022/07/13;Silver;14167;T02823;2025/05/15;981.98;982;;;;;
C0830;Emily;Williams;emily.williams830@example.com;555-4710;2025/11/18;Gold;3041;T02824;2025/05/15;182.63;183;;;;;
C0831;Samuel;Wright;samuel.wright831@example.com;555-4747;2023/06/20;Platinum;1640;;2025/03/13;667.06;667;;;;;
C0832;;Martinez;naledi.martinez832@example.com;555-4784;2023/11/18;Bronze;2103;T02826;2025/01/19;852.9;853;;;;;
C0833;Olivia;Hall;olivia.hall833@example.com;555-4821;2022/03/28;Silver;4333;T02827;2025/10/23;438.66;439;;;;;
C0834;Joseph;Botha;JOSEPH.BOTHA834@EXAMPLE.COM;555-4858;2022/06/21;Gold;4765;T02828;2025/09/19;549.61;-100;R4;T-Shirt;2000;2025/03/16;2000
C0835;Lerato;Clark;lerato.clark835@example.com;555-4895;2024/08/31;Platinum;2721;T02828;2025/10/02;799.45;799;;;;;
C0836;Jessica;Naidoo;jessica.naidoo836@example.com;555-4932;2023/04/28;Bronze;9913;T02830;2025/09/07;685.69;686;;;;;
C0837;Robert;Taylor;robert.taylor837@example.com;555-4969;2024/12/24;Silver;12350;T02831;2025/04/03;671.68;672;R7;;7500;;
C0838; Grace ;Dlamini;grace.dlamini838@example.com;555-5006;2022/07/12;Gold;14395;T02832;2025/05/01;185.06;185;;;;;
C0839;Peter;Johnson;peter.johnson839@example.com;555-5043;2023/07/31;Platinum;12459;T02833;2025/10/22;311.18;311;;;;;
C0840;David;King;david.king840@example.com;555-5080;2024/02/08;Bronze;-500;T02834;2025/05/13;740.51;741;R6;VIP Event Access;5000;2025/05/27;5000
C0841;Charlotte;Brown;charlotte.brown841@example.com;555-5117;2025/03/17;Silver;4239;T02835;2025/08/02;446.96;447;;;;;
C0842;Thabo;Walker;thabo.walker842@example.com;555-5154;2025/07/09;Gold;12885;T02836;2025/08/10;200.65;201;R7;Wireless Earbuds;7500;2025/06/19;7500
C0843;Michael;Pillay;michael.pillay843@example.com;555-5191;2022/07/22;Platinum;4175;T02837;2025/08/09;69.76;70;;;;;
C0844;Sophia;Davis;;555-5228;2024/09/15;Bronze;3557;T02838;2025/11/02;193.14;193;R5;Free Shipping;750;2025/07/15;750
C0845;Thomas;;thomas.mokoena845@example.com;555-5265;2022/08/15;Silver;14288;T02839;2025/02/18;961.53;962;;;;;
C0846;Aisha;Smith;aisha.smith846@example.com;555-5302;2024/01/05;Gold;9821;T02840;2023/12/06;617.39;617;R2;$10 Gift Voucher;1000;2025/05/24;1000
C0847;Emma;Green;emma.green847@example.com;555-5339;2025/01/02;Platinum;3090;T02841;2025/12/20;711.47;711;;;;;
C0848;William;Moore;william.moore848@example.com;555-5376;2022/10/21;Bronze;7557;T02842;2025/02/10;454.94;455;;;;;
C0849;Nomsa;Young;nomsa.young849@example.com;555-5413;2025/12/21;Silver;1411;T02843;2025/01/22;797.66;798;;;;;
C0850;Sarah;Anderson;sarah.anderson850@example.com;555-5450;2024/03/27;Gold;9384;T02844;2025/12/30;501.41;501;R99;Unknown Reward;999;2025/12/30;999
C0851;James;Lewis;james.lewis851@example.com;555-5487;2024/12/22;Platinum;233;T02845;2025/07/12;531.37;531;R1;$5 Gift Voucher;500;2025/01/24;500
C0852;Amelia;Khumalo;amelia.khumalo852@example.com;555-5524;2023/08/16;Bronze;10511;T02846;2025/10/19;357.41;357;;;;;
C0853;Sipho;Wilson;sipho.wilson853@example.com;;2023/11/27;Silver;9555;T02847;2025/11/12;142.76;143;;;;;
C0854;Daniel;Nkosi; daniel.nkosi854@example.com ;555-5598;2025/10/28;Gold;13848;T02848;2025/07/19;-268.66;269;;;;;
C0855;Emily;Williams;duplicate.customer@example.com;555-5635;2025/08/10;Platinum;3250;T02849;2025/09/24;125.22;125;;;;;
C0855;Emily;Williams;duplicate.customer@example.com;555-5635;2025/08/10;Platinum;3250;T02849;2025/09/24;125.22;125;;;;;
C0857;Naledi;Martinez;naledi.martinez857@example.com;555-5709;2024/07/09;Silver;2563;T02851;2025/06/18;583.59;584;R4;T-Shirt;2000;2025/01/13;2000
C0858;Olivia;Hall;olivia.hall858@example.com;555-0000;2024/02/21;Gold;8390;T02852;2025/02/04;488.47;488;R3;Coffee Mug;1500;2025/03/04;1500
C0859;Joseph;Botha;joseph.botha859@example.com;555-5783;2022/10/12;Platinum;1004;T02853;2025/05/30;815.2;815;;;;;
C0860;Lerato;Clark;lerato.clark860@example.com;555-5820;2025/11/03;Bronze;11841;T02854;2025/10/24;534.95;535;R1;$5 Gift Voucher;500;2025/02/22;500
C0861;Jessica;Naidoo;jessica.naidoo861@example.com;555-5857;2023/11/17;Silver;6220;T02855;2025/10/19;165.23;165;;;;;
C0862;Robert;Taylor;robert.taylor862@example.com;555-5894;2024/02/20;Gold;624;T02856;2025/03/25;881.69;882;R7;Wireless Earbuds;7500;2025/06/03;7500
C0863;Grace;Dlamini;grace.dlamini863@example.com;555-5931;2024/07/28;Platinum;6237;T02857;2025/02/13;573.87;574;;;;;
C0864;Peter;Johnson;peter.johnson864@example.com;555-5968;2025/12/28;Bronze;14576;T02858;2025/11/27;753.27;753;;;;;
C0865;David;King;david.king865@example.com;555-6005;2025/12/20;Silver;11654;T02859;2025/10/07;16.85;17;;;;;
C0866;Charlotte;Brown;charlotte.brown866@example.com;555-6042;2023/07/30;Gold;14684;T02860;2025/03/24;555.25;555;;;;;
C0867;Thabo;Walker;thabo.walker867@example.com;555-6079;2023/09/29;Platinum;7943;T02861;2025/04/25;197.65;198;;;;;
C0868;Michael;pillay;michael.pillay868@example.com;555-6116;2025/10/14;Bronze;879;T02862;2025/11/18;805.85;806;;;;;
C0869;Sophia;Davis;sophia.davis869@example.com;555-6153;2024/02/24;Silver;13234;T02863;2025/01/15;250.34;250;;;;;
C0870;Thomas;Mokoena;thomas.mokoena870@example.com;555-6190;2022/08/30;Gold;1292;T02864;2025/02/18;609.85;610;;;;;
C0871;Aisha;Smith;aisha.smith871@example.com;555-6227;;Platinum;4318;T02865;2025/05/30;271.29;271;;;;;
C0872;Emma;Green;emma.green872@example.com;555-6264;2025/10/30;Bronze;12604;T02866;2025/06/15;660.33;660;;;;;
C0873;WILLIAM;Moore;william.moore873@example.com;555-6301;2023/03/07;silver;4706;T02867;2025/11/03;603.8;604;;;;;
C0874;Nomsa;Young;nomsa.young874@example.com;555-6338;2022/03/01;Gold;11487;T02868;2025/03/08;645.56;646;R6;VIP Event Access;5000;2025/06/09;5000
c0875;Sarah;Anderson;sarah.anderson875@example.com;555-6375;2025/02/02;Platinum;13984;T02869;2025/09/28;237.37;237;;;;;
C0876;James;Lewis;james.lewis876@example.com;555-6412;2025/03/17;Bronze;9793;T02869;2025/07/20;993.87;994;;;;;
C0877;Amelia;Khumalo;amelia.khumalo877@example.com;555-6449;2025/12/13;Silver;9446;T02871;2025/07/23;76.32;76;;;;;
C0878;Sipho;Wilson;sipho.wilson878@example.com;555-6486;2025/11/12;Gold;449;T02872;2025/09/01;609.85;610;;;;;
C0879;Daniel;Nkosi;daniel.nkosi879@example.com;555-6523;2023/03/17;Platinum;11848;T02873;2025/03/25;622.59;623;;;;;
C0880;Emily;Williams;emily.williams880@example.com;555-6560;2022/05/27;Bronze;1706;T02874;2025/06/29;170.34;170;;;;;
C0881;Samuel;Wright;samuel.wright881@example.com;555-6597;2024/03/02;Silver;13896;T02875;2025/04/12;687.78;688;;;;;
C0882;Naledi;Martinez;naledi.martinez882@example.com;555-6634;2022/12/04;Gold;10128;T02876;2025/03/15;864.5;864;;;;;
C0883;Olivia;Hall;olivia.hall883@example.com;555-6671;2022/09/04;Platinum;10524;T02877;2025/12/19;981.43;981;;Coffee Mug;1500;2025/12/19;1500
C0884;Joseph;Botha;joseph.botha884@example.com;555-6708;2023/04/26;Bronze;513;T02878;2025/12/16;639.48;639;R2;$10 Gift Voucher;1000;2025/01/01;1000
C0885;Lerato;Clark;lerato.clark885@example.com;555-6745;2025/06/21;Silver;300;T02879;2025/02/25;975.78;976;;;;;
C0886;Jessica;Naidoo;jessica.naidoo886@example.com;555-6782;2022/11/11;Gold;6153;T02880;2025/11/08;409.13;409;;;;;
C0887;Robert;Taylor;robert.taylor887example.com;555-6819;2022/04/15;Platinum;14727;T02881;2025/07/07;70.48;700;;;;;
C0888;Grace;Dlamini;grace.dlamini888@example.com;555-6856;2023/03/05;Bronze;;T02882;2025/01/15;297.76;298;R2;$10 Gift Voucher;1000;2025/04/04;1000
C0889;Peter;Johnson;peter.johnson889@example.com;555-0000;2023/11/12;Silver;12887;T02883;2025/11/30;122.71;123;;;;;
C0890;David;King;david.king890@example.com;555-6930;2025/02/08;Gold;7759;T02884;2025/12/19;663.46;663;R1;$10 Gift Voucher;500;2025/12/19;1000
C0891;Charlotte;Brown;charlotte.brown891@example.com;555-6967;2025/03/09;Platinum;14594;T02885;2025/02/08;409.86;410;R3;Coffee Mug;1500;2025/12/08;1500
C0892;Thabo;Walker;duplicate.customer@example.com;555-7004;2022/10/05;Bronze;7212;T02886;2025/04/30;704.49;704;;;;;
C0893;Michael;Pillay;michael.pillay893@example.com;555-7041;2023/02/06;Silver;4483;T02887;2025/06/06;571.1;571;;;;;
C0894;Sophia;Davis;sophia.davis894@example.com;555-7078;2022/08/13;Gold;1000;T02888;2025/05/09;108.07;108;;;;;
C0895;Thomas;Mokoena;thomas.mokoena895@example.com;555-7115;2025/09/15; Platinum ;8705;T02889;2025/11/04;234.96;235;;;;;
C0896;Aisha;Smith;aisha.smith896@example.com;555-7152;2023/07/24;Bronze;5930;T02890;2025/03/17;964.32;964;;;;;
C0897; Emma ;Green;emma.green897@example.com;555-7189;2024/12/05;Silver;12273;T02891;2025/02/09;213.59;214;R4;T-Shirt;2000;2025/03/29;2000
C0898;William;Moore;william.moore898@example.com;555-7226;2025/12/02;Gold;4825;T02892;2025/05/14;317.24;317;R4;T-Shirt;2000;2025/03/01;2000
C0899;Nomsa;Young;nomsa.young899@example.com;555-7263;2024/02/16;Platinum;10582;T02893;2025/07/19;975.15;975;;;;;
C0900;Sarah;Anderson;sarah.anderson900@example.com;555-7300;2025/11/06;Bronze;11855;T02894;2025/12/03;128.95;129;;;;;
C0901;James;Lewis;james.lewis901@example.com;555-7337;2024/04/27;Silver;7006;T02895;2025/09/16;867.2;867;R5;Free Shipping;750;2025/05/23;750
;Amelia;Khumalo;amelia.khumalo902@example.com;555-7374;2023/04/21;Gold;7089;T02896;2025/01/06;811.47;811;R7;Wireless Earbuds;7500;2025/07/18;7500
C0903;Sipho;Wilson;sipho.wilson903@example.com;555-7411;2023/09/01;Platinum;4280;T02897;2025/08/04;73.86;74;;;;;
C0904;Daniel;Nkosi;daniel.nkosi904@example.com;555-7448;2023/06/11;Bronze;978;T02898;2025/11/21;933.21;933;;;;;
C0905;Emily;Williams;emily.williams905@example.com;555-7485;2022/07/27;Silver;10582;T02899;2025/11/26;954.02;954;;;;;
C0905;Emily;Williams;emily.williams905@example.com;555-7485;2022/07/27;Silver;10582;T02899;2025/11/26;954.02;954;;;;;
C0907;Naledi;Martinez;naledi.martinez907@example.com;555-7559;2025/09/15;Platinum;8324;T02901;2025/12/02;564.27;564;;;;;
C0908;Olivia;Hall;olivia.hall908@example.com;555-7596;2022/01/17;Bronze;2306;T02902;2025/07/29;900.04;900;;;;;
C0909;Joseph;Botha;joseph.botha909@example.com;555-7633;2022/09/18;Silver;162;T02903;2025/07/21;622.35;622;R7;Wireless Earbuds;7500;2025/09/11;7500
C0910;Lerato;Clark;lerato.clark910@example.com;555-7670;2025/02/23;Gold;2668;T02904;2025/07/30;118.18;118;;;;;
C0911;Jessica;Naidoo;jessica.naidoo911@example.com;(555) 7707;2022/11/09;PLATINUM;5045;T02905;2025/05/20;473.71;474;;;;;
C0912;Robert;Taylor;robert.taylor912@example.com;555-7744;2023/05/29;Bronze;9728;T02906;2025/10/03;240.97;241;;;;;
C0913;Grace;Dlamini;grace.dlamini913@example.com;555-7781;2023/06/13;Silver;8821;T02907;2025/11/23;195.61;196;;;;;
C0914;Peter;Johnson;peter.johnson914@example.com;555-7818;2023/08/01;Gold;6063;T02908;2025/04/24;976.55;977;;;;;
C0915;David;King;david.king915@example.com;555-7855;2023/07/05;Platinum;867;T02909;2025/06/04;21.8;22;;;;;
C0916;Charlotte;Brown;charlotte.brown916@example.com;555-7892;2023/06/08;Bronze;13550;T02910;2025/01/11;0;465;;;;;
C0917;Thabo;Walker;thabo.walker917@example.com;555-7929;2022/11/19;Silver;4627;T02910;2022/10/20;726.29;726;;;;;
C0918;Michael;Pillay;michael.pillay918@example.com;555-7966;2023/11/02;Gold;2011;T02912;2025/08/31;588.93;589;;;;;
C0919;Sophia;Davis;sophia.davis919@example.com;555-8003;2025/07/09;Platinum;10671;T02913;2025/03/23;940.94;941;;;;;
C0920;THOMAS;Mokoena;thomas.mokoena920@example.com;555-0000;2022/06/19;Bronze;13283;T02914;2025/10/22;880.64;881;;;;;
C0921;Aisha;smith;aisha.smith921@example.com;555-8077;2023/12/08;Silver;10241;T02915;2025/06/12;880.53;881;;;;;
C0922;Emma;Green;emma.green922@example.com;555-8114;2023/04/18;Gold;1386;T02916;2025/12/26;601.66;602;;;;;
C0923;William;Moore;william.moore923@example.com;555-8151;2025/05/25;Platinum;4611;T02917;2025/03/26;956.04;956;;;;;
C0924;Nomsa;Young;nomsa.young924@example.com;555-8188;2023/06/09;Bronze;11727;T02918;2025/03/30;433.19;433;R1;$5 Gift Voucher;500;2025/12/12;500
C0925;Sarah;Anderson;sarah.anderson925@example.com;555-8225;2024/09/28;Platnium;647;T02919;2025/11/19;32.31;32;;;;;
C0926;James;Lewis;james.lewis926@example.com;;2023/04/12;Gold;9549;T02920;2025/02/08;107.99;108;;;;;
C0927;Amelia;Khumalo;amelia.khumalo927@example.com;555-8299;2023/06/14;Platinum;5252;T02921;2025/04/29;;223;;;;;
C0928;Sipho;Wilson;sipho.wilson928@example.com;555-8336;2025/05/28;Bronze;3974;T02922;2025/08/25;502.04;502;;;;;
C0929;Daniel;Nkosi;duplicate.customer@example.com;555-8373;2022/11/08;Silver;4978;T02923;2025/03/02;826.43;826;R99;Unknown Reward;999;2025/03/02;999
C0930;Emily;Williams;;555-8410;2024/09/06;Gold;7637;T02924;2025/03/05;711.26;711;R4;T-Shirt;2000;2025/10/23;2000
C0931;Samuel;Wright;samuel.wright931@example.com;555-8447;2024/09/21;Platinum;732;T02925;2025/01/05;32.58;33;R2;$10 Gift Voucher;1000;2025/02/02;1000
C0932;Naledi;Martinez;naledi.martinez932@example.com;555-8484;2025/11/06;Bronze;4296;T02926;2025/05/03;571.92;572;R3;Coffee Mug;1500;2025/09/29;1500
C0933;Olivia;Hall;olivia.hall933@example.com;555-8521;2024/08/22;Silver;14094;T02927;2025/12/09;507.54;508;;;;;
C0934;Joseph;Botha;joseph.botha934@example.com;555-8558;2022/12/26;gold;3358;T02928;2025/04/08;505.45;505;R7;Wireless Earbuds;7500;2025/02/27;7500
C0935;Lerato;Clark;LERATO.CLARK935@EXAMPLE.COM;555-8595;2025/01/08;Platinum;12777;T02929;2025/01/31;448.52;-100;;;;;
C0936;Jessica;Naidoo;jessica.naidoo936@example.com;555-8632;2023/11/12;Bronze;7164;T02930;2025/05/21;118.96;119;R2;$10 Gift Voucher;1000;2025/10/09;1000
C0937;Robert;Taylor;robert.taylor937@example.com;555-8669;2023/06/11;Silver;10394;T02931;2025/10/10;545.99;546;R4;T-Shirt;2000;2025/04/18;2000
C0938;Grace;Dlamini;grace.dlamini938@example.com;555-8706;2022/11/27;Gold;3601;T02932;2025/09/13;837.93;838;;;;;
C0939;Peter;Johnson;peter.johnson939@example.com;555-8743;2025/08/31;Platinum;12728;T02933;2025/07/18;630.27;630;;;;;
 C0940 ;David;King;david.king940@example.com;555-8780;2023/05/12;Bronze;5444;T02934;2025/01/12;840.45;840;;;;;
C0941;Charlotte;Brown;charlotte.brown941@example.com;555-8817;2025/06/14;Silver;3297;T02935;2025/01/13;459.38;459;;;;;
C0942;Thabo;Walker;thabo.walker942@example.com;555-8854;2024/01/20;Gold;14474;T02936;2025/11/01;510.83;511;;;;;
C0943;Michael;Pillay; michael.pillay943@example.com ;555-8891;2023/04/22;Platinum;763;T02937;2025/12/22;-500.79;501;;;;;
C0944;Sophia;Davis;sophia.davis944@example.com;555-8928;2024/05/25;Bronze;13090;;2025/09/01;430.65;431;;;;;
C0945;Thomas;Mokoena;thomas.mokoena945@example.com;555-8965;2022/07/05;Silver;14499;T02939;2025/02/14;103.92;104;;;;;
C0946;Aisha;Smith;aisha.smith946@example.com;555-9002;2023/05/28;Gold;11167;T02940;2025/06/25;986.2;986;;;;;
C0947;Emma;Green;emma.green947@example.com;555-9039;2025/05/11;;1140;T02941;2025/03/17;352.14;352;R7;Wireless Earbuds;7500;2025/11/15;7500
C0948;William;Moore;william.moore948@example.com;555-9076;2022/11/05;Bronze;13805;T02942;2025/02/18;419.02;419;R1;$5 Gift Voucher;500;2025/03/09;500
C0949;Nomsa;Young;nomsa.young949@example.com;555-9113;2022/06/10;Silver;-500;T02943;2025/04/27;453.44;453;;;;;
C0950;Sarah;Anderson;sarah.anderson950@example.com;555-9150;2024/01/29;Gold;10323;T02944;2025/09/12;586.69;587;;;;;
C0951;James;Lewis;james.lewis951@example.com;555-0000;2025/01/17;Platinum;11036;T02945;2025/06/18;527.72;528;;;;;
C0952;Amelia;Khumalo;amelia.khumalo952@example.com;555-9224;2022/01/28;Bronze;2675;T02946;2025/12/29;937.23;937;;;;;
C0953;Sipho;Wilson;sipho.wilson953@example.com;555-9261;2025/12/27;Silver;12302;T02947;2025/07/07;575.33;575;;;;;
C0954;Daniel;Nkosi;daniel.nkosi954example.com;555-9298;2025/08/28;Gold;4672;T02948;2025/03/07;580.24;5800;R3;Coffee Mug;1500;2025/10/24;1500
C0955;Emily;Williams;emily.williams955@example.com;555-9335;2022/04/25;Platinum;2464;T02949;2025/08/10;464.86;465;;;;;
C0955;Emily;Williams;emily.williams955@example.com;555-9335;2022/04/25;Platinum;2464;T02949;2025/08/10;464.86;465;;;;;
C0957;Naledi;Martinez;naledi.martinez957@example.com;555-9409;2023/08/11;Silver;4684;T02951;2025/08/23;455.35;455;;;;;
C0958;Olivia;Hall;olivia.hall958@example.com;555-9446;2022/11/01;Gold;8974;T02951;2025/04/02;280.05;280;;;;;
C0959;Joseph;Botha;joseph.botha959@example.com;555-9483;2023/03/24;Platinum;956;T02953;2025/04/30;638.37;638;R3;Coffee Mug;1500;2025/05/19;1500
C0960;Lerato;Clark;lerato.clark960@example.com;555-9520;2024/07/20;Bronze;13919;T02954;2025/08/29;223.84;224;R4;T-Shirt;2000;2025/05/17;2000
C0961;Jessica;Naidoo;jessica.naidoo961@example.com;555-9557;2024/05/23;Silver;10576;T02955;2025/07/07;480.86;481;;;;;
C0962;Robert;Taylor;robert.taylor962@example.com;555-9594;2025/01/16;Gold;2671;T02956;2025/06/02;306.71;307;;;;;
C0963;Grace;Dlamini;grace.dlamini963@example.com;555-9631;2023/08/13;Platinum;14688;T02957;2025/05/26;733.59;734;;;;;
C0964;Peter;Johnson;peter.johnson964@example.com;555-9668;2023/07/05;Bronze;11368;T02958;2025/09/06;550.15;550;;;;;
C0965;David;King;david.king965@example.com;555-9705;2025/07/17;Silver;2172;T02959;2025/03/21;87.11;87;;;;;
C0966;Charlotte;Brown;duplicate.customer@example.com;555-9742;2025/09/26;Gold;9666;T02960;2025/01/19;782.53;783;R7;Wireless Earbuds;7500;2025/05/08;7500
C0967;THABO;Walker;thabo.walker967@example.com;555-9779;2023/09/07;Platinum;1255;T02961;2025/02/17;150.21;150;;;;;
C0968;Michael;Pillay;michael.pillay968@example.com;555-9816;2025/04/25;Bronze;11022;T02962;2025/09/22;570.39;570;;;;;
C0969;Sophia;Davis;sophia.davis969@example.com;555-9853;2022/04/13;Silver;4378;T02963;2025/02/08;570.47;570;;;;;
C0970;Thomas;Mokoena;thomas.mokoena970@example.com;555-9890;2025/07/22;Gold;13965;T02964;2025/11/23;52.37;52;R7;Wireless Earbuds;7500;2025/11/26;7500
C0971;Aisha;Smith;aisha.smith971@example.com;555-9927;2022/10/22;Platinum;9350;T02965;2025/08/13;209.89;210;;;;;
C0972;Emma;Green;emma.green972@example.com;555-9964;2025/12/16;Bronze;10012;T02966;2025/10/09;379.29;379;R2;$10 Gift Voucher;1000;2025/05/13;1000
C0973;William;Moore;;555-1001;2025/12/23;Silver;1198;T02967;2025/07/07;162.8;163;;;;;
C0974;Nomsa;young;nomsa.young974@example.com;555-1038;2024/02/13;Gold;5745;T02968;2025/03/07;211.99;212;;;;;
C0975;Sarah;Anderson;sarah.anderson975@example.com;555-1075;2023/03/22;Platinum;3524;T02969;2025/02/23;783.02;783;;;;;
C0976;James;Lewis;james.lewis976@example.com;555-1112;2023/10/17;Bronze;9283;T02970;2025/11/10;609.64;610;;;;;
C0977;Amelia;Khumalo;amelia.khumalo977@example.com;555-1149;2023/05/03;Silver;49;T02971;2025/08/09;561.09;561;R4;T-Shirt;2000;2025/09/02;2000
C0978;Sipho;Wilson;sipho.wilson978@example.com;555-1186;2024/10/13;Gold;10741;T02972;2025/07/14;753.56;754;;;;;
C0979;Daniel;Nkosi;daniel.nkosi979@example.com;555-1223;2024/01/14;Platinum;10497;T02973;2025/07/17;428.92;429;;;;;
C0980;Emily;Williams;emily.williams980@example.com;555-1260;2025/12/01;Bronze;9993;T02974;2025/09/05;201.56;202;;;;;
C0981;Samuel;Wright;samuel.wright981@example.com;555-1297;2025/01/15;Silver;12186;T02975;2025/08/30;805.83;806;;;;;
C0982;Naledi;Martinez;naledi.martinez982@example.com;555-0000;2023/02/03;Gold;9383;T02976;2025/01/20;432.51;433;;;;;
C0983;Olivia;Hall;olivia.hall983@example.com;555-1371;2023/11/15;Platinum;6813;T02977;2025/08/24;997.89;998;;;;;
C0984;Joseph;Botha;joseph.botha984@example.com;555-1408;2025/07/25;Bronze;13059;T02978;2025/10/30;447.82;448;;;;;
C0985;Lerato;Clark;lerato.clark985@example.com;555-1445;2024/12/10;Silver;4126;T02979;2025/07/23;80.02;80;;;;;
C0986;Jessica;Naidoo;jessica.naidoo986@example.com;555-1482;2025/04/19;Gold;5306;T02980;2025/09/06;522.83;523;R7;;7500;;
C0987;Robert;Taylor;robert.taylor987@example.com;555-1519;2025/06/24;Platinum;11579;T02981;2025/03/26;446.13;446;;;;;
C0988;Grace;Dlamini;grace.dlamini988@example.com;555-1556;2024/03/28;Bronze;3083;T02982;2024/02/27;621.05;621;;;;;
C0989;;Johnson;peter.johnson989@example.com;555-1593;2025/12/04;Silver;4121;T02983;2025/03/09;77.38;77;;;;;
C0990;David;King;david.king990@example.com;555-1630;2023/06/27;Gold;2326;T02984;2025/05/02;725.42;725;;;;;
C0991;Charlotte;Brown;charlotte.brown991@example.com;555-1667;2023/07/22;Platinum;11477;T02985;2025/02/21;316.79;317;R3;Coffee Mug;1500;2025/10/19;1500
C0992;Thabo;Walker;thabo.walker992@example.com;555-1704;2023/08/09;Bronze;2729;T02986;2025/04/02;977.55;978;;;;;
C0993;Michael;Pillay;michael.pillay993@example.com;555-1741;2025/11/07;Silver;7687;T02987;2025/04/02;992.52;993;R1;$10 Gift Voucher;500;2025/04/02;1000
C0994;Sophia;Davis;sophia.davis994@example.com;(555) 1778;2025/01/09;GOLD;1659;T02988;2025/06/03;767.71;768;R2;$10 Gift Voucher;1000;2025/09/14;1000
C0995;Thomas;Mokoena;thomas.mokoena995@example.com;555-1815;2022/09/21;platinum;12595;T02989;2025/12/28;599.64;600;;;;;
C0996;Aisha;Smith;aisha.smith996@example.com;555-1852;2023/06/14;Bronze;14854;T02990;2025/01/02;288.03;288;;;;;
C0997;Emma;Green;emma.green997@example.com;555-1889;2023/04/29;Silver;2954;T02991;2025/12/05;344.87;345;R5;Free Shipping;750;2025/05/24;750
C0001;James;Lewis;james.lewis1@example.com;555-1037;2024/02/09;Silver;10596;T02992;2025/09/19;474.96;475;;;;;
C0002;Amelia;Khumalo;amelia.khumalo2@example.com;;2024/09/07;Gold;10535;T02992;2025/08/12;232.98;233;;;;;
C0003;Sipho;Wilson;sipho.wilson3@example.com;555-1111;2022/10/09;Platinum;2527;T02994;2025/08/20;395.22;395;R3;Coffee Mug;1500;2025/11/14;1500
C0004;Daniel;Nkosi;daniel.nkosi4@example.com;555-1148;2024/02/21;Bronze;890;T02995;2025/09/02;970.19;970;;;;;
C0005;Emily;Williams;emily.williams5@example.com;555-1185;2024/02/12; Silver ;11793;T02996;2025/10/03;790.69;791;;;;;
C0006;Samuel;Wright;duplicate.customer@example.com;555-1222;2022/06/30;Gold;5428;T02997;2025/02/04;205.41;205;R5;Free Shipping;750;2025/01/18;750
C0007;Naledi;Martinez;naledi.martinez7@example.com;555-1259;2023/05/03;Platinum;9292;T02998;2025/01/17;534.87;535;;;;;
C0008;Olivia;Hall;olivia.hall8@example.com;555-1296;2022/06/07;Bronze;11410;T02999;2025/07/11;958.56;959;;;;;
C0008;Olivia;Hall;olivia.hall8@example.com;555-1296;2022/06/07;Bronze;11410;T02999;2025/07/11;958.56;959;;;;;
C0010;Lerato;Clark;lerato.clark10@example.com;555-1370;2022/05/08;Gold;4787;T03001;2025/08/18;898.92;899;;;;;
C0011;Jessica;Naidoo;jessica.naidoo11@example.com;555-1407;2025/06/22;Platinum;4436;T03002;2025/05/17;16.9;17;R99;Unknown Reward;999;2025/05/17;999
C0012;Robert;Taylor;robert.taylor12@example.com;555-1444;2025/09/03;Bronze;7352;T03003;2025/11/07;504.59;505;;;;;
C0013;Grace;Dlamini;grace.dlamini13@example.com;555-1481;2022/04/17;Silver;6322;T03004;2025/12/29;184.09;184;;;;;
C0014;Peter;Johnson;peter.johnson14@example.com;555-1518;2025/11/22;Gold;13270;T03005;2025/09/01;337.64;338;;;;;
C0015;David;;david.king15@example.com;555-1555;2025/09/13;Platinum;1131;T03006;2025/10/26;722.68;723;R2;$10 Gift Voucher;1000;2025/06/26;1000
C0016;Charlotte;Brown;charlotte.brown16@example.com;555-0000;2025/11/03;Bronze;6204;T03007;2025/03/05;0;314;R4;T-Shirt;2000;2025/08/24;2000
C0017;THABO;Walker;thabo.walker17@example.com;555-1629;2023/06/12;Silver;8410;T03008;2025/04/02;476.41;476;;;;;
C0018; Michael ;Pillay;michael.pillay18@example.com;555-1666;2022/12/23;Gold;3019;T03009;2025/12/24;182.06;182;;;;;
C0019;Sophia;Davis;;555-1703;2023/12/12;Platinum;2202;T03010;2025/12/06;204.78;205;;;;;
C0020;Thomas;Mokoena;thomas.mokoena20@example.com;555-1740;2024/09/28;Bronze;6108;T03011;2025/02/08;957.65;958;R7;Wireless Earbuds;7500;2025/08/21;7500
C0021;Aisha;Smith;aisha.smith21@example.com;555-1777;2023/01/04;Silver;12837;T03012;2025/11/04;265.76;266;;;;;
C0022;Emma;Green;emma.green22@example.com;555-1814;2023/11/25;Gold;;T03013;2025/07/08;70.4;70;;;;;
C0023;William;Moore;william.moore23@example.com;555-1851;2022/07/05;Platinum;7855;T03014;2025/08/29;940.91;941;;Coffee Mug;1500;2025/08/29;1500
C0024;Nomsa;Young;nomsa.young24example.com;555-1888;2022/06/26;Bronze;6704;T03015;2025/12/09;363.73;3640;;;;;
C0025;Sarah;Anderson;sarah.anderson25@example.com;555-1925;2023/10/12;Silver;11879;T03016;2025/10/14;764.9;765;;;;;
C0026;James;Lewis;james.lewis26@example.com;555-1962;2022/03/15;Gold;12354;T03017;2025/03/29;795.13;795;R7;Wireless Earbuds;7500;2025/12/13;7500
C0027;Amelia;Khumalo;amelia.khumalo27@example.com;555-1999;2025/09/19;Platinum;10587;T03018;2025/10/09;678.14;678;;;;;
C0028;Sipho;Wilson;sipho.wilson28@example.com;555-2036;2023/03/27;Bronze;5585;T03019;2025/12/18;203.18;203;;;;;
c0029;Daniel;Nkosi;daniel.nkosi29@example.com;555-2073;2025/08/13;Silver;1408;T03020;2025/01/13;739.46;739;;;;;
C0030;Emily;williams;emily.williams30@example.com;555-2110;2023/07/26;Gold;3988;T03021;2025/12/11;298.62;299;R1;$5 Gift Voucher;500;2025/11/13;500
C0031;Samuel;Wright;samuel.wright31@example.com;555-2147;2023/11/23;Platinum;10429;T03022;2025/05/03;577.92;578;;;;;
C0032;Naledi;Martinez;naledi.martinez32@example.com;555-2184;2024/05/20;Bronze;14980;T03023;2025/01/13;959.28;959;;;;;
C0033;Olivia;Hall;olivia.hall33@example.com;555-2221;2024/10/29;Silver;14832;T03024;2025/07/16;553.04;553;R7;Wireless Earbuds;7500;2025/05/28;7500
C0034;Joseph;Botha;joseph.botha34@example.com;555-2258;2022/06/19;Gold;5631;T03025;2025/05/14;929.43;929;R1;$5 Gift Voucher;500;2025/05/29;500
C0035;Lerato;Clark; lerato.clark35@example.com ;555-2295;2025/10/14;Platinum;11288;T03026;2025/11/05;-338.19;338;R2;$10 Gift Voucher;1000;2025/08/03;1000
C0036;Jessica;Naidoo;jessica.naidoo36@example.com;555-2332;2025/05/07;Bronze;7933;T03027;2025/01/01;567.75;568;;;;;
C0037;Robert;Taylor;robert.taylor37@example.com;555-2369;2025/10/15;Silver;6918;T03028;2025/01/28;134.46;134;;;;;
C0038;Grace;Dlamini;grace.dlamini38@example.com;555-2406;2024/11/14;Gold;13664;T03029;2025/04/05;906.75;907;;;;;
C0039;Peter;Johnson;PETER.JOHNSON39@EXAMPLE.COM;555-2443;2022/06/22;Platinum;11075;T03030;2025/11/05;401.18;-100;;;;;
C0040;David;King;david.king40@example.com;555-2480;2024/12/14;Bronze;7060;T03031;2025/09/20;314.94;315;;;;;
C0041;Charlotte;Brown;charlotte.brown41@example.com;555-2517;2023/06/13;Silver;7572;T03032;2025/10/12;669.96;670;R5;Free Shipping;750;2025/11/25;750
C0042;Thabo;Walker;thabo.walker42@example.com;555-2554;2022/03/09;Gold;13830;T03033;2025/04/20;264.02;264;;;;;
C0043;Michael;Pillay;duplicate.customer@example.com;555-2591;2024/11/24;Platinum;3114;T03033;2025/07/21;596.16;596;R1;$5 Gift Voucher;500;2025/11/05;500
C0044;Sophia;Davis;sophia.davis44@example.com;555-2628;2024/04/21;Bronze;3290;T03035;2025/05/15;221.31;221;;;;;
C0045;Thomas;Mokoena;thomas.mokoena45@example.com;555-2665;2023/05/12;Silver;1582;T03036;2025/11/24;336.9;337;;;;;
C0046;Aisha;Smith;aisha.smith46@example.com;555-2702;2024/09/14;Gold;9405;T03037;2025/02/12;54.55;55;;;;;
C0047;Emma;Green;emma.green47@example.com;555-0000;2025/06/09;Platinum;4184;T03038;2025/06/02;564.85;565;;;;;
C0048;William;Moore;william.moore48@example.com;555-2776;2023/08/29;Bronze;10030;T03039;2025/07/21;995.05;995;;;;;
C0049;Nomsa;Young;nomsa.young49@example.com;555-2813;2022/12/18;Silver;11304;T03040;2025/01/13;967.95;968;R2;$10 Gift Voucher;1000;2025/02/26;1000
C0050;Sarah;Anderson;sarah.anderson50@example.com;555-2850;2023/03/26;Gold;10046;T03041;2025/05/11;918.72;919;;;;;
C0051;James;Lewis;james.lewis51@example.com;555-2887;2022/01/10;Platinum;6447;T03042;2025/11/16;58.85;59;;;;;
C0052;Amelia;Khumalo;amelia.khumalo52@example.com;555-2924;2025/01/07;Bronze;2966;T03043;2025/02/13;68.66;69;;;;;
C0053;Sipho;Wilson;sipho.wilson53@example.com;555-2961;2022/12/25;Silver;3936;T03044;2025/09/09;415.15;415;;;;;
C0054;Daniel;Nkosi;daniel.nkosi54@example.com;555-2998;2024/11/18;Gold;10941;T03045;2025/11/21;284.11;284;R2;$10 Gift Voucher;1000;2025/03/17;1000
C0055;Emily;Williams;emily.williams55@example.com;555-3035;2022/10/26;Platinum;6196;T03046;2025/01/27;976.93;977;;;;;
C0056;Samuel;Wright;samuel.wright56@example.com;555-3072;2024/09/07;Bronze;9480;T03047;2025/01/25;905.24;905;;;;;
C0057;Naledi;Martinez;naledi.martinez57@example.com;555-3109;2024/01/05;Silver;4416;T03048;2025/10/05;;62;R2;$10 Gift Voucher;1000;2025/03/19;1000
C0058;Olivia;Hall;olivia.hall58@example.com;555-3146;2025/06/03;Gold;3431;T03049;2025/08/13;984.15;984;R7;Wireless Earbuds;7500;2025/01/16;7500
C0058;Olivia;Hall;olivia.hall58@example.com;555-3146;2025/06/03;Gold;3431;T03049;2025/08/13;984.15;984;R7;Wireless Earbuds;7500;2025/01/16;7500
C0060;Lerato;Clark;lerato.clark60@example.com;555-3220;2022/12/26;Bronze;3063;;2025/10/16;809.62;810;;;;;
C0061;Jessica;Naidoo;jessica.naidoo61@example.com;555-3257;2022/02/25;Silver;-500;T03052;2025/10/02;163.51;164;;;;;
C0062;Robert;Taylor;;555-3294;2023/01/28;Gold;9458;T03053;2022/12/29;77.91;78;;;;;
C0063;Grace;Dlamini;grace.dlamini63@example.com;555-3331;2025/06/02;Platinum;4283;T03054;2025/04/08;133.13;133;R4;T-Shirt;2000;2025/09/29;2000
C0064;PETER;Johnson;peter.johnson64@example.com;555-3368;2022/01/11;Bronze;5626;T03055;2025/01/11;44.41;44;R7;Wireless Earbuds;7500;2025/08/10;7500
C0065;David;King;david.king65@example.com;555-3405;;Silver;12069;T03056;2025/01/15;62.37;62;;;;;
C0066;Charlotte;Brown;charlotte.brown66@example.com;555-3442;2024/09/29;Gold;128;T03057;2025/09/08;652.36;652;;;;;
C0067;Thabo;Walker;thabo.walker67@example.com;555-3479;2024/10/03;Platnium;7171;T03058;2025/10/10;52.63;53;;;;;
C0068;Michael;Pillay;michael.pillay68@example.com;555-3516;2022/11/30;Bronze;4950;T03059;2025/12/13;613.91;614;R6;VIP Event Access;5000;2025/06/14;5000
C0069;Sophia;Davis;sophia.davis69@example.com;555-3553;2022/04/08;Silver;8296;T03060;2025/05/12;907.55;908;;;;;
C0070;Thomas;Mokoena;thomas.mokoena70@example.com;555-3590;2025/07/24;Gold;8131;T03061;2025/04/27;915.36;915;R7;Wireless Earbuds;7500;2025/09/11;7500
C0071;Aisha;Smith;aisha.smith71@example.com;555-3627;2025/01/05;Platinum;14479;T03062;2025/08/04;94.01;94;;;;;
C0072;Emma;Green;emma.green72@example.com;555-3664;2024/11/14;Bronze;10628;T03063;2025/05/31;296.37;296;;;;;
C0073;William;Moore;william.moore73@example.com;555-3701;2023/08/21;Silver;10793;T03064;2025/02/18;806.23;806;R4;T-Shirt;2000;2025/11/04;2000
C0074;Nomsa;Young;nomsa.young74@example.com;555-3738;2024/06/10;Gold;12183;T03065;2025/08/26;906.74;907;R3;Coffee Mug;1500;2025/07/29;1500
C0075;Sarah;Anderson;sarah.anderson75@example.com;;2022/10/06;Platinum;12111;T03066;2025/03/05;686.79;687;;;;;
C0076;James;Lewis;james.lewis76@example.com;555-3812;2025/01/16;Bronze;8374;T03067;2025/07/16;801.86;802;R3;Coffee Mug;1500;2025/08/26;1500
C0077; Amelia ;Khumalo;amelia.khumalo77@example.com;555-3849;2025/01/11;Silver;13000;T03068;2025/10/26;53.01;53;;;;;
C0078;Sipho;Wilson;sipho.wilson78@example.com;555-0000;2024/09/22;Gold;6229;T03069;2025/06/24;48.35;48;R5;Free Shipping;750;2025/08/23;750
C0079;Daniel;Nkosi;daniel.nkosi79@example.com;555-3923;2024/08/27;Platinum;1580;T03070;2025/09/22;230.52;231;;;;;
C0080;Emily;Williams;duplicate.customer@example.com;(555) 3960;2025/10/29;BRONZE;10150;T03071;2025/05/15;338.43;338;R7;Wireless Earbuds;7500;2025/09/30;7500
C0081;Samuel;Wright;samuel.wright81@example.com;555-3997;2023/09/02;Silver;9918;T03072;2025/09/28;109.86;110;R7;Wireless Earbuds;7500;2025/10/20;7500
C0082;Naledi;Martinez;naledi.martinez82@example.com;555-4034;2022/12/19;Gold;9645;T03073;2025/11/02;578.34;578;R6;VIP Event Access;5000;2025/04/08;5000
C0083;Olivia;hall;olivia.hall83@example.com;555-4071;2025/04/27;Platinum;3189;T03074;2025/12/18;28.42;28;;;;;
C0084;Joseph;Botha;joseph.botha84@example.com;555-4108;2024/11/18;Bronze;2453;T03074;2025/10/18;994.35;994;R3;Coffee Mug;1500;2025/11/29;1500
C0085;Lerato;Clark;lerato.clark85@example.com;555-4145;2023/05/05;Silver;9326;T03076;2025/12/25;955.16;955;R2;$10 Gift Voucher;1000;2025/06/24;1000
;Jessica;Naidoo;jessica.naidoo86@example.com;555-4182;2022/01/25;Gold;8553;T03077;2025/09/28;594.58;595;;;;;
C0087;Robert;Taylor;robert.taylor87@example.com;555-4219;2022/12/16;Platinum;10870;T03078;2025/05/19;922.42;922;R4;T-Shirt;2000;2025/07/07;2000
C0088;Grace;Dlamini;grace.dlamini88@example.com;555-4256;2023/04/15;Bronze;11342;T03079;2025/03/31;976.08;976;;;;;
C0089;Peter;Johnson;peter.johnson89@example.com;555-4293;2023/06/16;Silver;4339;T03080;2025/06/10;394.62;395;;;;;
C0090;David;King;david.king90@example.com;555-4330;2023/12/07;Gold;6244;T03081;2025/09/28;812.03;812;R99;Unknown Reward;999;2025/09/28;999
C0091;Charlotte;Brown;charlotte.brown91example.com;555-4367;2025/06/19;Platinum;484;T03082;2025/08/08;361.39;3610;;;;;
C0092;Thabo;Walker;thabo.walker92@example.com;555-4404;2024/03/23;Bronze;890;T03083;2025/07/01;713.17;713;R1;$5 Gift Voucher;500;2025/11/05;500
C0093;Michael;Pillay;michael.pillay93@example.com;555-4441;2025/08/31;Silver;14612;T03084;2025/01/05;714.98;715;;;;;
C0094;Sophia;Davis;sophia.davis94@example.com;555-4478;2023/08/14;Gold;7893;T03085;2025/02/22;261.23;261;;;;;
C0095;Thomas;Mokoena;thomas.mokoena95@example.com;555-4515;2024/05/13;Platinum;436;T03086;2025/05/23;644.12;644;;;;;
C0096;Aisha;Smith;aisha.smith96@example.com;555-4552;2024/12/23;Bronze;332;T03087;2025/02/23;28.68;29;;;;;
C0097;Emma;Green;emma.green97@example.com;555-4589;2023/04/16;Silver;12394;T03088;2025/05/22;810.91;811;;;;;
C0098;William;Moore;william.moore98@example.com;555-4626;2025/05/07;Gold;5373;T03089;2025/10/09;677.16;677;;;;;
C0099;Nomsa;Young;nomsa.young99@example.com;555-4663;2022/03/12;Platinum;242;T03090;2025/10/17;117.99;118;R1;$10 Gift Voucher;500;2025/10/17;1000
C0100;Sarah;Anderson;sarah.anderson100@example.com;555-4700;2023/02/25;Bronze;1831;T03091;2025/11/24;27.68;28;R6;VIP Event Access;5000;2025/03/31;5000
C0101;James;Lewis;james.lewis101@example.com;555-4737;2022/08/02;Silver;5996;T03092;2025/07/19;194.92;195;R6;VIP Event Access;5000;2025/01/26;5000
C0102;Amelia;Khumalo;amelia.khumalo102@example.com;555-4774;2025/06/29;Gold;13275;T03093;2025/04/11;187.74;188;;;;;
C0103;Sipho;Wilson;sipho.wilson103@example.com;555-4811;2023/04/13;Platinum;3539;T03094;2025/04/30;498.47;498;;;;;
C0104;Daniel;Nkosi;daniel.nkosi104@example.com;555-4848;2024/08/10;Bronze;3808;T03095;2025/08/19;813.13;813;;;;;
C0105;Emily;Williams;;555-4885;2022/06/03;Silver;10970;T03096;2025/01/01;600.59;601;;;;;
 C0106 ;Samuel;Wright;samuel.wright106@example.com;555-4922;2024/05/15;Gold;8926;T03097;2025/09/23;49.79;50;;;;;
C0107;Naledi;Martinez;naledi.martinez107@example.com;555-4959;2025/10/09;Platinum;947;T03098;2025/10/21;536.69;537;;;;;
C0108;Olivia;Hall;olivia.hall108@example.com;555-4996;2024/10/23;Bronze;4454;T03099;2025/04/23;180.28;180;;;;;
C0108;Olivia;Hall;olivia.hall108@example.com;555-4996;2024/10/23;Bronze;4454;T03099;2025/04/23;180.28;180;;;;;
C0110;Lerato;Clark;lerato.clark110@example.com;555-5070;2025/07/08;Gold;3767;T03101;2025/12/23;409.48;409;;;;;
C0111;JESSICA;Naidoo;jessica.naidoo111@example.com;555-5107;2023/08/25;Platinum;10926;T03102;2025/05/05;498.55;499;R4;T-Shirt;2000;2025/11/06;2000
C0112;Robert;Taylor;robert.taylor112@example.com;555-5144;2025/08/04; Bronze ;11372;T03103;2025/06/15;531.35;531;;;;;
C0113;Grace;Dlamini;grace.dlamini113@example.com;555-5181;2022/11/12;Silver;4615;T03104;2025/03/13;0;385;;;;;
C0114;Peter;Johnson;peter.johnson114@example.com;555-5218;2024/08/07;Gold;2354;T03105;2025/04/23;565.78;566;;;;;
C0115;David;King;david.king115@example.com;555-5255;2022/11/21;Platinum;997;T03106;2025/11/23;802.71;803;R4;T-Shirt;2000;2025/09/04;2000
C0116;Charlotte;Brown;charlotte.brown116@example.com;555-5292;2022/04/11;Bronze;3385;T03107;2025/02/02;56.59;57;;;;;
C0117;Thabo;Walker;duplicate.customer@example.com;555-5329;2025/12/26;Silver;3859;T03108;2025/10/03;128.67;129;;;;;
C0118;Michael;Pillay;michael.pillay118@example.com;555-5366;2025/05/31;Gold;4844;T03109;2025/10/08;748.33;748;;;;;
C0119;Sophia;Davis;sophia.davis119@example.com;555-5403;2025/10/22;Platinum;4579;T03110;2025/05/24;380.46;380;R4;T-Shirt;2000;2025/03/18;2000
C0120;Thomas;Mokoena;thomas.mokoena120@example.com;555-5440;2023/02/26;bronze;2432;T03111;2025/03/03;156.63;157;;;;;
C0121;Aisha;Smith;aisha.smith121@example.com;555-5477;2023/09/05;Silver;9038;T03112;2025/08/19;377.24;377;R2;$10 Gift Voucher;1000;2025/06/05;1000
C0122;Emma;Green;emma.green122@example.com;555-5514;2022/03/28;Gold;11234;T03113;2025/07/21;823.95;824;;;;;
C0123;William;Moore;william.moore123@example.com;555-5551;2024/07/18;;1805;T03114;2025/09/22;459.91;460;;;;;
C0124;Nomsa;Young; nomsa.young124@example.com ;555-5588;2023/06/17;Bronze;4497;T03115;2025/07/29;-915.77;916;;;;;
C0125;Sarah;Anderson;sarah.anderson125@example.com;555-5625;2022/07/25;Silver;5287;T03115;2025/04/04;458.64;459;;;;;
C0126;James;Lewis;james.lewis126@example.com;555-5662;2025/08/02;Gold;10608;T03117;2025/12/12;413.24;413;R2;$10 Gift Voucher;1000;2025/11/08;1000
C0127;Amelia;Khumalo;amelia.khumalo127@example.com;555-5699;2023/03/19;Platinum;5363;T03118;2025/05/15;55.9;56;;;;;
C0128;Sipho;Wilson;sipho.wilson128@example.com;555-5736;2023/05/31;Bronze;4005;T03119;2025/12/25;952.69;953;;;;;
C0129;Daniel;Nkosi;daniel.nkosi129@example.com;555-5773;2025/10/07;Silver;3708;T03120;2025/03/05;818.96;819;;;;;
C0130;Emily;Williams;emily.williams130@example.com;555-5810;2024/10/27;Gold;6936;T03121;2025/01/06;511.14;511;;;;;
C0131;Samuel;Wright;samuel.wright131@example.com;555-5847;2025/11/29;Platinum;5237;T03122;2025/09/22;847.27;847;;;;;
C0132;Naledi;Martinez;naledi.martinez132@example.com;555-5884;2022/11/04;Bronze;8242;T03123;2025/05/14;909.27;909;;;;;
C0133;Olivia;Hall;olivia.hall133@example.com;555-5921;2023/11/24;Silver;12977;T03124;2023/10/25;830.88;831;R2;$10 Gift Voucher;1000;2025/06/15;1000
C0134;Joseph;Botha;joseph.botha134@example.com;555-5958;2025/04/26;Gold;2068;T03125;2025/06/04;85.55;86;R7;Wireless Earbuds;7500;2025/03/13;7500
C0135;Lerato;Clark;lerato.clark135@example.com;555-5995;2023/02/20;Platinum;5082;T03126;2025/04/20;873.66;874;;;;;
C0136; Jessica ;naidoo;jessica.naidoo136@example.com;555-6032;2023/10/11;Bronze;8024;T03127;2025/07/09;600.68;601;;;;;
C0137;Robert;Taylor;robert.taylor137@example.com;555-6069;2022/12/13;Silver;8345;T03128;2025/05/23;745.15;745;;;;;
C0138;Grace;Dlamini;grace.dlamini138@example.com;555-6106;2024/10/21;Gold;7397;T03129;2025/03/04;824.57;825;R7;;7500;;
C0139;Peter;Johnson;peter.johnson139@example.com;555-6143;2023/12/10;Platinum;180;T03130;2025/02/07;674.95;675;R7;Wireless Earbuds;7500;2025/07/16;7500
C0140;David;King;DAVID.KING140@EXAMPLE.COM;555-0000;2024/07/08;Bronze;5377;T03131;2025/09/09;11.24;-100;;;;;
C0141;Charlotte;Brown;charlotte.brown141@example.com;555-6217;2024/11/18;Silver;4020;T03132;2025/08/07;481.97;482;R7;Wireless Earbuds;7500;2025/11/23;7500
C0142;Thabo;Walker;thabo.walker142@example.com;555-6254;2025/09/14;Gold;3584;T03133;2025/05/24;671.61;672;;;;;
C0143;Michael;Pillay;michael.pillay143@example.com;555-6291;2024/04/28;Platinum;5327;T03134;2025/09/27;983.74;984;;;;;
C0144;Sophia;Davis;sophia.davis144@example.com;555-6328;2022/03/12;Bronze;1136;T03135;2025/05/28;957.14;957;;;;;
C0145;Thomas;Mokoena;thomas.mokoena145@example.com;555-6365;2023/11/26;Silver;7117;T03136;2025/01/25;775.52;776;;;;;
C0146;Aisha;Smith;aisha.smith146@example.com;555-6402;2022/02/26;Gold;5157;T03137;2025/12/21;794.61;795;;;;;
C0147;Emma;Green;emma.green147@example.com;555-6439;2022/12/22;Platinum;12546;T03138;2025/08/01;376.22;376;R3;Coffee Mug;1500;2025/08/18;1500
C0148;William;Moore;;;2024/06/01;Bronze;6001;T03139;2025/11/04;574.82;575;R4;T-Shirt;2000;2025/11/17;2000
C0149;;Young;nomsa.young149@example.com;555-6513;2025/12/15;Silver;9723;T03140;2025/10/31;833.49;833;R7;Wireless Earbuds;7500;2025/06/08;7500
C0150;Sarah;Anderson;sarah.anderson150@example.com;555-6550;2024/12/29;Gold;13669;T03141;2025/11/11;301.32;301;R1;$5 Gift Voucher;500;2025/09/19;500
C0151;James;Lewis;james.lewis151@example.com;555-6587;2025/08/09;Platinum;2801;T03142;2025/10/09;884.68;885;;;;;
C0152;Amelia;Khumalo;amelia.khumalo152@example.com;555-6624;2024/12/03;Bronze;5138;T03143;2025/04/04;680.22;680;;;;;
C0153;Sipho;Wilson;sipho.wilson153@example.com;555-6661;2024/09/14;Silver;;T03144;2025/05/14;471.5;472;R5;Free Shipping;750;2025/02/11;750
C0154;Daniel;Nkosi;duplicate.customer@example.com;555-6698;2022/11/28;Gold;8419;T03145;2025/02/03;232.54;233;;;;;
C0155;Emily;Williams;emily.williams155@example.com;555-6735;2024/04/16;Platinum;14686;T03146;2025/04/25;788.3;788;;;;;
C0156;Samuel;Wright;samuel.wright156@example.com;555-6772;2022/11/28;Bronze;2678;T03147;2025/03/22;259.3;259;;;;;
C0157;Naledi;Martinez;naledi.martinez157@example.com;555-6809;2024/05/03;Silver;9895;T03148;2025/05/14;177.16;177;R1;$5 Gift Voucher;500;2025/10/29;500
C0158;OLIVIA;Hall;olivia.hall158example.com;555-6846;2025/10/13;Gold;7017;T03149;2025/06/24;237.75;2380;;;;;
C0158;OLIVIA;Hall;olivia.hall158example.com;555-6846;2025/10/13;Gold;7017;T03149;2025/06/24;237.75;2380;;;;;
C0160;Lerato;Clark;lerato.clark160@example.com;555-6920;2024/11/11;Bronze;11923;T03151;2025/03/23;294.9;295;;Coffee Mug;1500;2025/03/23;1500
C0161;Jessica;Naidoo;jessica.naidoo161@example.com;555-6957;2022/07/22;Silver;12214;T03152;2025/04/04;915.42;915;;;;;
C0162;Robert;Taylor;robert.taylor162@example.com;555-6994;2024/01/22;Gold;12270;T03153;2025/10/08;188.49;188;;;;;
C0163;Grace;Dlamini;grace.dlamini163@example.com;(555) 7031;2023/01/10;PLATINUM;609;T03154;2025/12/09;799.97;800;;;;;
C0164;Peter;Johnson;peter.johnson164@example.com;555-7068;2025/11/16;Bronze;12355;T03155;2025/07/27;445.55;446;;;;;
C0165;David;King;david.king165@example.com;555-7105;2023/03/28;Silver;12621;T03156;2025/03/27;738.4;738;;;;;
C0166;Charlotte;Brown;charlotte.brown166@example.com;555-7142;2022/02/24;Gold;5174;T03156;2025/12/06;803.21;803;;;;;
C0167;Thabo;Walker;thabo.walker167@example.com;555-7179;2024/01/19;Platinum;14622;T03158;2025/08/12;147.0;147;;;;;
C0168;Michael;Pillay;michael.pillay168@example.com;555-7216;2024/07/01;Bronze;14317;T03159;2025/08/13;808.11;808;R5;Free Shipping;750;2025/01/21;750
C0169;Sophia;Davis;sophia.davis169@example.com;555-7253;2023/06/17;Silver;6178;T03160;2025/06/19;471.86;472;R99;Unknown Reward;999;2025/06/19;999
C0170;Thomas;Mokoena;thomas.mokoena170@example.com;555-7290;2025/01/08;Gold;-500;T03161;2025/10/16;627.69;628;R2;$10 Gift Voucher;1000;2025/11/09;1000
C0171;Aisha;Smith;aisha.smith171@example.com;555-0000;2023/07/02;Platinum;1981;T03162;2025/12/07;696.19;696;;;;;
C0172;Emma;Green;emma.green172@example.com;555-7364;2025/06/25;Bronze;11311;T03163;2025/08/25;448.32;448;;;;;
C0173;William;Moore;william.moore173@example.com;555-7401;2023/11/28;Silver;3830;;2025/05/08;633.75;634;;;;;
C0174;Nomsa;Young;nomsa.young174@example.com;555-7438;2023/02/16;Gold;8378;T03165;2025/09/30;696.49;696;R1;$5 Gift Voucher;500;2025/05/08;500
C0175;Sarah;Anderson;sarah.anderson175@example.com;555-7475;2024/11/08;Platinum;5868;T03166;2025/08/28;961.19;961;;;;;
C0176;James;Lewis;james.lewis176@example.com;555-7512;2023/02/02;Bronze;2137;T03167;2025/07/15;966.9;967;;;;;
C0177;Amelia;Khumalo;amelia.khumalo177@example.com;555-7549;2024/12/03;Silver;10484;T03168;2025/04/01;522.35;522;;;;;
C0178;Sipho;Wilson;sipho.wilson178@example.com;555-7586;2023/05/31;Gold;11417;T03169;2025/04/04;960.25;960;;;;;
C0179;Daniel;Nkosi;daniel.nkosi179@example.com;555-7623;2024/10/23;Platinum;10113;T03170;2025/04/05;492.17;492;;;;;
c0180;Emily;Williams;emily.williams180@example.com;555-7660;2022/01/07;Bronze;8355;T03171;2025/12/04;557.41;557;;;;;
C0181;Samuel;Wright;samuel.wright181@example.com;555-7697;2022/10/08;silver;2426;T03172;2025/01/01;873.87;874;;;;;
C0182;Naledi;;naledi.martinez182@example.com;555-7734;2024/03/12;Gold;2797;T03173;2025/11/29;802.18;802;;;;;
C0183;Olivia;Hall;olivia.hall183@example.com;555-7771;2024/08/04;Platinum;13318;T03174;2025/09/13;677.43;677;;;;;
C0184;Joseph;Botha;joseph.botha184@example.com;555-7808;2022/06/26;Bronze;8992;T03175;2025/04/15;;417;;;;;
C0185;Lerato;Clark;lerato.clark185@example.com;555-7845;2025/04/10;Silver;2887;T03176;2025/01/04;246.34;246;;;;;
C0186;Jessica;Naidoo;jessica.naidoo186@example.com;555-7882;2025/09/02;Gold;13844;T03177;2025/01/09;88.7;89;R4;T-Shirt;2000;2025/12/12;2000
C0187;Robert;Taylor;robert.taylor187@example.com;555-7919;2024/10/12;Platinum;738;T03178;2025/08/05;38.57;39;R4;T-Shirt;2000;2025/04/01;2000
C0188;Grace;Dlamini;grace.dlamini188@example.com;555-7956;2025/11/29;Bronze;3729;T03179;2025/12/02;375.47;375;R7;Wireless Earbuds;7500;2025/12/06;7500
C0189;Peter;johnson;peter.johnson189@example.com;555-7993;2023/01/29;Silver;5113;T03180;2025/08/07;114.01;114;R3;Coffee Mug;1500;2025/09/16;1500
C0190;David;King;david.king190@example.com;555-8030;2023/11/07;Gold;364;T03181;2025/03/27;51.1;51;R3;Coffee Mug;1500;2025/10/31;1500
C0191;Charlotte;Brown;;555-8067;2024/07/12;Platinum;680;T03182;2025/02/18;360.23;360;;;;;
C0192;Thabo;Walker;thabo.walker192@example.com;555-8104;2025/12/04;Bronze;4362;T03183;2025/08/09;18.57;19;;;;;
C0193;Michael;Pillay;michael.pillay193@example.com;555-8141;2025/09/14;Silver;14580;T03184;2025/01/22;743.5;744;;;;;
C0194;Sophia;Davis;sophia.davis194@example.com;555-8178;2024/12/23;Gold;8741;T03185;2025/03/26;446.49;446;;;;;
C0195; Thomas ;Mokoena;thomas.mokoena195@example.com;555-8215;2025/11/30;Platinum;2805;T03186;2025/12/09;387.29;387;;;;;
C0196;Aisha;Smith;aisha.smith196@example.com;555-8252;2024/01/03;Bronze;4226;T03187;2025/04/14;793.15;793;R6;VIP Event Access;5000;2025/11/04;5000
C0197;Emma;Green;emma.green197@example.com;555-8289;2025/03/20;Silver;11385;T03188;2025/02/22;24.01;24;;;;;
C0198;William;Moore;william.moore198@example.com;555-8326;2025/04/29;Gold;6882;T03189;2025/09/30;163.94;164;;;;;
C0199;Nomsa;Young;nomsa.young199@example.com;555-8363;2022/03/09;Platinum;1591;T03190;2025/06/13;188.72;189;;;;;
C0200;Sarah;Anderson;sarah.anderson200@example.com;555-8400;2025/01/30;Bronze;5389;T03191;2025/10/10;852.92;853;;;;;
C0201;James;Lewis;james.lewis201@example.com;555-8437;2025/10/13;Silver;14171;T03192;2025/03/07;233.5;234;;;;;
C0202;Amelia;Khumalo;amelia.khumalo202@example.com;555-0000;2023/01/14;Gold;12923;T03193;2025/12/11;650.52;651;R1;$10 Gift Voucher;500;2025/12/11;1000
C0203;Sipho;Wilson;sipho.wilson203@example.com;555-8511;2025/06/22;Platinum;12426;T03194;2025/11/20;558.36;558;;;;;
C0204;Daniel;Nkosi;daniel.nkosi204@example.com;555-8548;2023/09/15;Bronze;11643;T03195;2023/08/16;172.95;173;;;;;
C0205;EMILY;Williams;emily.williams205@example.com;555-8585;2024/05/10;Silver;11360;T03196;2025/07/26;759.62;760;;;;;
C0206;Samuel;Wright;samuel.wright206@example.com;555-8622;2025/06/25;Platnium;9112;T03197;2025/01/22;505.93;506;;;;;
C0207;Naledi;Martinez;naledi.martinez207@example.com;555-8659;2022/10/23;Platinum;12079;T03197;2025/06/13;331.69;332;R7;Wireless Earbuds;7500;2025/10/13;7500
C0208;Olivia;Hall;olivia.hall208@example.com;555-8696;2023/03/03;Bronze;8950;T03199;2025/08/11;420.19;420;R2;$10 Gift Voucher;1000;2025/09/19;1000
C0208;Olivia;Hall;olivia.hall208@example.com;555-8696;2023/03/03;Bronze;8950;T03199;2025/08/11;420.19;420;R2;$10 Gift Voucher;1000;2025/09/19;1000
C0210;Lerato;Clark;lerato.clark210@example.com;555-8770;2025/05/04;Gold;657;T03201;2025/03/06;0;1000;;;;;
C0211;Jessica;Naidoo;jessica.naidoo211@example.com;555-8807;2025/12/25;Platinum;3152;T03202;2025/12/05;172.23;172;;;;;
C0212;Robert;Taylor;robert.taylor212@example.com;555-8844;2022/07/21;Bronze;9008;T03203;2025/04/01;735.55;736;R3;Coffee Mug;1500;2025/07/15;1500
C0213;Grace;Dlamini; grace.dlamini213@example.com ;555-8881;2022/05/28;Silver;12878;T03204;2025/02/12;-210.25;210;R2;$10 Gift Voucher;1000;2025/09/05;1000
C0214;Peter;Johnson;peter.johnson214@example.com;555-8918;2025/12/19;Gold;11943;T03205;2025/12/09;747.31;747;R2;$10 Gift Voucher;1000;2025/02/07;1000
C0215;David;King;david.king215@example.com;555-8955;2025/03/25;Platinum;994;T03206;2025/06/20;63.48;63;;;;;
C0216;Charlotte;Brown;charlotte.brown216@example.com;555-8992;2024/01/23;Bronze;746;T03207;2025/09/11;633.19;633;;;;;
C0217;Thabo;Walker;thabo.walker217@example.com;555-9029;2024/12/21;Silver;14374;T03208;2025/05/07;564.18;564;R1;$5 Gift Voucher;500;2025/06/17;500
C0218;Michael;Pillay;michael.pillay218@example.com;555-9066;2022/07/22;Gold;7324;T03209;2025/04/05;103.29;103;;;;;
C0219;Sophia;Davis;sophia.davis219@example.com;555-9103;2025/02/26; Platinum ;7390;T03210;2025/11/22;646.95;647;;;;;
C0220;Thomas;Mokoena;thomas.mokoena220@example.com;555-9140;2022/08/02;Bronze;9795;T03211;2025/07/10;863.38;863;;;;;
C0221;Aisha;Smith;aisha.smith221@example.com;;2022/04/04;Silver;8863;T03212;2025/08/25;898.26;898;;;;;
C0222;Emma;Green;emma.green222@example.com;555-9214;2025/04/05;Gold;7807;T03213;2025/04/03;795.78;796;;;;;
C0223;William;Moore;william.moore223@example.com;555-9251;2025/01/20;Platinum;7106;T03214;2025/03/24;893.77;894;;;;;
C0224;Nomsa;Young;nomsa.young224@example.com;555-9288;2022/11/15;Bronze;14869;T03215;2025/01/08;792.05;792;;;;;
C0225;Sarah;Anderson;sarah.anderson225example.com;555-9325;2025/03/22;Silver;13562;T03216;2025/09/03;758.62;7590;;;;;
C0226;James;Lewis;james.lewis226@example.com;555-9362;2024/07/30;Gold;10920;T03217;2025/07/29;782.25;782;;;;;
C0227;Amelia;Khumalo;amelia.khumalo227@example.com;555-9399;2025/11/14;Platinum;9238;T03218;2025/05/28;327.87;328;;;;;
C0228;Sipho;Wilson;duplicate.customer@example.com;555-9436;2025/09/03;Bronze;12364;T03219;2025/12/28;497.94;498;;;;;
C0229;Daniel;Nkosi;daniel.nkosi229@example.com;555-9473;2024/12/17;Silver;3709;T03220;2025/03/13;662.08;662;R2;$10 Gift Voucher;1000;2025/06/05;1000
C0230;Emily;Williams;emily.williams230@example.com;555-9510;2022/03/03;Gold;6749;T03221;2025/09/12;68.96;69;R5;Free Shipping;750;2025/12/25;750
C0231;Samuel;Wright;samuel.wright231@example.com;555-9547;2025/05/11;Platinum;4045;T03222;2025/01/02;350.78;351;R5;Free Shipping;750;2025/03/24;750
C0232;Naledi;Martinez;naledi.martinez232@example.com;555-9584;2023/05/17;Bronze;4437;T03223;2025/08/02;51.03;51;;;;;
C0233;Olivia;Hall;olivia.hall233@example.com;555-0000;2023/11/26;Silver;9420;T03224;2025/06/28;940.61;941;;;;;
C0234;Joseph;Botha;;555-9658;2023/07/14;Gold;553;T03225;2025/07/17;456.51;457;R7;Wireless Earbuds;7500;2025/12/16;7500
C0235;Lerato;Clark;lerato.clark235@example.com;555-9695;2024/04/19;Platinum;10508;T03226;2025/11/04;562.87;563;;;;;
C0236;Jessica;Naidoo;jessica.naidoo236@example.com;555-9732;2024/07/12;Bronze;2736;T03227;2025/07/17;638.96;639;;;;;
C0237;Robert;Taylor;robert.taylor237@example.com;555-9769;2025/12/25;Silver;14741;T03228;2025/10/19;356.19;356;;;;;
C0238;Grace;Dlamini;grace.dlamini238@example.com;555-9806;2022/07/01;Gold;13281;T03229;2025/07/26;296.12;296;;;;;
C0239;Peter;Johnson;peter.johnson239@example.com;555-9843;2022/05/29;Platinum;1049;T03230;2025/03/13;838.13;838;;;;;
C0240;David;King;david.king240@example.com;555-9880;2025/12/18;Bronze;1225;T03231;2025/11/16;208.66;209;;;;;
C0241;Charlotte;Brown;CHARLOTTE.BROWN241@EXAMPLE.COM;555-9917;2022/06/12;Silver;14004;T03232;2025/01/20;115.01;-100;;;;;
C0242;Thabo;walker;thabo.walker242@example.com;555-9954;2023/12/22;gold;13688;T03233;2025/05/10;619.28;619;R3;Coffee Mug;1500;2025/04/26;1500
C0243;Michael;Pillay;michael.pillay243@example.com;555-9991;2022/03/23;Platinum;518;T03234;2025/04/06;596.42;596;;;;;
C0244;Sophia;Davis;sophia.davis244@example.com;555-1028;2022/05/17;Bronze;14650;T03235;2025/09/09;221.02;221;R5;Free Shipping;750;2025/12/19;750
C0245;Thomas;Mokoena;thomas.mokoena245@example.com;555-1065;2025/11/11;Silver;7985;T03236;2025/06/19;894.12;894;;;;;
C0246;Aisha;Smith;aisha.smith246@example.com;(555) 1102;2025/01/16;GOLD;14508;T03237;2025/04/26;50.36;50;;;;;
C0247;Emma;Green;emma.green247@example.com;555-1139;2022/04/15;Platinum;12969;T03238;2025/11/05;967.72;968;;;;;
C0248;William;Moore;william.moore248@example.com;555-1176;2025/04/06;Bronze;3703;T03238;2025/01/19;689.29;689;R99;Unknown Reward;999;2025/01/19;999
C0249;Nomsa;Young;nomsa.young249@example.com;555-1213;2024/10/01;Silver;8370;T03240;2025/01/24;412.97;413;;;;;
C0250;Sarah;Anderson;sarah.anderson250@example.com;555-1250;2023/09/23;Gold;8401;T03241;2025/04/05;320.34;320;R2;$10 Gift Voucher;1000;2025/12/19;1000
C0251;James;Lewis;james.lewis251@example.com;555-1287;2023/01/06;Platinum;13306;T03242;2025/02/15;295.05;295;;;;;
C0252;AMELIA;Khumalo;amelia.khumalo252@example.com;555-1324;2025/05/16;Bronze;7837;T03243;2025/07/06;907.59;908;;;;;
C0253;Sipho;Wilson;sipho.wilson253@example.com;555-1361;2025/01/11;Silver;4818;T03244;2025/05/05;423.16;423;;;;;
C0254; Daniel ;Nkosi;daniel.nkosi254@example.com;555-1398;2023/10/10;Gold;3950;T03245;2025/01/13;513.53;514;R6;VIP Event Access;5000;2025/05/31;5000
C0255;Emily;Williams;emily.williams255@example.com;555-1435;2023/12/20;Platinum;10165;T03246;2025/08/16;669.15;669;;;;;
C0256;Samuel;Wright;samuel.wright256@example.com;555-1472;;Bronze;11438;T03247;2025/10/17;82.18;82;;;;;
C0257;Naledi;Martinez;naledi.martinez257@example.com;555-1509;2023/11/18;Silver;13676;T03248;2025/11/25;397.09;397;R7;Wireless Earbuds;7500;2025/09/24;7500
C0258;Olivia;Hall;olivia.hall258@example.com;555-1546;2022/04/05;Gold;4920;T03249;2025/11/09;870.36;870;;;;;
C0258;Olivia;Hall;olivia.hall258@example.com;555-1546;2022/04/05;Gold;4920;T03249;2025/11/09;870.36;870;;;;;
C0260;Lerato;Clark;lerato.clark260@example.com;555-1620;2022/06/20;Bronze;1754;T03251;2025/12/06;312.66;313;;;;;
C0261;Jessica;Naidoo;jessica.naidoo261@example.com;555-1657;2025/12/22;Silver;5803;T03252;2025/08/09;563.9;564;;;;;
C0262;Robert;Taylor;robert.taylor262@example.com;555-1694;2024/10/22;Gold;3352;T03253;2025/11/11;732.55;733;;;;;
C0263;Grace;Dlamini;grace.dlamini263@example.com;555-1731;2025/08/04;Platinum;9578;T03254;2025/02/24;874.88;875;;;;;
C0264;Peter;Johnson;peter.johnson264@example.com;555-0000;2024/08/30;Bronze;4434;T03255;2025/11/05;435.06;435;R4;T-Shirt;2000;2025/07/09;2000
C0265;David;King;duplicate.customer@example.com;555-1805;2024/10/20;Silver;11452;T03256;2025/04/02;614.9;615;;;;;
C0266;Charlotte;Brown;charlotte.brown266@example.com;555-1842;2024/08/28;Gold;10495;T03257;2025/05/13;942.4;942;R5;Free Shipping;750;2025/10/18;750
;Thabo;Walker;thabo.walker267@example.com;555-1879;2022/05/26;Platinum;14634;T03258;2025/05/01;12.84;13;;;;;
C0268;Michael;Pillay;michael.pillay268@example.com;555-1916;2022/12/03;Bronze;969;T03259;2025/03/01;597.44;597;R4;T-Shirt;2000;2025/12/01;2000
 C0269 ;Sophia;Davis;sophia.davis269@example.com;555-1953;2023/10/17;Silver;5955;T03260;2025/03/07;470.64;471;R7;Wireless Earbuds;7500;2025/05/25;7500
C0270;Thomas;Mokoena;thomas.mokoena270@example.com;555-1990;2023/11/03;Gold;5671;T03261;2025/09/28;976.58;977;;;;;
C0271;Aisha;Smith;aisha.smith271@example.com;555-2027;2022/02/10;Platinum;9618;T03262;2025/11/28;813.83;814;;;;;
C0272;Emma;Green;emma.green272@example.com;555-2064;2022/01/08;Bronze;7731;T03263;2025/08/07;786.04;786;;;;;
C0273;William;Moore;william.moore273@example.com;555-2101;2024/12/16;Silver;14768;T03264;2025/07/08;715.16;715;R6;VIP Event Access;5000;2025/02/21;5000
C0274;Nomsa;Young;nomsa.young274@example.com;555-2138;2024/03/28;Gold;10426;T03265;2025/09/28;240.8;241;;;;;
C0275;Sarah;Anderson;sarah.anderson275@example.com;555-2175;2024/02/13;Platinum;8284;T03266;2024/01/14;555.69;556;;;;;
C0276;James;Lewis;james.lewis276@example.com;555-2212;2024/06/09;Bronze;5156;T03267;2025/01/11;282.06;282;R4;T-Shirt;2000;2025/12/15;2000
C0277;Amelia;Khumalo;;555-2249;2024/06/24;Silver;7427;T03268;2025/05/28;899.71;900;;;;;
C0278;Sipho;Wilson;sipho.wilson278@example.com;555-2286;2022/05/14;Gold;12390;T03269;2025/08/28;766.58;767;;;;;
C0279;Daniel;Nkosi;daniel.nkosi279@example.com;555-2323;2025/02/07;Platinum;-500;T03270;2025/02/10;61.95;62;;;;;
C0280;Emily;Williams;emily.williams280@example.com;555-2360;2022/01/02;Bronze;9057;T03271;2025/08/28;387.47;387;;;;;
C0281;Samuel;Wright;samuel.wright281@example.com;555-2397;2023/11/07;Silver;11028;T03272;2025/07/10;149.08;149;;;;;
C0282;Naledi;Martinez;naledi.martinez282@example.com;555-2434;2023/12/17;Gold;806;T03273;2025/05/12;357.0;357;;;;;
C0283;Olivia;Hall;olivia.hall283@example.com;555-2471;2025/02/06;Platinum;81;T03274;2025/08/15;528.35;528;;;;;
C0284;Joseph;Botha;joseph.botha284@example.com;555-2508;2024/04/16;Bronze;;T03275;2025/07/23;430.77;431;;;;;
C0285;Lerato;Clark;lerato.clark285@example.com;555-2545;2025/08/31;Silver;4902;T03276;2025/07/15;31.67;32;R2;$10 Gift Voucher;1000;2025/03/28;1000
C0286;Jessica;Naidoo;jessica.naidoo286@example.com;555-2582;2022/04/12;Gold;3335;;2025/02/23;111.24;111;;;;;
C0287;Robert;Taylor;robert.taylor287@example.com;555-2619;2023/02/25;Platinum;13721;T03278;2025/03/31;860.26;860;R7;;7500;;
C0288;Grace;Dlamini;grace.dlamini288@example.com;555-2656;2022/08/29;Bronze;12942;T03279;2025/05/09;276.18;276;;;;;
C0289;Peter;Johnson;peter.johnson289@example.com;555-2693;2022/01/23;Silver;622;T03279;2025/08/08;984.17;984;;;;;
C0290;David;King;david.king290@example.com;555-2730;2022/04/15;Gold;214;T03281;2025/03/09;851.46;851;R5;Free Shipping;750;2025/07/22;750
C0291;Charlotte;Brown;charlotte.brown291@example.com;555-2767;2024/12/19;Platinum;3326;T03282;2025/06/10;887.89;888;;;;;
C0292;Thabo;Walker;thabo.walker292example.com;555-2804;2022/06/19;Bronze;3560;T03283;2025/12/12;458.61;4590;;;;;
C0293;Michael;Pillay;michael.pillay293@example.com;555-2841;2023/09/28;Silver;4822;T03284;2025/04/16;14.72;15;;;;;
C0294;Sophia;Davis;sophia.davis294@example.com;;2023/10/09;Gold;7347;T03285;2025/03/02;906.41;906;;;;;
C0295;Thomas;mokoena;thomas.mokoena295@example.com;555-0000;2024/09/20;Platinum;12397;T03286;2025/07/21;198.59;199;;;;;
C0296;Aisha;Smith;aisha.smith296@example.com;555-2952;2025/10/03;;7397;T03287;2025/04/19;996.07;996;R5;Free Shipping;750;2025/09/24;750
C0297;Emma;Green;emma.green297@example.com;555-2989;2022/02/24;Silver;10012;T03288;2025/01/24;63.95;64;;Coffee Mug;1500;2025/01/24;1500
C0298;William;Moore;william.moore298@example.com;555-3026;2024/04/25;Gold;5190;T03289;2025/01/16;609.72;610;R2;$10 Gift Voucher;1000;2025/06/07;1000
C0299;NOMSA;Young;nomsa.young299@example.com;555-3063;2025/04/25;Platinum;2701;T03290;2025/10/28;982.83;983;R4;T-Shirt;2000;2025/09/07;2000
C0300;Sarah;Anderson;sarah.anderson300@example.com;555-3100;2025/03/05;Bronze;1449;T03291;2025/04/24;364.85;365;R2;$10 Gift Voucher;1000;2025/01/14;1000
C0301;James;Lewis;james.lewis301@example.com;555-3137;2023/08/23;Silver;2120;T03292;2025/07/16;559.62;560;R6;VIP Event Access;5000;2025/08/08;5000
C0302;Amelia;Khumalo; duplicate.customer@example.com ;555-3174;2024/11/03;Gold;736;T03293;2025/01/19;-905.89;906;;;;;
C0303;Sipho;Wilson;sipho.wilson303@example.com;555-3211;2022/11/07;platinum;11557;T03294;2025/11/29;205.99;206;;;;;
C0304;Daniel;Nkosi;daniel.nkosi304@example.com;555-3248;2023/05/18;Bronze;4074;T03295;2025/06/04;236.9;237;R7;Wireless Earbuds;7500;2025/12/23;7500
C0305;Emily;Williams;emily.williams305@example.com;555-3285;2025/06/09;Silver;14098;T03296;2025/11/02;485.99;486;R1;$10 Gift Voucher;500;2025/11/02;1000
C0306;;Wright;samuel.wright306@example.com;555-3322;2022/02/01;Gold;8391;T03297;2025/01/25;600.88;601;;;;;
C0307;Naledi;Martinez;naledi.martinez307@example.com;555-3359;2022/03/23;Platinum;2967;T03298;2025/11/24;0;361;R2;$10 Gift Voucher;1000;2025/09/21;1000
C0308;Olivia;Hall;olivia.hall308@example.com;555-3396;2022/06/16;Bronze;11427;T03299;2025/05/28;121.75;122;R1;$5 Gift Voucher;500;2025/08/06;500
C0308;Olivia;Hall;olivia.hall308@example.com;555-3396;2022/06/16;Bronze;11427;T03299;2025/05/28;121.75;122;R1;$5 Gift Voucher;500;2025/08/06;500
C0310;Lerato;Clark;lerato.clark310@example.com;555-3470;2022/05/03;Gold;9220;T03301;2025/08/23;250.39;250;;;;;
C0311;Jessica;Naidoo;jessica.naidoo311@example.com;555-3507;2023/12/14;Platinum;12765;T03302;2025/07/10;;140;;;;;
C0312;Robert;Taylor;robert.taylor312@example.com;555-3544;2023/10/02;Bronze;2799;T03303;2025/01/22;647.84;648;;;;;
C0313; Grace ;Dlamini;grace.dlamini313@example.com;555-3581;2022/02/08;Silver;426;T03304;2025/06/20;527.26;527;;;;;
C0314;Peter;Johnson;peter.johnson314@example.com;555-3618;2022/11/06;Gold;4955;T03305;2025/08/11;16.73;17;R3;Coffee Mug;1500;2025/10/09;1500
C0315;David;King;david.king315@example.com;555-3655;2025/11/20;Platinum;3543;T03306;2025/11/15;989.45;989;;;;;
C0316;Charlotte;Brown;charlotte.brown316@example.com;555-3692;2023/04/16;Bronze;4362;T03307;2025/10/08;217.94;218;;;;;
C0317;Thabo;Walker;thabo.walker317@example.com;555-3729;2022/03/02;Silver;8003;T03308;2025/08/29;379.9;380;R6;VIP Event Access;5000;2025/11/14;5000
C0318;Michael;Pillay;michael.pillay318@example.com;555-3766;2022/09/09;Gold;8835;T03309;2025/01/22;629.5;630;;;;;
C0319;Sophia;Davis;sophia.davis319@example.com;555-3803;2025/08/22;Platinum;6634;T03310;2025/12/17;991.21;991;;;;;
C0320;Thomas;Mokoena;;555-3840;2023/10/19;Bronze;4806;T03311;2025/03/27;301.57;302;;;;;
C0321;Aisha;Smith;aisha.smith321@example.com;555-3877;2025/05/28;Silver;12834;T03312;2025/09/06;523.07;523;;;;;
C0322;Emma;Green;emma.green322@example.com;555-3914;2024/02/18;Gold;8120;T03313;2025/11/02;514.05;514;;;;;
C0323;William;Moore;william.moore323@example.com;555-3951;2023/12/24;Platinum;5855;T03314;2025/07/04;456.85;457;R6;VIP Event Access;5000;2025/01/26;5000
C0324;Nomsa;Young;nomsa.young324@example.com;555-3988;2023/03/20;Bronze;1834;T03315;2025/03/19;714.58;715;;;;;
C0325;Sarah;Anderson;sarah.anderson325@example.com;555-4025;2025/04/12;Silver;9638;T03316;2025/12/23;171.81;172;R6;VIP Event Access;5000;2025/10/21;5000
C0326;James;Lewis;james.lewis326@example.com;555-0000;2025/05/31; Gold ;9675;T03317;2025/10/29;595.13;595;R5;Free Shipping;750;2025/05/20;750
C0327;Amelia;Khumalo;amelia.khumalo327@example.com;555-4099;2022/06/03;Platinum;6567;T03318;2025/07/28;232.54;233;R99;Unknown Reward;999;2025/07/28;999
C0328;Sipho;Wilson;sipho.wilson328@example.com;555-4136;2022/10/25;Bronze;13703;T03319;2025/01/03;694.72;695;;;;;
C0329;Daniel;Nkosi;daniel.nkosi329@example.com;(555) 4173;2022/05/20;SILVER;10292;T03320;2025/08/02;97.47;97;;;;;
C0330;Emily;Williams;emily.williams330@example.com;555-4210;2023/09/16;Gold;4387;T03320;2025/06/04;729.72;730;R3;Coffee Mug;1500;2025/06/30;1500
c0331;Samuel;Wright;samuel.wright331@example.com;555-4247;2023/07/08;Platinum;13187;T03322;2025/11/09;658.05;658;;;;;
C0332;Naledi;Martinez;naledi.martinez332@example.com;555-4284;2024/02/25;Bronze;7944;T03323;2025/07/04;697.46;697;R7;Wireless Earbuds;7500;2025/04/20;7500
C0333;Olivia;Hall;olivia.hall333@example.com;555-4321;2025/12/03;Silver;9239;T03324;2025/05/15;811.04;811;;;;;
C0334;Joseph;Botha;joseph.botha334@example.com;555-4358;2022/04/05;Gold;3884;T03325;2025/08/02;538.53;539;;;;;
C0335;Lerato;Clark;lerato.clark335@example.com;555-4395;2024/05/13;Platinum;132;T03326;2025/04/15;797.48;797;;;;;
C0336;Jessica;Naidoo;jessica.naidoo336@example.com;555-4432;2023/07/15;Bronze;13834;T03327;2025/12/17;685.91;686;;;;;
C0337;Robert;Taylor;robert.taylor337@example.com;555-4469;2022/02/26;Silver;12550;T03328;2025/07/30;524.84;525;R2;$10 Gift Voucher;1000;2025/03/30;1000
C0338;Grace;Dlamini;grace.dlamini338@example.com;555-4506;2022/11/20;Gold;1650;T03329;2025/03/04;412.18;412;;;;;
C0339;Peter;Johnson;duplicate.customer@example.com;555-4543;2023/02/02;Platinum;62;T03330;2025/05/03;127.85;128;;;;;
C0340;David;King;david.king340@example.com;555-4580;2023/03/03;Bronze;13520;T03331;2025/07/25;590.15;590;;;;;
C0341;Charlotte;Brown;charlotte.brown341@example.com;555-4617;2024/02/05;Silver;10369;T03332;2025/11/20;964.15;964;;;;;
C0342;Thabo;Walker;THABO.WALKER342@EXAMPLE.COM;555-4654;2022/03/04;Gold;1105;T03333;2025/09/17;324.1;-100;R2;$10 Gift Voucher;1000;2025/11/08;1000
C0343;Michael;Pillay;michael.pillay343@example.com;555-4691;2025/09/29;Platinum;1915;T03334;2025/06/17;264.93;265;;;;;
C0344;Sophia;Davis;sophia.davis344@example.com;555-4728;2024/07/05;Bronze;10715;T03335;2025/09/09;796.04;796;;;;;
C0345;Thomas;Mokoena;thomas.mokoena345@example.com;555-4765;2022/10/15;Platnium;4987;T03336;2025/11/21;204.59;205;;;;;
C0346;AISHA;Smith;aisha.smith346@example.com;555-4802;2024/10/11;Gold;9961;T03337;2024/09/11;151.85;152;;;;;
C0347;Emma;Green;emma.green347@example.com;555-4839;2023/05/07;Platinum;3019;T03338;2025/01/03;930.9;931;R3;Coffee Mug;1500;2025/04/14;1500
C0348;William;moore;william.moore348@example.com;555-4876;2022/01/23;Bronze;7380;T03339;2025/05/09;756.54;757;;;;;
C0349;Nomsa;;nomsa.young349@example.com;555-4913;2024/08/28;Silver;988;T03340;2025/12/13;39.94;40;;;;;
C0350;Sarah;Anderson;sarah.anderson350@example.com;555-4950;2023/01/13;Gold;8605;T03341;2025/06/30;940.62;941;;;;;
C0351;James;Lewis;james.lewis351@example.com;555-4987;2022/06/29;Platinum;2528;T03342;2025/04/27;691.38;691;R5;Free Shipping;750;2025/06/15;750
C0352;Amelia;Khumalo;amelia.khumalo352@example.com;555-5024;2023/06/30;Bronze;9643;T03343;2025/08/03;602.15;602;R3;Coffee Mug;1500;2025/07/28;1500
C0353;Sipho;Wilson;sipho.wilson353@example.com;555-5061;2025/07/14;Silver;421;T03344;2025/02/18;459.49;459;;;;;
C0354;Daniel;Nkosi;daniel.nkosi354@example.com;555-5098;2025/12/06;Gold;483;T03345;2025/08/02;207.68;208;;;;;
C0355;Emily;Williams;emily.williams355@example.com;555-5135;2023/08/02;Platinum;14465;T03346;2025/07/28;80.77;81;;;;;
C0356;Samuel;Wright;samuel.wright356@example.com;555-5172;2022/03/13;Bronze;12990;T03347;2025/06/25;315.99;316;R6;VIP Event Access;5000;2025/06/22;5000
C0357;Naledi;Martinez;naledi.martinez357@example.com;555-0000;2022/12/16;Silver;3158;T03348;2025/01/25;728.63;729;;;;;
C0358;Olivia;Hall;olivia.hall358@example.com;555-5246;2024/01/23;Gold;9159;T03349;2025/11/20;91.37;91;;;;;
C0358;Olivia;Hall;olivia.hall358@example.com;555-5246;2024/01/23;Gold;9159;T03349;2025/11/20;91.37;91;;;;;
C0360;Lerato;Clark;lerato.clark360@example.com;555-5320;2024/12/02;Bronze;8732;T03351;2025/10/05;21.32;21;;;;;
C0361;Jessica;Naidoo;jessica.naidoo361@example.com;555-5357;2023/07/24;Silver;14375;T03352;2025/09/12;346.97;347;;;;;
C0362;Robert;Taylor;robert.taylor362@example.com;555-5394;2025/04/17;Gold;4932;T03353;2025/04/10;119.36;119;;;;;
C0363;Grace;Dlamini;;555-5431;2023/12/09;Platinum;8580;T03354;2025/02/23;665.37;665;;;;;
C0364;Peter;Johnson;peter.johnson364@example.com;555-5468;2024/11/29;bronze;10442;T03355;2025/12/08;91.1;91;;;;;
C0365;David;King;david.king365@example.com;555-5505;2025/10/31;Silver;4241;T03356;2025/10/09;254.76;255;;;;;
C0366;Charlotte;Brown;charlotte.brown366@example.com;555-5542;2022/05/21;Gold;8480;T03357;2025/07/12;916.46;916;;;;;
C0367;Thabo;Walker;thabo.walker367@example.com;;2023/04/14;Platinum;13246;T03358;2025/03/29;717.87;718;;;;;
C0368;Michael;Pillay;michael.pillay368@example.com;555-5616;2025/07/05;Bronze;330;T03359;2025/02/09;728.49;728;R1;$5 Gift Voucher;500;2025/04/29;500
C0369;Sophia;Davis;sophia.davis369@example.com;555-5653;2022/11/19;Silver;194;T03360;2025/08/05;395.59;396;;;;;
C0370;Thomas;Mokoena;thomas.mokoena370@example.com;555-5690;2025/06/14;Gold;85;T03361;2025/06/25;841.56;842;;;;;
C0371;Aisha;Smith;aisha.smith371@example.com;555-5727;2023/02/16;Platinum;4111;T03361;2025/09/20;902.3;902;;;;;
C0372; Emma ;Green;emma.green372@example.com;555-5764;2023/05/26;Bronze;9135;T03363;2025/11/10;180.72;181;;;;;
C0373;William;Moore;william.moore373@example.com;555-5801;2024/12/20;Silver;220;T03364;2025/10/21;317.76;318;R2;$10 Gift Voucher;1000;2025/04/03;1000
C0374;Nomsa;Young;nomsa.young374@example.com;555-5838;2025/06/05;Gold;3796;T03365;2025/04/12;484.51;485;R3;Coffee Mug;1500;2025/04/22;1500
C0375;Sarah;Anderson;sarah.anderson375@example.com;555-5875;2023/07/21;Platinum;4313;T03366;2025/04/21;537.83;538;;;;;
C0376;James;Lewis;duplicate.customer@example.com;555-5912;2024/06/24;Bronze;9875;T03367;2025/01/23;147.65;148;;;;;
C0377;Amelia;Khumalo;amelia.khumalo377@example.com;555-5949;2023/05/25;Silver;1681;T03368;2025/09/29;285.5;286;;;;;
C0378;Sipho;Wilson;sipho.wilson378@example.com;555-5986;2024/08/03;Gold;1535;T03369;2025/01/10;327.86;328;;;;;
C0379;Daniel;Nkosi;daniel.nkosi379@example.com;555-6023;2025/07/23;Platinum;337;T03370;2025/05/24;455.31;455;;;;;
C0380;Emily;Williams;emily.williams380@example.com;555-6060;2024/09/18;Bronze;11325;T03371;2025/01/14;236.54;237;;;;;
C0381;Samuel;Wright;samuel.wright381@example.com;555-6097;2024/05/20;Silver;8391;T03372;2025/04/03;811.22;811;;;;;
C0382;Naledi;Martinez;naledi.martinez382@example.com;555-6134;2024/01/24;Gold;12805;T03373;2025/05/08;434.75;435;;;;;
C0383;Olivia;Hall;olivia.hall383@example.com;555-6171;2023/08/03;Platinum;8377;T03374;2025/04/08;889.29;889;R7;Wireless Earbuds;7500;2025/07/14;7500
C0384;Joseph;Botha;joseph.botha384@example.com;555-6208;2023/03/31;Bronze;9048;T03375;2025/11/12;108.64;109;;;;;
C0385;Lerato;Clark;lerato.clark385@example.com;555-6245;2022/03/07;Silver;12034;T03376;2025/02/05;640.25;640;;;;;
C0386;Jessica;Naidoo;jessica.naidoo386@example.com;555-6282;2024/03/25;Gold;10288;T03377;2025/09/23;675.01;675;R6;VIP Event Access;5000;2025/10/03;5000
C0387;Robert;Taylor;robert.taylor387@example.com;555-6319;2023/01/24;Platinum;11667;T03378;2025/11/10;274.27;274;;;;;
C0388;Grace;Dlamini;grace.dlamini388@example.com;555-0000;2025/06/22;Bronze;-500;T03379;2025/03/29;317.31;317;;;;;
C0389;Peter;Johnson;peter.johnson389@example.com;555-6393;2023/08/06;Silver;441;T03380;2025/10/27;462.3;462;;;;;
C0390;David;King;david.king390@example.com;555-6430;2025/02/09;Gold;8124;T03381;2025/07/17;322.75;323;R1;$5 Gift Voucher;500;2025/10/19;500
C0391;Charlotte;Brown; charlotte.brown391@example.com ;555-6467;2023/12/11;Platinum;11595;T03382;2025/10/11;-178.16;178;;;;;
C0392;Thabo;Walker;thabo.walker392@example.com;555-6504;2025/02/06;Bronze;1707;T03383;2025/11/25;851.13;851;;;;;
C0393;MICHAEL;Pillay;michael.pillay393@example.com;555-6541;2024/05/18;Silver;4983;T03384;2025/12/08;315.55;316;R4;T-Shirt;2000;2025/08/04;2000
C0394;Sophia;Davis;sophia.davis394@example.com;555-6578;2025/01/20;Gold;9379;T03385;2025/04/25;304.72;305;R4;T-Shirt;2000;2025/04/27;2000
C0395;Thomas;Mokoena;thomas.mokoena395@example.com;555-6615;2022/07/28;Platinum;13539;T03386;2025/02/03;271.31;271;;;;;
C0396;Aisha;Smith;aisha.smith396@example.com;555-6652;2024/04/25;Bronze;6081;T03387;2025/12/17;679.87;680;;;;;
C0397;Emma;Green;emma.green397@example.com;555-6689;2022/10/17;Silver;9391;T03388;2025/08/27;87.95;88;;;;;
C0398;William;Moore;william.moore398@example.com;555-6726;2024/09/17;Gold;9928;T03389;2025/02/10;316.68;317;R5;Free Shipping;750;2025/03/08;750
C0399;Nomsa;Young;nomsa.young399@example.com;555-6763;2022/12/15;Platinum;1104;;2025/05/14;349.09;349;R2;$10 Gift Voucher;1000;2025/01/31;1000
C0400;Sarah;Anderson;sarah.anderson400@example.com;555-6800;2025/05/14;Bronze;6882;T03391;2025/12/09;748.51;749;;;;;
C0401;James;lewis;james.lewis401@example.com;555-6837;2025/11/28;Silver;10253;T03392;2025/09/17;101.03;101;;;;;
C0402;Amelia;Khumalo;amelia.khumalo402@example.com;555-6874;2022/05/31;Gold;1736;T03393;2025/05/29;796.6;797;;;;;
C0403;Sipho;Wilson;sipho.wilson403@example.com;555-6911;2023/04/27;Platinum;3269;T03394;2025/07/24;986.51;987;;;;;
C0404;Daniel;Nkosi;daniel.nkosi404@example.com;555-6948;2023/11/29;Bronze;5818;T03395;2025/02/25;0;568;R4;T-Shirt;2000;2025/08/16;2000
C0405;Emily;Williams;emily.williams405@example.com;555-6985;2024/11/23;Silver;8105;T03396;2025/10/08;376.18;376;;;;;
C0406;Samuel;Wright;;555-7022;2024/02/29;Gold;8845;T03397;2025/06/28;898.39;898;R99;Unknown Reward;999;2025/06/28;999
C0407;Naledi;Martinez;naledi.martinez407@example.com;555-7059;2023/05/01;Platinum;9013;T03398;2025/11/06;257.23;257;;;;;
C0408;Olivia;Hall;olivia.hall408@example.com;555-7096;2022/07/22;Bronze;5715;T03399;2025/06/06;202.3;202;R1;$10 Gift Voucher;500;2025/06/06;1000
C0408;Olivia;Hall;olivia.hall408@example.com;555-7096;2022/07/22;Bronze;5715;T03399;2025/06/06;202.3;202;R1;$10 Gift Voucher;500;2025/06/06;1000
C0410;Lerato;Clark;lerato.clark410@example.com;555-7170;2023/11/11;Gold;6735;T03401;2025/10/04;681.52;682;;;;;
C0411;Jessica;Naidoo;jessica.naidoo411@example.com;555-7207;2024/04/16;Platinum;13487;T03402;2025/04/05;773.99;774;;;;;
C0412;Robert;Taylor;robert.taylor412@example.com;(555) 7244;2022/04/12;BRONZE;10941;T03402;2025/08/13;894.35;894;R7;Wireless Earbuds;7500;2025/12/18;7500
C0413;Grace;Dlamini;duplicate.customer@example.com;555-7281;2023/06/30;Silver;10498;T03404;2025/08/23;394.6;395;;;;;
C0414;Peter;Johnson;peter.johnson414@example.com;555-7318;2022/05/13;Gold;12489;T03405;2025/01/21;299.91;300;R3;Coffee Mug;1500;2025/02/10;1500
C0415;David;King;david.king415@example.com;555-7355;2025/10/30;Platinum;;T03406;2025/08/23;423.62;424;;;;;
C0416;Charlotte;Brown;charlotte.brown416@example.com;555-7392;2022/10/05;Bronze;12601;T03407;2025/04/17;509.36;509;;;;;
C0417;Thabo;Walker;thabo.walker417@example.com;555-7429;2024/01/14;Silver;4277;T03408;2023/12/15;111.58;112;;;;;
C0418;Michael;Pillay;michael.pillay418@example.com;555-7466;2022/07/08;Gold;11137;T03409;2025/06/24;306.91;307;R6;VIP Event Access;5000;2025/08/03;5000
C0419;Sophia;Davis;sophia.davis419@example.com;555-0000;2025/09/22;Platinum;3395;T03410;2025/04/11;397.32;397;;;;;
C0420;Thomas;Mokoena;thomas.mokoena420@example.com;555-7540;2022/05/11;Bronze;12143;T03411;2025/08/17;615.37;615;;;;;
C0421;Aisha;Smith;aisha.smith421@example.com;555-7577;2022/10/27;Silver;12688;T03412;2025/03/30;793.43;793;R5;Free Shipping;750;2025/02/18;750
C0422;Emma;Green;emma.green422@example.com;555-7614;2022/05/01;Gold;9080;T03413;2025/05/18;65.15;65;R5;Free Shipping;750;2025/11/27;750
C0423;William;Moore;william.moore423@example.com;555-7651;2025/02/17;Platinum;1244;T03414;2025/03/15;835.23;835;R3;Coffee Mug;1500;2025/06/07;1500
C0424;Nomsa;Young;nomsa.young424@example.com;555-7688;2023/05/19;Bronze;9647;T03415;2025/02/14;251.07;251;;;;;
C0425;Sarah;Anderson;sarah.anderson425@example.com;555-7725;2025/02/20;silver;11062;T03416;2025/05/20;732.45;732;;;;;
C0426;James;Lewis;james.lewis426example.com;555-7762;2025/11/30;Gold;8658;T03417;2025/06/04;695.65;6960;R7;Wireless Earbuds;7500;2025/07/28;7500
C0427;Amelia;Khumalo;amelia.khumalo427@example.com;555-7799;2023/01/14;Platinum;2517;T03418;2025/03/17;163.98;164;R2;$10 Gift Voucher;1000;2025/10/05;1000
C0428;Sipho;Wilson;sipho.wilson428@example.com;555-7836;2024/03/17;Bronze;4118;T03419;2025/07/02;11.48;11;R1;$5 Gift Voucher;500;2025/09/26;500
C0429;Daniel;Nkosi;daniel.nkosi429@example.com;555-7873;2022/08/13;Silver;5850;T03420;2025/08/31;647.26;647;;;;;
C0430;Emily;Williams;emily.williams430@example.com;555-7910;2024/04/24;Gold;609;T03421;2025/03/28;238.09;238;;;;;
C0431; Samuel ;Wright;samuel.wright431@example.com;555-7947;2024/11/13;Platinum;13882;T03422;2025/08/04;624.62;625;;;;;
 C0432 ;Naledi;Martinez;naledi.martinez432@example.com;555-7984;2023/11/16;Bronze;12011;T03423;2025/04/24;894.47;894;;;;;
C0433;Olivia;Hall;olivia.hall433@example.com;555-8021;2022/01/22; Silver ;7210;T03424;2025/04/06;988.41;988;R4;T-Shirt;2000;2025/01/05;2000
C0434;Joseph;Botha;joseph.botha434@example.com;555-8058;2023/03/01;Gold;5526;T03425;2025/08/27;144.56;145;;Coffee Mug;1500;2025/08/27;1500
C0435;Lerato;Clark;lerato.clark435@example.com;555-8095;2025/07/05;Platinum;977;T03426;2025/01/08;856.95;857;;;;;
C0436;Jessica;Naidoo;jessica.naidoo436@example.com;555-8132;2023/12/30;Bronze;6955;T03427;2025/01/18;132.06;132;R7;;7500;;
C0437;Robert;Taylor;robert.taylor437@example.com;555-8169;2023/02/01;Silver;1702;T03428;2025/08/18;141.06;141;R3;Coffee Mug;1500;2025/07/02;1500
C0438;Grace;Dlamini;grace.dlamini438@example.com;555-8206;2025/10/06;Gold;13039;T03429;2025/06/10;;865;;;;;
C0439;Peter;Johnson;peter.johnson439@example.com;555-8243;2023/03/23;Platinum;5964;T03430;2025/10/25;196.37;196;R5;Free Shipping;750;2025/12/21;750
C0440;DAVID;King;david.king440@example.com;;2022/04/18;Bronze;6125;T03431;2025/04/09;157.65;158;R7;Wireless Earbuds;7500;2025/11/25;7500
C0441;Charlotte;Brown;charlotte.brown441@example.com;555-8317;2023/04/18;Silver;7986;T03432;2025/06/27;97.32;97;R3;Coffee Mug;1500;2025/12/16;1500
C0442;Thabo;Walker;thabo.walker442@example.com;555-8354;2024/07/31;Gold;11600;T03433;2025/12/27;671.09;671;;;;;
C0443;Michael;Pillay;MICHAEL.PILLAY443@EXAMPLE.COM;555-8391;2024/12/20;Platinum;1309;T03434;2025/10/29;11.87;-100;;;;;
C0444;Sophia;Davis;sophia.davis444@example.com;555-8428;2022/12/31;Bronze;4585;T03435;2025/12/09;99.05;99;;;;;
C0445;Thomas;Mokoena;thomas.mokoena445@example.com;555-8465;2025/06/28;Silver;861;T03436;2025/05/31;157.74;158;;;;;
C0446;Aisha;Smith;aisha.smith446@example.com;555-8502;2024/03/06;Gold;108;T03437;2025/11/19;708.13;708;R2;$10 Gift Voucher;1000;2025/03/01;1000
C0447;Emma;Green;emma.green447@example.com;555-8539;;Platinum;13470;T03438;2025/05/11;366.12;366;R5;Free Shipping;750;2025/01/15;750
;William;Moore;william.moore448@example.com;555-8576;2022/03/26;Bronze;6514;T03439;2025/05/05;427.21;427;R1;$5 Gift Voucher;500;2025/06/10;500
C0449;Nomsa;Young;;555-8613;2022/07/10;Silver;5869;T03440;2025/04/23;309.02;309;R1;$5 Gift Voucher;500;2025/03/08;500
C0450;Sarah;Anderson;duplicate.customer@example.com;555-0000;2022/07/27;Gold;4186;T03441;2025/06/08;37.6;38;R7;Wireless Earbuds;7500;2025/06/29;7500
C0451;James;Lewis;james.lewis451@example.com;555-8687;2022/11/10;Platinum;10887;T03442;2025/12/05;216.26;216;;;;;
C0452;Amelia;Khumalo;amelia.khumalo452@example.com;555-8724;2023/05/09;Bronze;7651;T03443;2025/09/01;437.43;437;R5;Free Shipping;750;2025/05/05;750
C0453;Sipho;Wilson;sipho.wilson453@example.com;555-8761;2022/07/09;Silver;6550;T03443;2025/11/28;608.05;608;;;;;
C0454;Daniel;nkosi;daniel.nkosi454@example.com;555-8798;2023/02/20;Gold;7966;T03445;2025/06/29;505.28;505;;;;;
C0455;Emily;Williams;emily.williams455@example.com;555-8835;2023/09/04;Platinum;3918;T03446;2025/11/06;643.54;644;R3;Coffee Mug;1500;2025/04/22;1500
C0456;Samuel;Wright;samuel.wright456@example.com;555-8872;2024/08/07;Bronze;5200;T03447;2025/04/03;427.12;427;;;;;
C0457;Naledi;Martinez;naledi.martinez457@example.com;555-8909;2025/03/14;Silver;2956;T03448;2025/07/21;167.53;168;;;;;
C0458;Olivia;Hall;olivia.hall458@example.com;555-8946;2023/10/05;Gold;7491;T03449;2025/06/21;411.97;412;;;;;
C0458;Olivia;Hall;olivia.hall458@example.com;555-8946;2023/10/05;Gold;7491;T03449;2025/06/21;411.97;412;;;;;
C0460;Lerato;Clark;lerato.clark460@example.com;555-9020;2024/11/24;Bronze;10133;T03451;2025/04/13;557.46;557;R2;$10 Gift Voucher;1000;2025/03/25;1000
C0461;Jessica;Naidoo;jessica.naidoo461@example.com;555-9057;2024/10/27;Silver;13222;T03452;2025/03/23;201.61;202;;;;;
C0462;Robert;Taylor;robert.taylor462@example.com;555-9094;2025/11/28;Gold;10597;T03453;2025/02/12;964.98;965;;;;;
C0463;;Dlamini;grace.dlamini463@example.com;555-9131;2023/11/10;Platinum;3201;T03454;2025/04/16;513.78;514;R5;Free Shipping;750;2025/06/09;750
C0464;Peter;Johnson;peter.johnson464@example.com;555-9168;2022/02/20;Bronze;9538;T03455;2025/08/01;616.65;617;;;;;
C0465;David;King;david.king465@example.com;555-9205;2025/01/29;Silver;13202;T03456;2025/08/27;794.04;794;;;;;
C0466;Charlotte;Brown;charlotte.brown466@example.com;555-9242;2023/02/02;Gold;1278;T03457;2025/03/05;229.37;229;;;;;
C0467;Thabo;Walker;thabo.walker467@example.com;555-9279;2022/05/12;Platinum;13222;T03458;2025/11/09;667.37;667;R7;Wireless Earbuds;7500;2025/03/03;7500
C0468;Michael;Pillay;michael.pillay468@example.com;555-9316;2023/03/24;Bronze;8835;T03459;2025/10/08;994.04;994;R3;Coffee Mug;1500;2025/06/25;1500
C0469;Sophia;Davis;sophia.davis469@example.com;555-9353;2022/09/15;;10816;T03460;2025/03/11;324.03;324;R2;$10 Gift Voucher;1000;2025/06/11;1000
C0470;Thomas;Mokoena;thomas.mokoena470@example.com;555-9390;2023/03/14;Gold;12466;T03461;2025/11/26;846.05;846;;;;;
C0471;Aisha;Smith;aisha.smith471@example.com;555-9427;2023/08/18;Platinum;3139;T03462;2025/04/15;759.91;760;;;;;
C0472;Emma;Green;emma.green472@example.com;555-9464;2022/03/15;Bronze;2371;T03463;2025/10/12;275.16;275;;;;;
C0473;William;Moore;william.moore473@example.com;555-9501;2025/05/02;Silver;10580;T03464;2025/07/12;24.32;24;R5;Free Shipping;750;2025/01/23;750
C0474;Nomsa;Young;nomsa.young474@example.com;555-9538;2024/12/27;Gold;2593;T03465;2025/09/21;734.73;735;R1;$5 Gift Voucher;500;2025/05/30;500
C0475;Sarah;Anderson;sarah.anderson475@example.com;555-9575;2024/08/23;Platinum;14518;T03466;2025/12/16;504.63;505;R5;Free Shipping;750;2025/12/19;750
C0476;James;Lewis;james.lewis476@example.com;555-9612;2025/04/13;Bronze;14820;T03467;2025/12/25;462.98;463;;;;;
C0477;Amelia;Khumalo;amelia.khumalo477@example.com;555-9649;2023/04/29;Silver;8739;T03468;2025/09/21;468.45;468;R2;$10 Gift Voucher;1000;2025/10/09;1000
C0478;Sipho;Wilson;sipho.wilson478@example.com;555-9686;2023/04/17;Gold;8799;T03469;2025/02/02;425.71;426;;;;;
C0479;Daniel;Nkosi;daniel.nkosi479@example.com;555-9723;2022/03/31;Platinum;2774;T03470;2025/05/12;507.21;507;;;;;
C0480;Emily;Williams; emily.williams480@example.com ;555-9760;2025/12/30;Bronze;11475;T03471;2025/06/04;-784.73;785;;;;;
C0481;Samuel;Wright;samuel.wright481@example.com;555-0000;2023/11/18;Silver;1078;T03472;2025/12/15;541.47;541;R4;T-Shirt;2000;2025/03/20;2000
c0482;Naledi;Martinez;naledi.martinez482@example.com;555-9834;2023/09/13;Gold;10152;T03473;2025/01/23;444.05;444;R5;Free Shipping;750;2025/01/29;750
C0483;Olivia;Hall;olivia.hall483@example.com;555-9871;2025/05/12;Platinum;6827;T03474;2025/09/27;437.44;437;R5;Free Shipping;750;2025/11/07;750
C0484;Joseph;Botha;joseph.botha484@example.com;555-9908;2022/07/02;Platnium;10320;T03475;2025/04/05;559.44;559;;;;;
C0485;Lerato;Clark;lerato.clark485@example.com;555-9945;2025/07/04;Silver;3462;T03476;2025/07/14;732.86;733;R99;Unknown Reward;999;2025/07/14;999
C0486;Jessica;Naidoo;jessica.naidoo486@example.com;555-9982;2024/07/20;gold;7267;T03477;2025/02/27;364.6;365;R6;VIP Event Access;5000;2025/09/16;5000
C0487;ROBERT;Taylor;duplicate.customer@example.com;555-1019;2025/01/02;Platinum;6296;T03478;2025/05/14;456.8;457;;;;;
C0488;Grace;Dlamini;grace.dlamini488@example.com;555-1056;2024/08/21;Bronze;11474;T03479;2024/07/22;350.46;350;;;;;
C0489;Peter;Johnson;peter.johnson489@example.com;555-1093;2023/10/28;Silver;1287;T03480;2025/07/11;960.66;961;;;;;
C0490; David ;King;david.king490@example.com;555-1130;2022/11/14;Gold;855;T03481;2025/09/26;909.54;910;R2;$10 Gift Voucher;1000;2025/06/16;1000
C0491;Charlotte;Brown;charlotte.brown491@example.com;555-1167;2025/03/27;Platinum;3507;T03482;2025/12/11;230.69;231;R1;$5 Gift Voucher;500;2025/07/24;500
C0492;Thabo;Walker;;555-1204;2025/10/03;Bronze;6275;T03483;2025/09/25;998.59;999;;;;;
C0493;Michael;Pillay;michael.pillay493example.com;555-1241;2025/07/05;Silver;1978;T03484;2025/07/18;869.68;8700;;;;;
C0494;Sophia;Davis;sophia.davis494@example.com;555-1278;2022/09/21;Gold;12831;T03484;2025/02/17;118.1;118;R7;Wireless Earbuds;7500;2025/09/29;7500
C0495;Thomas;Mokoena;thomas.mokoena495@example.com;(555) 1315;2024/07/05;PLATINUM;149;T03486;2025/09/08;957.58;958;R6;VIP Event Access;5000;2025/05/06;5000
C0496;Aisha;Smith;aisha.smith496@example.com;555-1352;2025/10/26;Bronze;13108;T03487;2025/05/13;340.82;341;;;;;
C0497;Emma;Green;emma.green497@example.com;555-1389;2022/05/17;Silver;-500;T03488;2025/06/27;623.54;624;;;;;
C0498;William;Moore;william.moore498@example.com;555-1426;2023/07/31;Gold;7768;T03489;2025/01/30;432.75;433;R4;T-Shirt;2000;2025/03/20;2000
C0499;Nomsa;Young;nomsa.young499@example.com;555-1463;2025/12/06;Platinum;11368;T03490;2025/11/28;821.21;821;;;;;
C0500;Sarah;Anderson;sarah.anderson500@example.com;555-1500;2022/07/28;Bronze;10349;T03491;2025/11/07;862.29;862;R5;Free Shipping;750;2025/12/15;750
C0501;James;Lewis;james.lewis501@example.com;555-1537;2025/12/30;Silver;5063;T03492;2025/11/07;0;82;;;;;
C0502;Amelia;Khumalo;amelia.khumalo502@example.com;555-1574;2024/10/12;Gold;9140;T03493;2025/08/10;886.22;886;;;;;
C0503;Sipho;Wilson;sipho.wilson503@example.com;555-1611;2024/08/28;Platinum;13045;T03494;2025/10/17;825.14;825;;;;;
C0504;Daniel;Nkosi;daniel.nkosi504@example.com;555-1648;2022/10/16;Bronze;5632;T03495;2025/11/05;791.05;791;;;;;
C0505;Emily;Williams;emily.williams505@example.com;555-1685;2024/08/06;Silver;13232;T03496;2025/04/05;955.83;956;R6;VIP Event Access;5000;2025/04/18;5000
C0506;Samuel;Wright;samuel.wright506@example.com;555-1722;2024/11/14;Gold;10093;T03497;2025/10/03;915.93;916;;;;;
C0507;Naledi;martinez;naledi.martinez507@example.com;555-1759;2025/12/23;Platinum;11511;T03498;2025/10/20;455.76;456;;;;;
C0508;Olivia;Hall;olivia.hall508@example.com;555-1796;2023/03/03;Bronze;14808;T03499;2025/06/23;941.04;941;;;;;
C0508;Olivia;Hall;olivia.hall508@example.com;555-1796;2023/03/03;Bronze;14808;T03499;2025/06/23;941.04;941;;;;;
C0510;Lerato;Clark;lerato.clark510@example.com;555-1870;2023/07/25;Gold;14267;T03501;2025/01/22;221.16;221;;;;;
C0511;Jessica;Naidoo;jessica.naidoo511@example.com;555-1907;2022/12/02;Platinum;9579;T03502;2025/08/12;190.72;191;R1;$10 Gift Voucher;500;2025/08/12;1000
C0512;Robert;Taylor;robert.taylor512@example.com;555-0000;2025/02/22;Bronze;5025;;2025/04/04;409.04;409;;;;;
C0513;Grace;Dlamini;grace.dlamini513@example.com;;2025/07/23;Silver;6376;T03504;2025/01/04;977.31;977;;;;;
C0514;Peter;Johnson;peter.johnson514@example.com;555-2018;2023/01/16;Gold;2704;T03505;2025/03/15;941.85;942;;;;;
C0515;David;King;david.king515@example.com;555-2055;2023/04/23;Platinum;14853;T03506;2025/08/08;967.89;968;;;;;
C0516;Charlotte;;charlotte.brown516@example.com;555-2092;2022/06/27;Bronze;13846;T03507;2025/08/16;814.93;815;R7;Wireless Earbuds;7500;2025/01/04;7500
C0517;Thabo;Walker;thabo.walker517@example.com;555-2129;2024/01/18;Silver;11050;T03508;2025/05/17;691.06;691;R4;T-Shirt;2000;2025/08/25;2000
C0518;Michael;Pillay;michael.pillay518@example.com;555-2166;2022/06/27;Gold;11475;T03509;2025/05/28;561.71;562;;;;;
C0519;Sophia;Davis;sophia.davis519@example.com;555-2203;2025/05/13;Platinum;108;T03510;2025/01/16;474.51;475;;;;;
C0520;Thomas;Mokoena;thomas.mokoena520@example.com;555-2240;2023/08/25;Bronze;14088;T03511;2025/05/13;954.55;955;;;;;
C0521;Aisha;Smith;aisha.smith521@example.com;555-2277;2024/12/11;Silver;6394;T03512;2025/09/25;265.21;265;;;;;
C0522;Emma;Green;emma.green522@example.com;555-2314;2025/05/19;Gold;2002;T03513;2025/07/06;77.96;78;;;;;
C0523;William;Moore;william.moore523@example.com;555-2351;2024/11/18;Platinum;3014;T03514;2025/08/07;71.47;71;;;;;
C0524;Nomsa;Young;duplicate.customer@example.com;555-2388;2024/11/08;Bronze;13772;T03515;2025/12/16;475.93;476;;;;;
C0525;Sarah;Anderson;sarah.anderson525@example.com;555-2425;2025/01/06;Silver;12488;T03516;2025/04/19;984.93;985;;;;;
C0526;James;Lewis;james.lewis526@example.com;555-2462;2023/01/24;Gold;13608;T03517;2025/10/14;569.87;570;;;;;
C0527;Amelia;Khumalo;amelia.khumalo527@example.com;555-2499;2023/10/16;Platinum;4183;T03518;2025/10/19;570.1;570;;;;;
C0528;Sipho;Wilson;sipho.wilson528@example.com;555-2536;2025/08/12;Bronze;11542;T03519;2025/05/04;794.42;794;;;;;
C0529;Daniel;Nkosi;daniel.nkosi529@example.com;555-2573;2024/05/26;Silver;6944;T03520;2025/03/13;548.16;548;;;;;
C0530;Emily;Williams;emily.williams530@example.com;555-2610;2023/04/02;Gold;10022;T03521;2025/04/15;710.34;710;R4;T-Shirt;2000;2025/12/01;2000
C0531;Samuel;Wright;samuel.wright531@example.com;555-2647;2022/09/04;Platinum;8125;T03522;2025/07/19;794.75;795;;;;;
C0532;Naledi;Martinez;naledi.martinez532@example.com;555-2684;2025/01/03;Bronze;10711;T03523;2025/06/19;151.63;152;;;;;
C0533;Olivia;Hall;olivia.hall533@example.com;555-2721;2025/02/19;Silver;857;T03524;2025/07/18;272.0;272;;;;;
C0534;JOSEPH;Botha;joseph.botha534@example.com;555-2758;2025/12/04;Gold;1375;T03525;2025/11/03;914.7;915;R6;VIP Event Access;5000;2025/04/19;5000
C0535;Lerato;Clark;;555-2795;2022/10/02;Platinum;7779;T03525;2025/03/29;239.03;239;R7;Wireless Earbuds;7500;2025/12/21;7500
C0536;Jessica;Naidoo;jessica.naidoo536@example.com;555-2832;2025/04/12;Bronze;12838;T03527;2025/03/27;206.83;207;;;;;
C0537;Robert;Taylor;robert.taylor537@example.com;555-2869;2024/04/30;Silver;10827;T03528;2025/10/21;440.35;440;;;;;
C0538;Grace;Dlamini;grace.dlamini538@example.com;555-2906;2022/12/13;Gold;13310;T03529;2025/05/10;964.59;965;;;;;
C0539;Peter;Johnson;peter.johnson539@example.com;555-2943;2024/02/11;Platinum;12519;T03530;2025/05/04;595.76;596;;;;;
C0540;David;King;david.king540@example.com;555-2980;2022/03/11; Bronze ;128;T03531;2025/08/06;863.47;863;;;;;
C0541;Charlotte;Brown;charlotte.brown541@example.com;555-3017;2022/05/03;Silver;9515;T03532;2025/02/21;568.69;569;;;;;
C0542;Thabo;Walker;thabo.walker542@example.com;555-3054;2025/11/04;Gold;9481;T03533;2025/01/06;754.19;754;;;;;
C0543;Michael;Pillay;michael.pillay543@example.com;555-0000;2025/05/19;Platinum;96;T03534;2025/05/03;595.57;596;;;;;
C0544;Sophia;Davis;SOPHIA.DAVIS544@EXAMPLE.COM;555-3128;2022/02/21;Bronze;4347;T03535;2025/01/10;561.72;-100;R1;$5 Gift Voucher;500;2025/05/29;500
C0545;Thomas;Mokoena;thomas.mokoena545@example.com;555-3165;2022/08/28;Silver;4769;T03536;2025/01/20;595.59;596;;;;;
C0546;Aisha;Smith;aisha.smith546@example.com;555-3202;2023/03/24;Gold;;T03537;2025/05/14;340.25;340;R6;VIP Event Access;5000;2025/07/26;5000
C0547;Emma;Green;emma.green547@example.com;555-3239;2024/09/10;platinum;1128;T03538;2025/03/31;543.74;544;;;;;
C0548;William;Moore;william.moore548@example.com;555-3276;2022/10/05;Bronze;12570;T03539;2025/06/14;518.29;518;;;;;
C0549; Nomsa ;Young;nomsa.young549@example.com;555-3313;2023/01/07;Silver;14106;T03540;2025/12/17;477.04;477;;;;;
C0550;Sarah;Anderson;sarah.anderson550@example.com;555-3350;2024/07/07;Gold;14433;T03541;2025/01/23;588.88;589;R6;VIP Event Access;5000;2025/11/05;5000
C0551;James;Lewis;james.lewis551@example.com;555-3387;2024/06/14;Platinum;6354;T03542;2025/05/06;556.26;556;R5;Free Shipping;750;2025/11/05;750
C0552;Amelia;Khumalo;amelia.khumalo552@example.com;555-3424;2023/11/26;Bronze;16;T03543;2025/09/06;988.44;988;;;;;
C0553;Sipho;Wilson;sipho.wilson553@example.com;555-3461;2022/12/17;Silver;607;T03544;2025/08/31;322.38;322;;;;;
C0554;Daniel;Nkosi;daniel.nkosi554@example.com;555-3498;2024/03/07;Gold;9235;T03545;2025/10/03;100.13;100;;;;;
C0555;Emily;Williams;emily.williams555@example.com;555-3535;2024/06/01;Platinum;4105;T03546;2025/04/19;862.41;862;;;;;
C0556;Samuel;Wright;samuel.wright556@example.com;555-3572;2023/10/03;Bronze;11493;T03547;2025/12/25;485.81;486;R4;T-Shirt;2000;2025/12/07;2000
C0557;Naledi;Martinez;naledi.martinez557@example.com;555-3609;2022/06/01;Silver;7858;T03548;2025/03/26;945.73;946;R7;Wireless Earbuds;7500;2025/12/12;7500
C0558;Olivia;Hall;olivia.hall558@example.com;555-3646;2025/03/25;Gold;11313;T03549;2025/10/22;365.35;365;;;;;
C0558;Olivia;Hall;olivia.hall558@example.com;555-3646;2025/03/25;Gold;11313;T03549;2025/10/22;365.35;365;;;;;
C0560;Lerato;clark;lerato.clark560example.com;555-3720;2022/08/12;Bronze;12206;T03551;2025/02/01;213.44;2130;R1;$5 Gift Voucher;500;2025/07/27;500
C0561;Jessica;Naidoo;duplicate.customer@example.com;555-3757;2023/07/06;Silver;1155;T03552;2025/02/02;877.09;877;;;;;
C0562;Robert;Taylor;robert.taylor562@example.com;555-3794;2023/01/29;Gold;10480;T03553;2025/05/24;565.03;565;;;;;
C0563;Grace;Dlamini;grace.dlamini563@example.com;555-3831;2022/08/27;Platinum;2510;T03554;2025/07/19;866.97;867;;;;;
C0564;Peter;Johnson;peter.johnson564@example.com;555-3868;2024/11/30;Bronze;21;T03555;2025/04/11;458.66;459;R99;Unknown Reward;999;2025/04/11;999
C0565;David;King;david.king565@example.com;555-3905;2022/09/09;Silver;419;T03556;2025/03/28;;483;;;;;
C0566;Charlotte;Brown;charlotte.brown566@example.com;555-3942;2022/08/30;Gold;6276;T03557;2025/12/25;535.74;536;;;;;
C0567;Thabo;Walker;thabo.walker567@example.com;555-3979;2025/06/18;Platinum;12519;T03558;2025/01/19;525.42;525;R1;$5 Gift Voucher;500;2025/09/14;500
C0568;Michael;Pillay;michael.pillay568@example.com;555-4016;2025/07/28;Bronze;12256;T03559;2025/04/27;808.46;808;;;;;
C0569;Sophia;Davis; sophia.davis569@example.com ;555-4053;2024/10/14;Silver;6651;T03560;2025/10/01;-633.12;633;;;;;
C0570;Thomas;Mokoena;thomas.mokoena570@example.com;555-4090;2023/04/08;Gold;14829;T03561;2025/07/14;966.13;966;;;;;
C0571;Aisha;Smith;aisha.smith571@example.com;555-4127;2023/06/11;Platinum;4646;T03562;2025/03/23;512.74;513;;Coffee Mug;1500;2025/03/23;1500
C0572;Emma;Green;emma.green572@example.com;555-4164;2022/11/10;Bronze;4499;T03563;2025/01/02;78.11;78;;;;;
C0573;William;Moore;william.moore573@example.com;555-4201;2022/07/23;Silver;1030;T03564;2025/06/24;414.08;414;R5;Free Shipping;750;2025/12/17;750
C0574;Nomsa;Young;nomsa.young574@example.com;555-0000;2025/10/07;Gold;8753;T03565;2025/03/20;911.3;911;;;;;
C0575;Sarah;Anderson;sarah.anderson575@example.com;555-4275;2025/04/26;Platinum;14162;T03566;2025/11/15;600.4;600;R4;T-Shirt;2000;2025/12/17;2000
C0576;James;Lewis;james.lewis576@example.com;555-4312;2022/01/01;Bronze;4837;T03566;2025/03/09;116.86;117;R1;$5 Gift Voucher;500;2025/04/11;500
C0577;Amelia;Khumalo;amelia.khumalo577@example.com;555-4349;2024/12/15;Silver;14316;T03568;2025/05/25;134.24;134;;;;;
C0578;Sipho;Wilson;;(555) 4386;2022/10/16;GOLD;3910;T03569;2025/10/15;562.68;563;;;;;
C0579;Daniel;Nkosi;daniel.nkosi579@example.com;555-4423;2025/11/12;Platinum;11141;T03570;2025/10/08;867.29;867;;;;;
C0580;Emily;Williams;emily.williams580@example.com;555-4460;2024/02/03;Bronze;9883;T03571;2025/12/07;556.79;557;;;;;
C0581;SAMUEL;Wright;samuel.wright581@example.com;555-4497;2023/04/09;Silver;10590;T03572;2025/04/03;356.17;356;;;;;
C0582;Naledi;Martinez;naledi.martinez582@example.com;555-4534;2023/02/04;Gold;3237;T03573;2025/03/07;534.87;535;;;;;
C0583;Olivia;Hall;olivia.hall583@example.com;555-4571;2022/07/05;Platinum;14569;T03574;2025/03/03;557.12;557;R1;$5 Gift Voucher;500;2025/06/21;500
C0584;Joseph;Botha;joseph.botha584@example.com;555-4608;2023/11/10;Bronze;5537;T03575;2025/03/09;279.73;280;;;;;
C0585;Lerato;Clark;lerato.clark585@example.com;555-4645;2023/01/31;Silver;10825;T03576;2025/05/20;124.05;124;R7;;7500;;
C0586;Jessica;Naidoo;jessica.naidoo586@example.com;;2024/08/20;Gold;11080;T03577;2025/06/28;795.49;795;;;;;
C0587;Robert;Taylor;robert.taylor587@example.com;555-4719;2023/07/10;Platinum;12035;T03578;2025/08/27;414.32;414;R2;$10 Gift Voucher;1000;2025/07/10;1000
C0588;Grace;Dlamini;grace.dlamini588@example.com;555-4756;2025/05/20;Bronze;6908;T03579;2025/07/19;816.22;816;;;;;
C0589;Peter;Johnson;peter.johnson589@example.com;555-4793;2023/04/08;Silver;1506;T03580;2025/05/22;458.06;458;;;;;
C0590;David;King;david.king590@example.com;555-4830;2023/05/16;Gold;4226;T03581;2025/12/12;849.63;850;R2;$10 Gift Voucher;1000;2025/07/29;1000
C0591;Charlotte;Brown;charlotte.brown591@example.com;555-4867;2024/02/21;Platinum;9636;T03582;2025/01/24;522.6;523;;;;;
C0592;Thabo;Walker;thabo.walker592@example.com;555-4904;2023/12/29;Bronze;8425;T03583;2025/06/11;343.54;344;;;;;
C0593;Michael;Pillay;michael.pillay593@example.com;555-4941;2024/03/13;Silver;5921;T03584;2025/07/15;946.76;947;R5;Free Shipping;750;2025/03/12;750
C0594;Sophia;Davis;sophia.davis594@example.com;555-4978;2024/11/13;Gold;6917;T03585;2025/02/04;83.34;83;R1;$5 Gift Voucher;500;2025/02/23;500
 C0595 ;Thomas;Mokoena;thomas.mokoena595@example.com;555-5015;2023/11/07;Platinum;4540;T03586;2025/05/16;953.67;954;;;;;
C0596;Aisha;Smith;aisha.smith596@example.com;555-5052;2022/06/14;Bronze;3983;T03587;2025/04/15;618.31;618;R5;Free Shipping;750;2025/07/27;750
C0597;Emma;Green;emma.green597@example.com;555-5089;2022/12/20;Silver;13085;T03588;2025/12/04;571.88;572;;;;;
C0598;William;Moore;duplicate.customer@example.com;555-5126;2025/03/08;Gold;2968;T03589;2025/05/27;0;70;;;;;
C0599;Nomsa;Young;nomsa.young599@example.com;555-5163;2023/04/01;Platinum;4519;T03590;2025/03/05;805.09;805;R6;VIP Event Access;5000;2025/08/24;5000
C0600;Sarah;Anderson;sarah.anderson600@example.com;555-5200;2022/07/07;Bronze;9748;T03591;2025/06/07;355.07;355;;;;;
C0601;James;Lewis;james.lewis601@example.com;555-5237;2024/12/30;Silver;11736;T03592;2025/01/30;984.77;985;;;;;
C0602;Amelia;Khumalo;amelia.khumalo602@example.com;555-5274;2023/10/17;Gold;7363;T03593;2025/09/19;395.45;395;;;;;
C0603;Sipho;Wilson;sipho.wilson603@example.com;555-5311;2023/12/21;Platinum;10268;T03594;2025/11/26;158.25;158;;;;;
C0604;Daniel;Nkosi;daniel.nkosi604@example.com;555-5348;2024/07/22;Bronze;624;T03595;2025/04/04;712.31;712;R6;VIP Event Access;5000;2025/01/26;5000
C0605;Emily;Williams;emily.williams605@example.com;555-0000;2024/01/28;Silver;8320;T03596;2025/06/22;740.66;741;;;;;
C0606;Samuel;Wright;samuel.wright606@example.com;555-5422;2022/03/13;Gold;-500;T03597;2025/08/23;703.41;703;R2;$10 Gift Voucher;1000;2025/06/24;1000
C0607;Naledi;Martinez;naledi.martinez607@example.com;555-5459;2024/02/16;Platinum;10076;T03598;2025/06/08;907.37;907;R7;Wireless Earbuds;7500;2025/05/13;7500
C0608; Olivia ;Hall;olivia.hall608@example.com;555-5496;2022/11/27;bronze;650;T03599;2025/08/13;969.06;969;;;;;
C0608; Olivia ;Hall;olivia.hall608@example.com;555-5496;2022/11/27;bronze;650;T03599;2025/08/13;969.06;969;;;;;
C0610;Lerato;Clark;lerato.clark610@example.com;555-5570;2022/06/19;Gold;6301;T03601;2025/02/12;905.35;905;;;;;
C0611;Jessica;Naidoo;jessica.naidoo611@example.com;555-5607;2024/02/28;Platinum;7431;T03602;2025/01/18;105.36;105;;;;;
C0612;Robert;Taylor;robert.taylor612@example.com;555-5644;2024/03/03;Bronze;8874;T03603;2025/12/21;734.62;735;;;;;
C0613;Grace;dlamini;grace.dlamini613@example.com;555-5681;2023/08/01;Silver;5420;T03604;2025/08/19;200.27;200;R6;VIP Event Access;5000;2025/12/12;5000
C0614;Peter;Johnson;peter.johnson614@example.com;555-5718;2023/01/23;Gold;8163;T03605;2025/02/04;545.73;546;R1;$10 Gift Voucher;500;2025/02/04;1000
C0615;David;King;david.king615@example.com;555-5755;2023/04/15;Platinum;13928;T03606;2025/03/09;210.13;210;;;;;
C0616;Charlotte;Brown;charlotte.brown616@example.com;555-5792;2024/04/02;Bronze;13304;T03607;2025/06/18;276.99;277;;;;;
C0617;Thabo;Walker;thabo.walker617@example.com;555-5829;2024/02/11;Silver;3843;T03607;2025/04/07;979.35;979;;;;;
C0618;Michael;Pillay;michael.pillay618@example.com;555-5866;2025/09/29;Gold;6714;T03609;2025/06/21;90.26;90;;;;;
C0619;Sophia;Davis;sophia.davis619@example.com;555-5903;2022/02/02;Platinum;8321;T03610;2025/10/28;484.91;485;;;;;
C0620;;Mokoena;thomas.mokoena620@example.com;555-5940;2022/12/15;Bronze;13519;T03611;2025/04/17;962.86;963;;;;;
C0621;Aisha;Smith;;555-5977;2022/05/30;Silver;7117;T03612;2025/09/11;562.26;562;R4;T-Shirt;2000;2025/11/16;2000
C0622;Emma;Green;emma.green622@example.com;555-6014;2022/07/12;Gold;3221;T03613;2025/11/05;575.8;576;;;;;
C0623;William;Moore;william.moore623@example.com;555-6051;2022/11/14;Platnium;3051;T03614;2025/02/13;692.8;693;R1;$5 Gift Voucher;500;2025/04/24;500
C0624;Nomsa;Young;nomsa.young624@example.com;555-6088;2023/11/15;Bronze;3459;T03615;2025/03/22;380.54;381;;;;;
C0625;Sarah;Anderson;sarah.anderson625@example.com;555-6125;2024/08/16;Silver;3266;;2025/12/29;865.84;866;R4;T-Shirt;2000;2025/12/16;2000
C0626;James;Lewis;james.lewis626@example.com;555-6162;2022/07/27;Gold;1026;T03617;2025/05/13;754.94;755;;;;;
C0627;Amelia;Khumalo;amelia.khumalo627example.com;555-6199;2022/01/02;Platinum;10320;T03618;2025/08/02;663.58;6640;;;;;
C0628;SIPHO;Wilson;sipho.wilson628@example.com;555-6236;2022/09/24;Bronze;7355;T03619;2025/06/11;277.58;278;R3;Coffee Mug;1500;2025/06/23;1500
;Daniel;Nkosi;daniel.nkosi629@example.com;555-6273;2022/08/19;Silver;10900;T03620;2025/09/02;877.26;877;R7;Wireless Earbuds;7500;2025/12/05;7500
C0630;Emily;Williams;emily.williams630@example.com;555-6310;2023/10/20;Gold;26;T03621;2023/09/20;937.43;937;R5;Free Shipping;750;2025/05/13;750
C0631;Samuel;Wright;samuel.wright631@example.com;555-6347;2025/05/12;Platinum;1739;T03622;2025/11/02;418.87;419;;;;;
C0632;Naledi;Martinez;naledi.martinez632@example.com;555-6384;2024/06/13;Bronze;8016;T03623;2025/02/23;178.49;178;;;;;
c0633;Olivia;Hall;olivia.hall633@example.com;555-6421;2024/04/25;Silver;8489;T03624;2025/07/21;735.16;735;;;;;
C0634;Joseph;Botha;joseph.botha634@example.com;555-6458;2023/01/02;Gold;4527;T03625;2025/12/10;540.17;540;R3;Coffee Mug;1500;2025/02/07;1500
C0635;Lerato;Clark;duplicate.customer@example.com;555-6495;2022/06/15;Platinum;622;T03626;2025/08/21;466.97;467;R3;Coffee Mug;1500;2025/12/29;1500
C0636;Jessica;Naidoo;jessica.naidoo636@example.com;555-0000;2025/08/01;Bronze;5307;T03627;2025/12/19;72.93;73;;;;;
C0637;Robert;Taylor;robert.taylor637@example.com;555-6569;2023/03/01;Silver;13854;T03628;2025/12/05;408.86;409;;;;;
C0638;Grace;Dlamini;grace.dlamini638@example.com;555-6606;;Gold;7861;T03629;2025/06/07;534.3;534;R7;Wireless Earbuds;7500;2025/12/30;7500
C0639;Peter;Johnson;peter.johnson639@example.com;555-6643;2022/12/12;Platinum;3575;T03630;2025/02/13;38.38;38;;;;;
C0640;David;King;david.king640@example.com;555-6680;2022/10/07;Bronze;14023;T03631;2025/06/23;208.67;209;;;;;
C0641;Charlotte;Brown;charlotte.brown641@example.com;555-6717;2023/05/30;Silver;11358;T03632;2025/05/03;225.12;225;R2;$10 Gift Voucher;1000;2025/04/15;1000
C0642;Thabo;Walker;thabo.walker642@example.com;555-6754;2025/12/15;;1222;T03633;2025/02/19;253.43;253;R6;VIP Event Access;5000;2025/09/29;5000
C0643;Michael;Pillay;michael.pillay643@example.com;555-6791;2025/01/21;Platinum;12686;T03634;2025/07/13;475.09;475;R99;Unknown Reward;999;2025/07/13;999
C0644;Sophia;Davis;sophia.davis644@example.com;555-6828;2022/07/10;Bronze;9490;T03635;2025/05/01;239.54;240;;;;;
C0645;Thomas;Mokoena;THOMAS.MOKOENA645@EXAMPLE.COM;555-6865;2022/01/05;Silver;13736;T03636;2025/01/13;936.26;-100;;;;;
C0646;Aisha;Smith;aisha.smith646@example.com;555-6902;2025/01/21;Gold;7401;T03637;2025/02/12;180.61;181;R3;Coffee Mug;1500;2025/01/26;1500
C0647;Emma;Green;emma.green647@example.com;555-6939;2024/06/12; Platinum ;404;T03638;2025/01/16;693.51;694;;;;;
C0648;William;Moore;william.moore648@example.com;555-6976;2022/01/04;Bronze;14392;T03639;2025/03/01;116.33;116;R5;Free Shipping;750;2025/12/19;750
C0649;Nomsa;Young;nomsa.young649@example.com;555-7013;2022/02/24;Silver;13468;T03640;2025/11/19;516.09;516;;;;;
C0650;Sarah;Anderson;sarah.anderson650@example.com;555-7050;2023/07/07;Gold;13044;T03641;2025/04/14;836.89;837;;;;;
C0651;James;Lewis;james.lewis651@example.com;555-7087;2024/07/22;Platinum;6359;T03642;2025/11/27;585.78;586;;;;;
C0652;Amelia;Khumalo;amelia.khumalo652@example.com;555-7124;2025/08/20;Bronze;2449;T03643;2025/12/08;386.24;386;;;;;
C0653;Sipho;Wilson;sipho.wilson653@example.com;555-7161;2022/02/13;Silver;308;T03644;2025/01/05;91.93;92;R6;VIP Event Access;5000;2025/10/26;5000
C0654;Daniel;Nkosi;daniel.nkosi654@example.com;555-7198;2025/05/16;Gold;203;T03645;2025/11/21;562.21;562;;;;;
C0655;Emily;Williams;emily.williams655@example.com;555-7235;2022/11/07;Platinum;991;T03646;2025/11/23;390.71;391;R1;$5 Gift Voucher;500;2025/07/23;500
C0656;Samuel;Wright;samuel.wright656@example.com;555-7272;2024/12/18;Bronze;11928;T03647;2025/11/15;135.71;136;;;;;
C0657;Naledi;Martinez;naledi.martinez657@example.com;555-7309;2024/03/03;Silver;1869;T03648;2025/07/16;199.05;199;R2;$10 Gift Voucher;1000;2025/06/20;1000
C0658;Olivia;Hall; olivia.hall658@example.com ;555-7346;2024/01/16;Gold;4496;T03648;2025/01/06;-92.8;93;;;;;
C0658;Olivia;Hall; olivia.hall658@example.com ;555-7346;2024/01/16;Gold;4496;T03648;2025/01/06;-92.8;93;;;;;
C0660;Lerato;Clark;lerato.clark660@example.com;555-7420;2024/08/21;Bronze;10016;T03651;2025/11/01;274.43;274;R6;VIP Event Access;5000;2025/04/21;5000
C0661;Jessica;Naidoo;jessica.naidoo661@example.com;(555) 7457;2025/07/15;SILVER;3053;T03652;2025/11/03;670.62;671;;;;;
C0662;Robert;Taylor;robert.taylor662@example.com;555-7494;2023/10/20;Gold;3468;T03653;2025/08/18;389.82;390;;;;;
C0663;Grace;Dlamini;grace.dlamini663@example.com;555-7531;2023/04/09;Platinum;64;T03654;2025/09/29;37.55;38;;;;;
C0664;Peter;Johnson;;555-7568;2024/08/06;Bronze;12848;T03655;2025/02/08;940.92;941;R3;Coffee Mug;1500;2025/09/28;1500
C0665;David;King;david.king665@example.com;555-7605;2025/11/11;Silver;9018;T03656;2025/10/06;373.04;373;;;;;
C0666;Charlotte;brown;charlotte.brown666@example.com;555-7642;2023/06/13;Gold;10022;T03657;2025/11/21;853.92;854;;;;;
C0667; Thabo ;Walker;thabo.walker667@example.com;555-0000;2025/12/26;Platinum;5412;T03658;2025/07/10;13.22;13;;;;;
C0668;Michael;Pillay;michael.pillay668@example.com;555-7716;2024/06/17;Bronze;9503;T03659;2025/06/09;197.67;198;;;;;
C0669;Sophia;Davis;sophia.davis669@example.com;555-7753;2024/11/23;silver;8917;T03660;2025/06/21;466.17;466;;;;;
C0670;Thomas;Mokoena;thomas.mokoena670@example.com;555-7790;2024/06/27;Gold;3510;T03661;2025/05/05;956.71;957;;;;;
C0671;Aisha;Smith;aisha.smith671@example.com;555-7827;2023/06/28;Platinum;12137;T03662;2025/08/02;189.45;189;;;;;
C0672;Emma;Green;duplicate.customer@example.com;555-7864;2025/01/08;Bronze;1740;T03663;2025/06/17;40.35;40;;;;;
C0673;William;Moore;william.moore673@example.com;555-7901;2025/04/08;Silver;6029;T03664;2025/02/22;548.09;548;;;;;
C0674;Nomsa;Young;nomsa.young674@example.com;555-7938;2023/02/25;Gold;3817;T03665;2025/03/16;91.98;92;;;;;
C0675;SARAH;Anderson;sarah.anderson675@example.com;555-7975;2023/01/04;Platinum;9344;T03666;2025/05/07;627.36;627;R1;$5 Gift Voucher;500;2025/08/11;500
C0676;James;Lewis;james.lewis676@example.com;555-8012;2024/09/14;Bronze;6945;T03667;2025/06/28;598.25;598;;;;;
C0677;Amelia;Khumalo;amelia.khumalo677@example.com;555-8049;2024/12/30;Silver;;T03668;2025/06/11;414.27;414;;;;;
C0678;Sipho;Wilson;sipho.wilson678@example.com;555-8086;2023/07/14;Gold;9417;T03669;2025/05/16;661.81;662;;;;;
C0679;Daniel;Nkosi;daniel.nkosi679@example.com;555-8123;2023/04/18;Platinum;6359;T03670;2025/01/26;254.05;254;;;;;
C0680;Emily;Williams;emily.williams680@example.com;555-8160;2023/05/20;Bronze;7060;T03671;2025/02/16;500.21;500;;;;;
C0681;Samuel;Wright;samuel.wright681@example.com;555-8197;2023/02/20;Silver;1047;T03672;2025/02/25;135.37;135;R2;$10 Gift Voucher;1000;2025/03/03;1000
C0682;Naledi;Martinez;naledi.martinez682@example.com;555-8234;2025/05/27;Gold;5168;T03673;2025/01/06;443.71;444;R1;$5 Gift Voucher;500;2025/05/05;500
C0683;Olivia;;olivia.hall683@example.com;555-8271;2022/01/17;Platinum;6064;T03674;2025/07/30;757.32;757;;;;;
C0684;Joseph;Botha;joseph.botha684@example.com;555-8308;2023/06/22;Bronze;13746;T03675;2025/06/09;859.47;859;;;;;
C0685;Lerato;Clark;lerato.clark685@example.com;555-8345;2023/12/26;Silver;10528;T03676;2025/04/29;141.28;141;;;;;
C0686;Jessica;Naidoo;jessica.naidoo686@example.com;555-8382;2024/05/30;Gold;1702;T03677;2025/12/25;244.55;245;;;;;
C0687;Robert;Taylor;robert.taylor687@example.com;555-8419;2024/03/18;Platinum;8128;T03678;2025/05/20;400.45;400;;;;;
C0688;Grace;Dlamini;grace.dlamini688@example.com;555-8456;2025/09/16;Bronze;10807;T03679;2025/07/24;529.26;529;;;;;
C0689;Peter;Johnson;peter.johnson689@example.com;555-8493;2023/09/09;Silver;3195;T03680;2025/04/17;511.23;511;R1;$5 Gift Voucher;500;2025/05/29;500
C0690;David;King;david.king690@example.com;555-8530;2023/12/07;Gold;8663;T03681;2025/05/06;966.62;967;R6;VIP Event Access;5000;2025/08/04;5000
C0691;Charlotte;Brown;charlotte.brown691@example.com;555-8567;2022/01/31;Platinum;6542;T03682;2025/12/19;121.16;121;;;;;
C0692;Thabo;Walker;thabo.walker692@example.com;555-8604;2025/08/29;Bronze;10081;T03683;2025/07/23;;775;R6;VIP Event Access;5000;2025/09/06;5000
C0693;Michael;Pillay;michael.pillay693@example.com;555-8641;2023/06/30;Silver;9500;T03684;2025/02/16;166.44;166;;;;;
C0694;Sophia;Davis;sophia.davis694example.com;555-8678;2024/05/05;Gold;10667;T03685;2025/09/05;648.06;6480;;;;;
C0695;Thomas;Mokoena;thomas.mokoena695@example.com;555-8715;2024/10/15;Platinum;114;T03686;2025/02/26;0;845;;;;;
C0696;Aisha;Smith;aisha.smith696@example.com;555-8752;2024/09/18;Bronze;10317;T03687;2025/11/25;622.04;622;;;;;
C0697;Emma;Green;emma.green697@example.com;555-8789;2024/10/20;Silver;617;T03688;2025/02/24;468.47;468;R4;T-Shirt;2000;2025/08/15;2000
C0698;William;Moore;william.moore698@example.com;555-0000;2023/10/03;Gold;5739;T03689;2025/01/24;24.46;24;R1;$5 Gift Voucher;500;2025/01/28;500
C0699;Nomsa;Young;nomsa.young699@example.com;555-8863;2023/08/11;Platinum;2170;T03689;2025/02/11;683.58;684;;;;;
C0700;Sarah;Anderson;sarah.anderson700@example.com;555-8900;2024/03/02;Bronze;8286;T03691;2025/12/11;102.58;103;;;;;
C0701;James;Lewis;james.lewis701@example.com;555-8937;2023/01/20;Silver;3983;T03692;2022/12/21;718.15;718;;;;;
C0702;Amelia;Khumalo;amelia.khumalo702@example.com;555-8974;2023/04/04;Gold;1668;T03693;2025/10/23;907.31;907;R2;$10 Gift Voucher;1000;2025/01/24;1000
C0703;Sipho;Wilson;sipho.wilson703@example.com;555-9011;2024/08/23;Platinum;9912;T03694;2025/03/09;695.53;696;;;;;
C0704;Daniel;Nkosi;daniel.nkosi704@example.com;555-9048;2022/10/14;Bronze;3830;T03695;2025/04/10;690.56;691;;;;;
C0705;Emily;Williams;emily.williams705@example.com;555-9085;2023/03/22;Silver;115;T03696;2025/05/20;171.42;171;;;;;
C0706;Samuel;Wright;samuel.wright706@example.com;555-9122;2025/08/04;Gold;4011;T03697;2025/01/13;539.19;539;;;;;
C0707;Naledi;Martinez;;555-9159;2023/01/11;Platinum;1000;T03698;2025/10/24;995.1;995;;;;;
C0708;Olivia;Hall;olivia.hall708@example.com;555-9196;2025/02/01;Bronze;6517;T03699;2025/06/27;883.83;884;;Coffee Mug;1500;2025/06/27;1500
C0708;Olivia;Hall;olivia.hall708@example.com;555-9196;2025/02/01;Bronze;6517;T03699;2025/06/27;883.83;884;;Coffee Mug;1500;2025/06/27;1500
C0710;Lerato;Clark;lerato.clark710@example.com;555-9270;2022/11/19;Gold;5899;T03701;2025/06/11;558.8;559;;;;;
C0711;Jessica;Naidoo;jessica.naidoo711@example.com;555-9307;2024/05/06;Platinum;2293;T03702;2025/04/17;94.86;95;;;;;
C0712;Robert;Taylor;robert.taylor712@example.com;555-9344;2023/09/12;Bronze;1377;T03703;2025/10/22;468.73;469;R3;Coffee Mug;1500;2025/01/07;1500
C0713;Grace;Dlamini;grace.dlamini713@example.com;555-9381;2023/04/15;Silver;9105;T03704;2025/12/12;761.88;762;R3;Coffee Mug;1500;2025/04/30;1500
C0714;Peter;Johnson;peter.johnson714@example.com;555-9418;2022/02/22;Gold;14123;T03705;2025/02/18;565.97;566;;;;;
C0715;David;King;david.king715@example.com;555-9455;2023/07/04;Platinum;-500;T03706;2025/02/22;659.4;659;;;;;
C0716;Charlotte;Brown;charlotte.brown716@example.com;555-9492;2025/03/13;Bronze;12386;T03707;2025/08/06;927.59;928;R4;T-Shirt;2000;2025/02/20;2000
C0717;Thabo;Walker;thabo.walker717@example.com;555-9529;2024/04/09;Silver;8674;T03708;2025/05/05;711.32;711;R1;$10 Gift Voucher;500;2025/05/05;1000
C0718;Michael;Pillay;michael.pillay718@example.com;555-9566;2025/07/30;Gold;5199;T03709;2025/04/17;813.68;814;;;;;
C0719;Sophia;davis;sophia.davis719@example.com;555-9603;2025/09/12;Platinum;333;T03710;2025/09/02;867.03;867;R3;Coffee Mug;1500;2025/02/02;1500
C0720;Thomas;Mokoena;thomas.mokoena720@example.com;555-9640;2024/04/17;Bronze;1220;T03711;2025/05/13;775.93;776;;;;;
C0721;Aisha;Smith;aisha.smith721@example.com;555-9677;2024/02/24;Silver;871;T03712;2025/11/16;815.95;816;R5;Free Shipping;750;2025/03/03;750
C0722;EMMA;Green;emma.green722@example.com;555-9714;2022/03/30;Gold;6791;T03713;2025/04/20;966.66;967;R99;Unknown Reward;999;2025/04/20;999
C0723;William;Moore;william.moore723@example.com;555-9751;2023/04/15;Platinum;8805;T03714;2025/07/15;520.94;521;;;;;
C0724;Nomsa;Young;nomsa.young724@example.com;555-9788;2025/10/14;Bronze;14331;T03715;2025/05/18;991.66;992;;;;;
C0725;Sarah;Anderson;sarah.anderson725@example.com;555-9825;2024/05/29;Silver;9492;T03716;2025/04/17;796.79;797;;;;;
C0726; James ;Lewis;james.lewis726@example.com;555-9862;2023/10/22;Gold;13236;T03717;2025/05/14;239.67;240;R2;$10 Gift Voucher;1000;2025/02/17;1000
C0727;Amelia;Khumalo;amelia.khumalo727@example.com;555-9899;2023/07/12;Platinum;11808;T03718;2025/01/31;883.02;883;R4;T-Shirt;2000;2025/10/17;2000
C0728;Sipho;Wilson;sipho.wilson728@example.com;555-9936;2024/10/12;Bronze;5725;T03719;2025/10/11;508.09;508;R3;Coffee Mug;1500;2025/08/26;1500
C0729;Daniel;Nkosi;daniel.nkosi729@example.com;555-0000;2023/10/04;Silver;11918;T03720;2025/08/01;451.23;451;;;;;
C0730;Emily;Williams;emily.williams730@example.com;555-1010;2023/10/13;gold;12908;T03721;2025/08/06;307.24;307;;;;;
C0731;Samuel;Wright;samuel.wright731@example.com;555-1047;2025/10/12;Platinum;7689;T03722;2025/07/27;400.4;400;R1;$5 Gift Voucher;500;2025/05/28;500
C0732;Naledi;Martinez;naledi.martinez732@example.com;;2023/11/21;Bronze;7289;T03723;2025/07/02;213.83;214;R4;T-Shirt;2000;2025/10/30;2000
C0733;Olivia;Hall;olivia.hall733@example.com;555-1121;2022/11/03;Silver;8775;T03724;2025/03/04;887.36;887;;;;;
C0734;Joseph;Botha;joseph.botha734@example.com;555-1158;2022/12/15;Gold;3942;T03725;2025/11/08;711.05;711;R7;;7500;;
C0735;Lerato;Clark;lerato.clark735@example.com;555-1195;2025/03/11;Platinum;4078;T03726;2025/11/20;934.66;935;;;;;
C0736;Jessica;Naidoo;jessica.naidoo736@example.com;555-1232;2022/11/21;Bronze;5384;T03727;2025/08/13;50.39;50;;;;;
C0737;Robert;Taylor;robert.taylor737@example.com;555-1269;2022/10/15;Silver;8525;T03728;2025/08/30;291.05;291;R7;Wireless Earbuds;7500;2025/10/10;7500
C0738;Grace;Dlamini;grace.dlamini738@example.com;555-1306;2025/04/27;Gold;13402;;2025/02/21;461.96;462;;;;;
C0739;Peter;Johnson;peter.johnson739@example.com;555-1343;2025/05/28;Platinum;3778;T03730;2025/07/28;737.42;737;;;;;
C0740;David;King;david.king740@example.com;555-1380;2025/01/03;Bronze;7902;T03730;2025/05/16;924.51;925;;;;;
C0741;Charlotte;Brown;charlotte.brown741@example.com;555-1417;2024/02/15;Silver;14148;T03732;2025/01/31;500.6;501;;;;;
C0742;Thabo;Walker;thabo.walker742@example.com;555-1454;2025/02/18;Gold;10665;T03733;2025/04/26;824.78;825;;;;;
C0743;Michael;Pillay;michael.pillay743@example.com;555-1491;2025/06/11;Platinum;8131;T03734;2025/05/16;321.09;321;R6;VIP Event Access;5000;2025/11/01;5000
C0744;Sophia;Davis;sophia.davis744@example.com;(555) 1528;2023/07/25;BRONZE;5491;T03735;2025/03/02;235.26;235;;;;;
C0745;Thomas;Mokoena;thomas.mokoena745@example.com;555-1565;2024/05/11;Silver;6299;T03736;2025/05/20;973.29;973;;;;;
C0746;Aisha;Smith;DUPLICATE.CUSTOMER@EXAMPLE.COM;555-1602;2022/02/13;Gold;6084;T03737;2025/10/05;328.5;-100;;;;;
C0747;Emma;Green; emma.green747@example.com ;555-1639;2022/10/12;Platinum;6213;T03738;2025/01/23;-901.3;901;;;;;
C0748;William;Moore;william.moore748@example.com;555-1676;2024/10/15;Bronze;7029;T03739;2025/03/03;616.0;616;R1;$5 Gift Voucher;500;2025/08/29;500
C0749;Nomsa;Young;nomsa.young749@example.com;555-1713;2025/01/17;Silver;5784;T03740;2025/08/26;43.07;43;;;;;
C0750;Sarah;Anderson;;555-1750;2023/04/05;Gold;7187;T03741;2025/01/12;503.88;504;R4;T-Shirt;2000;2025/12/16;2000
C0751;James;Lewis;james.lewis751@example.com;555-1787;2025/04/04;Platinum;2926;T03742;2025/02/01;405.1;405;;;;;
C0752;Amelia;Khumalo;amelia.khumalo752@example.com;555-1824;2025/06/01;Bronze;10249;T03743;2025/12/03;788.61;789;;;;;
C0753;Sipho;Wilson;sipho.wilson753@example.com;555-1861;2023/11/10;Silver;9127;T03744;2025/06/23;452.06;452;;;;;
C0754;Daniel;Nkosi;daniel.nkosi754@example.com;555-1898;2023/02/10; Gold ;11816;T03745;2025/09/21;582.49;582;;;;;
C0755;Emily;Williams;emily.williams755@example.com;555-1935;2022/11/02;Platinum;3910;T03746;2025/07/07;855.45;855;R3;Coffee Mug;1500;2025/09/10;1500
C0756;Samuel;Wright;samuel.wright756@example.com;555-1972;2025/04/17;Bronze;5062;T03747;2025/09/10;70.35;70;R3;Coffee Mug;1500;2025/04/13;1500
C0757;Naledi;Martinez;naledi.martinez757@example.com;555-2009;2022/10/01;Silver;6275;T03748;2025/07/07;296.16;296;;;;;
 C0758 ;Olivia;Hall;olivia.hall758@example.com;555-2046;2024/10/09;Gold;6152;T03749;2025/01/02;210.28;210;;;;;
 C0758 ;Olivia;Hall;olivia.hall758@example.com;555-2046;2024/10/09;Gold;6152;T03749;2025/01/02;210.28;210;;;;;
C0760;Lerato;Clark;lerato.clark760@example.com;555-0000;2024/12/16;Bronze;12114;T03751;2025/03/04;722.97;723;;;;;
C0761;Jessica;Naidoo;jessica.naidoo761example.com;555-2157;2024/06/02;Silver;12505;T03752;2025/02/13;664.76;6650;;;;;
C0762;Robert;Taylor;robert.taylor762@example.com;555-2194;2022/08/21;Platnium;14837;T03753;2025/05/27;737.34;737;R7;Wireless Earbuds;7500;2025/09/27;7500
C0763;Grace;Dlamini;grace.dlamini763@example.com;555-2231;2025/01/14;Platinum;14183;T03754;2025/12/27;783.54;784;R3;Coffee Mug;1500;2025/04/01;1500
C0764;Peter;Johnson;peter.johnson764@example.com;555-2268;2024/01/07;Bronze;3659;T03755;2025/04/01;315.65;316;;;;;
C0765;David;King;david.king765@example.com;555-2305;2023/12/19;Silver;13740;T03756;2025/01/15;176.81;177;;;;;
C0766;Charlotte;Brown;charlotte.brown766@example.com;555-2342;2024/02/12;Gold;6664;T03757;2025/08/03;858.12;858;;;;;
C0767;Thabo;Walker;thabo.walker767@example.com;555-2379;2022/11/04;Platinum;14770;T03758;2025/06/27;461.57;462;;;;;
C0768;Michael;Pillay;michael.pillay768@example.com;555-2416;2024/10/24;Bronze;2989;T03759;2025/11/28;764.11;764;;;;;
C0769;SOPHIA;Davis;sophia.davis769@example.com;555-2453;2025/09/11;Silver;11919;T03760;2025/03/22;772.97;773;;;;;
C0770;Thomas;Mokoena;thomas.mokoena770@example.com;555-2490;2022/05/31;Gold;3773;T03761;2025/07/18;252.09;252;R3;Coffee Mug;1500;2025/02/13;1500
C0771;Aisha;Smith;aisha.smith771@example.com;555-2527;2023/07/21;Platinum;14861;T03762;2025/10/26;674.49;674;;;;;
C0772;Emma;green;emma.green772@example.com;555-2564;2023/10/31;Bronze;5309;T03763;2023/10/01;387.44;387;;;;;
C0773;William;Moore;william.moore773@example.com;555-2601;2022/07/20;Silver;602;T03764;2025/08/15;39.31;39;;;;;
C0774;Nomsa;Young;nomsa.young774@example.com;555-2638;2025/04/05;Gold;13826;T03765;2025/12/19;142.7;143;;;;;
C0775;Sarah;Anderson;sarah.anderson775@example.com;555-2675;2023/12/23;Platinum;19;T03766;2025/07/04;531.79;532;;;;;
C0776;James;Lewis;james.lewis776@example.com;555-2712;2023/04/29;Bronze;6625;T03767;2025/10/23;447.13;447;R3;Coffee Mug;1500;2025/11/22;1500
C0777;;Khumalo;amelia.khumalo777@example.com;555-2749;2025/12/03;Silver;5166;T03768;2025/05/31;461.46;461;;;;;
C0778;Sipho;Wilson;sipho.wilson778@example.com;555-2786;2022/09/13;Gold;747;T03769;2025/08/13;775.21;775;;;;;
C0779;Daniel;Nkosi;daniel.nkosi779@example.com;555-2823;2022/09/06;Platinum;7199;T03770;2025/09/26;43.61;44;;;;;
C0780;Emily;Williams;emily.williams780@example.com;555-2860;2025/08/18;Bronze;13157;T03771;2025/08/02;413.04;413;;;;;
C0781;Samuel;Wright;samuel.wright781@example.com;555-2897;2022/02/10;Silver;2714;T03771;2025/05/14;903.52;904;;;;;
C0782;Naledi;Martinez;naledi.martinez782@example.com;555-2934;2022/11/12;Gold;8285;T03773;2025/08/30;481.53;482;;;;;
C0783;Olivia;Hall;duplicate.customer@example.com;555-2971;2023/07/18;Platinum;597;T03774;2025/05/25;329.64;330;;;;;
c0784;Joseph;Botha;joseph.botha784@example.com;555-3008;2025/06/12;Bronze;7853;T03775;2025/12/25;401.68;402;;;;;
C0785; Lerato ;Clark;lerato.clark785@example.com;555-3045;2022/02/05;Silver;506;T03776;2025/03/02;137.27;137;;;;;
C0786;Jessica;Naidoo;jessica.naidoo786@example.com;555-3082;2025/05/21;Gold;567;T03777;2025/03/28;231.37;231;R2;$10 Gift Voucher;1000;2025/10/23;1000
C0787;Robert;Taylor;robert.taylor787@example.com;555-3119;2023/12/09;Platinum;7112;T03778;2025/11/17;497.96;498;;;;;
C0788;Grace;Dlamini;grace.dlamini788@example.com;555-3156;2023/10/29;Bronze;6630;T03779;2025/03/31;931.88;932;R5;Free Shipping;750;2025/03/24;750
C0789;Peter;Johnson;peter.johnson789@example.com;555-3193;2023/02/22;Silver;6417;T03780;2025/09/22;498.84;499;R7;Wireless Earbuds;7500;2025/01/17;7500
C0790;David;King;david.king790@example.com;555-3230;2022/03/06;Gold;3696;T03781;2025/12/19;536.19;536;;;;;
C0791;Charlotte;Brown;charlotte.brown791@example.com;555-0000;2025/09/14;platinum;10150;T03782;2025/05/25;523.48;523;;;;;
C0792;Thabo;Walker;thabo.walker792@example.com;555-3304;2024/03/31;Bronze;9151;T03783;2025/12/19;0;190;;;;;
C0793;Michael;Pillay;;555-3341;2023/08/07;Silver;1933;T03784;2025/05/10;876.72;877;;;;;
C0794;Sophia;Davis;sophia.davis794@example.com;555-3378;2025/03/18;Gold;9444;T03785;2025/12/23;89.09;89;;;;;
C0795;Thomas;Mokoena;thomas.mokoena795@example.com;555-3415;2024/05/30;Platinum;14016;T03786;2025/03/18;538.82;539;R6;VIP Event Access;5000;2025/07/12;5000
C0796;Aisha;Smith;aisha.smith796@example.com;555-3452;2024/02/26;Bronze;4448;T03787;2025/05/05;937.2;937;;;;;
C0797;Emma;Green;emma.green797@example.com;555-3489;2022/02/02;Silver;8946;T03788;2025/12/26;232.19;232;;;;;
C0798;William;Moore;william.moore798@example.com;555-3526;2022/06/23;Gold;4038;T03789;2025/10/04;95.62;96;;;;;
C0799;Nomsa;Young;nomsa.young799@example.com;555-3563;2025/06/28;Platinum;10862;T03790;2025/06/10;942.65;943;;;;;
C0800;Sarah;Anderson;sarah.anderson800@example.com;555-3600;2024/11/30;Bronze;11645;T03791;2025/09/11;401.82;402;R4;T-Shirt;2000;2025/11/13;2000
C0801;James;Lewis;james.lewis801@example.com;555-3637;2022/12/26;Silver;12322;T03792;2025/12/11;36.07;36;R99;Unknown Reward;999;2025/12/11;999
C0802;Amelia;Khumalo;amelia.khumalo802@example.com;555-3674;2023/09/25;Gold;12528;T03793;2025/12/03;43.33;43;;;;;
C0803;Sipho;Wilson;sipho.wilson803@example.com;555-3711;2023/06/28;Platinum;13010;T03794;2025/02/14;103.25;103;R1;$5 Gift Voucher;500;2025/09/10;500
C0804;Daniel;Nkosi;daniel.nkosi804@example.com;555-3748;2022/10/30;Bronze;9322;T03795;2025/07/25;693.07;693;;;;;
C0805;Emily;Williams;emily.williams805@example.com;;2024/01/07;Silver;4528;T03796;2025/07/14;267.56;268;;;;;
C0806;Samuel;Wright;samuel.wright806@example.com;555-3822;2025/04/22;Gold;13669;T03797;2025/01/18;382.48;382;R3;Coffee Mug;1500;2025/04/22;1500
C0807;Naledi;Martinez;naledi.martinez807@example.com;555-3859;2024/05/05;Platinum;13038;T03798;2025/12/23;186.72;187;;;;;
C0808;Olivia;Hall;olivia.hall808@example.com;555-3896;2024/10/27;Bronze;;T03799;2025/12/22;335.01;335;;;;;
C0808;Olivia;Hall;olivia.hall808@example.com;555-3896;2024/10/27;Bronze;;T03799;2025/12/22;335.01;335;;;;;
;Lerato;Clark;lerato.clark810@example.com;555-3970;2023/04/25;Gold;1358;T03801;2025/05/14;964.09;964;;;;;
C0811;Jessica;Naidoo;jessica.naidoo811@example.com;555-4007;2024/02/14;Platinum;10047;T03802;2025/10/17;707.67;708;;;;;
C0812;Robert;Taylor;robert.taylor812@example.com;555-4044;2024/01/31;Bronze;7434;T03803;2025/08/08;79.59;80;;;;;
C0813;Grace;Dlamini;grace.dlamini813@example.com;555-4081;2024/11/30;Silver;3823;T03804;2025/08/26;779.8;780;R4;T-Shirt;2000;2025/04/10;2000
C0814;Peter;Johnson;peter.johnson814@example.com;555-4118;2022/05/13;Gold;13980;T03805;2025/04/01;278.7;279;R5;Free Shipping;750;2025/05/02;750
C0815;David;King;david.king815@example.com;555-4155;2022/12/25;;13270;T03806;2025/05/31;913.02;913;;;;;
C0816;CHARLOTTE;Brown;charlotte.brown816@example.com;555-4192;2024/02/21;Bronze;4463;T03807;2025/10/30;501.93;502;;;;;
C0817;Thabo;Walker;thabo.walker817@example.com;555-4229;2025/10/22;Silver;11392;T03808;2025/05/03;805.42;805;;;;;
C0818;Michael;Pillay;michael.pillay818@example.com;555-4266;2025/02/07;Gold;5293;T03809;2025/04/11;70.08;70;R6;VIP Event Access;5000;2025/11/17;5000
C0819;Sophia;Davis;sophia.davis819@example.com;555-4303;2024/07/26;Platinum;3581;T03810;2025/01/26;;881;;;;;
C0820;Thomas;Mokoena;duplicate.customer@example.com;555-4340;2022/01/17;Bronze;5570;T03811;2025/07/20;505.56;506;R1;$10 Gift Voucher;500;2025/07/20;1000
C0821;Aisha;Smith;aisha.smith821@example.com;555-4377;2025/01/13;Silver;814;T03812;2025/02/06;934.58;935;;;;;
C0822;Emma;Green;emma.green822@example.com;555-0000;2025/07/08;Gold;11832;T03812;2025/03/30;52.39;52;;;;;
C0823;William;Moore;william.moore823@example.com;555-4451;2023/09/05;Platinum;9437;T03814;2025/04/06;358.22;358;;;;;
C0824;Nomsa;Young;nomsa.young824@example.com;555-4488;2022/10/30;Bronze;-500;T03815;2025/11/04;787.55;788;;;;;
C0825;Sarah;anderson;sarah.anderson825@example.com;555-4525;2022/03/06;Silver;633;T03816;2025/09/02;678.32;678;R6;VIP Event Access;5000;2025/01/08;5000
C0826;James;Lewis;james.lewis826@example.com;555-4562;2022/05/25;Gold;1340;T03817;2025/06/05;515.28;515;R6;VIP Event Access;5000;2025/10/14;5000
C0827;Amelia;Khumalo;amelia.khumalo827@example.com;(555) 4599;2025/08/05;PLATINUM;4967;T03818;2025/07/15;786.38;786;;;;;
C0828;Sipho;Wilson;sipho.wilson828example.com;555-4636;2023/02/15;Bronze;13300;T03819;2025/04/16;834.26;8340;;;;;
C0829;Daniel;Nkosi;daniel.nkosi829@example.com;555-4673;;Silver;9281;T03820;2025/01/02;472.07;472;;;;;
C0830;Emily;Williams;emily.williams830@example.com;555-4710;2022/11/26;Gold;7976;T03821;2025/01/07;542.56;543;;;;;
C0831;Samuel;Wright;samuel.wright831@example.com;555-4747;2022/07/20;Platinum;13675;T03822;2025/12/30;171.79;172;;;;;
C0832;Naledi;Martinez;naledi.martinez832@example.com;555-4784;2023/01/08;Bronze;8043;T03823;2025/09/28;684.61;685;R4;T-Shirt;2000;2025/10/08;2000
C0833;Olivia;Hall;olivia.hall833@example.com;555-4821;2024/08/05;Silver;7943;T03824;2025/12/06;456.17;456;;;;;
C0834;Joseph;Botha;joseph.botha834@example.com;555-4858;2023/06/06;Gold;12044;T03825;2025/01/10;998.91;999;;;;;
C0835;Lerato;Clark;lerato.clark835@example.com;555-4895;2022/05/29;Platinum;4578;T03826;2025/08/05;872.66;873;;;;;
C0836;Jessica;Naidoo;  ;555-4932;2025/06/24;Bronze;4757;T03827;2025/10/08;-592.81;593;;;;;
C0837;Robert;Taylor;robert.taylor837@example.com;555-4969;2025/04/25;Silver;4910;T03828;2025/12/30;512.67;513;;;;;
C0838;Grace;Dlamini;grace.dlamini838@example.com;555-5006;2022/03/04;Gold;1842;T03829;2025/02/10;102.77;103;;;;;
C0839;Peter;Johnson;peter.johnson839@example.com;555-5043;2023/09/29;Platinum;13956;T03830;2025/09/05;965.96;966;R6;VIP Event Access;5000;2025/02/26;5000
C0840;David;King;david.king840@example.com;555-5080;2025/01/28;Bronze;748;T03831;2025/06/18;514.84;515;;;;;
C0841;Charlotte;Brown;charlotte.brown841@example.com;555-5117;2023/09/17;Silver;14705;T03832;2025/11/12;666.26;666;;;;;
C0842;Thabo;Walker;thabo.walker842@example.com;555-5154;2022/05/31;Gold;1806;T03833;2025/12/30;989.24;989;;;;;
C0843;Michael;Pillay;michael.pillay843@example.com;555-5191;2022/07/26;Platinum;4934;T03834;2022/06/26;261.55;262;;;;;
C0844; Sophia ;Davis;sophia.davis844@example.com;555-5228;2022/09/27;Bronze;5026;T03835;2025/09/24;763.45;763;;;;;
C0845;Thomas;Mokoena;thomas.mokoena845@example.com;555-5265;2024/02/18;Silver;3803;T03836;2025/09/24;703.72;704;;Coffee Mug;1500;2025/09/24;1500
C0846;Aisha;Smith;aisha.smith846@example.com;555-5302;2022/05/25;Gold;8086;T03837;2025/03/28;758.55;759;R4;T-Shirt;2000;2025/03/14;2000
C0847;Emma;Green;EMMA.GREEN847@EXAMPLE.COM;555-5339;2024/08/05;Platinum;10272;T03838;2025/08/07;729.33;-100;;;;;
C0848;William;Moore;william.moore848@example.com;555-5376;2025/01/04;Bronze;12096;T03839;2025/02/22;721.68;722;;;;;
C0849;Nomsa;Young;nomsa.young849@example.com;555-5413;2025/12/28;Silver;7221;T03840;2025/05/22;155.48;155;;;;;
C0850;Sarah;;sarah.anderson850@example.com;555-5450;2022/07/13;Gold;2726;T03841;2025/07/04;602.7;603;;;;;
C0851;James;Lewis;james.lewis851@example.com;555-5487;2025/10/29;Platinum;13859;;2025/02/09;248.91;249;;;;;
C0852;Amelia;Khumalo;amelia.khumalo852@example.com;555-5524;2025/09/25;bronze;3606;T03843;2025/08/03;353.2;353;R7;Wireless Earbuds;7500;2025/12/09;7500
C0853;Sipho;Wilson;sipho.wilson853@example.com;555-0000;2025/09/27;Silver;9355;T03844;2025/10/09;975.61;976;;;;;
C0854;Daniel;Nkosi;daniel.nkosi854@example.com;555-5598;2023/04/26;Gold;13872;T03845;2025/08/16;212.71;213;;;;;
C0855;Emily;Williams;emily.williams855@example.com;555-5635;2022/07/14;Platinum;12275;T03846;2025/01/25;757.64;758;;;;;
C0856;Samuel;Wright;samuel.wright856@example.com;555-5672;2023/12/02;Bronze;13470;T03847;2025/01/31;457.94;458;R6;VIP Event Access;5000;2025/09/22;5000
C0857;Naledi;Martinez;duplicate.customer@example.com;555-5709;2025/01/13;Silver;10878;T03848;2025/12/14;244.84;245;;;;;
C0858;Olivia;Hall;olivia.hall858@example.com;555-5746;2022/08/29;Gold;6122;T03849;2025/02/22;704.87;705;R1;$5 Gift Voucher;500;2025/01/21;500
C0858;Olivia;Hall;olivia.hall858@example.com;555-5746;2022/08/29;Gold;6122;T03849;2025/02/22;704.87;705;R1;$5 Gift Voucher;500;2025/01/21;500
C0860;Lerato;Clark;lerato.clark860@example.com;555-5820;2025/12/02;Bronze;12770;T03851;2025/05/18;407.26;407;R2;$10 Gift Voucher;1000;2025/02/19;1000
C0861;Jessica;Naidoo;jessica.naidoo861@example.com;555-5857;2024/04/29; Silver ;12799;T03852;2025/08/29;637.68;638;;;;;
C0862;Robert;Taylor;robert.taylor862@example.com;555-5894;2024/01/24;Gold;13977;T03853;2025/03/14;713.81;714;;;;;
C0863;GRACE;Dlamini;grace.dlamini863@example.com;555-5931;2023/09/26;Platinum;2636;T03853;2025/04/21;144.41;144;;;;;
C0864;Peter;Johnson;peter.johnson864@example.com;555-5968;2022/11/22;Bronze;589;T03855;2025/10/01;922.72;923;R4;T-Shirt;2000;2025/05/04;2000
C0865;David;King;david.king865@example.com;555-6005;2022/09/20;Silver;7450;T03856;2025/11/25;869.41;869;;;;;
C0866;Charlotte;Brown;charlotte.brown866@example.com;555-6042;2022/05/23;Gold;5402;T03857;2025/11/29;48.09;48;R7;Wireless Earbuds;7500;2025/03/22;7500
C0867;Thabo;Walker;thabo.walker867@example.com;555-6079;2023/03/05;Platinum;5549;T03858;2025/07/23;21.79;22;;;;;
C0868;Michael;Pillay;michael.pillay868@example.com;555-6116;2023/08/23;Bronze;12945;T03859;2025/12/08;332.78;333;R6;VIP Event Access;5000;2025/04/20;5000
C0869;Sophia;Davis;sophia.davis869@example.com;555-6153;2025/10/12;Silver;1632;T03860;2025/01/20;215.35;215;;;;;
C0870;Thomas;Mokoena;thomas.mokoena870@example.com;555-6190;2025/11/03;Gold;5862;T03861;2025/06/16;619.0;619;;;;;
C0871;Aisha;Smith;aisha.smith871@example.com;555-6227;2022/01/14;Platinum;134;T03862;2025/11/22;347.64;348;R4;T-Shirt;2000;2025/11/11;2000
C0872;Emma;Green;emma.green872@example.com;555-6264;2023/03/01;Bronze;7619;T03863;2025/02/26;163.83;164;;;;;
C0873;William;Moore;william.moore873@example.com;555-6301;2024/04/14;Silver;10276;T03864;2025/04/22;865.74;866;;;;;
C0874;Nomsa;Young;nomsa.young874@example.com;555-6338;2023/01/27;Gold;11095;T03865;2025/07/07;453.79;454;;;;;
C0875;Sarah;Anderson;sarah.anderson875@example.com;555-6375;2025/06/01;Platinum;2373;T03866;2025/10/26;107.11;107;;;;;
C0876;James;Lewis;james.lewis876@example.com;555-6412;2023/09/12;Bronze;12103;T03867;2025/02/22;317.99;318;R7;Wireless Earbuds;7500;2025/09/24;7500
C0877;Amelia;Khumalo;amelia.khumalo877@example.com;555-6449;2022/06/17;Silver;1387;T03868;2025/09/29;266.26;266;;;;;
C0878;Sipho;wilson;sipho.wilson878@example.com;;2024/07/23;Gold;3128;T03869;2025/03/12;198.05;198;;;;;
C0879;Daniel;Nkosi;;555-6523;2023/09/22;Platinum;1264;T03870;2025/11/15;311.22;311;R5;Free Shipping;750;2025/05/16;750
C0880;Emily;Williams;emily.williams880@example.com;555-6560;2023/09/11;Bronze;2765;T03871;2025/04/13;913.14;913;R99;Unknown Reward;999;2025/04/13;999
C0881;Samuel;Wright;samuel.wright881@example.com;555-6597;2022/06/21;Silver;11197;T03872;2025/02/26;918.45;918;;;;;
C0882;Naledi;Martinez;naledi.martinez882@example.com;555-6634;2024/04/18;Gold;2460;T03873;2025/02/03;840.2;840;;;;;
C0883;Olivia;Hall;olivia.hall883@example.com;555-6671;2024/01/12;Platinum;4518;T03874;2025/04/26;194.01;194;R7;;7500;;
C0884;Joseph;Botha;joseph.botha884@example.com;555-0000;2022/05/07;Bronze;9730;T03875;2025/05/26;287.44;287;;;;;
C0885;Lerato;Clark;lerato.clark885@example.com;555-6745;2023/05/22;Silver;13743;T03876;2025/01/12;467.72;468;;;;;
C0886;Jessica;Naidoo;jessica.naidoo886@example.com;555-6782;2025/09/21;Gold;12502;T03877;2025/06/13;870.91;871;;;;;
C0887;Robert;Taylor;robert.taylor887@example.com;555-6819;2023/10/18;Platinum;7527;T03878;2025/10/23;345.0;345;;;;;
C0888;Grace;Dlamini;grace.dlamini888@example.com;555-6856;2023/01/24;Bronze;7623;T03879;2025/11/16;290.86;291;;;;;
C0889;Peter;Johnson;peter.johnson889@example.com;555-6893;2022/12/06;Silver;9572;T03880;2025/07/16;0;152;;;;;
C0890;David;King;david.king890@example.com;555-6930;2022/05/29;Gold;766;T03881;2025/05/24;180.69;181;;;;;
C0891;Charlotte;Brown;charlotte.brown891@example.com;555-6967;2022/11/30;Platinum;4892;T03882;2025/03/13;96.67;97;;;;;
C0892;Thabo;Walker;thabo.walker892@example.com;555-7004;2022/12/19;Bronze;27;T03883;2025/09/14;692.58;693;;;;;
C0893;Michael;Pillay;michael.pillay893@example.com;555-7041;2025/03/16;Silver;13156;T03884;2025/03/05;763.1;763;R7;Wireless Earbuds;7500;2025/01/02;7500
C0894;Sophia;Davis;duplicate.customer@example.com;555-7078;2023/12/31;Gold;10134;T03885;2025/09/14;745.76;746;R1;$5 Gift Voucher;500;2025/01/31;500
C0895;Thomas;Mokoena;thomas.mokoena895example.com;555-7115;2025/03/26;Platinum;3923;T03886;2025/08/21;988.74;9890;;;;;
C0896;Aisha;Smith;aisha.smith896@example.com;555-7152;2023/11/22;Bronze;5633;T03887;2025/07/31;490.32;490;;;;;
C0897;Emma;Green;emma.green897@example.com;555-7189;2025/04/23;Silver;8157;T03888;2025/02/25;713.56;714;;;;;
C0898;William;Moore;william.moore898@example.com;555-7226;2025/10/17;Gold;1489;T03889;2025/02/24;19.28;19;R1;$5 Gift Voucher;500;2025/03/19;500
C0899;Nomsa;Young;nomsa.young899@example.com;555-7263;2024/06/29;Platinum;6010;T03890;2025/05/31;586.99;587;;;;;
C0900;Sarah;Anderson;sarah.anderson900@example.com;555-7300;2022/08/27;Bronze;9752;T03891;2025/09/03;750.69;751;R4;T-Shirt;2000;2025/09/04;2000
C0901;James;Lewis;james.lewis901@example.com;555-7337;2023/06/28;Platnium;5142;T03892;2025/03/31;616.26;616;;;;;
C0902;Amelia;Khumalo;amelia.khumalo902@example.com;555-7374;2022/02/14;Gold;13432;T03893;2025/05/24;186.35;186;;;;;
C0903; Sipho ;Wilson;sipho.wilson903@example.com;555-7411;2025/12/03;Platinum;14168;T03894;2025/12/25;424.01;424;;;;;
C0904;Daniel;Nkosi;daniel.nkosi904@example.com;555-7448;2023/10/14;Bronze;12912;T03894;2025/04/07;417.38;417;;;;;
C0905;Emily;Williams;emily.williams905@example.com;555-7485;2022/07/06;Silver;11405;T03896;2025/10/30;935.7;936;;;;;
C0906;Samuel;Wright;samuel.wright906@example.com;555-7522;2024/11/05;Gold;2329;T03897;2025/04/30;411.65;412;R4;T-Shirt;2000;2025/02/19;2000
C0907;Naledi;Martinez;naledi.martinez907@example.com;555-7559;2025/10/19;Platinum;9534;T03898;2025/10/16;101.92;102;;;;;
C0908;Olivia;Hall;olivia.hall908@example.com;555-7596;2023/03/08;Bronze;4708;T03899;2025/11/05;96.47;96;;;;;
C0908;Olivia;Hall;olivia.hall908@example.com;555-7596;2023/03/08;Bronze;4708;T03899;2025/11/05;96.47;96;;;;;
C0910;LERATO;Clark;lerato.clark910@example.com;(555) 7670;2022/11/15;GOLD;4048;T03901;2025/11/16;64.02;64;;;;;
C0911;Jessica;Naidoo;jessica.naidoo911@example.com;555-7707;2024/06/26;Platinum;6484;T03902;2025/12/10;320.38;320;;;;;
C0912;Robert;Taylor;robert.taylor912@example.com;555-7744;2025/04/05;Bronze;7357;T03903;2025/07/11;93.3;93;R4;T-Shirt;2000;2025/01/25;2000
C0913;Grace;Dlamini;grace.dlamini913@example.com;555-7781;2024/08/14;silver;1485;T03904;2025/08/15;548.96;549;;;;;
C0914;Peter;Johnson;peter.johnson914@example.com;555-7818;2022/09/29;Gold;6101;T03905;2022/08/30;766.68;767;;;;;
C0915;David;King;david.king915@example.com;555-0000;2022/10/31;Platinum;5848;T03906;2025/07/06;341.07;341;;;;;
C0916;Charlotte;Brown;charlotte.brown916@example.com;555-7892;2024/03/17;Bronze;12300;T03907;2025/04/22;356.32;356;;;;;
C0917;Thabo;Walker;thabo.walker917@example.com;555-7929;2022/08/05;Silver;2422;T03908;2025/07/23;699.21;699;;;;;
C0918;Michael;Pillay;michael.pillay918@example.com;555-7966;2024/09/13;Gold;10792;T03909;2025/10/11;923.24;923;;;;;
C0919;Sophia;Davis;sophia.davis919@example.com;555-8003;2024/04/17;Platinum;4678;T03910;2025/05/31;906.18;906;;;;;
C0920;Thomas;Mokoena;thomas.mokoena920@example.com;555-8040;2024/09/14;Bronze;1797;T03911;2025/01/15;306.18;306;R2;$10 Gift Voucher;1000;2025/08/15;1000
 C0921 ;Aisha;Smith;aisha.smith921@example.com;555-8077;2025/05/30;Silver;10279;T03912;2025/05/12;806.89;807;;;;;
C0922;Emma;Green;;555-8114;2023/08/12;Gold;7888;T03913;2025/04/06;286.95;287;;;;;
C0923;William;Moore;william.moore923@example.com;555-8151;2024/05/18;Platinum;363;T03914;2025/03/13;650.32;650;R1;$10 Gift Voucher;500;2025/03/13;1000
C0924;Nomsa;Young;nomsa.young924@example.com;555-8188;2023/12/25;Bronze;10457;T03915;2025/02/22;710.34;710;;;;;
C0925;Sarah;Anderson; sarah.anderson925@example.com ;555-8225;2022/12/21;Silver;14781;T03916;2025/01/29;-841.0;841;;;;;
C0926;James;Lewis;james.lewis926@example.com;555-8262;2025/03/21;Gold;9262;T03917;2025/05/18;193.13;193;;;;;
C0927;Amelia;Khumalo;amelia.khumalo927@example.com;555-8299;2023/08/02;Platinum;5907;T03918;2025/01/14;386.3;386;;;;;
C0928;Sipho;Wilson;sipho.wilson928@example.com;555-8336;2022/08/30;Bronze;12761;T03919;2025/04/04;57.65;58;R2;$10 Gift Voucher;1000;2025/08/21;1000
C0929;Daniel;Nkosi;daniel.nkosi929@example.com;555-8373;2025/03/11;Silver;14814;T03920;2025/01/07;869.5;870;;;;;
C0930;Emily;Williams;emily.williams930@example.com;555-8410;2024/06/14;Gold;7689;T03921;2025/10/11;264.52;265;;;;;
C0931;Samuel;wright;duplicate.customer@example.com;555-8447;2022/08/22;Platinum;8053;T03922;2025/12/29;423.92;424;;;;;
C0932;Naledi;Martinez;naledi.martinez932@example.com;555-8484;2025/11/25;Bronze;7572;T03923;2025/01/12;695.11;695;R2;$10 Gift Voucher;1000;2025/05/16;1000
C0933;Olivia;Hall;olivia.hall933@example.com;555-8521;2023/06/21;Silver;-500;T03924;2025/03/21;223.98;224;;;;;
C0934;;Botha;joseph.botha934@example.com;555-8558;2023/11/18;Gold;7755;T03925;2025/11/06;580.6;581;;;;;
c0935;Lerato;Clark;lerato.clark935@example.com;555-8595;2022/03/16;Platinum;2501;T03926;2025/06/10;141.29;141;;;;;
C0936;Jessica;Naidoo;jessica.naidoo936@example.com;555-8632;2022/06/03;Bronze;11995;T03927;2025/12/19;429.67;430;R5;Free Shipping;750;2025/03/24;750
C0937;Robert;Taylor;robert.taylor937@example.com;555-8669;2022/11/22;Silver;14670;T03928;2025/07/10;759.28;759;;;;;
C0938;Grace;Dlamini;grace.dlamini938@example.com;555-8706;2024/11/04;Gold;6659;T03929;2025/05/09;925.01;925;R5;Free Shipping;750;2025/02/18;750
C0939;Peter;Johnson;peter.johnson939@example.com;555-8743;2022/12/09;Platinum;;T03930;2025/01/21;655.47;655;;;;;
C0940;David;King;david.king940@example.com;555-8780;2022/12/15;Bronze;2972;T03931;2025/06/04;348.6;349;;;;;
C0941;Charlotte;Brown;charlotte.brown941@example.com;555-8817;2024/06/16;Silver;14510;T03932;2025/12/13;586.73;587;;;;;
C0942;Thabo;Walker;thabo.walker942@example.com;555-8854;2023/04/23;Gold;1859;T03933;2025/01/19;525.38;525;R2;$10 Gift Voucher;1000;2025/07/12;1000
C0943;Michael;Pillay;michael.pillay943@example.com;555-8891;2025/03/09;Platinum;10587;T03934;2025/02/06;973.13;973;;;;;
C0944;Sophia;Davis;sophia.davis944@example.com;555-8928;2023/12/26;Bronze;5047;T03935;2025/07/04;469.23;469;;;;;
C0945;Thomas;Mokoena;thomas.mokoena945@example.com;555-8965;2023/09/06;Silver;4599;T03935;2025/01/01;818.66;819;R1;$5 Gift Voucher;500;2025/02/22;500
C0946;Aisha;Smith;aisha.smith946@example.com;555-0000;2022/12/14;Gold;1711;T03937;2025/12/04;;259;;;;;
C0947;Emma;Green;emma.green947@example.com;555-9039;2023/03/06;Platinum;9547;T03938;2025/05/09;823.37;823;;;;;
C0948;William;Moore;WILLIAM.MOORE948@EXAMPLE.COM;555-9076;2023/05/30;Bronze;8844;T03939;2025/06/12;47.41;-100;;;;;
C0949;Nomsa;Young;nomsa.young949@example.com;555-9113;2023/06/30;Silver;12031;T03940;2025/10/29;506.88;507;R4;T-Shirt;2000;2025/10/26;2000
C0950;Sarah;Anderson;sarah.anderson950@example.com;555-9150;2022/09/02;Gold;2990;T03941;2025/05/11;12.5;12;;;;;
C0951;James;Lewis;james.lewis951@example.com;;2023/05/15;Platinum;11349;T03942;2025/10/07;828.88;829;R7;Wireless Earbuds;7500;2025/02/09;7500
C0952;Amelia;Khumalo;amelia.khumalo952@example.com;555-9224;2025/12/07;Bronze;8835;T03943;2025/03/23;165.43;165;;;;;
C0953;Sipho;Wilson;sipho.wilson953@example.com;555-9261;2022/02/10;Silver;8225;T03944;2025/09/05;512.33;512;;;;;
C0954;Daniel;Nkosi;daniel.nkosi954@example.com;555-9298;2023/01/11;Gold;7383;T03945;2025/03/13;492.65;493;;;;;
C0955;Emily;Williams;emily.williams955@example.com;555-9335;2022/02/07;Platinum;8348;T03946;2025/05/20;471.9;472;;;;;
C0956;Samuel;Wright;samuel.wright956@example.com;555-9372;2023/07/17;Bronze;7385;T03947;2025/07/06;543.37;543;;;;;
C0957;NALEDI;Martinez;naledi.martinez957@example.com;555-9409;2022/10/13;Silver;14881;T03948;2025/01/06;820.79;821;R7;Wireless Earbuds;7500;2025/03/16;7500
C0958;Olivia;Hall;olivia.hall958@example.com;555-9446;2023/05/03;Gold;8819;T03949;2025/01/09;164.47;164;;;;;
C0958;Olivia;Hall;olivia.hall958@example.com;555-9446;2023/05/03;Gold;8819;T03949;2025/01/09;164.47;164;;;;;
C0960;Lerato;Clark;lerato.clark960@example.com;555-9520;2025/05/04;Bronze;5753;T03951;2025/09/24;516.22;516;;;;;
C0961;Jessica;Naidoo;jessica.naidoo961@example.com;555-9557;2025/04/21;Silver;6223;T03952;2025/05/02;227.36;227;;;;;
C0962; Robert ;Taylor; robert .taylor962example.com;555-9594;2023/04/29;Gold;8475;T03953;2025/05/19;163.42;1630;;;;;
C0963;Grace;Dlamini;grace.dlamini963@example.com;555-9631;2022/03/01;Platinum;6084;T03954;2025/11/06;147.88;148;R4;T-Shirt;2000;2025/07/05;2000
C0964;Peter;Johnson;peter.johnson964@example.com;555-9668;2024/01/23;Bronze;8114;;2025/01/09;13.97;14;;;;;
C0965;David;King;;555-9705;2023/03/24;Silver;4166;T03956;2025/05/27;350.35;350;;;;;
C0966;Charlotte;Brown;charlotte.brown966@example.com;555-9742;2023/12/07;Gold;5069;T03957;2025/03/26;66.76;67;;;;;
C0967;Thabo;Walker;thabo.walker967@example.com;555-9779;2022/04/26;Platinum;8058;T03958;2025/01/13;741.63;742;R1;$5 Gift Voucher;500;2025/07/29;500
C0968;Michael;Pillay;duplicate.customer@example.com;555-9816;2022/09/10; Bronze ;3429;T03959;2025/01/22;369.55;370;;;;;
C0969;Sophia;Davis;sophia.davis969@example.com;555-9853;2022/04/01;Silver;7108;T03960;2025/10/22;321.29;321;;;;;
C0970;Thomas;Mokoena;thomas.mokoena970@example.com;555-9890;2025/09/08;Gold;6549;T03961;2025/07/29;617.22;617;R3;Coffee Mug;1500;2025/06/02;1500
C0971;Aisha;Smith;aisha.smith971@example.com;555-9927;2022/07/16;Platinum;4722;T03962;2025/12/29;689.41;689;R5;Free Shipping;750;2025/03/18;750
C0972;Emma;Green;emma.green972@example.com;555-9964;2023/08/11;Bronze;10971;T03963;2025/11/19;601.48;601;;;;;
C0973;William;Moore;william.moore973@example.com;555-1001;2023/05/09;Silver;2654;T03964;2025/12/07;798.62;799;R6;VIP Event Access;5000;2025/10/09;5000
C0974;Nomsa;Young;nomsa.young974@example.com;555-1038;2025/02/28;gold;555;T03965;2025/07/24;78.92;79;;;;;
C0975;Sarah;Anderson;sarah.anderson975@example.com;555-1075;2023/02/05;Platinum;11639;T03966;2025/05/12;967.56;968;;;;;
C0976;James;Lewis;james.lewis976@example.com;555-1112;2023/11/28;Bronze;490;T03967;2025/07/17;877.32;877;;;;;
C0977;Amelia;Khumalo;amelia.khumalo977@example.com;555-0000;2023/01/19;Silver;5871;T03968;2025/03/04;289.04;289;;;;;
C0978;Sipho;Wilson;sipho.wilson978@example.com;555-1186;2023/03/22;Gold;934;T03969;2025/10/10;422.05;422;;;;;
C0979;Daniel;Nkosi;daniel.nkosi979@example.com;555-1223;2022/03/03;Platinum;5783;T03970;2025/03/12;308.29;308;;;;;
C0980;Emily;Williams;emily.williams980@example.com;555-1260;2024/09/22;Bronze;5021;T03971;2025/10/13;227.26;227;;;;;
C0981;Samuel;Wright;samuel.wright981@example.com;555-1297;2025/10/09;Silver;9355;T03972;2025/01/19;446.88;447;;;;;
C0982;Naledi;Martinez;naledi.martinez982@example.com;555-1334;2022/04/03;Gold;12574;T03973;2025/11/06;215.3;215;;Coffee Mug;1500;2025/11/06;1500
C0983;Olivia;Hall;olivia.hall983@example.com;555-1371;2024/09/30;Platinum;9964;T03974;2025/01/21;924.51;925;;;;;
C0984;Joseph;botha;joseph.botha984@example.com;555-1408;2025/08/27;Bronze;3749;T03975;2025/05/16;194.86;195;;;;;
C0985;Lerato;Clark;lerato.clark985@example.com;555-1445;2023/10/04;Silver;9422;T03976;2023/09/04;343.0;343;;;;;
C0986;Jessica;Naidoo;jessica.naidoo986@example.com;555-1482;2022/01/10;Gold;8496;T03976;2025/09/08;0;660;;;;;
C0987;Robert;Taylor;robert.taylor987@example.com;555-1519;2022/08/18;Platinum;13216;T03978;2025/04/28;866.75;867;R4;T-Shirt;2000;2025/07/10;2000
C0988;Grace;Dlamini;grace.dlamini988@example.com;555-1556;2022/12/14;;4141;T03979;2025/05/22;453.7;454;;;;;
C0989;Peter;Johnson;peter.johnson989@example.com;555-1593;2024/12/06;Silver;8726;T03980;2025/11/25;59.27;59;;;;;
C0990;David;King;david.king990@example.com;555-1630;2024/08/08;Gold;9285;T03981;2025/01/04;263.51;264;;;;;
;Charlotte;Brown;charlotte.brown991@example.com;555-1667;2024/08/27;Platinum;4614;T03982;2025/11/27;974.94;975;;;;;
C0992;Thabo;Walker;thabo.walker992@example.com;555-1704;2025/07/05;Bronze;14066;T03983;2025/10/22;848.3;848;;;;;
C0993;Michael;Pillay;michael.pillay993@example.com;(555) 1741;2022/02/14;SILVER;6177;T03984;2025/10/24;428.31;428;;;;;
C0994;Sophia;Davis;sophia.davis994@example.com;555-1778;2024/06/04;Gold;3712;T03985;2025/08/16;867.9;868;R6;VIP Event Access;5000;2025/01/06;5000
C0995;Thomas;Mokoena;thomas.mokoena995@example.com;555-1815;2023/03/21;Platinum;14595;T03986;2025/08/20;289.5;290;R2;$10 Gift Voucher;1000;2025/11/23;1000
C0996;Aisha;Smith;aisha.smith996@example.com;555-1852;2022/11/10;Bronze;14214;T03987;2025/08/15;824.42;824;R5;Free Shipping;750;2025/12/21;750
C0997;Emma;Green;emma.green997@example.com;555-1889;2024/10/02;Silver;11607;T03988;2025/05/07;462.33;462;R1;$5 Gift Voucher;500;2025/08/06;500
C0001;James;Lewis;james.lewis1@example.com;555-1037;2024/04/22;Silver;8198;T03989;2025/11/22;864.36;864;;;;;
C0002;Amelia;Khumalo;amelia.khumalo2@example.com;555-1074;2023/03/29;Gold;7035;T03990;2025/11/13;970.85;971;R3;Coffee Mug;1500;2025/06/05;1500
C0003;Sipho;Wilson;sipho.wilson3@example.com;555-1111;2024/10/13;Platinum;13791;T03991;2025/05/26;527.0;527;;;;;
C0004;Daniel;Nkosi;daniel.nkosi4@example.com;555-1148;2025/05/23;Bronze;1882;T03992;2025/01/30;255.13;255;;;;;
C0005;Emily;Williams;emily.williams5@example.com;555-1185;2023/03/09;Silver;2798;T03993;2025/06/22;629.76;630;;;;;
C0006;Samuel;Wright;samuel.wright6@example.com;555-1222;2022/08/11;Gold;8125;T03994;2025/01/18;822.84;823;;;;;
C0007;NALEDI;Martinez;naledi.martinez7@example.com;555-1259;2023/01/23;Platinum;6758;T03995;2025/12/23;144.88;145;R3;Coffee Mug;1500;2025/05/12;1500
C0008;Olivia;Hall;duplicate.customer@example.com;555-1296;2022/04/22;Bronze;3392;T03996;2025/10/14;754.24;754;;;;;
C0009;Joseph;Botha;joseph.botha9@example.com;555-1333;2022/05/02;Silver;13867;T03997;2025/03/06;83.85;84;R7;Wireless Earbuds;7500;2025/02/03;7500
C0010;Lerato;Clark;lerato.clark10@example.com;555-1370;2025/04/02;Gold;7332;T03998;2025/05/13;453.42;453;;;;;
C0011;Jessica;Naidoo;;555-0000;2023/12/06;Platinum;12597;T03999;2025/11/12;747.16;747;;;;;
C0011;Jessica;Naidoo;;555-0000;2023/12/06;Platinum;12597;T03999;2025/11/12;747.16;747;;;;;
C0013;Grace;Dlamini;grace.dlamini13@example.com;555-1481;2022/04/25;Silver;10618;T04001;2025/07/02;901.03;901;;;;;
C0014;Peter;Johnson;peter.johnson14@example.com;555-1518;2025/03/26;Gold;10557;T04002;2025/05/07;900.81;901;;;;;
C0015;David;King;david.king15@example.com;555-1555;2022/08/19;Platinum;12662;T04003;2025/01/25;830.71;831;;;;;
C0016;Charlotte;Brown;charlotte.brown16@example.com;555-1592;2022/01/11;Bronze;6336;T04004;2025/01/12;57.06;57;R5;Free Shipping;750;2025/06/26;750
C0017;Thabo;Walker; thabo.walker17@example.com ;555-1629;2025/08/28;Silver;12156;T04005;2025/10/04;-155.83;156;;;;;
C0018;Michael;Pillay;michael.pillay18@example.com;555-1666;2023/02/23;Gold;1965;T04006;2025/11/13;66.1;66;;;;;
C0019;Sophia;Davis;sophia.davis19@example.com;555-1703;2024/05/24;Platinum;13745;T04007;2025/12/09;920.26;920;;;;;
C0020;Thomas;;thomas.mokoena20@example.com;555-1740;2022/01/19;Bronze;11761;T04008;2025/04/13;382.05;382;;;;;
C0021;Aisha;Smith;aisha.smith21@example.com;555-1777;2023/08/20;Silver;8179;T04009;2025/11/09;138.29;138;;;;;
C0022;Emma;Green;emma.green22@example.com;555-1814;2022/10/14;Gold;882;T04010;2025/04/15;715.85;716;;;;;
C0023;William;Moore;william.moore23@example.com;555-1851;;Platinum;5168;T04011;2025/11/17;359.17;359;R5;Free Shipping;750;2025/08/11;750
C0024; Nomsa ;Young;nomsa.young24@example.com;555-1888;2023/07/04;Bronze;127;T04012;2025/09/22;36.77;37;;;;;
C0025;Sarah;Anderson;sarah.anderson25@example.com;555-1925;2022/10/06;Silver;8910;T04013;2025/09/29;323.75;324;;;;;
C0026;James;Lewis;james.lewis26@example.com;555-1962;2024/01/11;Gold;13868;T04014;2025/12/09;277.48;277;;;;;
C0027;Amelia;Khumalo;amelia.khumalo27@example.com;;2025/10/30;Platinum;402;T04015;2025/04/05;637.09;637;;;;;
C0028;Sipho;Wilson;sipho.wilson28@example.com;555-2036;2025/10/04;Bronze;3532;T04016;2025/06/12;398.55;399;R3;Coffee Mug;1500;2025/01/29;1500
C0029;Daniel;Nkosi;daniel.nkosi29@example.com;555-2073;2024/12/27;Silver;13276;T04017;2025/11/24;269.73;270;R1;$10 Gift Voucher;500;2025/11/24;1000
C0030;Emily;Williams;emily.williams30@example.com;555-2110;2023/11/28;Gold;6941;T04017;2025/08/03;945.53;946;R6;VIP Event Access;5000;2025/05/10;5000
C0031;Samuel;Wright;samuel.wright31@example.com;555-2147;2025/05/22;Platinum;2624;T04019;2025/09/29;854.13;854;;;;;
C0032;Naledi;Martinez;naledi.martinez32example.com;555-2184;2023/12/28;Bronze;1732;T04020;2025/11/27;142.67;1430;;;;;
C0033;Olivia;Hall;olivia.hall33@example.com;555-2221;2022/10/07;Silver;2001;T04021;2025/12/18;141.96;142;;;;;
C0034;Joseph;Botha;joseph.botha34@example.com;555-2258;2023/03/18;Gold;6533;T04022;2025/04/03;689.06;689;;;;;
C0035;Lerato;Clark;lerato.clark35@example.com;555-2295;2022/07/12;Platinum;13361;T04023;2025/11/03;180.46;180;R7;;7500;;
C0036;Jessica;Naidoo;jessica.naidoo36@example.com;555-2332;2024/05/15;Bronze;14192;T04024;2025/12/12;268.83;269;;;;;
C0037;Robert;Taylor;robert.taylor37@example.com;555-2369;2025/05/10;Silver;2279;T04025;2025/05/01;288.3;288;;;;;
C0038;Grace;Dlamini;grace.dlamini38@example.com;555-2406;2023/02/12;gold;11254;T04026;2025/09/18;463.03;463;;;;;
C0039;Peter;Johnson;peter.johnson39@example.com;555-2443;2025/10/23;Platinum;14795;T04027;2025/05/10;225.8;226;R3;Coffee Mug;1500;2025/03/27;1500
C0040;David;king;david.king40@example.com;555-2480;2022/05/31;Bronze;2551;T04028;2025/01/27;297.59;298;;;;;
C0041;Charlotte;Brown;charlotte.brown41@example.com;555-2517;2024/11/16;Silver;11813;T04029;2025/11/11;618.97;619;R99;Unknown Reward;999;2025/11/11;999
C0042;Thabo;Walker;thabo.walker42@example.com;555-0000;2023/02/16;Gold;2193;T04030;2025/11/15;825.06;825;R7;Wireless Earbuds;7500;2025/11/23;7500
C0043;Michael;Pillay;michael.pillay43@example.com;555-2591;2022/08/22;Platnium;9580;T04031;2025/08/29;140.73;141;;;;;
C0044;Sophia;Davis;sophia.davis44@example.com;555-2628;2022/08/07;Bronze;14001;T04032;2025/04/17;434.0;434;;;;;
C0045;Thomas;Mokoena;duplicate.customer@example.com;555-2665;2025/03/22;Silver;-500;T04033;2025/10/09;668.55;669;R2;$10 Gift Voucher;1000;2025/01/17;1000
C0046;Aisha;Smith;aisha.smith46@example.com;555-2702;2022/09/19;Gold;7712;T04034;2025/06/20;61.11;61;;;;;
C0047;Emma;Green;emma.green47@example.com;555-2739;2024/11/26;Platinum;3044;T04035;2025/03/26;935.05;935;R3;Coffee Mug;1500;2025/04/26;1500
C0048;William;Moore;william.moore48@example.com;555-2776;2025/09/11;Bronze;3211;T04036;2025/08/15;174.24;174;;;;;
C0049;Nomsa;Young;nomsa.young49@example.com;555-2813;2022/07/06;Silver;2651;T04037;2025/01/12;623.7;624;;;;;
C0050;Sarah;Anderson;sarah.anderson50@example.com;555-2850;2024/04/15;Gold;9965;T04038;2025/12/17;628.68;629;;;;;
C0051;James;Lewis;james.lewis51@example.com;555-2887;2025/02/20;Platinum;1389;T04039;2025/06/27;249.23;249;R2;$10 Gift Voucher;1000;2025/07/17;1000
C0052;Amelia;Khumalo;AMELIA.KHUMALO52@EXAMPLE.COM;555-2924;2024/02/10;Bronze;13145;T04040;2025/07/11;925.81;-100;R6;VIP Event Access;5000;2025/04/05;5000
C0053;Sipho;Wilson;sipho.wilson53@example.com;555-2961;2022/11/22;Silver;14391;T04041;2025/05/27;650.73;651;;;;;
C0054;DANIEL;Nkosi;;555-2998;2022/08/12;Gold;2908;T04042;2025/01/01;846.9;847;R3;Coffee Mug;1500;2025/01/24;1500
C0055;Emily;Williams;emily.williams55@example.com;555-3035;2023/11/23;Platinum;4986;T04043;2025/03/25;465.1;465;;;;;
C0056;Samuel;Wright;samuel.wright56@example.com;555-3072;2024/10/14;Bronze;10077;T04044;2025/03/30;15.97;16;;;;;
C0057;Naledi;Martinez;naledi.martinez57@example.com;555-3109;2022/05/12;Silver;12799;T04045;2025/09/16;285.44;285;;;;;
C0058;Olivia;Hall;olivia.hall58@example.com;555-3146;2025/07/07;Gold;6655;T04046;2025/02/01;593.63;594;;;;;
C0059;Joseph;Botha;joseph.botha59@example.com;555-3183;2024/03/04;Platinum;1552;T04047;2024/02/03;600.74;601;;;;;
C0060;Lerato;Clark;lerato.clark60@example.com;555-3220;2024/11/04;Bronze;12973;T04048;2025/06/15;480.35;480;R4;T-Shirt;2000;2025/05/27;2000
C0061;Jessica;Naidoo;jessica.naidoo61@example.com;555-3257;2023/10/08;Silver;9860;T04049;2025/01/26;959.62;960;;;;;
C0061;Jessica;Naidoo;jessica.naidoo61@example.com;555-3257;2023/10/08;Silver;9860;T04049;2025/01/26;959.62;960;;;;;
C0063;Grace;Dlamini;grace.dlamini63@example.com;555-3331;2025/05/26;Platinum;3874;T04051;2025/03/19;478.85;479;R4;T-Shirt;2000;2025/08/25;2000
C0064;Peter;Johnson;peter.johnson64@example.com;555-3368;2023/07/27;Bronze;13493;T04052;2025/03/04;149.68;150;R3;Coffee Mug;1500;2025/06/18;1500
C0065;David;King;david.king65@example.com;555-3405;2022/06/05;Silver;2440;T04053;2025/03/17;134.05;134;;;;;
C0066;Charlotte;Brown;charlotte.brown66@example.com;555-3442;2023/05/26;Gold;11616;T04054;2025/03/24;866.26;866;R1;$5 Gift Voucher;500;2025/09/16;500
C0067;Thabo;Walker;thabo.walker67@example.com;555-3479;2024/10/26;Platinum;7427;T04055;2025/09/12;697.23;697;;;;;
C0068;Michael;Pillay;michael.pillay68@example.com;555-3516;2024/12/31;Bronze;2392;T04056;2025/10/11;53.36;53;R2;$10 Gift Voucher;1000;2025/07/24;1000
C0069;Sophia;Davis;sophia.davis69@example.com;555-3553;2024/04/23;Silver;889;T04057;2025/12/15;110.06;110;;;;;
C0070;Thomas;Mokoena;thomas.mokoena70@example.com;555-3590;2022/08/10;Gold;5572;T04058;2025/12/17;622.88;623;;;;;
C0071;Aisha;Smith;aisha.smith71@example.com;555-3627;2025/10/29;Platinum;1625;T04058;2025/10/25;237.66;238;;;;;
C0072;Emma;Green;emma.green72@example.com;555-3664;2024/11/08;Bronze;6897;T04060;2025/11/21;18.4;18;;;;;
C0073;William;Moore;william.moore73@example.com;555-0000;2025/04/19;Silver;;T04061;2025/06/04;209.42;209;;;;;
C0074;Nomsa;Young;nomsa.young74@example.com;555-3738;2024/04/15;Gold;13258;T04062;2025/11/27;289.88;290;;;;;
C0075;Sarah;Anderson;sarah.anderson75@example.com;555-3775;2023/10/15;Platinum;3957;T04063;2025/10/22;399.06;399;;;;;
C0076;James;Lewis;james.lewis76@example.com;555-3812;2025/01/24;Bronze;12643;T04064;2025/08/23;;224;;;;;
C0077;Amelia;Khumalo;amelia.khumalo77@example.com;555-3849;2022/09/03;Silver;3907;T04065;2025/09/04;272.87;273;;;;;
C0078;Sipho;Wilson;sipho.wilson78@example.com;555-3886;2023/03/28; Gold ;6946;T04066;2025/02/17;869.18;869;;;;;
C0079;Daniel;Nkosi;daniel.nkosi79@example.com;(555) 3923;2022/01/16;PLATINUM;13353;T04067;2025/04/16;920.25;920;R6;VIP Event Access;5000;2025/04/16;5000
C0080;Emily;Williams;emily.williams80@example.com;555-3960;2025/02/13;Bronze;3046;;2025/09/22;233.64;234;R7;Wireless Earbuds;7500;2025/04/04;7500
C0081;Samuel;Wright;samuel.wright81@example.com;555-3997;2022/03/22;Silver;9703;T04069;2025/02/20;12.89;13;R3;Coffee Mug;1500;2025/11/28;1500
C0082;Naledi;Martinez;duplicate.customer@example.com;555-4034;2023/07/23;Gold;1636;T04070;2025/01/13;367.22;367;;;;;
C0083; Olivia ;Hall;olivia.hall83@example.com;555-4071;2022/10/26;Platinum;770;T04071;2025/04/03;99.05;99;;;;;
C0084;Joseph;Botha;joseph.botha84@example.com;555-4108;2022/02/19;Bronze;2049;T04072;2025/05/25;349.86;350;R1;$5 Gift Voucher;500;2025/10/20;500
C0085;Lerato;Clark;lerato.clark85@example.com;555-4145;2023/04/03;Silver;10993;T04073;2025/01/15;30.83;31;;;;;
C0086;Jessica;Naidoo;jessica.naidoo86@example.com;555-4182;2022/01/20;Gold;13006;T04074;2025/12/28;0;73;;;;;
 C0087 ;Robert;Taylor;robert.taylor87@example.com;555-4219;2024/07/20;Platinum;10684;T04075;2025/04/27;487.29;487;R3;Coffee Mug;1500;2025/11/27;1500
C0088;Grace;Dlamini;grace.dlamini88@example.com;555-4256;2024/05/17;Bronze;4265;T04076;2025/11/24;989.67;990;;;;;
c0089;Peter;Johnson;peter.johnson89@example.com;555-4293;2024/02/26;Silver;3312;T04077;2025/04/21;454.62;455;;;;;
C0090;David;King;david.king90@example.com;555-4330;2024/04/11;Gold;11791;T04078;2025/12/20;262.33;262;R3;Coffee Mug;1500;2025/12/04;1500
C0091;Charlotte;Brown;charlotte.brown91@example.com;555-4367;2025/06/18;Platinum;8706;T04079;2025/12/07;681.68;682;;;;;
C0092;Thabo;Walker;thabo.walker92@example.com;555-4404;2023/05/02;Bronze;12087;T04080;2025/03/15;295.1;295;;;;;
C0093;Michael;pillay;michael.pillay93@example.com;555-4441;2022/04/17;Silver;3835;T04081;2025/10/14;250.88;251;;;;;
C0094;;Davis;sophia.davis94@example.com;555-4478;2024/09/12;Gold;9821;T04082;2025/01/17;774.88;775;R6;VIP Event Access;5000;2025/06/10;5000
C0095;Thomas;Mokoena;thomas.mokoena95@example.com;555-4515;2023/01/04;Platinum;3187;T04083;2025/03/11;542.04;542;;;;;
C0096;Aisha;Smith;aisha.smith96@example.com;555-4552;2023/06/16;Bronze;4986;T04084;2025/10/03;782.23;782;;;;;
C0097;Emma;Green;;555-4589;2022/04/28;Silver;14079;T04085;2025/06/17;806.44;806;;;;;
C0098;William;Moore;william.moore98@example.com;555-4626;2024/06/24;Gold;6560;T04086;2025/11/07;302.91;303;R4;T-Shirt;2000;2025/11/22;2000
C0099;Nomsa;Young;nomsa.young99example.com;555-4663;2022/05/27;platinum;5634;T04087;2025/06/09;937.26;9370;;;;;
C0100;Sarah;Anderson;sarah.anderson100@example.com;;2023/01/07;Bronze;5453;T04088;2025/06/07;858.0;858;;;;;
C0101;JAMES;Lewis;james.lewis101@example.com;555-4737;2025/04/12;Silver;9555;T04089;2025/05/08;222.25;222;R2;$10 Gift Voucher;1000;2025/01/03;1000
C0102;Amelia;Khumalo;amelia.khumalo102@example.com;555-4774;2022/10/20;Gold;11176;T04090;2025/08/23;256.77;257;;;;;
C0103;Sipho;Wilson;sipho.wilson103@example.com;555-4811;2023/02/28;Platinum;2129;T04091;2025/11/17;644.84;645;;;;;
C0104;Daniel;Nkosi;daniel.nkosi104@example.com;555-0000;2025/05/10;Bronze;8521;T04092;2025/11/01;790.27;790;;;;;
C0105;Emily;Williams;emily.williams105@example.com;555-4885;2023/05/04;Silver;4282;T04093;2025/01/13;58.48;58;R4;T-Shirt;2000;2025/09/05;2000
C0106;Samuel;Wright; samuel.wright106@example.com ;555-4922;2022/11/27;Gold;2987;T04094;2025/06/30;-657.56;658;;;;;
C0107;Naledi;Martinez;naledi.martinez107@example.com;555-4959;2022/03/03;Platinum;8164;T04095;2025/08/02;382.47;382;;;;;
C0108;Olivia;Hall;olivia.hall108@example.com;555-4996;2022/01/16;Bronze;13059;T04096;2025/09/13;998.63;999;;;;;
C0109;Joseph;Botha;joseph.botha109@example.com;555-5033;2024/04/24;Silver;9237;T04097;2025/06/02;993.59;994;;;;;
C0110;Lerato;Clark;lerato.clark110@example.com;555-5070;2025/02/22;Gold;820;T04098;2025/01/02;125.18;125;;;;;
C0111;Jessica;Naidoo;jessica.naidoo111@example.com;555-5107;2024/04/16;Platinum;4335;T04099;2025/04/09;183.38;183;;;;;
C0111;Jessica;Naidoo;jessica.naidoo111@example.com;555-5107;2024/04/16;Platinum;4335;T04099;2025/04/09;183.38;183;;;;;
C0113;Grace;Dlamini;grace.dlamini113@example.com;555-5181;2025/11/26;Silver;8946;T04101;2025/04/24;891.45;891;;;;;
C0114;Peter;Johnson;peter.johnson114@example.com;555-5218;2022/09/26;Gold;14825;T04102;2025/03/18;280.42;280;;;;;
C0115;David;King;david.king115@example.com;555-5255;2025/10/07;Platinum;3345;T04103;2025/09/23;766.24;766;R3;Coffee Mug;1500;2025/02/02;1500
C0116;Charlotte;Brown;charlotte.brown116@example.com;555-5292;2024/07/12;Bronze;12640;T04104;2025/09/10;391.27;391;;;;;
C0117;Thabo;Walker;thabo.walker117@example.com;555-5329;2023/07/30;Silver;2955;T04105;2025/12/25;49.67;50;;;;;
C0118;Michael;Pillay;michael.pillay118@example.com;555-5366;2025/05/01;Gold;13843;T04106;2025/02/07;546.51;547;;;;;
C0119;Sophia;Davis;duplicate.customer@example.com;555-5403;2024/01/18;Platinum;11450;T04107;2025/04/13;424.17;424;R7;Wireless Earbuds;7500;2025/08/17;7500
C0120;Thomas;Mokoena;thomas.mokoena120@example.com;555-5440;2025/08/15;Bronze;81;T04108;2025/05/09;195.27;195;R99;Unknown Reward;999;2025/05/09;999
C0121;Aisha;Smith;aisha.smith121@example.com;555-5477;2024/03/15;Silver;10304;T04109;2025/09/22;351.86;352;;;;;
C0122;Emma;Green;emma.green122@example.com;555-5514;2023/08/25;Gold;10653;T04110;2025/06/25;904.34;904;;Coffee Mug;1500;2025/06/25;1500
C0123;William;Moore;william.moore123@example.com;555-5551;2025/01/19;Platinum;10251;T04111;2025/03/23;153.74;154;;;;;
C0124;Nomsa;Young;nomsa.young124@example.com;555-5588;2022/11/12;Bronze;502;T04112;2025/09/05;422.65;423;;;;;
C0125;Sarah;Anderson;sarah.anderson125@example.com;555-5625;2022/02/21;Silver;7190;T04113;2025/10/26;806.81;807;;;;;
C0126;James;Lewis;james.lewis126@example.com;555-5662;2022/04/05;Gold;14488;T04114;2025/03/13;268.78;269;;;;;
C0127;Amelia;Khumalo;amelia.khumalo127@example.com;555-5699;2024/08/29;Platinum;2339;T04115;2025/05/25;477.04;477;;;;;
C0128;Sipho;Wilson;sipho.wilson128@example.com;555-5736;2025/10/16;Bronze;2137;T04116;2025/04/22;735.21;735;R1;$5 Gift Voucher;500;2025/04/22;500
C0129;Daniel;Nkosi;daniel.nkosi129@example.com;555-5773;2022/06/19;Silver;2597;T04117;2025/01/21;38.56;39;;;;;
C0130;Emily;Williams;emily.williams130@example.com;555-5810;2025/07/10;Gold;7591;T04118;2025/06/10;689.98;690;;;;;
C0131;Samuel;Wright;samuel.wright131@example.com;555-5847;2022/03/14;Platinum;12968;T04119;2025/07/27;963.78;964;;;;;
C0132;Naledi;Martinez;naledi.martinez132@example.com;555-5884;2022/04/24;Bronze;6482;T04120;2025/07/06;395.72;396;R1;$10 Gift Voucher;500;2025/07/06;1000
C0133;Olivia;Hall;olivia.hall133@example.com;555-5921;2022/05/21;Silver;10027;T04121;2025/11/22;286.79;287;;;;;
C0134;Joseph;Botha;joseph.botha134@example.com;555-5958;2024/11/21;Gold;10693;T04122;2025/09/20;504.67;505;R1;$5 Gift Voucher;500;2025/06/24;500
C0135;Lerato;Clark;lerato.clark135@example.com;555-0000;2022/10/21;Platinum;469;T04123;2025/04/20;170.82;171;R5;Free Shipping;750;2025/10/14;750
C0136;Jessica;Naidoo;jessica.naidoo136@example.com;555-6032;2022/07/05;Bronze;13742;T04124;2025/11/06;169.84;170;;;;;
C0137;Robert;Taylor;robert.taylor137@example.com;555-6069;2024/05/31;Silver;5797;T04125;2025/09/02;271.59;272;;;;;
C0138;Grace;Dlamini;grace.dlamini138@example.com;555-6106;2022/03/21;Gold;5438;T04126;2025/06/05;305.5;306;;;;;
C0139;Peter;Johnson;peter.johnson139@example.com;555-6143;2025/05/31;Platinum;2003;T04127;2025/01/23;148.24;148;;;;;
C0140;David;King;;555-6180;2022/12/04;Bronze;13217;T04128;2025/09/12;179.74;180;R1;$5 Gift Voucher;500;2025/04/08;500
C0141;Charlotte;Brown;charlotte.brown141@example.com;555-6217;2022/12/29;Silver;14936;T04129;2025/02/07;479.4;479;;;;;
C0142; Thabo ;Walker;thabo.walker142@example.com;555-6254;2024/03/23;Gold;11480;T04130;2025/06/22;783.63;784;R5;Free Shipping;750;2025/07/15;750
C0143;Michael;Pillay;michael.pillay143@example.com;555-6291;2025/03/06;Platinum;14181;T04131;2025/12/02;523.81;524;R6;VIP Event Access;5000;2025/02/03;5000
C0144;Sophia;Davis;sophia.davis144@example.com;555-6328;2024/10/11;Bronze;10829;T04132;2025/02/28;613.31;613;;;;;
C0145;Thomas;Mokoena;thomas.mokoena145@example.com;555-6365;2023/05/10;Silver;3921;T04133;2025/09/05;145.62;146;;;;;
C0146;Aisha;smith;aisha.smith146@example.com;555-6402;2025/05/31;Gold;14435;T04134;2025/03/27;797.9;798;;;;;
C0147;Emma;Green;emma.green147@example.com;555-6439;2023/11/15;Platinum;13225;T04135;2025/08/24;219.06;219;R7;Wireless Earbuds;7500;2025/02/19;7500
C0148;WILLIAM;Moore;william.moore148@example.com;555-6476;2025/08/18;Bronze;10413;T04136;2025/10/31;547.87;548;;;;;
C0149;Nomsa;Young;nomsa.young149@example.com;555-6513;2025/12/24;Silver;306;T04137;2025/02/08;856.05;856;R3;Coffee Mug;1500;2025/10/17;1500
C0150;Sarah;Anderson;sarah.anderson150@example.com;555-6550;2024/02/11;Gold;5078;T04138;2025/06/11;907.95;908;;;;;
C0151;James;Lewis;james.lewis151@example.com;555-6587;2022/03/03;Platinum;5328;T04139;2025/09/23;258.28;258;;;;;
C0152;Amelia;Khumalo;amelia.khumalo152@example.com;555-6624;2025/06/23;Bronze;2415;T04140;2025/11/19;417.24;417;;;;;
C0153;Sipho;Wilson;SIPHO.WILSON153@EXAMPLE.COM;555-6661;2023/04/02;Silver;12624;T04140;2025/01/15;926.28;-100;;;;;
C0154;Daniel;Nkosi;daniel.nkosi154@example.com;555-6698;2022/03/19;Gold;-500;T04142;2025/05/06;751.66;752;R2;$10 Gift Voucher;1000;2025/10/19;1000
C0155;Emily;Williams;emily.williams155@example.com;555-6735;2023/10/04;Platinum;14651;T04143;2025/01/15;374.16;374;;;;;
C0156;Samuel;Wright;duplicate.customer@example.com;555-6772;2024/04/23;Bronze;1879;T04144;2025/07/16;398.77;399;R1;$5 Gift Voucher;500;2025/03/29;500
C0157;Naledi;Martinez;naledi.martinez157@example.com;555-6809;2024/11/30;Silver;13963;T04145;2025/03/17;446.68;447;;;;;
C0158;Olivia;Hall;olivia.hall158@example.com;555-6846;2022/03/19;Gold;5979;T04146;2025/07/24;461.56;462;R3;Coffee Mug;1500;2025/07/24;1500
C0159;Joseph;Botha;joseph.botha159@example.com;555-6883;2024/02/01;Platinum;3167;T04147;2025/05/27;279.32;279;;;;;
C0160;Lerato;Clark;lerato.clark160@example.com;555-6920;2022/10/06;bronze;78;T04148;2025/10/09;936.99;937;R2;$10 Gift Voucher;1000;2025/04/24;1000
C0161;Jessica;Naidoo;jessica.naidoo161@example.com;555-6957;2024/08/12;Silver;11994;T04149;2025/11/11;753.45;753;R1;$5 Gift Voucher;500;2025/01/10;500
C0161;Jessica;Naidoo;jessica.naidoo161@example.com;555-6957;2024/08/12;Silver;11994;T04149;2025/11/11;753.45;753;R1;$5 Gift Voucher;500;2025/01/10;500
C0163;Grace;Dlamini;grace.dlamini163@example.com;555-7031;2022/06/07;Platinum;10328;T04151;2025/05/06;943.5;944;;;;;
C0164;Peter;Johnson;peter.johnson164@example.com;555-7068;2025/10/14;;4422;T04152;2025/10/07;811.82;812;;;;;
C0165;David;King;david.king165@example.com;555-7105;2022/03/31;Silver;12324;T04153;2025/02/12;921.62;922;R4;T-Shirt;2000;2025/09/20;2000
C0166;Charlotte;Brown;charlotte.brown166example.com;555-0000;2023/01/08;Gold;4075;T04154;2025/05/28;96.0;960;;;;;
C0167;Thabo;Walker;thabo.walker167@example.com;555-7179;2022/10/25;Platinum;13174;T04155;2025/08/03;103.35;103;R4;T-Shirt;2000;2025/09/09;2000
C0168;Michael;Pillay;michael.pillay168@example.com;555-7216;2025/03/10;Bronze;11999;T04156;2025/04/09;485.37;485;;;;;
C0169;Sophia;Davis;sophia.davis169@example.com;555-7253;2025/03/09;Silver;9684;T04157;2025/10/24;849.61;850;;;;;
C0170;Thomas;Mokoena;thomas.mokoena170@example.com;555-7290;2022/06/03;Gold;6136;T04158;2025/09/21;597.19;597;;;;;
C0171;Aisha;Smith;aisha.smith171@example.com;555-7327;2024/03/17;Platinum;1182;T04159;2025/01/06;602.03;602;;;;;
C0172;Emma;Green;emma.green172@example.com;555-7364;2025/09/04;Bronze;7673;T04160;2025/05/21;276.32;276;;;;;
C0173;William;Moore;william.moore173@example.com;;2024/11/26;Silver;7275;T04161;2025/10/06;948.35;948;R2;$10 Gift Voucher;1000;2025/09/25;1000
C0174;Nomsa;Young;nomsa.young174@example.com;555-7438;2022/07/30;Gold;13484;T04162;2025/02/20;485.9;486;;;;;
;Sarah;Anderson;sarah.anderson175@example.com;555-7475;2023/08/31;Platinum;14608;T04163;2025/03/22;909.08;909;;;;;
C0176;James;Lewis;james.lewis176@example.com;555-7512;2025/02/28;Bronze;2789;T04164;2025/07/04;98.4;98;R1;$5 Gift Voucher;500;2025/11/17;500
C0177;Amelia;Khumalo;amelia.khumalo177@example.com;555-7549;2023/03/01;Silver;5499;T04165;2025/10/12;340.22;340;R2;$10 Gift Voucher;1000;2025/11/25;1000
C0178;Sipho;Wilson;sipho.wilson178@example.com;555-7586;2022/07/30;Gold;6347;T04166;2025/09/29;180.04;180;;;;;
C0179;Daniel;Nkosi;daniel.nkosi179@example.com;555-7623;2025/07/14;Platinum;8936;T04167;2025/06/25;263.15;263;;;;;
C0180;Emily;Williams;emily.williams180@example.com;555-7660;2023/05/30;Bronze;13750;T04168;2025/12/12;153.14;153;R1;$5 Gift Voucher;500;2025/10/16;500
C0181;Samuel;Wright;samuel.wright181@example.com;555-7697;2023/12/28;Silver;13602;T04169;2025/12/16;616.85;617;;;;;
C0182;Naledi;Martinez;naledi.martinez182@example.com;555-7734;2024/09/27;Platnium;2361;T04170;2025/10/12;863.07;863;;;;;
C0183;Olivia;Hall;;555-7771;2024/08/01;Platinum;11800;T04171;2025/08/24;0;822;;;;;
C0184;Joseph;Botha;joseph.botha184@example.com;555-7808;2025/07/07;Bronze;6796;T04172;2025/08/21;987.22;987;R7;;7500;;
C0185;Lerato;Clark;lerato.clark185@example.com;555-7845;2022/06/25; Silver ;14889;T04173;2025/02/22;152.88;153;;;;;
C0186;Jessica;Naidoo;jessica.naidoo186@example.com;555-7882;2024/10/12;Gold;1197;T04174;2025/05/26;729.83;730;;;;;
C0187;Robert;;robert.taylor187@example.com;555-7919;2024/06/27;Platinum;12205;T04175;2025/09/28;710.22;710;R4;T-Shirt;2000;2025/07/20;2000
C0188;Grace;Dlamini;grace.dlamini188@example.com;555-7956;2023/09/04;Bronze;10604;T04176;2025/08/02;449.9;450;;;;;
C0189;Peter;Johnson;peter.johnson189@example.com;555-7993;2025/10/28;Silver;10776;T04177;2025/01/20;289.35;289;;;;;
C0190;David;King;david.king190@example.com;555-8030;2025/11/09;Gold;4021;T04178;2025/05/13;996.73;997;;;;;
C0191;Charlotte;Brown;charlotte.brown191@example.com;555-8067;2023/06/20;Platinum;10456;T04179;2025/07/13;409.45;409;R4;T-Shirt;2000;2025/06/14;2000
C0192;Thabo;Walker;thabo.walker192@example.com;555-8104;2022/05/15;Bronze;1836;T04180;2025/03/05;695.95;696;R5;Free Shipping;750;2025/08/25;750
C0193;Michael;Pillay;duplicate.customer@example.com;555-8141;2023/02/09;Silver;7080;;2025/01/10;120.65;121;;;;;
C0194;Sophia;Davis;sophia.davis194@example.com;555-8178;2024/04/09;Gold;84;T04181;2025/08/11;946.56;947;R4;T-Shirt;2000;2025/01/24;2000
C0195;THOMAS;Mokoena; thomas.mokoena195@example.com ;555-8215;2023/06/18;Platinum;4648;T04183;2025/09/26;-255.73;256;R4;T-Shirt;2000;2025/01/05;2000
C0196;Aisha;Smith;aisha.smith196@example.com;555-8252;2022/01/30;Bronze;944;T04184;2025/07/03;34.53;35;;;;;
C0197;Emma;Green;emma.green197@example.com;555-0000;2025/05/06;Silver;10847;T04185;2025/02/26;181.39;181;;;;;
C0198;William;Moore;william.moore198@example.com;555-8326;2025/02/02;Gold;4;T04186;2025/01/08;861.58;862;;;;;
C0199;Nomsa;young;nomsa.young199@example.com;555-8363;2024/03/22;Platinum;11569;T04187;2025/02/07;971.29;971;R99;Unknown Reward;999;2025/02/07;999
C0200;Sarah;Anderson;sarah.anderson200@example.com;555-8400;2023/08/04;Bronze;8853;T04188;2025/08/19;541.21;541;R6;VIP Event Access;5000;2025/12/15;5000
C0201; James ;Lewis;james.lewis201@example.com;555-8437;2022/12/26;Silver;2341;T04189;2022/11/26;767.24;767;;;;;
C0202;Amelia;Khumalo;amelia.khumalo202@example.com;555-8474;2022/02/28;Gold;14935;T04190;2025/06/16;649.31;649;R3;Coffee Mug;1500;2025/02/15;1500
C0203;Sipho;Wilson;sipho.wilson203@example.com;555-8511;2024/02/09;Platinum;9454;T04191;2025/06/14;;20;;;;;
C0204;Daniel;Nkosi;daniel.nkosi204@example.com;555-8548;2023/08/25;Bronze;;T04192;2025/11/18;434.25;434;R5;Free Shipping;750;2025/03/21;750
C0205;Emily;Williams;emily.williams205@example.com;555-8585;2022/12/25;Silver;10615;T04193;2025/08/22;229.05;229;;;;;
C0206;Samuel;Wright;samuel.wright206@example.com;555-8622;2025/03/08;Gold;988;T04194;2025/11/29;713.73;714;;;;;
C0207;Naledi;Martinez;naledi.martinez207@example.com;555-8659;2023/03/29;Platinum;7551;T04195;2025/01/19;977.78;978;;;;;
C0208;Olivia;Hall;olivia.hall208@example.com;555-8696;2023/01/02;Bronze;5406;T04196;2025/04/09;488.71;489;;;;;
C0209;Joseph;Botha;joseph.botha209@example.com;555-8733;2023/09/16;Silver;5582;T04197;2025/04/28;892.86;893;;;;;
C0210;Lerato;Clark;lerato.clark210@example.com;555-8770;2024/02/26;Gold;2502;T04198;2025/09/25;293.63;294;;;;;
C0211;Jessica;Naidoo;jessica.naidoo211@example.com;555-8807;2025/04/07;Platinum;2553;T04199;2025/08/22;883.52;884;;;;;
C0211;Jessica;Naidoo;jessica.naidoo211@example.com;555-8807;2025/04/07;Platinum;2553;T04199;2025/08/22;883.52;884;;;;;
C0213;Grace;Dlamini;grace.dlamini213@example.com;555-8881;2022/10/18;Silver;2134;T04201;2025/10/05;575.0;575;;;;;
C0214;Peter;Johnson;peter.johnson214@example.com;555-8918;;Gold;2434;T04202;2025/10/23;988.31;988;;;;;
C0215;David;King;david.king215@example.com;555-8955;2022/03/22;Platinum;6004;T04203;2025/09/24;350.84;351;;;;;
C0216;Charlotte;Brown;charlotte.brown216@example.com;555-8992;2025/07/30;Bronze;14770;T04204;2025/05/25;789.43;789;R6;VIP Event Access;5000;2025/07/20;5000
C0217;Thabo;Walker;thabo.walker217@example.com;555-9029;2022/07/29;Silver;2283;T04205;2025/09/22;863.22;863;R2;$10 Gift Voucher;1000;2025/07/07;1000
C0218;Michael;Pillay;michael.pillay218@example.com;555-9066;2024/02/18;Gold;8112;T04206;2025/01/11;680.27;680;;;;;
C0219;Sophia;Davis;sophia.davis219@example.com;555-9103;2022/04/23;Platinum;11410;T04207;2025/03/13;871.05;871;;;;;
C0220;Thomas;Mokoena;thomas.mokoena220@example.com;555-9140;2025/05/30;Bronze;14937;T04208;2025/09/03;849.25;849;;;;;
C0221;Aisha;Smith;aisha.smith221@example.com;555-9177;2025/01/20;silver;9764;T04209;2025/02/13;964.47;964;;;;;
C0222;Emma;Green;emma.green222@example.com;555-9214;2022/02/21;Gold;6727;T04210;2025/05/03;641.18;641;;;;;
C0223;William;Moore;william.moore223@example.com;555-9251;2024/06/08;Platinum;14637;T04211;2025/09/06;976.15;976;;;;;
C0224;Nomsa;Young;nomsa.young224@example.com;555-9288;2024/09/01;Bronze;19;T04212;2025/08/10;192.21;192;;;;;
C0225;Sarah;Anderson;sarah.anderson225@example.com;555-9325;2022/06/12;Silver;4896;T04213;2025/07/17;578.74;579;;;;;
C0226;James;Lewis;;555-9362;2024/09/06;Gold;11306;T04214;2025/01/15;354.97;355;;;;;
C0227;Amelia;Khumalo;amelia.khumalo227@example.com;555-9399;2024/03/19;Platinum;10285;T04215;2025/12/31;322.26;322;R5;Free Shipping;750;2025/03/06;750
C0228;Sipho;Wilson;sipho.wilson228@example.com;555-0000;2022/10/18;Bronze;11724;T04216;2025/10/15;106.12;106;;;;;
C0229;Daniel;Nkosi;daniel.nkosi229@example.com;555-9473;2024/10/15;Silver;9507;T04217;2025/01/14;242.17;242;;;;;
C0230;Emily;Williams;duplicate.customer@example.com;555-9510;2025/09/13;Gold;14730;T04218;2025/11/10;139.55;140;R1;$5 Gift Voucher;500;2025/05/19;500
C0231;Samuel;Wright;samuel.wright231@example.com;555-9547;2025/10/30;Platinum;7596;T04219;2025/09/26;550.55;551;;;;;
C0232;Naledi;Martinez;naledi.martinez232@example.com;555-9584;2024/01/04;Bronze;2720;T04220;2025/12/21;697.04;697;;;;;
C0233;Olivia;Hall;olivia.hall233example.com;555-9621;2022/08/09;Silver;4585;T04221;2025/02/07;759.77;7600;;;;;
C0234;Joseph;Botha;joseph.botha234@example.com;555-9658;2024/07/23;Gold;12019;T04222;2025/06/06;780.31;780;R4;T-Shirt;2000;2025/09/18;2000
C0235;Lerato;Clark;lerato.clark235@example.com;555-9695;2024/12/26;Platinum;4345;T04222;2025/06/13;986.95;987;R1;$10 Gift Voucher;500;2025/06/13;1000
C0236;Jessica;Naidoo;jessica.naidoo236@example.com;555-9732;2025/01/21;Bronze;1711;T04224;2025/11/10;473.17;473;;;;;
C0237;Robert;Taylor;robert.taylor237@example.com;555-9769;2025/05/24;Silver;11470;T04225;2025/10/02;906.82;907;;;;;
C0238;Grace;Dlamini;grace.dlamini238@example.com;555-9806;2022/02/07;Gold;2873;T04226;2025/01/04;832.87;833;R2;$10 Gift Voucher;1000;2025/12/21;1000
C0239;Peter;Johnson;peter.johnson239@example.com;555-9843;2022/04/20;Platinum;5717;T04227;2025/01/14;859.8;860;;;;;
c0240;David;King;david.king240@example.com;555-9880;2023/08/23;Bronze;87;T04228;2025/08/11;112.96;113;;;;;
C0241;Charlotte;Brown;charlotte.brown241@example.com;555-9917;2022/04/12;Silver;3650;T04229;2025/03/30;173.6;174;;;;;
C0242;THABO;Walker;thabo.walker242@example.com;555-9954;2024/03/20;Gold;339;T04230;2025/06/11;34.08;34;R2;$10 Gift Voucher;1000;2025/05/10;1000
C0243;Michael;Pillay;michael.pillay243@example.com;555-9991;2023/07/15;Platinum;11505;T04231;2025/08/30;791.21;791;;;;;
C0244;Sophia;Davis;sophia.davis244@example.com;555-1028;2024/07/12;Bronze;12440;T04232;2025/07/12;777.16;777;;;;;
C0245;Thomas;Mokoena;thomas.mokoena245@example.com;(555) 1065;2022/10/07;SILVER;14627;T04233;2025/04/24;568.68;569;R5;Free Shipping;750;2025/12/29;750
C0246;Aisha;Smith;aisha.smith246@example.com;;2025/01/11;Gold;8065;T04234;2025/08/07;595.38;595;;;;;
C0247;Emma;Green;emma.green247@example.com;555-1139;2024/06/26;Platinum;14218;T04235;2025/09/07;840.11;840;R4;T-Shirt;2000;2025/10/27;2000
C0248;William;Moore;william.moore248@example.com;555-1176;2025/10/27;Bronze;14814;T04236;2025/10/27;92.57;93;R5;Free Shipping;750;2025/06/26;750
C0249;Nomsa;Young;nomsa.young249@example.com;555-1213;2024/04/08;Silver;9166;T04237;2025/05/14;790.43;790;R2;$10 Gift Voucher;1000;2025/09/24;1000
 C0250 ;Sarah;Anderson;sarah.anderson250@example.com;555-1250;2025/09/23;Gold;9016;T04238;2025/06/13;411.94;412;;;;;
C0251;;Lewis;james.lewis251@example.com;555-1287;2022/05/15;Platinum;10594;T04239;2025/10/19;705.19;705;;;;;
C0252;Amelia;khumalo;amelia.khumalo252@example.com;555-1324;2023/07/20;Bronze;677;T04240;2025/11/03;725.13;725;;;;;
C0253;Sipho;Wilson;sipho.wilson253@example.com;555-1361;2022/10/09;Silver;4275;T04241;2025/03/14;784.11;784;;;;;
C0254;Daniel;Nkosi;DANIEL.NKOSI254@EXAMPLE.COM;555-1398;2022/06/12;Gold;5058;T04242;2025/12/16;920.14;-100;;;;;
C0255;Emily;Williams;emily.williams255@example.com;555-1435;2023/01/26;Platinum;2113;T04243;2025/11/18;152.15;152;;;;;
C0256;Samuel;Wright;samuel.wright256@example.com;555-1472;2023/06/05;Bronze;8264;T04244;2025/05/25;879.4;879;R1;$5 Gift Voucher;500;2025/02/23;500
C0257;Naledi;Martinez;naledi.martinez257@example.com;555-1509;2022/11/19;Silver;2898;T04245;2025/06/14;667.35;667;;;;;
C0258;Olivia;Hall;olivia.hall258@example.com;555-1546;2025/05/25;Gold;13226;T04246;2025/08/11;460.36;460;;;;;
C0259;Joseph;Botha;joseph.botha259@example.com;555-0000;2024/05/19;Platinum;12262;T04247;2025/06/19;228.19;228;;Coffee Mug;1500;2025/06/19;1500
C0260; Lerato ;Clark;lerato.clark260@example.com;555-1620;2025/08/01;Bronze;740;T04248;2025/07/12;356.11;356;;;;;
C0261;Jessica;Naidoo;jessica.naidoo261@example.com;555-1657;2022/06/06;Silver;577;T04249;2025/04/02;741.39;741;;;;;
C0261;Jessica;Naidoo;jessica.naidoo261@example.com;555-1657;2022/06/06;Silver;577;T04249;2025/04/02;741.39;741;;;;;
C0263;Grace;Dlamini;grace.dlamini263@example.com;555-1731;2022/06/07;Platinum;-500;T04251;2025/01/23;634.96;635;;;;;
C0264;Peter;Johnson;peter.johnson264@example.com;555-1768;2022/03/17;Bronze;13072;T04252;2025/10/12;411.89;412;;;;;
C0265;David;King;david.king265@example.com;555-1805;2023/03/28;Silver;624;T04253;2025/10/20;385.11;385;R1;$5 Gift Voucher;500;2025/11/13;500
C0266;Charlotte;Brown;charlotte.brown266@example.com;555-1842;2025/08/22;Gold;11511;T04254;2025/05/06;954.14;954;R1;$5 Gift Voucher;500;2025/12/05;500
C0267;Thabo;Walker;duplicate.customer@example.com;555-1879;2025/11/19;Platinum;5007;T04255;2025/09/24;261.38;261;;;;;
C0268;Michael;Pillay;michael.pillay268@example.com;555-1916;2022/11/20;Bronze;12475;T04256;2025/07/10;817.84;818;;;;;
C0269;Sophia;Davis;;555-1953;2023/07/13;Silver;4432;T04257;2025/06/13;728.62;729;;;;;
C0270;Thomas;Mokoena;thomas.mokoena270@example.com;555-1990;2025/05/01;Gold;324;T04258;2025/09/27;123.17;123;;;;;
C0271;Aisha;Smith;aisha.smith271@example.com;555-2027;2025/09/10;Platinum;6183;T04259;2025/12/12;927.55;928;;;;;
C0272;Emma;Green;emma.green272@example.com;555-2064;2022/04/04;Bronze;12831;T04260;2022/03/05;693.77;694;;;;;
C0273;William;Moore;william.moore273@example.com;555-2101;2023/05/03;Silver;12194;T04261;2025/12/01;469.43;469;;;;;
C0274;Nomsa;Young;nomsa.young274@example.com;555-2138;2023/06/18;Gold;2359;T04262;2025/10/29;112.91;113;;;;;
C0275;Sarah;Anderson;sarah.anderson275@example.com;555-2175;2023/04/20;Platinum;14268;T04263;2025/04/16;805.81;806;;;;;
C0276;James;Lewis;james.lewis276@example.com;555-2212;2024/01/14;Bronze;3228;T04263;2025/10/19;21.88;22;;;;;
C0277;Amelia;Khumalo;amelia.khumalo277@example.com;555-2249;2025/11/19;Silver;3145;T04265;2025/08/03;100.05;100;;;;;
C0278;Sipho;Wilson;sipho.wilson278@example.com;555-2286;2025/01/23;Gold;4951;T04266;2025/09/18;432.06;432;R99;Unknown Reward;999;2025/09/18;999
C0279;Daniel;Nkosi;daniel.nkosi279@example.com;555-2323;2025/07/21;Platinum;6505;T04267;2025/08/18;239.74;240;;;;;
C0280;Emily;Williams;emily.williams280@example.com;555-2360;2022/09/10;Bronze;5694;T04268;2025/11/08;0;70;R1;$5 Gift Voucher;500;2025/07/12;500
C0281;Samuel;Wright;samuel.wright281@example.com;555-2397;2025/12/20;Silver;4279;T04269;2025/11/25;143.55;144;R2;$10 Gift Voucher;1000;2025/05/29;1000
C0282;Naledi;Martinez;naledi.martinez282@example.com;555-2434;2024/04/21;gold;5218;T04270;2025/11/01;786.65;787;;;;;
C0283;Olivia;Hall;olivia.hall283@example.com;555-2471;2024/05/31;Platinum;1881;T04271;2025/01/13;92.22;92;;;;;
C0284;Joseph;Botha; joseph.botha284@example.com ;555-2508;2023/02/08;Bronze;543;T04272;2025/04/10;-56.17;56;;;;;
C0285;Lerato;Clark;lerato.clark285@example.com;555-2545;2023/04/19;Silver;2740;T04273;2025/08/10;496.23;496;;;;;
C0286;Jessica;Naidoo;jessica.naidoo286@example.com;555-2582;2023/08/08;Gold;376;T04274;2025/07/21;877.56;878;;;;;
C0287;Robert;Taylor;robert.taylor287@example.com;555-2619;2024/01/09;Platinum;10546;T04275;2025/08/09;87.98;88;;;;;
C0288;Grace;Dlamini;grace.dlamini288@example.com;555-2656;2024/04/04;Bronze;578;T04276;2025/11/12;563.93;564;R5;Free Shipping;750;2025/02/24;750
C0289;PETER;Johnson;peter.johnson289@example.com;555-2693;2024/03/17;Silver;150;T04277;2025/05/15;137.34;137;;;;;
C0290;David;King;david.king290@example.com;555-0000;2024/09/22;Gold;3976;T04278;2025/10/21;188.98;189;;;;;
C0291;Charlotte;Brown;charlotte.brown291@example.com;555-2767;2023/11/01;Platinum;3773;T04279;2025/03/25;514.04;514;;;;;
C0292;Thabo;Walker;thabo.walker292@example.com;555-2804;2024/04/02; Bronze ;5711;T04280;2025/02/28;281.34;281;;;;;
C0293;Michael;Pillay;michael.pillay293@example.com;555-2841;2023/06/14;Silver;10886;T04281;2025/04/17;158.58;159;;;;;
C0294;Sophia;Davis;sophia.davis294@example.com;555-2878;2022/06/06;Gold;3450;T04282;2025/04/22;574.24;574;R6;VIP Event Access;5000;2025/07/22;5000
C0295;Thomas;Mokoena;thomas.mokoena295@example.com;555-2915;2024/02/24;Platinum;3194;T04283;2025/07/16;566.22;566;R4;T-Shirt;2000;2025/01/18;2000
C0296;Aisha;Smith;aisha.smith296@example.com;555-2952;2025/08/23;Bronze;13551;T04284;2025/10/12;109.62;110;R2;$10 Gift Voucher;1000;2025/07/08;1000
C0297;Emma;Green;emma.green297@example.com;555-2989;2025/08/28;Silver;9060;T04285;2025/03/29;485.31;485;;;;;
C0298;William;Moore;william.moore298@example.com;555-3026;2024/07/08;Gold;12455;T04286;2025/11/02;629.15;629;;;;;
C0299;Nomsa;Young;nomsa.young299@example.com;555-3063;2022/02/06;Platinum;10323;T04287;2025/12/09;409.27;409;;;;;
C0300;Sarah;Anderson;sarah.anderson300example.com;555-3100;2024/02/15;Bronze;4721;T04288;2025/08/12;214.61;2150;;;;;
C0301;James;Lewis;james.lewis301@example.com;555-3137;2022/07/05;Silver;303;T04289;2025/08/31;895.87;896;R4;T-Shirt;2000;2025/03/27;2000
C0302;Amelia;Khumalo;amelia.khumalo302@example.com;555-3174;2024/11/07;Gold;12202;T04290;2025/10/04;658.48;658;;;;;
C0303;Sipho;Wilson;sipho.wilson303@example.com;555-3211;2025/12/20;Platinum;3401;T04291;2025/05/14;432.06;432;;;;;
C0304;Daniel;Nkosi;duplicate.customer@example.com;555-3248;2023/06/12;Bronze;1112;T04292;2025/02/08;678.54;679;;;;;
C0305;Emily;williams;emily.williams305@example.com;555-3285;2023/05/23;Silver;6639;T04293;2025/06/01;627.21;627;;;;;
C0306;Samuel;Wright;samuel.wright306@example.com;555-3322;2023/01/05;Gold;10993;;2025/04/05;355.58;356;R3;Coffee Mug;1500;2025/08/10;1500
C0307;Naledi;Martinez;naledi.martinez307@example.com;555-3359;2022/01/31;Platinum;1246;T04295;2025/06/17;343.15;343;R4;T-Shirt;2000;2025/10/11;2000
C0308;Olivia;Hall;olivia.hall308@example.com;555-3396;2024/08/15;Bronze;3462;T04296;2025/12/20;739.7;740;;;;;
C0309;Joseph;Botha;joseph.botha309@example.com;555-3433;2025/03/03;Silver;959;T04297;2025/08/05;89.29;89;;;;;
C0310;Lerato;Clark;lerato.clark310@example.com;555-3470;2023/10/07;Gold;6153;T04298;2025/08/24;295.01;295;;;;;
C0311;Jessica;Naidoo;jessica.naidoo311@example.com;555-3507;2025/04/05;Platinum;5252;T04299;2025/10/24;895.24;895;;;;;
C0311;Jessica;Naidoo;jessica.naidoo311@example.com;555-3507;2025/04/05;Platinum;5252;T04299;2025/10/24;895.24;895;;;;;
C0313;Grace;Dlamini;grace.dlamini313@example.com;555-3581;2023/09/02;Silver;13773;T04301;2025/07/03;78.59;79;R7;Wireless Earbuds;7500;2025/02/15;7500
C0314;Peter;Johnson;peter.johnson314@example.com;555-3618;2025/05/12;Gold;6419;T04302;2025/02/13;945.31;945;;;;;
C0315;David;King;david.king315@example.com;555-3655;2023/06/01;Platinum;4225;T04303;2025/05/03;724.43;724;;;;;
C0316;Charlotte;Brown;charlotte.brown316@example.com;555-3692;2025/11/03;Bronze;5101;T04304;2025/05/10;242.23;242;;;;;
C0317;Thabo;Walker;thabo.walker317@example.com;555-3729;2023/05/08;Silver;10592;T04304;2025/09/22;714.6;715;;;;;
C0318;Michael;Pillay;michael.pillay318@example.com;555-3766;2024/03/20;Gold;6478;T04306;2025/01/07;389.37;389;R5;Free Shipping;750;2025/08/21;750
C0319; Sophia ;Davis;sophia.davis319@example.com;;2022/06/30;Platinum;9875;T04307;2025/03/23;66.66;67;R7;Wireless Earbuds;7500;2025/07/30;7500
C0320;Thomas;Mokoena;thomas.mokoena320@example.com;555-3840;2024/06/20;Bronze;2036;T04308;2025/09/01;740.29;740;;;;;
C0321;Aisha;Smith;aisha.smith321@example.com;555-0000;2022/09/07;Platnium;10951;T04309;2025/05/30;251.35;251;;;;;
C0322;Emma;Green;emma.green322@example.com;555-3914;2024/05/08;Gold;5775;T04310;2025/05/27;26.13;26;R7;Wireless Earbuds;7500;2025/02/24;7500
C0323;William;Moore;william.moore323@example.com;555-3951;2024/10/07;Platinum;14332;T04311;2025/10/10;525.37;525;;;;;
C0324;Nomsa;Young;nomsa.young324@example.com;555-3988;2024/04/15;Bronze;5255;T04312;2025/06/13;937.18;937;R1;$5 Gift Voucher;500;2025/03/12;500
C0325;Sarah;Anderson;sarah.anderson325@example.com;555-4025;2023/11/18;Silver;14942;T04313;2025/11/13;263.26;263;;;;;
C0326;James;Lewis;james.lewis326@example.com;555-4062;2023/09/22;Gold;9698;T04314;2025/05/21;153.45;153;;;;;
C0327;Amelia;Khumalo;amelia.khumalo327@example.com;555-4099;2023/03/30;Platinum;6429;T04315;2025/01/25;646.97;647;R4;T-Shirt;2000;2025/01/10;2000
C0328;Sipho;Wilson;sipho.wilson328@example.com;(555) 4136;2022/12/04;BRONZE;5678;T04316;2025/02/25;228.57;229;R1;$5 Gift Voucher;500;2025/10/08;500
C0329;Daniel;Nkosi;daniel.nkosi329@example.com;555-4173;2022/10/19;Silver;9470;T04317;2025/12/04;69.02;69;R2;$10 Gift Voucher;1000;2025/01/10;1000
C0330;Emily;Williams;emily.williams330@example.com;555-4210;2023/08/05;Gold;2311;T04318;2025/11/10;;381;;;;;
C0331;Samuel;Wright;samuel.wright331@example.com;555-4247;2023/04/29;Platinum;4268;T04319;2025/08/17;674.54;675;;;;;
C0332;Naledi;Martinez;naledi.martinez332@example.com;555-4284;2023/01/14;Bronze;13063;T04320;2025/02/26;936.56;937;;;;;
C0333;Olivia;Hall;olivia.hall333@example.com;555-4321;2024/10/14;Silver;9868;T04321;2025/07/03;106.93;107;R7;;7500;;
C0334;Joseph;Botha;joseph.botha334@example.com;555-4358;2025/06/30;Gold;533;T04322;2025/08/19;831.1;831;;;;;
C0335;Lerato;Clark;lerato.clark335@example.com;555-4395;2022/12/21;Platinum;;T04323;2025/02/04;554.0;554;;;;;
C0336;JESSICA;Naidoo;jessica.naidoo336@example.com;555-4432;2025/04/09;Bronze;5779;T04324;2025/03/21;202.18;202;;;;;
C0337;Robert;Taylor;robert.taylor337@example.com;555-4469;2023/08/10;;3872;T04325;2025/06/08;563.61;564;;;;;
C0338;Grace;Dlamini;grace.dlamini338@example.com;555-4506;2022/10/18;Gold;1630;T04326;2025/07/08;923.92;924;R1;$10 Gift Voucher;500;2025/07/08;1000
C0339;Peter;Johnson;peter.johnson339@example.com;555-4543;2024/05/14;Platinum;14599;T04327;2025/10/25;25.92;26;;;;;
C0340;David;King;david.king340@example.com;555-4580;2023/02/06;Bronze;774;T04328;2025/03/12;329.43;329;R1;$5 Gift Voucher;500;2025/05/13;500
C0341;Charlotte;Brown;duplicate.customer@example.com;555-4617;2023/01/15;Silver;5911;T04329;2025/01/30;122.23;122;R7;Wireless Earbuds;7500;2025/09/22;7500
C0342;Thabo;Walker;thabo.walker342@example.com;555-4654;2025/02/17;Gold;8678;T04330;2025/05/08;203.77;204;;;;;
C0343;Michael;Pillay;michael.pillay343@example.com;555-4691;2024/06/27;platinum;7769;T04331;2024/05/28;941.8;942;;;;;
C0344;Sophia;Davis;sophia.davis344@example.com;555-4728;2022/12/31;Bronze;8784;T04332;2025/04/13;326.36;326;;;;;
C0345;Thomas;Mokoena;thomas.mokoena345@example.com;555-4765;2022/01/08;Silver;12401;T04333;2025/06/08;568.79;569;;;;;
C0346;Aisha;Smith;aisha.smith346@example.com;555-4802;2023/11/27;Gold;14804;T04334;2025/04/08;556.84;557;;;;;
C0347;Emma;Green;emma.green347@example.com;555-4839;2022/12/12;Platinum;8624;T04335;2025/08/01;506.1;506;;;;;
C0348;William;Moore;william.moore348@example.com;555-4876;2023/02/05;Bronze;13512;T04336;2025/01/12;896.52;897;;;;;
C0349;Nomsa;Young;nomsa.young349@example.com;555-4913;2022/09/20;Silver;11773;T04337;2025/10/08;799.1;799;;;;;
C0350;Sarah;Anderson;sarah.anderson350@example.com;555-4950;2025/01/23;Gold;1899;T04338;2025/10/16;927.22;927;;;;;
C0351;James;Lewis;james.lewis351@example.com;555-4987;2022/06/19;Platinum;13927;T04339;2025/08/08;592.26;592;;;;;
C0352;Amelia;Khumalo;amelia.khumalo352@example.com;555-0000;2025/10/04;Bronze;12235;T04340;2025/08/25;275.58;276;R5;Free Shipping;750;2025/05/21;750
C0353;Sipho;Wilson;sipho.wilson353@example.com;555-5061;2023/12/22;Silver;8759;T04341;2025/08/13;376.18;376;;;;;
C0354;Daniel;;daniel.nkosi354@example.com;555-5098;2025/09/05;Gold;3275;T04342;2025/02/14;204.72;205;;;;;
C0355;Emily;Williams;;555-5135;2022/10/02;Platinum;48;T04343;2025/05/21;399.98;-100;;;;;
;Samuel;Wright;samuel.wright356@example.com;555-5172;2022/08/18;Bronze;5774;T04344;2025/11/03;670.27;670;;;;;
C0357;Naledi;Martinez;naledi.martinez357@example.com;555-5209;2025/03/12;Silver;14350;T04345;2025/02/03;373.91;374;R99;Unknown Reward;999;2025/02/03;999
C0358;Olivia;hall;olivia.hall358@example.com;555-5246;2022/08/24;Gold;7538;T04345;2025/06/07;978.43;978;;;;;
C0359;Joseph;Botha;joseph.botha359@example.com;555-5283;2023/11/25;Platinum;3524;T04347;2025/09/16;414.0;414;;;;;
C0360;Lerato;Clark;lerato.clark360@example.com;555-5320;2024/08/24;Bronze;14687;T04348;2025/06/16;944.97;945;R2;$10 Gift Voucher;1000;2025/09/17;1000
C0361;Jessica;Naidoo;jessica.naidoo361@example.com;555-5357;2022/04/12;Silver;1068;T04349;2025/09/13;78.87;79;;;;;
C0361;Jessica;Naidoo;jessica.naidoo361@example.com;555-5357;2022/04/12;Silver;1068;T04349;2025/09/13;78.87;79;;;;;
C0363;Grace;Dlamini;grace.dlamini363@example.com;555-5431;2022/06/24;Platinum;12909;T04351;2025/07/25;19.88;20;;;;;
C0364;Peter;Johnson;peter.johnson364@example.com;555-5468;2024/01/06;Bronze;8621;T04352;2025/10/13;605.59;606;R7;Wireless Earbuds;7500;2025/01/25;7500
C0365;David;King;david.king365@example.com;555-5505;2024/08/22;Silver;499;T04353;2025/04/13;259.19;259;;;;;
C0366;Charlotte;Brown;charlotte.brown366@example.com;555-5542;2025/10/08;Gold;7658;T04354;2025/10/12;289.73;290;;;;;
C0367;Thabo;Walker;thabo.walker367example.com;555-5579;2025/01/05;Platinum;8292;T04355;2025/10/23;850.58;8510;;;;;
C0368;Michael;Pillay;michael.pillay368@example.com;555-5616;2025/07/30;Bronze;3906;T04356;2025/08/31;481.95;482;;;;;
C0369;Sophia;Davis;sophia.davis369@example.com;555-5653;2023/12/14;Silver;3573;T04357;2025/11/14;868.21;868;R5;Free Shipping;750;2025/12/03;750
C0370;Thomas;Mokoena;thomas.mokoena370@example.com;555-5690;2024/08/23;Gold;3359;T04358;2025/07/16;199.23;199;R5;Free Shipping;750;2025/07/13;750
C0371;Aisha;Smith;aisha.smith371@example.com;555-5727;2024/01/07;Platinum;2660;T04359;2025/01/17;877.38;877;R1;$5 Gift Voucher;500;2025/01/21;500
C0372;Emma;Green;emma.green372@example.com;555-5764;2025/02/06;Bronze;-500;T04360;2025/10/18;654.33;654;;;;;
C0373;William;Moore; william.moore373@example.com ;555-5801;2022/07/24;Silver;214;T04361;2025/07/08;-953.7;954;;;;;
C0374;Nomsa;Young;nomsa.young374@example.com;555-5838;2023/01/19;Gold;11530;T04362;2025/01/18;25.8;26;;;;;
C0375;Sarah;Anderson;sarah.anderson375@example.com;555-5875;2025/12/15;Platinum;10859;T04363;2025/01/09;429.53;430;R4;T-Shirt;2000;2025/01/10;2000
C0376;James;Lewis;james.lewis376@example.com;555-5912;2025/02/23;Bronze;3966;T04364;2025/02/14;557.25;557;R6;VIP Event Access;5000;2025/01/04;5000
C0377;Amelia;Khumalo;amelia.khumalo377@example.com;555-5949;2023/01/09;Silver;13978;T04365;2025/04/28;0;141;R1;$5 Gift Voucher;500;2025/01/17;500
C0378; Sipho ;Wilson;duplicate.customer@example.com;555-5986;2024/06/26;Gold;3261;T04366;2025/08/16;654.51;655;R4;T-Shirt;2000;2025/08/28;2000
C0379;Daniel;Nkosi;daniel.nkosi379@example.com;555-6023;2022/04/06;Platinum;10150;T04367;2025/10/12;826.21;826;;;;;
C0380;Emily;Williams;emily.williams380@example.com;555-6060;2024/08/05;Bronze;14961;T04368;2025/02/06;762.52;763;R5;Free Shipping;750;2025/07/31;750
C0381;Samuel;Wright;samuel.wright381@example.com;555-6097;2025/05/21;Silver;7593;T04369;2025/05/03;969.55;970;;;;;
C0382;Naledi;Martinez;naledi.martinez382@example.com;555-6134;2024/05/15;Gold;4159;T04370;2025/11/24;737.03;737;R5;Free Shipping;750;2025/12/31;750
C0383;OLIVIA;Hall;olivia.hall383@example.com;555-0000;2024/12/24;Platinum;12880;T04371;2025/06/11;880.63;881;;;;;
C0384;Joseph;Botha;joseph.botha384@example.com;555-6208;2022/02/16;Bronze;10396;T04372;2025/09/20;861.53;862;;;;;
C0385;Lerato;Clark;lerato.clark385@example.com;555-6245;2025/03/08;Silver;5298;T04373;2025/08/26;817.01;817;;;;;
C0386;Jessica;Naidoo;jessica.naidoo386@example.com;555-6282;2022/08/07;Gold;8132;T04374;2025/05/20;812.88;813;;;;;
C0387;Robert;Taylor;robert.taylor387@example.com;555-6319;2025/03/01;Platinum;321;T04375;2025/12/13;662.91;663;R3;Coffee Mug;1500;2025/09/16;1500
C0388;Grace;Dlamini;grace.dlamini388@example.com;555-6356;2022/06/06;Bronze;11317;T04376;2025/09/19;762.72;763;;;;;
C0389;Peter;Johnson;peter.johnson389@example.com;555-6393;2024/01/11;Silver;1936;T04377;2025/10/02;576.11;576;R5;Free Shipping;750;2025/09/25;750
C0390;David;King;david.king390@example.com;555-6430;2025/09/21;Gold;12601;T04378;2025/05/29;205.78;206;;;;;
c0391;Charlotte;Brown;charlotte.brown391@example.com;555-6467;2024/03/21;Platinum;10290;T04379;2025/03/01;917.38;917;;;;;
C0392;Thabo;Walker;thabo.walker392@example.com;;2025/01/26;Bronze;8573;T04380;2025/10/02;547.03;547;;;;;
C0393;Michael;Pillay;michael.pillay393@example.com;555-6541;2022/11/20;Silver;4274;T04381;2025/11/01;190.86;191;R2;$10 Gift Voucher;1000;2025/08/14;1000
C0394;Sophia;Davis;sophia.davis394@example.com;555-6578;2025/10/03;Gold;3491;T04382;2025/09/03;766.03;766;;;;;
C0395;Thomas;Mokoena;thomas.mokoena395@example.com;555-6615;2022/01/06;Platinum;6525;T04383;2025/08/19;597.61;598;;;;;
C0396;Aisha;Smith;aisha.smith396@example.com;555-6652;2023/12/01;Bronze;2563;T04384;2025/01/30;768.05;768;;Coffee Mug;1500;2025/01/30;1500
C0397;Emma;Green;emma.green397@example.com;555-6689;2024/03/02;Silver;14044;T04385;2025/05/10;434.0;434;;;;;
C0398;William;Moore;;555-6726;2022/09/27;Gold;7141;T04386;2025/01/30;866.71;867;;;;;
C0399;Nomsa;Young;nomsa.young399@example.com;555-6763;2024/12/16; Platinum ;9241;T04386;2025/06/22;536.99;537;;;;;
C0400;Sarah;Anderson;sarah.anderson400@example.com;555-6800;2025/05/21;Bronze;12142;T04388;2025/03/29;151.53;152;;;;;
C0401;James;Lewis;james.lewis401@example.com;555-6837;2022/07/19;Silver;11851;T04389;2025/03/31;791.34;791;;;;;
C0402;Amelia;Khumalo;amelia.khumalo402@example.com;555-6874;2025/06/02;Gold;7748;T04390;2025/01/23;454.05;454;;;;;
C0403;Sipho;Wilson;sipho.wilson403@example.com;555-6911;2025/12/16;Platinum;14361;T04391;2025/04/15;606.84;607;;;;;
C0404;Daniel;Nkosi;daniel.nkosi404@example.com;555-6948;2025/06/14;bronze;1594;T04392;2025/11/29;237.99;238;;;;;
C0405;Emily;Williams;emily.williams405@example.com;555-6985;;Silver;13197;T04393;2025/09/26;691.5;692;R1;$5 Gift Voucher;500;2025/05/18;500
C0406;Samuel;Wright;samuel.wright406@example.com;555-7022;2023/01/05;Gold;3577;T04394;2025/11/26;892.68;893;;;;;
C0407;Naledi;Martinez;naledi.martinez407@example.com;555-7059;2022/11/15;Platinum;7002;T04395;2025/06/20;875.55;876;R4;T-Shirt;2000;2025/01/30;2000
C0408;;Hall;olivia.hall408@example.com;555-7096;2024/02/07;Bronze;7401;T04396;2025/12/06;618.17;618;;;;;
C0409;Joseph;Botha;joseph.botha409@example.com;555-7133;2023/08/17;Silver;956;T04397;2025/10/05;607.2;607;;;;;
C0410;Lerato;Clark;lerato.clark410@example.com;555-7170;2022/04/11;Gold;1449;T04398;2025/12/30;692.82;693;;;;;
C0411;Jessica;naidoo;jessica.naidoo411@example.com;(555) 7207;2024/01/12;PLATINUM;5262;T04399;2025/07/27;467.18;467;;;;;
C0411;Jessica;naidoo;jessica.naidoo411@example.com;(555) 7207;2024/01/12;PLATINUM;5262;T04399;2025/07/27;467.18;467;;;;;
 C0413 ;Grace;Dlamini;grace.dlamini413@example.com;555-7281;2023/05/27;Silver;7123;T04401;2025/09/09;398.96;399;R6;VIP Event Access;5000;2025/10/17;5000
C0414;Peter;Johnson;peter.johnson414@example.com;555-0000;2025/06/06;Gold;1934;T04402;2025/05/07;386.23;386;;;;;
C0415;David;King;duplicate.customer@example.com;555-7355;2025/11/15;Platinum;12898;T04403;2025/09/07;433.97;434;;;;;
C0416;Charlotte;Brown;charlotte.brown416@example.com;555-7392;2024/01/16;Bronze;10711;T04404;2025/03/16;724.99;725;;;;;
C0417;Thabo;Walker;thabo.walker417@example.com;555-7429;2024/06/07;Silver;5147;T04405;2025/04/24;488.97;489;;;;;
C0418;Michael;Pillay;michael.pillay418@example.com;555-7466;2025/07/30;Gold;2573;T04406;2025/03/27;505.74;506;R6;VIP Event Access;5000;2025/11/11;5000
C0419;Sophia;Davis;sophia.davis419@example.com;555-7503;2023/05/22;Platinum;2538;;2025/12/01;842.69;843;;;;;
C0420;Thomas;Mokoena;thomas.mokoena420@example.com;555-7540;2024/02/21;Bronze;8366;T04408;2025/08/17;66.5;66;R7;Wireless Earbuds;7500;2025/05/09;7500
C0421;Aisha;Smith;aisha.smith421@example.com;555-7577;2024/05/25;Silver;7905;T04409;2025/05/26;514.19;514;;;;;
C0422;Emma;Green;emma.green422@example.com;555-7614;2023/06/15;Gold;13038;T04410;2025/08/21;250.74;251;;;;;
C0423;William;Moore;william.moore423@example.com;555-7651;2025/07/31;Platinum;8959;T04411;2025/12/18;584.78;585;;;;;
C0424;Nomsa;Young;nomsa.young424@example.com;555-7688;2022/05/06;Bronze;5349;T04412;2025/03/05;153.99;154;;;;;
C0425;Sarah;Anderson;sarah.anderson425@example.com;555-7725;2023/09/08;Silver;6127;T04413;2025/08/16;407.58;408;;;;;
C0426;James;Lewis;james.lewis426@example.com;555-7762;2025/04/15;Gold;9864;T04414;2025/10/18;827.19;827;;;;;
C0427;Amelia;Khumalo;amelia.khumalo427@example.com;555-7799;2025/10/16;Platinum;13004;T04415;2025/07/13;758.13;758;;;;;
C0428;Sipho;Wilson;sipho.wilson428@example.com;555-7836;2023/10/30;Bronze;9635;T04416;2025/12/01;660.63;661;;;;;
C0429;Daniel;Nkosi;daniel.nkosi429@example.com;555-7873;2022/01/18;Silver;8219;T04417;2025/01/21;335.33;335;R3;Coffee Mug;1500;2025/02/01;1500
C0430;EMILY;Williams;emily.williams430@example.com;555-7910;2024/04/14;Gold;8847;T04418;2025/01/11;928.67;929;;;;;
C0431;Samuel;Wright;samuel.wright431@example.com;555-7947;2022/04/29;Platinum;12802;T04419;2025/08/26;879.79;880;R3;Coffee Mug;1500;2025/06/03;1500
C0432;Naledi;Martinez;naledi.martinez432@example.com;555-7984;2022/03/14;Bronze;11230;T04420;2025/05/16;317.25;317;;;;;
C0433;Olivia;Hall;olivia.hall433@example.com;555-8021;2022/02/17;Silver;7805;T04421;2025/02/05;416.25;416;;;;;
C0434;Joseph;Botha;joseph.botha434example.com;555-8058;2022/09/07;Gold;6602;T04422;2025/03/30;389.1;3890;;;;;
C0435;Lerato;Clark;lerato.clark435@example.com;555-8095;2025/01/05;Platinum;6784;T04423;2025/02/12;671.05;671;;;;;
C0436;Jessica;Naidoo;jessica.naidoo436@example.com;555-8132;2025/06/18;Bronze;2037;T04424;2025/10/20;341.24;341;R99;Unknown Reward;999;2025/10/20;999
C0437; Robert ;Taylor;robert.taylor437@example.com;555-8169;2024/06/12;Silver;5539;T04425;2025/10/19;855.56;856;;;;;
C0438;Grace;Dlamini;grace.dlamini438@example.com;555-8206;2025/12/10;Gold;9548;T04426;2025/12/20;170.49;170;;;;;
C0439;Peter;Johnson;peter.johnson439@example.com;555-8243;2022/03/10;Platinum;1436;T04427;2025/07/11;244.08;244;;;;;
C0440;David;King;david.king440@example.com;555-8280;2022/03/25;Bronze;11983;T04427;2025/08/06;274.03;274;R2;$10 Gift Voucher;1000;2025/08/11;1000
C0441;Charlotte;Brown;;555-8317;2025/01/07;Silver;2420;T04429;2025/11/20;31.46;31;R1;$10 Gift Voucher;500;2025/11/20;1000
C0442;Thabo;Walker;thabo.walker442@example.com;555-8354;2025/02/12;Gold;5991;T04430;2025/12/30;662.78;663;R2;$10 Gift Voucher;1000;2025/12/16;1000
C0443;Michael;Pillay;michael.pillay443@example.com;555-8391;2022/06/18;Platinum;13033;T04431;2025/07/01;542.19;542;;;;;
C0444;Sophia;Davis;sophia.davis444@example.com;555-8428;2022/12/10;Bronze;4861;T04432;2025/09/04;33.34;33;R3;Coffee Mug;1500;2025/12/07;1500
C0445;Thomas;Mokoena;thomas.mokoena445@example.com;555-0000;2025/01/19;Silver;10327;T04433;2025/05/27;852.16;852;R7;Wireless Earbuds;7500;2025/06/20;7500
C0446;Aisha;Smith;aisha.smith446@example.com;555-8502;2025/02/25;Gold;4849;T04434;2025/07/28;513.4;513;;;;;
C0447;Emma;Green;emma.green447@example.com;555-8539;2025/07/14;Platinum;3139;T04435;2025/03/28;986.24;986;;;;;
C0448;William;Moore;william.moore448@example.com;555-8576;2025/04/10;Bronze;1517;T04436;2025/04/03;302.94;303;;;;;
C0449;Nomsa;Young;nomsa.young449@example.com;555-8613;2022/01/23;Silver;12074;T04437;2025/07/24;937.4;937;;;;;
C0450;Sarah;Anderson;sarah.anderson450@example.com;555-8650;2022/04/03;Gold;10388;T04438;2025/03/28;974.5;974;;;;;
C0451;James;Lewis;james.lewis451@example.com;555-8687;2022/12/23;Platinum;12991;T04439;2025/10/10;412.27;412;;;;;
C0452;Amelia;Khumalo;duplicate.customer@example.com;555-8724;2025/07/06;Bronze;683;T04440;2025/06/10;591.25;591;;;;;
C0453;Sipho;Wilson;sipho.wilson453@example.com;555-8761;2022/07/08;Silver;9175;T04441;2025/10/08;935.04;935;;;;;
C0454;Daniel;Nkosi;daniel.nkosi454@example.com;555-8798;2025/02/26;Gold;6013;T04442;2025/06/22;622.86;623;;;;;
C0455;Emily;Williams;emily.williams455@example.com;555-8835;2022/06/21;Platinum;10978;T04443;2025/10/26;455.17;455;R3;Coffee Mug;1500;2025/09/01;1500
C0456;Samuel;Wright;SAMUEL.WRIGHT456@EXAMPLE.COM;555-8872;2023/08/11;Bronze;10903;T04444;2025/06/23;795.87;-100;;;;;
C0457;Naledi;Martinez;naledi.martinez457@example.com;555-8909;2023/08/17;Silver;6691;T04445;2025/01/03;;956;R2;$10 Gift Voucher;1000;2025/02/28;1000
C0458;Olivia;Hall;olivia.hall458@example.com;555-8946;2022/06/13;Gold;9366;T04446;2025/11/01;636.7;637;;;;;
C0459;Joseph;Botha;joseph.botha459@example.com;555-8983;2025/08/22;Platinum;4251;T04447;2025/11/25;119.71;120;;;;;
C0460;Lerato;Clark;lerato.clark460@example.com;555-9020;2022/03/23;Platnium;4392;T04448;2025/10/12;886.74;887;;;;;
C0461;Jessica;Naidoo;jessica.naidoo461@example.com;555-9057;2023/10/26;Silver;4447;T04449;2025/03/13;949.73;950;R6;VIP Event Access;5000;2025/01/02;5000
C0461;Jessica;Naidoo;jessica.naidoo461@example.com;555-9057;2023/10/26;Silver;4447;T04449;2025/03/13;949.73;950;R6;VIP Event Access;5000;2025/01/02;5000
C0463;Grace;Dlamini;grace.dlamini463@example.com;555-9131;2022/09/19;Platinum;2424;T04451;2025/11/24;530.71;531;;;;;
C0464;Peter;johnson;peter.johnson464@example.com;555-9168;2023/07/19;Bronze;1998;T04452;2025/04/05;707.51;708;R4;T-Shirt;2000;2025/07/01;2000
C0465;David;King;david.king465@example.com;;2025/07/30;silver;10469;T04453;2025/09/04;846.49;846;R1;$5 Gift Voucher;500;2025/09/05;500
C0466;Charlotte;Brown;charlotte.brown466@example.com;555-9242;2024/04/30;Gold;;T04454;2025/07/09;783.73;784;;;;;
C0467;Thabo;Walker;thabo.walker467@example.com;555-9279;2024/02/04;Platinum;1616;T04455;2025/10/06;306.88;307;R6;VIP Event Access;5000;2025/09/12;5000
C0468;Michael;Pillay;michael.pillay468@example.com;555-9316;2024/07/22;Bronze;1887;T04456;2025/01/23;325.28;325;;;;;
C0469;Sophia;Davis;sophia.davis469@example.com;555-9353;2024/10/21;Silver;10309;T04457;2025/05/17;690.02;690;R5;Free Shipping;750;2025/05/07;750
C0470;Thomas;Mokoena;thomas.mokoena470@example.com;555-9390;2024/08/16;Gold;11898;T04458;2025/01/22;423.07;423;;;;;
C0471;Aisha;Smith;aisha.smith471@example.com;555-9427;2023/09/30;Platinum;14669;T04459;2025/03/08;515.79;516;;;;;
C0472;Emma;Green;emma.green472@example.com;555-9464;2023/05/17;Bronze;9327;T04460;2025/07/31;886.95;887;;;;;
C0473;William;Moore;william.moore473@example.com;555-9501;2023/03/20;Silver;1023;T04461;2025/05/24;554.9;555;;;;;
C0474;Nomsa;Young;nomsa.young474@example.com;555-9538;2022/09/29;Gold;4502;T04462;2025/03/20;0;817;;;;;
C0475;Sarah;Anderson;sarah.anderson475@example.com;555-9575;2025/08/18;Platinum;7281;T04463;2025/03/30;230.35;230;;;;;
C0476;James;Lewis;james.lewis476@example.com;555-0000;2025/03/02;Bronze;11311;T04464;2025/01/31;891.21;891;R3;Coffee Mug;1500;2025/08/12;1500
C0477;AMELIA;Khumalo;amelia.khumalo477@example.com;555-9649;2025/09/28;Silver;1018;T04465;2025/03/14;662.33;662;R6;VIP Event Access;5000;2025/04/12;5000
C0478;Sipho;Wilson;sipho.wilson478@example.com;555-9686;2022/08/26;Gold;7158;T04466;2025/03/13;404.6;405;R7;Wireless Earbuds;7500;2025/11/20;7500
C0479;Daniel;Nkosi;daniel.nkosi479@example.com;555-9723;2023/03/26;Platinum;8200;T04467;2025/01/16;684.68;685;R7;Wireless Earbuds;7500;2025/07/21;7500
C0480;Emily;Williams;emily.williams480@example.com;555-9760;2025/04/16;Bronze;11268;T04468;2025/03/29;731.6;732;R1;$5 Gift Voucher;500;2025/09/29;500
C0481;Samuel;Wright;samuel.wright481@example.com;555-9797;2025/01/21;Silver;-500;T04468;2025/12/05;357.58;358;R6;VIP Event Access;5000;2025/12/08;5000
C0482;Naledi;Martinez;naledi.martinez482@example.com;555-9834;2022/10/08;Gold;9420;T04470;2025/04/10;714.78;715;R7;;7500;;
C0483;Olivia;Hall;olivia.hall483@example.com;555-9871;2025/02/14;Platinum;14394;T04471;2025/07/23;792.51;793;R4;T-Shirt;2000;2025/05/26;2000
C0484;Joseph;Botha;;555-9908;2025/06/02;Bronze;10797;T04472;2025/06/24;730.74;731;;;;;
C0485;Lerato;Clark;lerato.clark485@example.com;555-9945;2025/12/06;Silver;9618;T04473;2025/11/06;475.26;475;;;;;
C0486;Jessica;Naidoo;jessica.naidoo486@example.com;555-9982;2022/03/04;Gold;14184;T04474;2025/05/19;877.69;878;R2;$10 Gift Voucher;1000;2025/03/08;1000
C0487;Robert;Taylor;robert.taylor487@example.com;555-1019;2024/07/04;Platinum;6080;T04475;2025/07/09;789.87;790;;;;;
C0488;Grace;Dlamini;grace.dlamini488@example.com;555-1056;2025/02/26;Bronze;6050;T04476;2025/08/22;955.57;956;;;;;
C0489;Peter;Johnson;duplicate.customer@example.com;555-1093;2023/01/18;Silver;4194;T04477;2025/03/20;462.2;462;;;;;
C0490;David;King;david.king490@example.com;555-1130;2022/12/24;Gold;5309;T04478;2025/12/27;804.54;805;R2;$10 Gift Voucher;1000;2025/11/05;1000
C0491;Charlotte;Brown;charlotte.brown491@example.com;555-1167;2022/05/04;Platinum;5467;T04479;2025/08/20;85.85;86;;;;;
C0492;Thabo;Walker;thabo.walker492@example.com;555-1204;2022/06/08;Bronze;8077;T04480;2025/07/08;284.39;284;;;;;
C0493;Michael;Pillay;michael.pillay493@example.com;555-1241;2023/10/25;Silver;9616;T04481;2025/03/10;479.42;479;;;;;
C0494;Sophia;Davis;sophia.davis494@example.com;(555) 1278;2024/12/11;GOLD;1250;T04482;2025/11/11;820.06;820;;;;;
C0495;Thomas;Mokoena;thomas.mokoena495@example.com;555-1315;2023/03/29;Platinum;5652;T04483;2025/05/20;834.58;835;R5;Free Shipping;750;2025/01/24;750
C0496; Aisha ;Smith;aisha.smith496@example.com;555-1352;2022/11/15;Bronze;7133;T04484;2025/09/08;120.89;121;R4;T-Shirt;2000;2025/09/08;2000
C0497;Emma;Green;emma.green497@example.com;555-1389;2023/02/26;Silver;12361;T04485;2025/03/15;809.87;810;;;;;
C0498;William;Moore;william.moore498@example.com;555-1426;2024/05/19;Gold;5572;T04486;2025/02/23;726.2;726;R5;Free Shipping;750;2025/10/06;750
C0499;Nomsa;Young;nomsa.young499@example.com;555-1463;2023/11/22;Platinum;12013;T04487;2025/08/06;55.06;55;;;;;
C0500;Sarah;Anderson;sarah.anderson500@example.com;555-1500;2022/08/22;Bronze;11500;T04488;2025/06/11;832.12;832;;;;;
C0501;James;Lewis;james.lewis501example.com;555-1537;2024/07/15;Silver;6753;T04489;2025/11/07;908.36;9080;;;;;
C0502;Amelia;Khumalo;amelia.khumalo502@example.com;555-1574;2025/11/11;Gold;2687;T04490;2025/05/17;889.92;890;;;;;
C0503;Sipho;Wilson;sipho.wilson503@example.com;555-1611;2025/04/12;Platinum;8546;T04491;2025/09/07;329.37;329;;;;;
C0504;Daniel;Nkosi;daniel.nkosi504@example.com;555-1648;2023/02/04;Bronze;1389;T04492;2025/06/18;735.2;735;R4;T-Shirt;2000;2025/06/20;2000
C0505;Emily;Williams;emily.williams505@example.com;555-1685;2024/10/19;Silver;811;T04493;2025/05/21;39.23;39;R1;$5 Gift Voucher;500;2025/01/07;500
C0506;Samuel;Wright;samuel.wright506@example.com;555-1722;2024/06/24; Gold ;2923;T04494;2025/09/27;103.86;104;R1;$5 Gift Voucher;500;2025/01/05;500
C0507;Naledi;Martinez;naledi.martinez507@example.com;555-0000;2024/07/15;Platinum;6119;T04495;2025/04/26;614.72;615;;;;;
C0508;Olivia;Hall;olivia.hall508@example.com;555-1796;2023/03/05;Bronze;1871;T04496;2025/09/28;348.21;348;;;;;
C0509;Joseph;Botha;joseph.botha509@example.com;555-1833;2022/07/30;Silver;4425;T04497;2025/09/02;480.15;480;;;;;
C0510;Lerato;Clark;lerato.clark510@example.com;555-1870;2022/06/15;;9402;T04498;2025/08/28;196.72;197;;;;;
C0511;Jessica;Naidoo;jessica.naidoo511@example.com;555-1907;2023/04/17;Platinum;7998;T04499;2025/02/24;921.57;922;;;;;
C0511;Jessica;Naidoo;jessica.naidoo511@example.com;555-1907;2023/04/17;Platinum;7998;T04499;2025/02/24;921.57;922;;;;;
C0513;Grace;Dlamini;grace.dlamini513@example.com;555-1981;2022/11/18;Silver;8510;T04501;2025/06/10;145.3;145;R7;Wireless Earbuds;7500;2025/10/14;7500
C0514;Peter;Johnson;peter.johnson514@example.com;555-2018;2025/10/24;Gold;8469;T04502;2025/12/24;730.09;730;R3;Coffee Mug;1500;2025/03/12;1500
C0515;David;King;david.king515@example.com;555-2055;2025/01/12;Platinum;6779;T04503;2025/07/24;872.48;872;R99;Unknown Reward;999;2025/07/24;999
C0516;Charlotte;Brown;charlotte.brown516@example.com;555-2092;2022/07/31;Bronze;8468;T04504;2025/02/04;342.1;342;R4;T-Shirt;2000;2025/10/16;2000
C0517;Thabo;walker;thabo.walker517@example.com;555-2129;2024/10/29;Silver;7675;T04505;2025/07/23;489.19;489;R1;$5 Gift Voucher;500;2025/01/30;500
C0518;Michael;Pillay;michael.pillay518@example.com;555-2166;2025/11/22;Gold;640;T04506;2025/03/29;278.23;278;R1;$5 Gift Voucher;500;2025/09/17;500
C0519;Sophia;Davis;sophia.davis519@example.com;555-2203;2023/10/24;Platinum;731;T04507;2025/12/19;628.61;629;R2;$10 Gift Voucher;1000;2025/03/05;1000
C0520;Thomas;Mokoena;thomas.mokoena520@example.com;555-2240;2025/10/02;Bronze;11063;T04508;2025/05/25;328.02;328;;;;;
C0521;Aisha;;aisha.smith521@example.com;555-2277;2025/04/12;Silver;7637;T04509;2025/04/07;524.01;524;;;;;
C0522;Emma;Green;emma.green522@example.com;555-2314;2025/12/29;Gold;11621;T04509;2025/04/29;339.49;339;R4;T-Shirt;2000;2025/03/22;2000
C0523;William;Moore;william.moore523@example.com;555-2351;2025/05/20;Platinum;4987;T04511;2025/08/25;785.28;785;R3;Coffee Mug;1500;2025/09/19;1500
C0524;NOMSA;Young;nomsa.young524@example.com;555-2388;2025/04/26;Bronze;9244;T04512;2025/06/18;973.66;974;;;;;
C0525;Sarah;Anderson;sarah.anderson525@example.com;555-2425;2023/07/09;Silver;414;T04513;2025/01/01;486.73;487;;;;;
C0526;James;Lewis;duplicate.customer@example.com;555-2462;2022/08/28;gold;9443;T04514;2025/01/19;11.42;11;;;;;
C0527;Amelia;Khumalo;;555-2499;2024/02/26;Platinum;14045;T04515;2025/05/14;554.22;554;;;;;
C0528;Sipho;Wilson;sipho.wilson528@example.com;555-2536;2025/08/05;Bronze;13508;T04516;2025/10/14;217.2;217;;;;;
C0529;Daniel;Nkosi;daniel.nkosi529@example.com;555-2573;2025/06/22;Silver;14359;T04517;2025/09/20;175.98;176;;;;;
C0530;Emily;Williams;emily.williams530@example.com;555-2610;2024/10/04;Gold;8523;T04518;2025/02/04;770.99;771;;;;;
C0531;Samuel;Wright;samuel.wright531@example.com;555-2647;2024/12/03;Platinum;1905;T04519;2025/06/26;421.43;421;R2;$10 Gift Voucher;1000;2025/03/06;1000
C0532;Naledi;Martinez;naledi.martinez532@example.com;555-2684;2024/08/17;Bronze;1005;;2025/04/06;117.24;117;;;;;
C0533;Olivia;Hall;olivia.hall533@example.com;555-2721;2025/04/17;Silver;9281;T04521;2025/07/27;618.6;619;;Coffee Mug;1500;2025/07/27;1500
C0534;Joseph;Botha;joseph.botha534@example.com;555-2758;2023/05/18;Gold;8819;T04522;2025/03/23;985.87;986;;;;;
C0535;Lerato;Clark;lerato.clark535@example.com;555-2795;2023/11/18;Platinum;13634;T04523;2025/02/12;272.74;273;;;;;
C0536;Jessica;Naidoo;jessica.naidoo536@example.com;555-2832;2024/05/05;Bronze;7428;T04524;2025/08/23;452.98;453;R3;Coffee Mug;1500;2025/05/07;1500
;Robert;Taylor;robert.taylor537@example.com;555-2869;2024/06/15;Silver;7283;T04525;2025/05/11;979.06;979;;;;;
C0538;Grace;Dlamini;grace.dlamini538@example.com;;2022/01/17;Gold;5181;T04526;2025/01/01;576.63;577;R4;T-Shirt;2000;2025/10/08;2000
C0539;Peter;Johnson;peter.johnson539@example.com;555-2943;2023/11/22;Platinum;1798;T04527;2025/02/26;38.51;39;R2;$10 Gift Voucher;1000;2025/02/14;1000
C0540;David;King;david.king540@example.com;555-2980;2022/09/28;Bronze;7426;T04528;2025/04/01;640.91;641;;;;;
C0541;Charlotte;Brown;charlotte.brown541@example.com;555-3017;2023/11/02;Silver;8322;T04529;2025/10/30;577.9;578;R3;Coffee Mug;1500;2025/12/03;1500
c0542;Thabo;Walker;thabo.walker542@example.com;555-3054;2022/02/22;Gold;7838;T04530;2025/04/05;522.75;523;R3;Coffee Mug;1500;2025/04/23;1500
C0543;Michael;Pillay;michael.pillay543@example.com;555-3091;2025/02/09;Platinum;7624;T04531;2025/06/17;522.82;523;;;;;
C0544;Sophia;Davis;sophia.davis544@example.com;555-3128;2022/08/18;Bronze;4460;T04532;2025/03/20;220.88;221;R1;$10 Gift Voucher;500;2025/03/20;1000
C0545;Thomas;Mokoena;thomas.mokoena545@example.com;555-3165;2023/06/21;Silver;13779;T04533;2025/08/14;887.89;888;;;;;
C0546;Aisha;Smith;aisha.smith546@example.com;555-3202;2022/03/01;Gold;88;T04534;2025/05/24;764.05;764;;;;;
C0547;Emma;Green;emma.green547@example.com;555-3239;2022/04/24;Platinum;6118;T04535;2025/03/29;441.25;441;;;;;
C0548;William;Moore;william.moore548@example.com;555-3276;2023/09/01;Bronze;1056;T04536;2025/12/19;417.49;417;;;;;
C0549;Nomsa;Young;nomsa.young549@example.com;555-3313;2022/05/01;Silver;1224;T04537;2025/03/15;443.55;444;;;;;
C0550;Sarah;Anderson;sarah.anderson550@example.com;555-3350;2025/03/03;Gold;1547;T04538;2025/05/27;539.98;540;;;;;
C0551;James;Lewis; james.lewis551@example.com ;555-3387;2023/09/21;Platinum;5989;T04539;2025/01/20;-13.64;14;R6;VIP Event Access;5000;2025/08/15;5000
C0552;Amelia;Khumalo;amelia.khumalo552@example.com;555-3424;2023/09/09;Bronze;10695;T04540;2025/09/17;125.73;126;;;;;
C0553;Sipho;Wilson;sipho.wilson553@example.com;555-3461;2023/08/14;Silver;8419;T04541;2025/11/22;71.56;72;R2;$10 Gift Voucher;1000;2025/11/08;1000
C0554;Daniel;Nkosi;daniel.nkosi554@example.com;555-3498;2023/03/16;Gold;9057;T04542;2025/03/18;446.41;446;;;;;
C0555; Emily ;Williams;emily.williams555@example.com;555-3535;2024/09/02;Platinum;8477;T04543;2025/02/27;913.02;913;;;;;
C0556;Samuel;Wright;samuel.wright556@example.com;555-3572;2023/02/03;Bronze;12838;T04544;2023/01/04;669.56;670;;;;;
C0557;Naledi;Martinez;NALEDI.MARTINEZ557@EXAMPLE.COM;555-3609;2022/08/02;Silver;9065;T04545;2025/09/15;590.75;-100;;;;;
C0558;Olivia;Hall;olivia.hall558@example.com;555-3646;2022/02/26;Gold;3737;T04546;2025/05/02;976.68;977;R4;T-Shirt;2000;2025/12/04;2000
C0559;Joseph;Botha;joseph.botha559@example.com;555-3683;2023/04/21;Platinum;14726;T04547;2025/10/10;684.0;684;;;;;
C0560;Lerato;Clark;lerato.clark560@example.com;555-3720;2022/08/31;Bronze;2786;T04548;2025/07/01;377.48;377;;;;;
C0561;Jessica;Naidoo;jessica.naidoo561@example.com;555-3757;2025/04/27;Silver;14362;T04549;2025/05/28;544.46;544;;;;;
C0561;Jessica;Naidoo;jessica.naidoo561@example.com;555-3757;2025/04/27;Silver;14362;T04549;2025/05/28;544.46;544;;;;;
C0563;Grace;Dlamini;duplicate.customer@example.com;555-3831;2022/09/16;Platinum;13714;T04550;2025/02/01;430.78;431;;;;;
C0564;Peter;Johnson;peter.johnson564@example.com;555-3868;2023/10/25;Bronze;3367;T04552;2025/06/14;378.44;378;;;;;
C0565;;King;david.king565@example.com;555-3905;2022/05/29;Silver;6334;T04553;2025/09/22;700.19;700;;;;;
C0566;Charlotte;Brown;charlotte.brown566@example.com;555-3942;2023/10/26;Gold;9430;T04554;2025/07/12;48.26;48;;;;;
C0567;Thabo;Walker;thabo.walker567@example.com;555-3979;2025/07/27;Platinum;10347;T04555;2025/07/29;486.17;486;R6;VIP Event Access;5000;2025/07/27;5000
C0568;Michael;Pillay;michael.pillay568example.com;555-4016;2022/08/22;Bronze;10999;T04556;2025/06/24;838.8;8390;R5;Free Shipping;750;2025/11/03;750
C0569;Sophia;Davis;sophia.davis569@example.com;555-0000;2025/04/12;Silver;1943;T04557;2025/08/31;126.09;126;R6;VIP Event Access;5000;2025/04/25;5000
C0570;Thomas;mokoena;;555-4090;2024/05/02;Gold;7573;T04558;2025/11/29;176.93;177;;;;;
C0571;AISHA;Smith;aisha.smith571@example.com;555-4127;2025/06/14;Platinum;14420;T04559;2025/06/02;0;898;;;;;
C0572;Emma;Green;emma.green572@example.com;555-4164;2023/08/01;Bronze;7276;T04560;2025/05/02;982.87;983;;;;;
C0573;William;Moore;william.moore573@example.com;555-4201;2025/09/23;Silver;13911;T04561;2025/10/06;83.99;84;;;;;
C0574;Nomsa;Young;nomsa.young574@example.com;555-4238;2022/07/22;Gold;11344;T04562;2025/08/09;156.84;157;R4;T-Shirt;2000;2025/10/21;2000
C0575;Sarah;Anderson;sarah.anderson575@example.com;555-4275;2022/06/02;Platinum;10766;T04563;2025/02/26;343.2;343;R3;Coffee Mug;1500;2025/12/18;1500
 C0576 ;James;Lewis;james.lewis576@example.com;555-4312;2025/01/07;Bronze;11344;T04564;2025/10/12;505.67;506;R7;Wireless Earbuds;7500;2025/03/08;7500
C0577;Amelia;Khumalo;amelia.khumalo577@example.com;(555) 4349;2023/03/29;SILVER;1077;T04565;2025/05/23;935.95;936;;;;;
C0578;Sipho;Wilson;sipho.wilson578@example.com;555-4386;2025/10/24;Gold;10484;T04566;2025/04/03;842.53;843;;;;;
C0579;Daniel;Nkosi;daniel.nkosi579@example.com;555-4423;2024/11/27;Platinum;14029;T04567;2025/11/09;421.93;422;;;;;
C0580;Emily;Williams;emily.williams580@example.com;555-4460;2024/10/17;Bronze;4089;T04568;2025/01/29;993.18;993;R3;Coffee Mug;1500;2025/08/02;1500
C0581;Samuel;Wright;samuel.wright581@example.com;555-4497;2023/11/13;Silver;11270;T04569;2025/01/26;252.06;252;;;;;
C0582;Naledi;Martinez;naledi.martinez582@example.com;555-4534;2023/11/07;Gold;4565;T04570;2025/09/26;409.68;410;;;;;
C0583;Olivia;Hall;olivia.hall583@example.com;555-4571;2024/03/03;Platinum;14231;T04571;2025/11/22;286.33;286;;;;;
C0584;Joseph;Botha;joseph.botha584@example.com;555-4608;2022/03/21;Bronze;12685;T04572;2025/11/02;;57;R1;$5 Gift Voucher;500;2025/09/26;500
C0585;Lerato;Clark;lerato.clark585@example.com;555-4645;2025/09/06;Silver;492;T04573;2025/08/24;591.37;591;;;;;
C0586;Jessica;Naidoo;jessica.naidoo586@example.com;555-4682;2025/06/06;Gold;5452;T04574;2025/05/02;839.16;839;;;;;
C0587;Robert;Taylor;robert.taylor587@example.com;555-4719;2023/03/08;platinum;7433;T04575;2025/06/23;528.01;528;;;;;
C0588;Grace;Dlamini;grace.dlamini588@example.com;555-4756;2025/01/29;Bronze;10586;T04576;2025/04/23;978.83;979;R4;T-Shirt;2000;2025/02/04;2000
C0589;Peter;Johnson;peter.johnson589@example.com;555-4793;2023/06/19;Silver;8666;T04577;2025/05/03;944.54;945;;;;;
C0590;David;King;david.king590@example.com;555-4830;2024/10/07;Gold;-500;T04578;2025/02/03;843.01;843;R7;Wireless Earbuds;7500;2025/11/01;7500
C0591;Charlotte;Brown;charlotte.brown591@example.com;555-4867;2025/08/06;Platinum;6450;T04579;2025/03/17;788.58;789;;;;;
C0592;Thabo;Walker;thabo.walker592@example.com;555-4904;2022/02/18;Bronze;279;T04580;2025/01/22;18.32;18;;;;;
C0593;Michael;Pillay;michael.pillay593@example.com;555-4941;2025/01/08;Silver;11969;T04581;2025/08/07;74.97;75;;;;;
C0594;Sophia;Davis;sophia.davis594@example.com;555-4978;2022/01/18;Gold;2316;T04582;2025/02/05;641.91;642;R99;Unknown Reward;999;2025/02/05;999
C0595;Thomas;Mokoena;thomas.mokoena595@example.com;555-5015;2024/07/13;Platinum;4932;T04583;2025/01/13;503.57;504;R5;Free Shipping;750;2025/07/08;750
C0596;Aisha;Smith;aisha.smith596@example.com;555-5052;;Bronze;6262;T04584;2025/06/21;644.22;644;R3;Coffee Mug;1500;2025/12/15;1500
C0597;Emma;Green;emma.green597@example.com;555-5089;2024/04/03;Silver;;T04585;2025/06/21;929.49;929;;;;;
C0598;William;Moore;william.moore598@example.com;555-5126;2025/03/22;Gold;8488;T04586;2025/04/26;578.44;578;;;;;
C0599;Nomsa;Young;nomsa.young599@example.com;555-5163;2023/01/31;Platnium;12230;T04587;2025/07/21;950.08;950;;;;;
C0600;Sarah;Anderson;duplicate.customer@example.com;555-0000;2025/07/01;Bronze;8453;T04588;2025/07/09;624.59;625;R1;$5 Gift Voucher;500;2025/01/11;500
C0601;James;Lewis;james.lewis601@example.com;555-5237;2022/11/07;Silver;9482;T04589;2025/11/09;564.81;565;;;;;
C0602;Amelia;Khumalo;amelia.khumalo602@example.com;555-5274;2025/05/12;Gold;1356;T04590;2025/09/17;180.3;180;;;;;
C0603;Sipho;Wilson;sipho.wilson603@example.com;555-5311;2023/04/29;Platinum;5826;T04591;2025/06/18;844.62;845;;;;;
C0604;Daniel;Nkosi;daniel.nkosi604@example.com;555-5348;2024/06/20;Bronze;6299;T04591;2025/11/05;558.84;559;R3;Coffee Mug;1500;2025/11/20;1500
C0605;Emily;Williams;emily.williams605@example.com;555-5385;2023/09/03;Silver;5498;T04593;2025/09/23;339.39;339;;;;;
C0606;Samuel;Wright;samuel.wright606@example.com;555-5422;2025/02/22;Gold;3003;T04594;2025/03/16;95.22;95;;;;;
C0607;Naledi;Martinez;naledi.martinez607@example.com;555-5459;2024/09/18;Platinum;2940;T04595;2025/08/04;290.51;291;;;;;
C0608;Olivia;Hall;olivia.hall608@example.com;555-5496;2025/10/31;Bronze;9301;T04596;2025/12/20;473.23;473;;;;;
C0609;Joseph;Botha;joseph.botha609@example.com;555-5533;2025/01/20;Silver;14869;T04597;2025/11/12;699.3;699;R5;Free Shipping;750;2025/06/20;750
C0610;Lerato;Clark;lerato.clark610@example.com;555-5570;2022/09/07;Gold;13729;T04598;2025/07/29;241.16;241;R6;VIP Event Access;5000;2025/10/10;5000
C0611;Jessica;Naidoo;jessica.naidoo611@example.com;;2025/10/03;Platinum;7074;T04599;2025/10/16;153.98;154;;;;;
C0611;Jessica;Naidoo;jessica.naidoo611@example.com;;2025/10/03;Platinum;7074;T04599;2025/10/16;153.98;154;;;;;
C0613;Grace;Dlamini;;555-5681;2022/05/28; Silver ;6713;T04601;2025/01/13;851.96;852;;;;;
C0614; Peter ;Johnson;peter.johnson614@example.com;555-5718;2023/11/12;Gold;1612;T04602;2025/05/23;531.25;531;;;;;
C0615;David;King;david.king615@example.com;555-5755;2023/06/24;Platinum;8853;T04603;2025/05/28;170.37;170;;;;;
C0616;Charlotte;Brown;charlotte.brown616@example.com;555-5792;2025/03/28;Bronze;9847;T04604;2025/07/20;636.57;637;;;;;
C0617;Thabo;Walker;thabo.walker617@example.com;555-5829;2023/09/11;Silver;13897;T04605;2025/06/27;260.73;261;;;;;
C0618;MICHAEL;Pillay;michael.pillay618@example.com;555-5866;2024/09/06;Gold;6377;T04606;2025/11/05;297.8;298;;;;;
C0619;Sophia;Davis;sophia.davis619@example.com;555-5903;2023/01/01;Platinum;1675;T04607;2025/07/26;641.94;642;;;;;
C0620;Thomas;Mokoena;thomas.mokoena620@example.com;555-5940;2023/10/04;Bronze;11110;T04608;2025/12/27;935.18;935;;;;;
C0621;Aisha;Smith;aisha.smith621@example.com;555-5977;2024/10/02;Silver;725;T04609;2025/09/16;322.9;323;R7;Wireless Earbuds;7500;2025/03/08;7500
C0622;Emma;Green;emma.green622@example.com;555-6014;2022/11/20;Gold;11464;T04610;2025/06/13;100.4;100;R5;Free Shipping;750;2025/03/06;750
C0623;William;moore;william.moore623@example.com;555-6051;2022/11/02;Platinum;10560;T04611;2025/10/06;733.38;733;;;;;
C0624;Nomsa;Young;nomsa.young624@example.com;555-6088;2024/01/21;Bronze;9938;T04612;2025/01/08;856.85;857;;;;;
C0625;Sarah;Anderson;sarah.anderson625@example.com;555-6125;2024/12/26;Silver;2234;T04613;2025/03/21;613.72;614;;;;;
C0626;James;Lewis;james.lewis626@example.com;555-6162;2023/12/13;Gold;3494;T04614;2025/04/10;916.14;916;;;;;
C0627;Amelia;Khumalo;amelia.khumalo627@example.com;555-6199;2024/08/29;Platinum;1462;T04615;2024/07/30;347.71;348;R4;T-Shirt;2000;2025/07/19;2000
C0628;Sipho;Wilson;sipho.wilson628@example.com;555-6236;2023/02/18;Bronze;7111;T04616;2025/09/10;167.76;168;;;;;
C0629;Daniel;Nkosi;daniel.nkosi629@example.com;555-6273;2025/09/18;Silver;14076;T04617;2025/09/06;468.31;468;;;;;
C0630;Emily;Williams;emily.williams630@example.com;555-6310;2024/12/30;Gold;12468;T04618;2025/09/07;836.63;837;;;;;
C0631;Samuel;Wright;samuel.wright631@example.com;555-0000;2023/10/18;Platinum;14264;T04619;2025/10/21;347.95;348;R7;;7500;;
C0632;Naledi;Martinez;naledi.martinez632@example.com;555-6384;2024/09/10;Bronze;12560;T04620;2025/01/05;360.18;360;;;;;
C0633;Olivia;Hall;olivia.hall633@example.com;555-6421;2022/09/23;Silver;1991;T04621;2025/11/24;889.12;889;R7;Wireless Earbuds;7500;2025/11/05;7500
C0634;Joseph;Botha;joseph.botha634@example.com;555-6458;2025/01/12;Gold;12464;T04622;2025/03/20;774.9;775;R7;Wireless Earbuds;7500;2025/10/11;7500
C0635;Lerato;Clark;lerato.clark635example.com;555-6495;2023/11/15;Platinum;4624;T04623;2025/10/17;23.48;230;;;;;
C0636;Jessica;Naidoo;jessica.naidoo636@example.com;555-6532;2025/11/05;Bronze;9995;T04624;2025/04/23;127.41;127;R2;$10 Gift Voucher;1000;2025/06/13;1000
C0637;Robert;Taylor;duplicate.customer@example.com;555-6569;2023/04/01;Silver;6494;T04625;2025/12/16;921.6;922;R2;$10 Gift Voucher;1000;2025/06/28;1000
C0638;Grace;Dlamini;grace.dlamini638@example.com;555-6606;2022/10/14;Gold;927;T04626;2025/04/22;842.69;843;R6;VIP Event Access;5000;2025/10/19;5000
C0639;Peter;Johnson;peter.johnson639@example.com;555-6643;2024/01/27;Platinum;10429;T04627;2025/04/19;615.04;615;;;;;
C0640;David;King; david.king640@example.com ;555-6680;2025/11/27;Bronze;2864;T04628;2025/02/27;-163.84;164;;;;;
C0641;Charlotte;Brown;charlotte.brown641@example.com;555-6717;2022/11/02;Silver;4667;T04629;2025/09/02;546.23;546;R1;$5 Gift Voucher;500;2025/07/15;500
C0642;Thabo;Walker;thabo.walker642@example.com;555-6754;2025/01/02;Gold;3767;T04630;2025/08/27;243.37;243;;;;;
C0643;Michael;Pillay;michael.pillay643@example.com;555-6791;2022/04/15;Platinum;4897;T04631;2025/01/15;588.38;588;;;;;
C0644;Sophia;Davis;sophia.davis644@example.com;555-6828;2025/09/20;Bronze;10621;T04632;2025/04/10;424.35;424;R4;T-Shirt;2000;2025/02/07;2000
C0645;Thomas;Mokoena;thomas.mokoena645@example.com;555-6865;2022/08/26;Silver;2063;;2025/07/02;129.25;129;;;;;
C0646;Aisha;Smith;aisha.smith646@example.com;555-6902;2024/11/07;Gold;11717;T04634;2025/09/11;712.2;712;;;;;
C0647;Emma;Green;emma.green647@example.com;555-6939;2025/05/15;Platinum;9331;T04635;2025/01/20;451.24;451;R1;$10 Gift Voucher;500;2025/01/20;1000
C0648;William;Moore;william.moore648@example.com;555-6976;2022/01/30;bronze;6486;T04636;2025/03/06;316.85;317;R1;$5 Gift Voucher;500;2025/11/18;500
C0649;Nomsa;Young;nomsa.young649@example.com;555-7013;2025/04/15;Silver;5075;T04637;2025/10/16;691.01;691;R6;VIP Event Access;5000;2025/06/17;5000
C0650;Sarah;Anderson;sarah.anderson650@example.com;555-7050;2023/01/24;Gold;10289;T04638;2025/08/18;940.18;940;;;;;
C0651;James;Lewis;james.lewis651@example.com;555-7087;2024/12/28;Platinum;5445;T04639;2025/02/27;63.89;64;R3;Coffee Mug;1500;2025/01/29;1500
C0652;Amelia;Khumalo;amelia.khumalo652@example.com;555-7124;2024/12/17;Bronze;4150;T04640;2025/11/22;628.47;628;;;;;
C0653;Sipho;Wilson;sipho.wilson653@example.com;555-7161;2024/05/21;Silver;10202;T04641;2025/11/10;406.86;407;R4;T-Shirt;2000;2025/05/01;2000
C0654;Daniel;Nkosi;daniel.nkosi654@example.com;555-7198;2024/11/13;Gold;2561;T04642;2025/01/04;476.88;477;R4;T-Shirt;2000;2025/05/07;2000
C0655;Emily;Williams;emily.williams655@example.com;555-7235;2025/04/15;Platinum;9291;T04643;2025/07/21;225.57;226;;;;;
C0656;Samuel;Wright;;555-7272;2022/04/06;Bronze;1914;T04644;2025/07/21;143.85;144;;;;;
C0657;Naledi;Martinez;naledi.martinez657@example.com;555-7309;2023/01/02;Silver;4096;T04645;2025/08/24;991.8;992;;;;;
C0658;Olivia;Hall;OLIVIA.HALL658@EXAMPLE.COM;555-7346;2024/11/28;Gold;3483;T04646;2025/04/16;854.47;-100;;;;;
C0659;Joseph;Botha;joseph.botha659@example.com;555-7383;2022/10/07;Platinum;12378;T04647;2025/06/15;174.84;175;;;;;
C0660;Lerato;Clark;lerato.clark660@example.com;(555) 7420;2024/03/02;BRONZE;7620;T04648;2025/07/27;839.99;840;;;;;
C0661;Jessica;Naidoo;jessica.naidoo661@example.com;555-7457;2022/08/28;Silver;6659;T04649;2025/03/30;921.22;921;;;;;
C0661;Jessica;Naidoo;jessica.naidoo661@example.com;555-7457;2022/08/28;Silver;6659;T04649;2025/03/30;921.22;921;;;;;
C0663;Grace;Dlamini;grace.dlamini663@example.com;555-7531;2022/09/23;Platinum;522;T04651;2025/03/24;279.43;279;;;;;
C0664;Peter;Johnson;peter.johnson664@example.com;555-7568;2025/08/15;Bronze;6322;T04652;2025/10/15;376.61;377;;;;;
C0665;DAVID;King;david.king665@example.com;555-7605;2025/11/26;Silver;8692;T04653;2025/09/21;44.82;45;;;;;
C0666;Charlotte;Brown;charlotte.brown666@example.com;555-7642;2025/07/26;Gold;9576;T04654;2025/02/24;993.21;993;;;;;
C0667;Thabo;Walker;thabo.walker667@example.com;555-7679;2022/10/07;Platinum;7116;T04655;2025/12/08;549.41;549;R2;$10 Gift Voucher;1000;2025/01/21;1000
C0668;Michael;Pillay;michael.pillay668@example.com;555-7716;2023/04/06;Bronze;784;T04656;2025/09/08;0;851;;;;;
C0669;Sophia;Davis;sophia.davis669@example.com;555-7753;2024/01/05;Silver;5145;T04657;2025/03/08;335.82;336;;;;;
C0670;Thomas;Mokoena;thomas.mokoena670@example.com;555-7790;2023/03/06;Gold;8845;T04658;2025/09/14;429.97;430;;Coffee Mug;1500;2025/09/14;1500
C0671;Aisha;Smith;aisha.smith671@example.com;555-7827;2023/03/15;Platinum;695;T04659;2025/12/23;132.88;133;;;;;
C0672;Emma;Green;emma.green672@example.com;555-7864;2022/06/15;Bronze;10884;T04660;2025/04/02;710.22;710;R3;Coffee Mug;1500;2025/04/17;1500
C0673; William ;Moore;william.moore673@example.com;555-7901;2024/02/28;Silver;1870;T04661;2025/06/23;571.99;572;R99;Unknown Reward;999;2025/06/23;999
C0674;Nomsa;Young;duplicate.customer@example.com;555-7938;2024/07/07;Gold;5902;T04662;2025/01/14;769.1;769;R3;Coffee Mug;1500;2025/12/31;1500
C0675;Sarah;Anderson;sarah.anderson675@example.com;555-7975;2025/07/04;Platinum;7419;T04663;2025/10/16;787.83;788;R6;VIP Event Access;5000;2025/11/15;5000
C0676;James;lewis;james.lewis676@example.com;555-8012;2025/02/12;Bronze;1782;T04664;2025/06/17;589.63;590;;;;;
C0677;Amelia;Khumalo;amelia.khumalo677@example.com;555-8049;2023/07/29;Silver;11858;T04665;2025/10/22;176.99;177;;;;;
C0678;Sipho;Wilson;sipho.wilson678@example.com;555-8086;2023/09/26;Gold;544;T04666;2025/03/01;562.55;563;R3;Coffee Mug;1500;2025/08/22;1500
C0679;Daniel;Nkosi;daniel.nkosi679@example.com;555-8123;2022/10/02;Platinum;7787;T04667;2025/07/03;311.93;312;;;;;
C0680;Emily;Williams;emily.williams680@example.com;555-8160;2024/11/21;Bronze;8598;T04668;2025/02/05;887.01;887;;;;;
C0681;Samuel;Wright;samuel.wright681@example.com;555-8197;2025/04/15;Silver;3027;T04669;2025/01/05;914.67;915;;;;;
C0682;Naledi;Martinez;naledi.martinez682@example.com;555-8234;2022/09/12;Gold;9823;T04670;2025/08/02;113.47;113;;;;;
C0683;Olivia;Hall;olivia.hall683@example.com;555-8271;2025/12/26;;8501;T04671;2025/06/15;858.91;859;;;;;
C0684;Joseph;Botha;joseph.botha684@example.com;;2022/03/26;Bronze;11051;T04672;2025/08/01;766.33;766;R2;$10 Gift Voucher;1000;2025/02/21;1000
C0685;Lerato;Clark;lerato.clark685@example.com;555-8345;2022/02/19;Silver;2455;T04673;2025/06/19;303.34;303;R6;VIP Event Access;5000;2025/04/07;5000
C0686;Jessica;Naidoo;jessica.naidoo686@example.com;555-8382;2022/02/06;Gold;10294;T04673;2025/08/02;832.89;833;;;;;
C0687;Robert;Taylor;robert.taylor687@example.com;555-8419;2024/09/08;Platinum;10503;T04675;2025/10/20;856.15;856;;;;;
C0688;Grace;;grace.dlamini688@example.com;555-8456;2025/11/13;Bronze;2770;T04676;2025/11/13;210.01;210;;;;;
C0689;Peter;Johnson;peter.johnson689@example.com;555-8493;2023/03/21;Silver;9532;T04677;2025/01/14;762.7;763;;;;;
C0690;David;King;david.king690@example.com;555-8530;2025/04/30;Gold;14761;T04678;2025/05/18;194.51;195;;;;;
C0691;Charlotte;Brown;charlotte.brown691@example.com;555-8567;2024/12/11;Platinum;6576;T04679;2025/06/11;922.89;923;;;;;
C0692;Thabo;Walker;thabo.walker692@example.com;555-8604;2023/12/26;Bronze;12331;T04680;2025/03/13;264.28;264;R6;VIP Event Access;5000;2025/03/25;5000
c0693;Michael;Pillay;michael.pillay693@example.com;555-0000;2023/08/01;Silver;5574;T04681;2025/12/25;193.78;194;R1;$5 Gift Voucher;500;2025/03/06;500
C0694;Sophia;Davis;sophia.davis694@example.com;555-8678;2025/12/30;Gold;4544;T04682;2025/01/23;317.73;318;R3;Coffee Mug;1500;2025/08/31;1500
C0695;Thomas;Mokoena;thomas.mokoena695@example.com;555-8715;2022/08/03;Platinum;6446;T04683;2025/12/25;525.64;526;R2;$10 Gift Voucher;1000;2025/12/24;1000
C0696;Aisha;Smith;aisha.smith696@example.com;555-8752;2022/10/29;Bronze;7332;T04684;2025/01/29;292.25;292;R4;T-Shirt;2000;2025/02/07;2000
C0697;Emma;Green;emma.green697@example.com;555-8789;2022/01/25;Silver;3200;T04685;2025/10/24;776.73;777;;;;;
C0698;William;Moore;william.moore698@example.com;555-8826;2022/04/10;Gold;4889;T04686;2022/03/11;627.99;628;;;;;
C0699;Nomsa;Young;;555-8863;2025/04/19;Platinum;-500;T04687;2025/12/07;57.17;57;;;;;
C0700;Sarah;Anderson;sarah.anderson700@example.com;555-8900;2024/02/22;Bronze;1374;T04688;2025/09/03;250.18;250;;;;;
C0701;James;Lewis;james.lewis701@example.com;555-8937;2025/12/12;Silver;14728;T04689;2025/07/15;607.76;608;;;;;
C0702;Amelia;Khumalo;amelia.khumalo702example.com;555-8974;2024/12/11;Gold;7698;T04690;2025/11/09;680.37;6800;;;;;
C0703;Sipho;Wilson;sipho.wilson703@example.com;555-9011;2022/05/21;Platinum;7623;T04691;2025/10/26;885.63;886;;;;;
C0704;Daniel;Nkosi;daniel.nkosi704@example.com;555-9048;2025/11/20;Bronze;11188;T04692;2025/12/10;896.01;896;R5;Free Shipping;750;2025/11/27;750
C0705;Emily;Williams;emily.williams705@example.com;555-9085;2023/09/15;Silver;11239;T04693;2025/03/01;79.76;80;R6;VIP Event Access;5000;2025/05/07;5000
C0706;Samuel;Wright;samuel.wright706@example.com;555-9122;2024/02/27;Gold;5087;T04694;2025/07/20;167.77;168;R7;Wireless Earbuds;7500;2025/08/26;7500
C0707;Naledi;Martinez;naledi.martinez707@example.com;555-9159;2023/11/09;Platinum;8150;T04695;2025/07/31;113.41;113;R2;$10 Gift Voucher;1000;2025/01/16;1000
C0708;Olivia;Hall;olivia.hall708@example.com;555-9196;2023/07/27;Bronze;11612;T04696;2025/07/14;198.04;198;R7;Wireless Earbuds;7500;2025/02/21;7500
C0709;Joseph;Botha;joseph.botha709@example.com;555-9233;2023/11/01;silver;13044;T04697;2025/10/03;210.7;211;;;;;
C0710;Lerato;Clark;lerato.clark710@example.com;555-9270;2023/07/25;Gold;11395;T04698;2025/10/09;411.7;412;R5;Free Shipping;750;2025/02/03;750
C0711;Jessica;Naidoo;duplicate.customer@example.com;555-9307;2023/10/08;Platinum;993;T04699;2025/09/13;;120;R2;$10 Gift Voucher;1000;2025/01/11;1000
C0711;Jessica;Naidoo;duplicate.customer@example.com;555-9307;2023/10/08;Platinum;993;T04699;2025/09/13;;120;R2;$10 Gift Voucher;1000;2025/01/11;1000
C0713;Grace;Dlamini;grace.dlamini713@example.com;555-9381;2024/02/28;Silver;5172;T04701;2025/02/09;673.45;673;R5;Free Shipping;750;2025/06/17;750
C0714;Peter;Johnson;peter.johnson714@example.com;555-9418;2024/11/12;Gold;6881;T04702;2025/12/03;171.21;171;R2;$10 Gift Voucher;1000;2025/08/07;1000
C0715;David;King;david.king715@example.com;555-9455;2025/03/30;Platinum;4948;T04703;2025/06/06;544.85;545;;;;;
C0716;Charlotte;Brown;charlotte.brown716@example.com;555-9492;2022/02/01;Bronze;9128;T04704;2025/10/20;495.97;496;;;;;
C0717;Thabo;Walker;thabo.walker717@example.com;555-9529;2025/05/10;Silver;8936;T04705;2025/08/15;873.71;874;R1;$5 Gift Voucher;500;2025/09/23;500
;Michael;Pillay;michael.pillay718@example.com;555-9566;2024/05/27;Gold;7000;T04706;2025/11/18;461.44;461;;;;;
C0719;Sophia;Davis;sophia.davis719@example.com;555-9603;2025/02/10;Platinum;3445;T04707;2025/08/31;936.51;937;;;;;
C0720;Thomas;Mokoena;thomas.mokoena720@example.com;555-9640;2022/11/28; Bronze ;8507;T04708;2025/07/16;885.29;885;;;;;
C0721;Aisha;Smith;aisha.smith721@example.com;555-9677;2022/02/21;Silver;5995;T04709;2025/04/21;156.75;157;;;;;
C0722;;Green;emma.green722@example.com;555-9714;2023/12/06;Gold;7373;T04710;2025/03/30;613.46;613;;;;;
C0723;William;Moore;william.moore723@example.com;555-9751;2025/07/17;Platinum;4715;T04711;2025/06/24;858.67;859;;;;;
C0724;Nomsa;Young;nomsa.young724@example.com;555-0000;2022/07/04;Bronze;11658;T04712;2025/04/08;665.36;665;R6;VIP Event Access;5000;2025/04/10;5000
C0725;Sarah;Anderson;sarah.anderson725@example.com;555-9825;2025/09/27;Silver;14127;T04713;2025/07/31;134.33;134;R2;$10 Gift Voucher;1000;2025/08/02;1000
C0726;James;Lewis;james.lewis726@example.com;555-9862;2022/12/17;Gold;2331;T04714;2025/07/25;197.88;198;R1;$5 Gift Voucher;500;2025/11/15;500
C0727;Amelia;Khumalo;amelia.khumalo727@example.com;555-9899;2024/12/16;Platinum;5590;T04714;2025/03/14;279.69;280;R2;$10 Gift Voucher;1000;2025/01/14;1000
C0728;Sipho;Wilson;sipho.wilson728@example.com;555-9936;2024/06/13;Bronze;;T04716;2025/09/07;779.19;779;;;;;
C0729;Daniel;nkosi; daniel.nkosi729@example.com ;555-9973;2025/09/23;Silver;11983;T04717;2025/09/01;-765.94;766;;;;;
C0730;Emily;Williams;emily.williams730@example.com;555-1010;2025/06/17;Gold;4713;T04718;2025/06/06;509.33;509;R3;Coffee Mug;1500;2025/03/10;1500
C0731;Samuel;Wright;samuel.wright731@example.com;555-1047;2025/12/04;Platinum;14802;T04719;2025/05/31;650.81;651;;;;;
C0732; Naledi ;Martinez;naledi.martinez732@example.com;555-1084;2023/06/11;Bronze;12462;T04720;2025/04/04;295.13;295;;;;;
C0733;Olivia;Hall;olivia.hall733@example.com;555-1121;2024/05/23;Silver;72;T04721;2025/11/03;182.62;183;;;;;
C0734;Joseph;Botha;joseph.botha734@example.com;555-1158;2025/12/08;Gold;14934;T04722;2025/10/23;948.58;949;R1;$5 Gift Voucher;500;2025/01/11;500
C0735;Lerato;Clark;lerato.clark735@example.com;555-1195;2022/08/24;Platinum;10102;T04723;2025/11/22;199.26;199;;;;;
C0736;Jessica;Naidoo;jessica.naidoo736@example.com;555-1232;2023/12/18;Bronze;9742;T04724;2025/07/29;625.91;626;R2;$10 Gift Voucher;1000;2025/05/14;1000
C0737;Robert;Taylor;robert.taylor737@example.com;555-1269;2024/02/16;Silver;6525;T04725;2025/08/22;101.4;101;;;;;
C0738;Grace;Dlamini;grace.dlamini738@example.com;555-1306;2024/05/23;Platnium;12290;T04726;2025/02/10;700.83;701;R4;T-Shirt;2000;2025/05/02;2000
 C0739 ;Peter;Johnson;peter.johnson739@example.com;555-1343;2025/11/30;Platinum;13738;T04727;2025/02/03;539.97;540;R7;Wireless Earbuds;7500;2025/12/16;7500
C0740;David;King;david.king740@example.com;555-1380;2022/03/24;Bronze;11160;T04728;2025/04/21;844.5;844;R3;Coffee Mug;1500;2025/04/04;1500
C0741;Charlotte;Brown;charlotte.brown741@example.com;555-1417;2022/06/12;Silver;2857;T04729;2025/06/22;801.15;801;;;;;
C0742;Thabo;Walker;;555-1454;2023/04/24;Gold;10694;T04730;2025/07/30;831.52;832;R6;VIP Event Access;5000;2025/03/11;5000
C0743;Michael;Pillay;michael.pillay743@example.com;(555) 1491;2023/12/15;PLATINUM;1824;T04731;2025/08/13;915.42;915;;;;;
C0744;Sophia;Davis;sophia.davis744@example.com;555-1528;2022/06/07;Bronze;14899;T04732;2025/07/04;102.03;102;;;;;
C0745;Thomas;Mokoena;thomas.mokoena745@example.com;555-1565;2022/03/22;Silver;11791;T04733;2025/07/24;840.31;840;;;;;
C0746;Aisha;Smith;aisha.smith746@example.com;555-1602;2024/10/06;Gold;13448;T04734;2025/04/13;841.3;841;;;;;
C0747;Emma;Green;emma.green747@example.com;555-1639;2024/02/11;Platinum;11091;T04735;2025/03/06;20.48;20;R7;Wireless Earbuds;7500;2025/09/04;7500
C0748;William;Moore;duplicate.customer@example.com;555-1676;2025/10/04;Bronze;6967;T04736;2025/11/26;230.33;230;R1;$5 Gift Voucher;500;2025/03/30;500
C0749;Nomsa;Young;nomsa.young749@example.com;555-1713;2023/06/02;Silver;12338;T04737;2025/09/22;29.84;30;;;;;
C0750;Sarah;Anderson;sarah.anderson750@example.com;555-1750;2024/07/03;Gold;10286;T04738;2025/04/10;554.55;555;R1;$10 Gift Voucher;500;2025/04/10;1000
C0751;James;Lewis;james.lewis751@example.com;555-1787;2022/09/18;Platinum;3714;T04739;2025/09/23;693.78;694;R6;VIP Event Access;5000;2025/09/29;5000
C0752;Amelia;Khumalo;amelia.khumalo752@example.com;555-1824;2024/07/20;Bronze;12512;T04740;2025/06/04;214.38;214;R99;Unknown Reward;999;2025/06/04;999
C0753;Sipho;Wilson;sipho.wilson753@example.com;555-1861;2025/05/16;Silver;1663;T04741;2025/07/08;644.46;644;;;;;
C0754;Daniel;Nkosi;daniel.nkosi754@example.com;555-1898;2025/11/16;Gold;12871;T04742;2025/03/03;969.79;970;;;;;
C0755;Emily;Williams;emily.williams755@example.com;555-0000;2022/12/27;Platinum;10266;T04743;2025/04/04;383.21;383;R3;Coffee Mug;1500;2025/10/04;1500
C0756;Samuel;Wright;samuel.wright756@example.com;555-1972;2025/08/11;Bronze;7484;T04744;2025/06/26;659.09;659;R6;VIP Event Access;5000;2025/08/16;5000
C0757;Naledi;Martinez;naledi.martinez757@example.com;;2023/09/24;Silver;5766;T04745;2025/10/02;219.69;220;R6;VIP Event Access;5000;2025/05/27;5000
C0758;Olivia;Hall;olivia.hall758@example.com;555-2046;2023/09/28;Gold;7056;;2025/10/03;405.25;405;;;;;
C0759;JOSEPH;Botha;JOSEPH.BOTHA759@EXAMPLE.COM;555-2083;2023/09/25;Platinum;12204;T04747;2025/03/08;916.98;-100;R7;Wireless Earbuds;7500;2025/07/20;7500
C0760;Lerato;Clark;lerato.clark760@example.com;555-2120;2024/01/21;Bronze;1023;T04748;2025/06/25;165.23;165;;;;;
C0761;Jessica;Naidoo;jessica.naidoo761@example.com;555-2157;2022/01/31;Silver;1481;T04749;2025/01/04;947.76;948;;;;;
C0761;Jessica;Naidoo;jessica.naidoo761@example.com;555-2157;2022/01/31;Silver;1481;T04749;2025/01/04;947.76;948;;;;;
C0763;Grace;Dlamini;grace.dlamini763@example.com;555-2231;2022/03/28;Platinum;9983;T04751;2025/04/17;132.76;133;R7;Wireless Earbuds;7500;2025/09/16;7500
C0764;Peter;Johnson;peter.johnson764@example.com;555-2268;2024/08/06;Bronze;5289;T04752;2025/03/01;727.8;728;R7;Wireless Earbuds;7500;2025/04/14;7500
C0765;David;King;david.king765@example.com;555-2305;2024/01/10;Silver;11352;T04753;2025/03/23;0;878;;;;;
C0766;Charlotte;Brown;charlotte.brown766@example.com;555-2342;2024/12/20;Gold;1144;T04754;2025/03/20;217.16;217;;;;;
C0767;Thabo;Walker;thabo.walker767@example.com;555-2379;2023/06/15;Platinum;7532;T04755;2025/09/22;124.3;124;;;;;
C0768;Michael;Pillay;michael.pillay768@example.com;555-2416;2024/02/17;Bronze;9457;T04755;2025/01/11;349.3;349;;;;;
C0769;Sophia;Davis;sophia.davis769example.com;555-2453;2024/02/08;Silver;9309;T04757;2024/01/09;579.57;5800;;;;;
C0770;Thomas;Mokoena;thomas.mokoena770@example.com;555-2490;2025/12/06;gold;14816;T04758;2025/07/15;646.58;647;;;;;
C0771;Aisha;Smith;aisha.smith771@example.com;555-2527;2023/11/19;Platinum;1857;T04759;2025/10/22;586.26;586;;;;;
C0772;Emma;Green;emma.green772@example.com;555-2564;2025/04/06;Bronze;11655;T04760;2025/03/20;229.77;230;;;;;
C0773;William;Moore;william.moore773@example.com;555-2601;2025/12/22;Silver;11652;T04761;2025/01/13;437.51;438;;;;;
C0774;Nomsa;Young;nomsa.young774@example.com;555-2638;2025/12/17;Gold;4982;T04762;2025/05/05;642.59;643;;;;;
C0775;Sarah;Anderson;sarah.anderson775@example.com;555-2675;2024/10/31;Platinum;8788;T04763;2025/05/14;481.48;481;R4;T-Shirt;2000;2025/01/15;2000
C0776;James;Lewis;james.lewis776@example.com;555-2712;2023/11/20;Bronze;7833;T04764;2025/09/17;471.9;472;R3;Coffee Mug;1500;2025/04/09;1500
C0777;Amelia;Khumalo;amelia.khumalo777@example.com;555-2749;2024/02/16;Silver;782;T04765;2025/12/12;605.87;606;;;;;
C0778;Sipho;Wilson;sipho.wilson778@example.com;555-2786;2024/03/01;Gold;14869;T04766;2025/11/25;968.44;968;;;;;
C0779;Daniel;Nkosi;daniel.nkosi779@example.com;555-2823;2025/03/23;Platinum;2748;T04767;2025/01/27;365.58;366;;;;;
C0780;Emily;Williams;emily.williams780@example.com;555-2860;2022/07/11;Bronze;7476;T04768;2025/11/23;479.22;479;R7;;7500;;
C0781;Samuel;Wright;samuel.wright781@example.com;555-2897;2025/12/07;Silver;10451;T04769;2025/04/30;847.1;847;R5;Free Shipping;750;2025/07/14;750
C0782;Naledi;martinez;naledi.martinez782@example.com;555-2934;2025/04/11;Gold;12958;T04770;2025/05/08;996.58;997;;;;;
C0783;Olivia;Hall;olivia.hall783@example.com;555-2971;2024/05/26;Platinum;5372;T04771;2025/06/04;861.96;862;;;;;
C0784;Joseph;Botha;joseph.botha784@example.com;555-3008;2022/04/26;Bronze;12481;T04772;2025/06/02;792.72;793;;;;;
C0785;Lerato;Clark;;555-3045;2022/02/04;Silver;4179;T04773;2025/03/10;923.83;924;;;;;
C0786;Jessica;Naidoo;jessica.naidoo786@example.com;555-0000;2022/03/07;Gold;14774;T04774;2025/09/23;840.35;840;;;;;
C0787;Robert;Taylor;robert.taylor787@example.com;555-3119;;Platinum;11810;T04775;2025/12/01;285.97;286;;;;;
C0788;Grace;Dlamini;grace.dlamini788@example.com;555-3156;2025/04/14;Bronze;11503;T04776;2025/11/29;593.92;594;;;;;
C0789;Peter;Johnson;peter.johnson789@example.com;555-3193;2024/11/18;Silver;8512;T04777;2025/03/20;321.55;322;R1;$5 Gift Voucher;500;2025/08/31;500
C0790;David;King;david.king790@example.com;555-3230;2022/07/18;Gold;11739;T04778;2025/07/15;670.57;671;R5;Free Shipping;750;2025/09/16;750
C0791; Charlotte ;Brown;charlotte.brown791@example.com;555-3267;2022/01/10;Platinum;9806;T04779;2025/05/27;636.52;637;;;;;
C0792;Thabo;Walker;thabo.walker792@example.com;555-3304;2025/01/21;Bronze;5390;T04780;2025/02/11;813.35;813;;;;;
C0793;Michael;Pillay;michael.pillay793@example.com;555-3341;2022/09/30;Silver;6705;T04781;2025/02/27;903.32;903;R1;$5 Gift Voucher;500;2025/02/11;500
C0794;Sophia;Davis;sophia.davis794@example.com;555-3378;2024/12/15;Gold;13198;T04782;2025/09/24;697.91;698;;;;;
C0795;Thomas;Mokoena;thomas.mokoena795@example.com;555-3415;2025/08/22;Platinum;3946;T04783;2025/08/03;127.02;127;;;;;
C0796;Aisha;Smith;aisha.smith796@example.com;555-3452;2024/07/02;Bronze;9385;T04784;2025/04/08;526.69;527;;;;;
C0797;Emma;Green;emma.green797@example.com;555-3489;2025/03/31;Silver;2261;T04785;2025/10/17;752.79;753;;;;;
C0798;William;Moore;william.moore798@example.com;555-3526;2024/05/13;Gold;9912;T04786;2025/08/11;362.23;362;;;;;
C0799;Nomsa;Young;nomsa.young799@example.com;555-3563;2024/10/29;Platinum;4169;T04787;2025/01/22;234.47;234;R2;$10 Gift Voucher;1000;2025/12/09;1000
C0800;Sarah;Anderson;sarah.anderson800@example.com;555-3600;2022/04/27;Bronze;3910;T04788;2025/07/25;900.93;901;;;;;
C0801;James;Lewis;james.lewis801@example.com;555-3637;2023/01/19;Silver;1376;T04789;2025/03/04;975.85;976;;;;;
C0802;Amelia;Khumalo;amelia.khumalo802@example.com;555-3674;2023/10/13;Gold;12565;T04790;2025/02/02;728.08;728;;;;;
C0803;Sipho;Wilson;sipho.wilson803@example.com;555-3711;2022/06/06;Platinum;12528;T04791;2025/11/24;417.9;418;R3;Coffee Mug;1500;2025/08/07;1500
C0804;Daniel;Nkosi;daniel.nkosi804@example.com;555-3748;2025/05/31;Bronze;311;T04792;2025/03/19;930.81;931;;;;;
C0805;Emily;Williams;emily.williams805@example.com;555-3785;2023/06/21;Silver;80;T04793;2025/07/31;487.6;488;;;;;
C0806;SAMUEL;Wright;samuel.wright806@example.com;555-3822;2022/04/22;Gold;12126;T04794;2025/01/14;825.46;825;;;;;
C0807;Naledi;Martinez;naledi.martinez807@example.com;555-3859;2025/10/18;Platinum;14574;T04795;2025/08/14;76.29;76;;Coffee Mug;1500;2025/08/14;1500
C0808;Olivia;Hall;olivia.hall808@example.com;555-3896;2023/09/29;Bronze;-500;T04796;2025/04/16;152.14;152;;;;;
C0809;Joseph;Botha;joseph.botha809@example.com;555-3933;2024/01/02;Silver;9116;T04796;2025/11/28;807.58;808;;;;;
C0810;Lerato;Clark;lerato.clark810@example.com;555-3970;2022/10/21;Gold;5852;T04798;2025/04/17;109.25;109;R6;VIP Event Access;5000;2025/07/16;5000
C0811;Jessica;Naidoo;jessica.naidoo811@example.com;555-4007;2025/09/29;Platinum;6018;T04799;2025/04/23;100.04;100;;;;;
C0811;Jessica;Naidoo;jessica.naidoo811@example.com;555-4007;2025/09/29;Platinum;6018;T04799;2025/04/23;100.04;100;;;;;
C0813;Grace;Dlamini;grace.dlamini813@example.com;555-4081;2025/12/02;Silver;10856;T04801;2025/10/07;138.76;139;;;;;
C0814;Peter;Johnson;peter.johnson814@example.com;555-4118;2024/02/02;Gold;1030;T04802;2025/07/22;525.48;525;R7;Wireless Earbuds;7500;2025/12/13;7500
C0815;David;King;david.king815@example.com;555-4155;2024/05/22;Platinum;4355;T04803;2025/06/25;81.11;81;;;;;
C0816;Charlotte;Brown;charlotte.brown816@example.com;555-4192;2022/03/15;Bronze;12301;T04804;2025/07/28;515.24;515;R7;Wireless Earbuds;7500;2025/01/10;7500
C0817;Thabo;Walker;thabo.walker817@example.com;555-0000;2023/11/21;Silver;10828;T04805;2025/12/02;151.22;151;;;;;
C0818;Michael;Pillay; michael.pillay818@example.com ;555-4266;2022/05/08;Gold;194;T04806;2025/01/10;-589.25;589;;;;;
C0819;Sophia;Davis;sophia.davis819@example.com;555-4303;2022/11/11;Platinum;12945;T04807;2025/03/19;927.0;927;R4;T-Shirt;2000;2025/12/20;2000
C0820;Thomas;Mokoena;thomas.mokoena820@example.com;555-4340;2022/11/17;Bronze;6621;T04808;2025/05/13;447.78;448;R6;VIP Event Access;5000;2025/11/05;5000
C0821;Aisha;Smith;aisha.smith821@example.com;555-4377;2022/02/10;Silver;891;T04809;2025/09/16;976.29;976;;;;;
C0822;Emma;Green;duplicate.customer@example.com;555-4414;2022/12/18;Gold;1580;T04810;2025/03/14;369.18;369;;;;;
C0823;William;Moore;william.moore823@example.com;555-4451;2022/01/11;Platinum;9334;T04811;2025/07/13;374.33;374;;;;;
C0824;Nomsa;Young;nomsa.young824@example.com;555-4488;2024/06/03;Bronze;5981;T04812;2025/02/20;436.82;437;;;;;
C0825;Sarah;Anderson;sarah.anderson825@example.com;555-4525;2023/09/17;Silver;6372;T04813;2025/05/19;161.71;162;;;;;
C0826;James;Lewis;james.lewis826@example.com;(555) 4562;2023/07/20;GOLD;13561;T04814;2025/07/24;336.02;336;;;;;
C0827;Amelia;Khumalo;amelia.khumalo827@example.com;555-4599;2023/07/06; Platinum ;7329;T04815;2025/11/04;397.63;398;;;;;
C0828;Sipho;Wilson;;555-4636;2024/04/10;Bronze;444;T04816;2025/07/07;667.44;667;;;;;
C0829;Daniel;Nkosi;daniel.nkosi829@example.com;555-4673;2025/07/01;Silver;3483;T04817;2025/07/07;187.66;188;R4;T-Shirt;2000;2025/02/28;2000
C0830;Emily;Williams;emily.williams830@example.com;;2024/05/07;Gold;10043;T04818;2025/06/19;611.31;611;R6;VIP Event Access;5000;2025/10/23;5000
C0831;Samuel;Wright;samuel.wright831@example.com;555-4747;2023/10/09;platinum;13981;T04819;2025/06/15;544.59;545;R99;Unknown Reward;999;2025/06/15;999
C0832;Naledi;Martinez;naledi.martinez832@example.com;555-4784;2024/10/11;Bronze;6911;T04820;2025/07/09;134.04;134;;;;;
C0833;Olivia;Hall;olivia.hall833@example.com;555-4821;2022/09/22;Silver;9552;T04821;2025/11/22;973.88;974;R1;$5 Gift Voucher;500;2025/03/25;500
C0834;Joseph;Botha;joseph.botha834@example.com;555-4858;2025/12/12;Gold;6358;T04822;2025/12/31;132.46;132;;;;;
C0835;Lerato;clark;lerato.clark835@example.com;555-4895;2023/03/20;Platinum;7756;T04823;2025/11/07;449.5;450;R4;T-Shirt;2000;2025/12/04;2000
C0836;Jessica;Naidoo;jessica.naidoo836example.com;555-4932;2025/01/31;Bronze;13440;T04824;2025/12/03;153.54;1540;;;;;
C0837;Robert;Taylor;robert.taylor837@example.com;555-4969;2022/12/14;Silver;13010;T04825;2025/01/28;715.52;716;;;;;
C0838;Grace;Dlamini;grace.dlamini838@example.com;555-5006;2024/12/08;Gold;9976;T04826;2025/08/18;;824;;;;;
C0839;Peter;Johnson;peter.johnson839@example.com;555-5043;2022/12/08;Platinum;4952;T04827;2025/05/07;427.93;428;;;;;
C0840;David;King;david.king840@example.com;555-5080;2023/05/01;Bronze;2291;T04828;2023/04/01;751.68;752;;;;;
C0841;Charlotte;Brown;charlotte.brown841@example.com;555-5117;2022/11/19;Silver;13872;T04829;2025/01/03;415.19;415;R2;$10 Gift Voucher;1000;2025/02/13;1000
C0842;Thabo;Walker;thabo.walker842@example.com;555-5154;2025/09/23;Gold;11189;T04830;2025/01/17;481.27;481;R6;VIP Event Access;5000;2025/03/02;5000
C0843;Michael;Pillay;michael.pillay843@example.com;555-5191;2022/11/07;Platinum;1703;T04831;2025/02/02;927.1;927;R1;$5 Gift Voucher;500;2025/07/14;500
c0844;Sophia;Davis;sophia.davis844@example.com;555-5228;2023/04/04;Bronze;7781;T04832;2025/06/29;172.92;173;;;;;
C0845;Thomas;Mokoena;thomas.mokoena845@example.com;555-5265;2024/06/12;Silver;5832;T04833;2025/11/01;408.76;409;;;;;
C0846;Aisha;Smith;aisha.smith846@example.com;555-5302;2022/09/10;Gold;334;T04834;2025/06/07;770.81;771;R4;T-Shirt;2000;2025/08/13;2000
C0847;Emma;Green;emma.green847@example.com;555-5339;2023/10/18;Platinum;5719;T04835;2025/05/25;427.57;428;;;;;
C0848;William;Moore;william.moore848@example.com;555-0000;2024/12/06;Bronze;8889;T04836;2025/12/14;324.99;325;R5;Free Shipping;750;2025/05/05;750
C0849;Nomsa;Young;nomsa.young849@example.com;555-5413;2022/04/01;Silver;11976;T04837;2025/08/16;277.89;278;;;;;
C0850; Sarah ;Anderson;sarah.anderson850@example.com;555-5450;2024/11/29;Gold;2542;T04837;2025/10/11;836.12;836;;;;;
C0851;James;Lewis;james.lewis851@example.com;555-5487;2023/08/01;Platinum;1721;T04839;2025/09/15;679.85;680;R6;VIP Event Access;5000;2025/10/03;5000
C0852;Amelia;Khumalo;amelia.khumalo852@example.com;555-5524;2024/11/23;Bronze;1241;T04840;2025/09/26;682.57;683;R1;$5 Gift Voucher;500;2025/08/03;500
C0853;SIPHO;Wilson;sipho.wilson853@example.com;555-5561;2022/09/11;Silver;12753;T04841;2025/03/02;182.09;182;R1;$10 Gift Voucher;500;2025/03/02;1000
C0854;Daniel;Nkosi;daniel.nkosi854@example.com;555-5598;2022/02/07;Gold;743;T04842;2025/09/07;451.37;451;;;;;
C0855;Emily;;emily.williams855@example.com;555-5635;2023/07/23;Platinum;2829;T04843;2025/08/14;778.94;779;;;;;
C0856;Samuel;Wright;samuel.wright856@example.com;555-5672;2025/09/11;;14629;T04844;2025/07/09;872.12;872;R7;Wireless Earbuds;7500;2025/06/16;7500
C0857;Naledi;Martinez;naledi.martinez857@example.com;555-5709;2022/04/28;Silver;1300;T04845;2025/09/23;899.38;899;;;;;
C0858;Olivia;Hall;olivia.hall858@example.com;555-5746;2023/09/10;Gold;10935;T04846;2025/12/30;745.79;746;;;;;
C0859;Joseph;Botha;duplicate.customer@example.com;555-5783;2024/11/24;Platinum;;T04847;2025/11/23;268.34;268;;;;;
C0860;Lerato;Clark;LERATO.CLARK860@EXAMPLE.COM;555-5820;2024/02/09;Bronze;9430;T04848;2025/10/09;549.75;-100;R6;VIP Event Access;5000;2025/07/11;5000
C0861;Jessica;Naidoo;jessica.naidoo861@example.com;555-5857;2025/08/04;Silver;12992;T04849;2025/12/14;14.34;14;R5;Free Shipping;750;2025/11/10;750
C0861;Jessica;Naidoo;jessica.naidoo861@example.com;555-5857;2025/08/04;Silver;12992;T04849;2025/12/14;14.34;14;R5;Free Shipping;750;2025/11/10;750
C0863;Grace;Dlamini;grace.dlamini863@example.com;555-5931;2025/11/25;Platinum;9238;T04851;2025/09/28;83.76;84;R4;T-Shirt;2000;2025/02/20;2000
C0864;Peter;Johnson;peter.johnson864@example.com;555-5968;2025/08/09;Bronze;6833;T04852;2025/02/17;907.26;907;;;;;
C0865;David;King;david.king865@example.com;555-6005;2022/11/01;Silver;5971;T04853;2025/05/16;382.01;382;R2;$10 Gift Voucher;1000;2025/11/22;1000
C0866;Charlotte;Brown;charlotte.brown866@example.com;555-6042;2024/05/10;Gold;610;T04854;2025/03/25;345.37;345;;;;;
C0867;Thabo;Walker;thabo.walker867@example.com;555-6079;2025/07/17;Platinum;8767;T04855;2025/07/29;580.76;581;R5;Free Shipping;750;2025/09/03;750
C0868;Michael;Pillay;michael.pillay868@example.com;555-6116;2023/11/25;Bronze;12062;T04856;2025/12/02;871.78;872;;;;;
C0869;Sophia;Davis;sophia.davis869@example.com;555-6153;2023/03/24;Silver;9871;T04857;2025/04/08;740.21;740;R5;Free Shipping;750;2025/02/11;750
C0870;Thomas;Mokoena;thomas.mokoena870@example.com;555-6190;2024/12/30;Gold;9460;T04858;2025/02/10;996.97;997;R2;$10 Gift Voucher;1000;2025/03/26;1000
C0871;Aisha;Smith;;555-6227;2023/11/05;Platinum;11771;;2025/11/13;103.93;104;;;;;
C0872;Emma;Green;emma.green872@example.com;555-6264;2023/05/18;Bronze;6709;T04860;2025/12/01;791.23;791;;;;;
C0873;William;Moore;william.moore873@example.com;555-6301;2022/09/09;Silver;11206;T04861;2025/04/08;959.51;960;;;;;
C0874;Nomsa;Young;nomsa.young874@example.com;555-6338;2023/11/19;Gold;3774;T04862;2025/07/29;760.08;760;;;;;
C0875;Sarah;Anderson;sarah.anderson875@example.com;555-6375;2022/03/05;Platinum;5469;T04863;2025/06/05;268.15;268;;;;;
C0876;James;Lewis;james.lewis876@example.com;555-6412;2023/12/16;Bronze;7038;T04864;2025/11/28;644.92;645;;;;;
C0877;Amelia;Khumalo;amelia.khumalo877@example.com;555-6449;2025/10/31;Platnium;14545;T04865;2025/09/02;688.72;689;;;;;
C0878;Sipho;Wilson;sipho.wilson878@example.com;555-6486;2022/01/06;Gold;939;T04866;2025/12/21;321.29;321;;;;;
C0879;;Nkosi;daniel.nkosi879@example.com;555-0000;2022/06/30;Platinum;2163;T04867;2025/03/04;627.7;628;;;;;
C0880;Emily;Williams;emily.williams880@example.com;555-6560;2023/11/08;Bronze;4313;T04868;2025/07/07;349.75;350;;;;;
C0881;Samuel;Wright;samuel.wright881@example.com;555-6597;2023/11/19;Silver;1718;T04869;2025/11/24;930.79;931;;;;;
C0882;Naledi;Martinez;naledi.martinez882@example.com;555-6634;2025/03/05;Gold;10647;T04870;2025/08/25;281.65;282;R2;$10 Gift Voucher;1000;2025/07/05;1000
C0883;Olivia;Hall;olivia.hall883@example.com;555-6671;2022/06/02;Platinum;1484;T04871;2025/01/24;48.08;48;R2;$10 Gift Voucher;1000;2025/07/09;1000
C0884;Joseph;Botha;joseph.botha884@example.com;555-6708;2024/07/20;Bronze;8374;T04872;2025/02/09;240.85;241;;;;;
C0885;Lerato;Clark;lerato.clark885@example.com;555-6745;2024/01/12;Silver;9479;T04873;2025/07/28;537.73;538;;;;;
C0886;Jessica;Naidoo;jessica.naidoo886@example.com;555-6782;2024/10/22;Gold;4211;T04874;2025/02/23;693.54;694;;;;;
C0887;Robert;Taylor;robert.taylor887@example.com;555-6819;2025/07/09;Platinum;3067;T04875;2025/09/16;489.88;490;;;;;
C0888;Grace;dlamini;grace.dlamini888@example.com;555-6856;2024/12/17;Bronze;11994;T04876;2025/04/07;799.84;800;;;;;
C0889;Peter;Johnson;peter.johnson889@example.com;555-6893;2023/09/23;Silver;8568;T04877;2025/07/28;398.09;398;;;;;
C0890;David;King;david.king890@example.com;555-6930;2024/03/22;Gold;7788;T04878;2025/09/19;341.33;341;R6;VIP Event Access;5000;2025/10/28;5000
C0891;Charlotte;Brown;charlotte.brown891@example.com;555-6967;2024/05/06;Platinum;1169;T04878;2025/09/25;449.05;449;;;;;
C0892;Thabo;Walker;thabo.walker892@example.com;555-7004;2023/12/08;bronze;12329;T04880;2025/07/11;98.76;99;;;;;
C0893;Michael;Pillay;michael.pillay893@example.com;555-7041;2024/11/21;Silver;5502;T04881;2025/02/21;473.39;473;R6;VIP Event Access;5000;2025/08/31;5000
C0894;Sophia;Davis;sophia.davis894@example.com;555-7078;2024/02/21;Gold;11522;T04882;2025/03/26;117.19;117;R7;Wireless Earbuds;7500;2025/03/05;7500
C0895;Thomas;Mokoena;thomas.mokoena895@example.com;555-7115;2023/05/30;Platinum;10359;T04883;2025/12/25;98.44;98;R5;Free Shipping;750;2025/10/24;750
C0896;Aisha;Smith;duplicate.customer@example.com;555-7152;2022/05/01;Bronze;10649;T04884;2025/08/24;857.47;857;;;;;
C0897;Emma;Green;emma.green897@example.com;555-7189;2023/10/07;Silver;9263;T04885;2025/07/02;749.37;749;;;;;
C0898;William;Moore;william.moore898@example.com;555-7226;2024/05/09;Gold;10638;T04886;2025/05/11;335.62;336;;;;;
;Nomsa;Young;nomsa.young899@example.com;555-7263;2024/12/15;Platinum;13111;T04887;2025/08/31;834.17;834;;;;;
C0900;SARAH;Anderson;sarah.anderson900@example.com;555-7300;2024/01/07;Bronze;4280;T04888;2025/07/03;27.66;28;R5;Free Shipping;750;2025/08/01;750
C0901;James;Lewis;james.lewis901@example.com;555-7337;2025/05/07;Silver;7292;T04889;2025/12/20;779.84;780;R3;Coffee Mug;1500;2025/11/03;1500
 C0902 ;Amelia;Khumalo;amelia.khumalo902@example.com;555-7374;2022/07/25;Gold;6962;T04890;2025/08/08;474.95;475;;;;;
C0903;Sipho;Wilson;sipho.wilson903example.com;;2022/01/11;Platinum;1838;T04891;2025/11/15;636.18;6360;;;;;
C0904;Daniel;Nkosi;daniel.nkosi904@example.com;555-7448;2023/08/01;Bronze;4045;T04892;2025/08/31;741.09;741;;;;;
C0905;Emily;Williams;emily.williams905@example.com;555-7485;2022/11/30;Silver;11484;T04893;2025/08/22;68.37;68;R7;Wireless Earbuds;7500;2025/08/20;7500
C0906;Samuel;Wright;samuel.wright906@example.com;555-7522;2025/05/08;Gold;12271;T04894;2025/09/04;544.63;545;;;;;
C0907;Naledi;Martinez; naledi.martinez907@example.com ;555-7559;2023/11/29;Platinum;8008;T04895;2025/12/18;-802.85;803;;;;;
C0908;Olivia;Hall;olivia.hall908@example.com;555-7596;2023/09/08;Bronze;4273;T04896;2025/07/23;532.67;533;R4;T-Shirt;2000;2025/06/15;2000
C0909; Joseph ;Botha;joseph.botha909@example.com;(555) 7633;2025/07/14;SILVER;10263;T04897;2025/01/17;881.99;882;R1;$5 Gift Voucher;500;2025/09/06;500
C0910;Lerato;Clark;lerato.clark910@example.com;555-0000;2025/05/25;Gold;5731;T04898;2025/10/10;598.97;599;R99;Unknown Reward;999;2025/10/10;999
C0911;Jessica;Naidoo;jessica.naidoo911@example.com;555-7707;2022/10/07;Platinum;14990;T04899;2022/09/07;73.02;73;;;;;
C0911;Jessica;Naidoo;jessica.naidoo911@example.com;555-7707;2022/10/07;Platinum;14990;T04899;2022/09/07;73.02;73;;;;;
C0913;Grace;Dlamini;grace.dlamini913@example.com;555-7781;2024/08/23;Silver;7629;T04901;2025/07/25;489.42;489;;;;;
C0914;Peter;Johnson;;555-7818;2024/04/21;Gold;13190;T04902;2025/11/17;972.92;973;;;;;
C0915;David;King;david.king915@example.com;555-7855;2022/01/12;Platinum;9834;T04903;2025/11/12;370.31;370;R3;Coffee Mug;1500;2025/08/14;1500
C0916;Charlotte;Brown;charlotte.brown916@example.com;555-7892;2023/12/06;Bronze;2907;T04904;2025/12/03;778.16;778;;;;;
C0917;Thabo;Walker;thabo.walker917@example.com;555-7929;2025/10/15;Silver;-500;T04905;2025/03/27;433.8;434;;;;;
C0918;Michael;Pillay;michael.pillay918@example.com;555-7966;2022/11/10;Gold;4846;T04906;2025/08/12;679.54;680;;;;;
C0919;Sophia;Davis;sophia.davis919@example.com;555-8003;2022/08/03;Platinum;1410;T04907;2025/01/19;217.46;217;;;;;
C0920;Thomas;Mokoena;thomas.mokoena920@example.com;555-8040;2025/03/20;Bronze;10337;T04908;2025/10/03;781.22;781;;;;;
C0921;Aisha;Smith;aisha.smith921@example.com;555-8077;2025/02/28;Silver;993;T04909;2025/08/27;830.59;831;;;;;
C0922;Emma;Green;emma.green922@example.com;555-8114;2023/08/22;Gold;10490;T04910;2025/03/13;768.62;769;;;;;
C0923;William;Moore;william.moore923@example.com;555-8151;2025/06/02;Platinum;6472;T04911;2025/10/25;984.19;984;;;;;
C0924;Nomsa;Young;nomsa.young924@example.com;555-8188;2025/06/30;Bronze;809;T04912;2025/04/16;669.48;669;;;;;
C0925;Sarah;Anderson;sarah.anderson925@example.com;555-8225;2025/04/14;Silver;8776;T04913;2025/04/16;674.83;675;R5;Free Shipping;750;2025/11/27;750
C0926;James;Lewis;james.lewis926@example.com;555-8262;2024/05/29;Gold;9973;T04914;2025/03/26;43.74;44;;;;;
C0927;Amelia;Khumalo;amelia.khumalo927@example.com;555-8299;2022/09/17;Platinum;9800;T04915;2025/03/17;143.87;144;;;;;
C0928;Sipho;Wilson;sipho.wilson928@example.com;555-8336;2022/04/28;Bronze;5447;T04916;2025/10/04;438.0;438;;;;;
C0929;Daniel;Nkosi;daniel.nkosi929@example.com;555-8373;2022/09/08;Silver;11246;T04917;2025/04/06;698.91;699;R7;;7500;;
C0930;Emily;Williams;emily.williams930@example.com;555-8410;2024/02/23;Gold;2292;T04918;2025/05/14;674.31;674;R5;Free Shipping;750;2025/07/14;750
C0931;Samuel;Wright;samuel.wright931@example.com;555-8447;2022/11/25;Platinum;7157;T04919;2025/09/24;275.8;276;;;;;
C0932;Naledi;Martinez;naledi.martinez932@example.com;555-8484;2025/04/13;Bronze;1414;T04919;2025/09/12;688.33;688;R2;$10 Gift Voucher;1000;2025/05/07;1000
C0933;Olivia;Hall;duplicate.customer@example.com;555-8521;2025/08/31;Silver;10110;T04921;2025/04/16;413.05;413;;;;;
C0934;Joseph;Botha;joseph.botha934@example.com;555-8558;2022/05/21; Gold ;3722;T04922;2025/02/04;327.73;328;;;;;
C0935;Lerato;Clark;lerato.clark935@example.com;555-8595;2025/11/03;Platinum;5831;T04923;2025/05/29;162.0;162;;;;;
C0936;Jessica;Naidoo;jessica.naidoo936@example.com;555-8632;2023/04/01;Bronze;4667;T04924;2025/05/13;694.9;695;;;;;
C0937;Robert;Taylor;robert.taylor937@example.com;555-8669;2023/08/04;Silver;9752;T04925;2025/10/29;697.85;698;;;;;
C0938;Grace;Dlamini;grace.dlamini938@example.com;555-8706;2022/01/01;Gold;10327;T04926;2025/09/02;578.39;578;;;;;
C0939;Peter;Johnson;peter.johnson939@example.com;555-8743;2025/11/23;Platinum;9094;T04927;2025/02/08;190.35;190;;;;;
C0940;David;King;david.king940@example.com;555-8780;2022/01/19;Bronze;10228;T04928;2025/03/23;907.02;907;;;;;
C0941;Charlotte;brown;charlotte.brown941@example.com;555-0000;2025/06/14;Silver;10503;T04929;2025/09/18;726.34;726;R4;T-Shirt;2000;2025/09/07;2000
C0942;Thabo;Walker;thabo.walker942@example.com;555-8854;2025/11/04;Gold;8326;T04930;2025/09/06;491.82;492;R4;T-Shirt;2000;2025/04/21;2000
C0943;Michael;Pillay;michael.pillay943@example.com;555-8891;2024/11/05;Platinum;10503;T04931;2025/08/15;907.27;907;;;;;
C0944;Sophia;Davis;sophia.davis944@example.com;555-8928;2022/08/07;Bronze;6310;T04932;2025/05/26;934.15;934;;Coffee Mug;1500;2025/05/26;1500
C0945;Thomas;Mokoena;thomas.mokoena945@example.com;555-8965;2022/07/07;Silver;10585;T04933;2025/08/24;905.73;906;;;;;
C0946;Aisha;Smith;aisha.smith946@example.com;555-9002;2025/09/21;Gold;8873;T04934;2025/10/02;264.48;264;;;;;
C0947;EMMA;Green;emma.green947@example.com;555-9039;2024/01/11;Platinum;10484;T04935;2025/07/02;925.52;926;R4;T-Shirt;2000;2025/01/25;2000
C0948;William;Moore;william.moore948@example.com;555-9076;2022/01/10;Bronze;4584;T04936;2025/04/16;192.0;192;;;;;
C0949;Nomsa;Young;nomsa.young949@example.com;555-9113;2025/01/20;Silver;13763;T04937;2025/12/24;257.48;257;;;;;
C0950;Sarah;Anderson;sarah.anderson950@example.com;555-9150;2023/02/20;Gold;14320;T04938;2025/09/12;943.99;944;;;;;
C0951;James;Lewis;james.lewis951@example.com;555-9187;2025/09/17;Platinum;12212;T04939;2025/07/10;76.13;76;;;;;
C0952;Amelia;Khumalo;amelia.khumalo952@example.com;555-9224;2025/06/26;Bronze;5197;T04940;2025/02/15;645.19;645;R1;$5 Gift Voucher;500;2025/02/26;500
C0953;Sipho;Wilson;sipho.wilson953@example.com;555-9261;2024/05/24;silver;3328;T04941;2025/12/04;38.77;39;;;;;
C0954;Daniel;Nkosi;daniel.nkosi954@example.com;555-9298;2025/12/17;Gold;11691;T04942;2025/04/17;162.7;163;;;;;
C0955;Emily;Williams;emily.williams955@example.com;555-9335;2023/04/19;Platinum;9321;T04943;2025/02/05;148.03;148;R2;$10 Gift Voucher;1000;2025/08/11;1000
C0956;Samuel;Wright;samuel.wright956@example.com;555-9372;2024/04/25;Bronze;3802;T04944;2025/09/19;983.83;984;R1;$10 Gift Voucher;500;2025/09/19;1000
C0957;Naledi;Martinez;;555-9409;2025/06/04;Silver;1440;T04945;2025/03/24;553.23;553;R1;$5 Gift Voucher;500;2025/02/08;500
C0958;Olivia;Hall;olivia.hall958@example.com;555-9446;2025/01/24;Gold;7521;T04946;2025/09/13;695.73;696;R2;$10 Gift Voucher;1000;2025/12/05;1000
C0959;Joseph;Botha;joseph.botha959@example.com;555-9483;2022/03/04;Platinum;4085;T04947;2025/04/10;0;374;;;;;
C0960;Lerato;Clark;lerato.clark960@example.com;555-9520;2025/07/13;Bronze;8162;T04948;2025/04/03;878.02;878;;;;;
C0961;Jessica;Naidoo;JESSICA.NAIDOO961@EXAMPLE.COM;555-9557;2025/04/14;Silver;2432;T04949;2025/10/08;277.06;-100;;;;;
C0961;Jessica;Naidoo;JESSICA.NAIDOO961@EXAMPLE.COM;555-9557;2025/04/14;Silver;2432;T04949;2025/10/08;277.06;-100;;;;;
C0963;Grace;Dlamini;grace.dlamini963@example.com;555-9631;2022/02/19;Platinum;1452;T04951;2025/08/20;896.12;896;R3;Coffee Mug;1500;2025/09/24;1500
C0964;Peter;Johnson;peter.johnson964@example.com;555-9668;2023/04/24;Bronze;6076;T04952;2025/04/09;538.77;539;;;;;
C0965;David;King;david.king965@example.com;555-9705;2024/07/15;Silver;2301;T04953;2025/07/21;;937;;;;;
C0966;Charlotte;Brown;charlotte.brown966@example.com;555-9742;2024/07/15;Gold;1887;T04954;2025/08/05;431.37;431;R4;T-Shirt;2000;2025/07/16;2000
C0967;Thabo;Walker;thabo.walker967@example.com;555-9779;2023/01/16;Platinum;6468;T04955;2025/11/01;314.84;315;;;;;
C0968; Michael ;Pillay;michael.pillay968@example.com;555-9816;2024/01/06;Bronze;8274;T04956;2025/10/24;546.7;547;;;;;
C0969;Sophia;Davis;sophia.davis969@example.com;555-9853;2022/10/15;Silver;10972;T04957;2025/07/28;186.78;187;;;;;
C0970;Thomas;Mokoena;thomas.mokoena970example.com;555-9890;2025/09/24;Gold;729;T04958;2025/05/10;930.32;9300;R1;$5 Gift Voucher;500;2025/03/25;500
C0971;Aisha;Smith;aisha.smith971@example.com;555-9927;2022/06/06;Platinum;10694;T04959;2025/05/10;264.31;264;R3;Coffee Mug;1500;2025/11/10;1500
C0972;Emma;Green;emma.green972@example.com;555-0000;2024/07/15;Bronze;6427;T04960;2025/05/06;608.22;608;;;;;
C0973;William;Moore;william.moore973@example.com;555-1001;2024/11/25;Silver;1738;T04960;2025/08/23;53.54;54;R5;Free Shipping;750;2025/02/27;750
C0974;Nomsa;Young;nomsa.young974@example.com;555-1038;2022/04/28;Gold;1468;T04962;2025/04/19;694.13;694;;;;;
C0975;Sarah;Anderson;sarah.anderson975@example.com;555-1075;2025/01/11;Platinum;8041;T04963;2025/08/01;667.42;667;R7;Wireless Earbuds;7500;2025/08/12;7500
C0976;James;Lewis;james.lewis976@example.com;;2022/02/06;Bronze;3895;T04964;2025/09/13;724.55;725;;;;;
C0977;Amelia;Khumalo;amelia.khumalo977@example.com;555-1149;2025/12/12;Silver;14384;T04965;2025/07/14;584.67;585;R1;$5 Gift Voucher;500;2025/02/02;500
C0978;Sipho;Wilson;sipho.wilson978@example.com;555-1186;;Gold;8277;T04966;2025/12/20;808.62;809;R5;Free Shipping;750;2025/06/29;750
C0979;Daniel;Nkosi;daniel.nkosi979@example.com;555-1223;2024/08/22;Platinum;3276;T04967;2025/11/29;140.44;140;;;;;
C0980;Emily;Williams;emily.williams980@example.com;555-1260;2023/10/07;Bronze;10171;T04968;2025/04/26;733.54;734;R5;Free Shipping;750;2025/12/07;750
C0981;Samuel;Wright;samuel.wright981@example.com;555-1297;2025/06/04;Silver;13877;T04969;2025/03/18;844.85;845;;;;;
C0982;Naledi;Martinez;naledi.martinez982@example.com;555-1334;2022/08/15;Gold;3755;T04970;2022/07/16;631.77;632;;;;;
C0983;Olivia;Hall;olivia.hall983@example.com;555-1371;2023/05/07;Platinum;1433;T04971;2025/05/05;852.39;852;;;;;
C0984;Joseph;Botha;joseph.botha984@example.com;555-1408;2023/05/16;Bronze;5091;;2025/05/25;74.84;75;;;;;
C0985;Lerato;Clark;lerato.clark985@example.com;555-1445;2023/01/22;Silver;2126;T04973;2025/03/14;376.49;376;;;;;
C0986;Jessica;Naidoo;jessica.naidoo986@example.com;555-1482;2023/01/16;Gold;6189;T04974;2025/04/14;569.43;569;;;;;
C0987;Robert;Taylor;robert.taylor987@example.com;555-1519;2023/08/31;Platinum;11332;T04975;2025/10/04;101.42;101;;;;;
C0988;Grace;Dlamini;grace.dlamini988@example.com;555-1556;2025/03/02;Bronze;8485;T04976;2025/11/22;957.9;958;;;;;
C0989;Peter;Johnson;peter.johnson989@example.com;555-1593;2024/03/06;Silver;2442;T04977;2025/11/06;576.57;577;R99;Unknown Reward;999;2025/11/06;999
C0990;David;King;david.king990@example.com;555-1630;2023/02/08;Gold;;T04978;2025/04/10;890.63;891;;;;;
C0991;Charlotte;Brown;charlotte.brown991@example.com;555-1667;2023/04/13;Platinum;14239;T04979;2025/09/08;18.26;18;R6;VIP Event Access;5000;2025/10/29;5000
C0992;Thabo;Walker;thabo.walker992@example.com;(555) 1704;2025/05/18;BRONZE;8387;T04980;2025/10/06;983.82;984;;;;;
C0993;Michael;Pillay;michael.pillay993@example.com;555-1741;2024/03/05;Silver;1376;T04981;2025/08/02;229.96;230;;;;;
C0994;SOPHIA;davis;sophia.davis994@example.com;555-1778;2023/09/08;Gold;10367;T04982;2025/05/26;512.32;512;R5;Free Shipping;750;2025/09/01;750
c0995;Thomas;Mokoena;thomas.mokoena995@example.com;555-1815;2025/12/26;Platinum;10252;T04983;2025/06/15;717.7;718;;;;;
C0996;Aisha;Smith; aisha.smith996@example.com ;555-1852;2024/03/17;Bronze;14536;T04984;2025/03/15;-952.16;952;;;;;
C0997;Emma;Green;emma.green997@example.com;555-1889;2025/04/09;Silver;3429;T04985;2025/04/18;951.59;952;;;;;
C0001;James;Lewis;james.lewis1@example.com;555-1037;2022/11/14;Silver;12918;T04986;2025/01/04;458.04;458;;;;;
C0002;Amelia;Khumalo;amelia.khumalo2@example.com;555-1074;2023/05/19;Gold;501;T04987;2025/10/30;426.18;426;R7;Wireless Earbuds;7500;2025/06/26;7500
C0003;Sipho;Wilson;;555-1111;2024/12/31;Platinum;510;T04988;2025/09/04;152.14;152;;;;;
C0004;Daniel;Nkosi;daniel.nkosi4@example.com;555-1148;2022/10/20;Bronze;7748;T04989;2025/05/03;610.25;610;;;;;
C0005;Emily;Williams;emily.williams5@example.com;555-1185;2024/10/21;Silver;8434;T04990;2025/08/24;790.29;790;;;;;
C0006;Samuel;Wright;samuel.wright6@example.com;555-0000;2022/04/03;Gold;2656;T04991;2025/05/29;908.18;908;R6;VIP Event Access;5000;2025/01/18;5000
C0007;Naledi;Martinez;naledi.martinez7@example.com;555-1259;2022/02/09;Platinum;12507;T04992;2025/01/24;14.74;15;;;;;
C0008;Olivia;Hall;olivia.hall8@example.com;555-1296;2023/11/09;Bronze;9026;T04993;2025/09/07;937.04;937;;;;;
C0009;Joseph;Botha;joseph.botha9@example.com;555-1333;2024/12/03;Silver;2698;T04994;2025/12/08;954.43;954;R3;Coffee Mug;1500;2025/08/23;1500
C0010;Lerato;Clark;duplicate.customer@example.com;555-1370;2024/08/11;Gold;12084;T04995;2025/05/06;460.02;460;;;;;
C0011;Jessica;Naidoo;jessica.naidoo11@example.com;555-1407;2022/04/21;Platinum;819;T04996;2025/10/04;33.6;34;;;;;
C0012;Robert;Taylor;robert.taylor12@example.com;555-1444;2025/12/12;Bronze;11082;T04997;2025/11/16;554.66;555;;;;;
C0013;Grace;Dlamini;grace.dlamini13@example.com;555-1481;2024/07/17;Silver;12764;T04998;2025/12/19;168.18;168;R1;$5 Gift Voucher;500;2025/06/20;500
C0014;Peter;Johnson;peter.johnson14@example.com;555-1518;2023/01/17;Gold;1463;T04999;2025/09/06;80.35;80;;;;;
C0014;Peter;Johnson;peter.johnson14@example.com;555-1518;2023/01/17;Gold;1463;T04999;2025/09/06;80.35;80;;;;;
