CustomerID;FirstName;LastName;Email;Phone;JoinDate;Tier;CurrentPoints;TransactionID;PurchaseDate;AmountSpent;PointsEarned;RewardID;RewardName;PointsRequired;RedemptionDate;PointsUsed
C0291;Sarah;Anderson;sarah.anderson291@example.com;555-7857;2025/10/15;Bronze;10043;T00001;2025/01/09;534.49;534;;;;;
C0047;Jessica;Martinez;jessica.martinez47@example.com;555-2166;2024/07/15;Gold;7737;T00002;2025/05/29;345.0;345;;;;;
C0224;Emma;Martinez;emma.martinez224@example.com;555-7643;2022/04/16;Silver;10246;T00003;2025/02/21;104.59;105;R1;$5 Gift Voucher;500.0;2025/01/02;500.0
C0620;Michael;Brown;michael.brown620@example.com;555-4980;2024/07/21;Bronze;7987;T00004;2025/04/29;110.9;111;;;;;
C0219;Daniel;Moore;daniel.moore219@example.com;555-4292;2023/12/17;Silver;14127;T00005;2025/04/01;371.06;371;;;;;
C0861;Emma;Moore;emma.moore861@example.com;555-8568;2025/09/27;Silver;3668;T00006;2025/02/14;519.85;520;;;;;
C0013;Emma;Thomas;emma.thomas13@example.com;555-3834;2025/05/02;Bronze;689;T00007;2025/04/14;327.51;328;R6;VIP Event Access;5000.0;2025/02/28;5000.0
C0765;Ava;Brown;ava.brown765@example.com;555-6639;2023/10/07;Silver;2649;T00008;2025/04/12;134.61;135;;;;;
C0456;James;Wilson;james.wilson456@example.com;555-6368;2022/02/09;Silver;1187;T00009;2025/04/29;579.28;579;R1;$5 Gift Voucher;500.0;2025/05/18;500.0
C0159;Emma;Johnson;emma.johnson159@example.com;555-4489;2025/08/15;Bronze;11219;T00010;2025/02/20;25.29;25;;;;;
C0105;Michael;Thomas;michael.thomas105@example.com;555-3091;2024/06/03;Silver;7131;T00011;2025/01/15;556.88;557;;;;;
C0916;Emma;Wilson;emma.wilson916@example.com;555-6621;2023/12/18;Gold;7337;T00012;2025/06/29;340.54;341;R6;VIP Event Access;5000.0;2025/02/06;5000.0
C0399;Sophia;Lee;sophia.lee399@example.com;555-7456;2022/11/18;Platinum;4068;T00013;2025/03/04;530.4;530;;;;;
C0573;Sophia;Thomas;sophia.thomas573@example.com;555-8188;2024/07/22;Bronze;12607;T00014;2025/05/20;325.57;326;;;;;
C0316;David;Brown;david.brown316@example.com;555-6885;2025/06/12;Silver;8923;T00015;2025/03/19;401.46;401;;;;;
C0963;Daniel;Smith;daniel.smith963@example.com;555-9128;2023/04/05;Bronze;13075;T00016;2025/01/25;190.54;191;;;;;
C0161;Liam;Wilson;liam.wilson161@example.com;555-4055;2023/06/26;Silver;13636;T00017;2025/05/26;49.69;50;;;;;
C0420;Liam;Wilson;liam.wilson420@example.com;555-4494;2022/11/30;Silver;2167;T00018;2025/03/04;464.53;465;R6;VIP Event Access;5000.0;2025/03/31;5000.0
C0668;Ava;Moore;ava.moore668@example.com;555-2341;2022/06/22;Gold;5898;T00019;2025/06/18;385.12;385;R7;Wireless Earbuds;8000.0;2025/06/17;8000.0
C0745;Noah;Taylor;noah.taylor745@example.com;555-6508;2022/06/22;Silver;1142;T00020;2025/04/03;101.31;101;;;;;
C0354;Lucas;Johnson;lucas.johnson354@example.com;555-3842;2024/06/30;Gold;12266;T00021;2025/05/13;33.72;34;;;;;
C0447;Michael;Clark;michael.clark447@example.com;555-1938;2023/06/01;Bronze;4738;T00022;2025/06/28;425.87;426;;;;;
C0318;Ava;Martinez;ava.martinez318@example.com;555-8539;2026/03/19;Gold;9302;T00023;2025/06/04;588.98;589;R5;Free Shipping;750.0;2025/03/03;750.0
C0457;David;Wilson;david.wilson457@example.com;555-2030;2026/03/17;Bronze;11122;T00024;2025/03/09;255.56;256;;;;;
C0844;Liam;Clark;liam.clark844@example.com;555-5545;2024/05/09;Bronze;13945;T00025;2025/02/25;195.64;196;R3;Coffee Mug;1200.0;2025/04/29;1200.0
C0829;Mia;Davis;mia.davis829@example.com;555-5616;2026/05/19;Platinum;5650;T00026;2025/04/27;428.0;428;;;;;
C0002;David;Anderson;david.anderson2@example.com;555-6873;2022/10/07;Silver;983;T00027;2025/02/14;380.76;381;;;;;
C0559;David;Davis;david.davis559@example.com;555-5640;2022/08/26;Bronze;14227;T00028;2025/01/03;136.73;137;;;;;
C0652;Lucas;Davis;lucas.davis652@example.com;555-2879;2026/04/22;Silver;6261;T00029;2025/06/23;89.26;89;;;;;
C0453;Liam;Wilson;liam.wilson453@example.com;555-2790;2023/10/03;Silver;11705;T00030;2025/03/13;182.13;182;;;;;
C0873;Sophia;Smith;sophia.smith873@example.com;555-6834;2022/05/31;Bronze;494;T00031;2025/03/19;164.17;164;;;;;
C0277;Sarah;Davis;sarah.davis277@example.com;555-1362;2024/03/06;Silver;2043;T00032;2025/05/29;166.84;167;;;;;
C0809;John;Wilson;john.wilson809@example.com;555-9896;2023/07/04;Bronze;1341;T00033;2025/06/16;357.22;357;;;;;
C0080;Sarah;Moore;sarah.moore80@example.com;555-8562;2025/07/23;Bronze;1051;T00034;2025/05/10;528.22;528;R3;Coffee Mug;1200.0;2025/04/04;1200.0
C0054;Liam;Clark;liam.clark54@example.com;555-8426;2023/07/14;Platinum;5355;T00035;2025/04/17;453.24;453;;;;;
C0520;Sophia;Anderson;sophia.anderson520@example.com;555-9020;2023/11/25;Gold;7766;T00036;2025/01/08;522.32;522;R2;$10 Gift Voucher;1000.0;2025/05/13;1000.0
C0646;Noah;Brown;noah.brown646@example.com;555-5095;2022/02/04;Platinum;13928;T00037;2025/03/20;110.41;110;;;;;
C0417;Michael;Taylor;michael.taylor417@example.com;555-5586;2023/10/29;Platinum;9086;T00038;2025/01/31;562.38;562;R3;Coffee Mug;1200.0;2025/04/20;1200.0
C0638;John;Thomas;john.thomas638@example.com;555-8479;2023/01/12;Bronze;11224;T00039;2025/05/08;370.88;371;;;;;
C0436;Daniel;Johnson;daniel.johnson436@example.com;555-2035;2023/11/01;Bronze;14527;T00040;2025/01/20;259.92;260;;;;;
C0930;Ava;Brown;ava.brown930@example.com;555-3181;2025/06/22;Bronze;443;T00041;2025/03/12;565.36;565;R2;$10 Gift Voucher;1000.0;2025/03/06;1000.0
C0860;John;Martinez;john.martinez860@example.com;555-4347;2025/02/19;Bronze;7223;T00042;2025/03/10;557.96;558;R1;$5 Gift Voucher;500.0;2025/06/03;500.0
C0526;Liam;Moore;liam.moore526@example.com;555-7270;2022/09/14;Bronze;4346;T00043;2025/02/18;219.95;220;;;;;
C0104;Sophia;Wilson;sophia.wilson104@example.com;555-3602;2023/03/14;Silver;11762;T00044;2025/02/13;72.61;73;;;;;
C0464;Daniel;Johnson;daniel.johnson464@example.com;555-1216;2026/05/12;Bronze;2243;T00045;2025/04/25;97.56;98;R2;$10 Gift Voucher;1000.0;2025/04/03;1000.0
C0712;Lucas;Anderson;lucas.anderson712@example.com;555-4046;2024/06/01;Platinum;229;T00046;2025/03/10;550.76;551;R5;Free Shipping;750.0;2025/06/03;750.0
C0634;Liam;Moore;liam.moore634@example.com;555-7671;2025/02/28;Platinum;11203;T00047;2025/03/20;94.89;95;R7;Wireless Earbuds;8000.0;2025/03/19;8000.0
C0945;Daniel;Moore;daniel.moore945@example.com;555-5519;2024/01/12;Bronze;14581;T00048;2025/03/08;318.15;318;;;;;
C0981;James;Martinez;james.martinez981@example.com;555-2889;2022/12/15;Platinum;7673;T00049;2025/01/21;551.23;551;;;;;
C0177;Sophia;Davis;sophia.davis177@example.com;555-5296;2022/11/20;Platinum;9996;T00050;2025/04/07;311.06;311;;;;;
C0971;Emily;Davis;emily.davis971@example.com;555-3887;2023/02/20;Silver;7269;T00051;2025/03/30;91.95;92;;;;;
C0965;Lucas;Anderson;lucas.anderson965@example.com;555-1874;2025/05/27;Bronze;9871;T00052;2025/03/18;567.73;568;;;;;
C0296;Olivia;Thomas;olivia.thomas296@example.com;555-8379;2023/05/13;Platinum;2905;T00053;2025/06/09;248.88;249;R7;Wireless Earbuds;8000.0;2025/05/31;8000.0
C0080;Sarah;Moore;sarah.moore80@example.com;555-8562;2025/07/23;Bronze;1051;T00054;2025/03/19;346.66;347;;;;;
C0179;James;Brown;james.brown179@example.com;555-8470;2023/12/20;Silver;10157;T00055;2025/06/01;293.6;294;R3;Coffee Mug;1200.0;2025/06/13;1200.0
C0168;Emma;Anderson;emma.anderson168@example.com;555-9781;2023/09/15;Bronze;8629;T00056;2025/01/15;241.22;241;;;;;
C0751;Olivia;Taylor;olivia.taylor751@example.com;555-4637;2025/03/02;Bronze;10735;T00057;2025/03/24;77.88;78;;;;;
C0782;Mia;Taylor;mia.taylor782@example.com;555-2580;2023/11/01;Platinum;11750;T00058;2025/03/27;226.89;227;;;;;
C0392;Emma;Wilson;emma.wilson392@example.com;555-3452;2023/10/06;Bronze;11932;T00059;2025/01/27;25.38;25;R7;Wireless Earbuds;8000.0;2025/01/14;8000.0
C0825;Jessica;Thomas;jessica.thomas825@example.com;555-6337;2025/05/10;Bronze;7069;T00060;2025/02/10;435.28;435;;;;;
C0651;Emily;Brown;emily.brown651@example.com;555-5332;2024/08/02;Bronze;7872;T00061;2025/06/07;180.36;180;R4;T-Shirt;2500.0;2025/01/13;2500.0
C0233;Liam;Smith;liam.smith233@example.com;555-3084;2023/11/24;Gold;10175;T00062;2025/05/05;347.93;348;;;;;
C0416;Emma;Smith;emma.smith416@example.com;555-9367;2024/03/31;Bronze;13495;T00063;2025/02/03;402.78;403;R6;VIP Event Access;5000.0;2025/03/20;5000.0
C0866;Mia;Clark;mia.clark866@example.com;555-8768;2023/04/08;Gold;5004;T00064;2025/01/12;596.9;597;;;;;
C0838;Emma;Taylor;emma.taylor838@example.com;555-6380;2023/01/23;Platinum;9755;T00065;2025/05/19;215.28;215;;;;;
C0889;John;Johnson;john.johnson889@example.com;555-1755;2024/10/20;Silver;7728;T00066;2025/06/18;406.94;407;;;;;
C0262;Liam;Thomas;liam.thomas262@example.com;555-5692;2023/12/07;Gold;4495;T00067;2025/01/27;560.39;560;;;;;
C0633;Mia;Taylor;mia.taylor633@example.com;555-4268;2025/04/06;Platinum;11249;T00068;2025/02/13;27.84;28;;;;;
C0236;Michael;Moore;michael.moore236@example.com;555-4658;2024/08/22;Platinum;12008;T00069;2025/01/10;467.17;467;;;;;
C0262;Liam;Thomas;liam.thomas262@example.com;555-5692;2023/12/07;Gold;4495;T00070;2025/04/01;246.17;246;R3;Coffee Mug;1200.0;2025/02/24;1200.0
C0371;Emily;Brown;emily.brown371@example.com;555-3245;2022/07/14;Bronze;12209;T00071;2025/05/08;338.98;339;;;;;
C0640;James;Davis;james.davis640@example.com;555-6147;2025/01/03;Platinum;2045;T00072;2025/05/04;78.65;79;;;;;
C0952;Lucas;Clark;lucas.clark952@example.com;555-8963;2025/07/07;Silver;8921;T00073;2025/05/14;139.98;140;R1;$5 Gift Voucher;500.0;2025/01/25;500.0
C0621;Mia;Davis;mia.davis621@example.com;555-9571;2024/01/14;Silver;3501;T00074;2025/04/12;567.27;567;;;;;
C0359;Olivia;Davis;olivia.davis359@example.com;555-5015;2023/04/20;Bronze;3686;T00075;2025/04/06;109.18;109;;;;;
C0249;Sarah;Davis;sarah.davis249@example.com;555-4102;2025/04/24;Gold;14200;T00076;2025/05/07;287.57;288;;;;;
C0780;Noah;Davis;noah.davis780@example.com;555-7872;2023/08/31;Silver;9987;T00077;2025/05/17;130.54;131;;;;;
C0846;Daniel;Wilson;daniel.wilson846@example.com;555-3995;2024/09/28;Bronze;27;T00078;2025/05/04;41.14;41;;;;;
C0815;John;Lee;john.lee815@example.com;555-3064;2023/05/17;Bronze;12778;T00079;2025/04/10;112.73;113;R5;Free Shipping;750.0;2025/06/29;750.0
C0405;Lucas;Davis;lucas.davis405@example.com;555-8554;2023/04/19;Gold;6941;T00080;2025/02/04;120.81;121;;;;;
C0889;John;Johnson;john.johnson889@example.com;555-1755;2024/10/20;Silver;7728;T00081;2025/06/27;13.53;14;;;;;
C0911;Olivia;Davis;olivia.davis911@example.com;555-1444;2023/06/26;Gold;9186;T00082;2025/05/04;432.42;432;R3;Coffee Mug;1200.0;2025/04/12;1200.0
C0573;Sophia;Thomas;sophia.thomas573@example.com;555-8188;2024/07/22;Bronze;12607;T00083;2025/05/29;57.69;58;R3;Coffee Mug;1200.0;2025/06/25;1200.0
C0490;Emily;Lee;emily.lee490@example.com;555-4574;2025/11/18;Silver;8226;T00084;2025/04/05;413.61;414;R5;Free Shipping;750.0;2025/03/30;750.0
C0052;John;Moore;john.moore52@example.com;555-3247;2023/07/11;Bronze;4580;T00085;2025/01/10;56.67;57;;;;;
C0502;Olivia;Wilson;olivia.wilson502@example.com;555-2359;2026/01/10;Silver;11019;T00086;2025/01/22;283.87;284;;;;;
C0984;Daniel;Smith;daniel.smith984@example.com;555-1719;2026/04/08;Gold;5421;T00087;2025/06/09;221.65;222;;;;;
C0247;Sophia;Taylor;sophia.taylor247@example.com;555-4113;2024/11/15;Silver;8324;T00088;2025/02/23;188.09;188;R2;$10 Gift Voucher;1000.0;2025/01/24;1000.0
C0252;Emma;Moore;emma.moore252@example.com;555-9971;2022/11/08;Bronze;5335;T00089;2025/06/02;526.66;527;;;;;
C0291;Sarah;Anderson;sarah.anderson291@example.com;555-7857;2025/10/15;Bronze;10043;T00090;2025/04/17;487.93;488;R6;VIP Event Access;5000.0;2025/05/03;5000.0
C0072;Daniel;Lee;daniel.lee72@example.com;555-9791;2022/12/02;Gold;2545;T00091;2025/06/02;141.67;142;;;;;
C0360;Ava;Clark;ava.clark360@example.com;555-8959;2022/11/10;Bronze;9865;T00092;2025/06/17;61.42;61;;;;;
C0211;Mia;Wilson;mia.wilson211@example.com;555-8781;2022/11/23;Silver;8904;T00093;2025/02/14;197.85;198;;;;;
C0117;Lucas;Anderson;lucas.anderson117@example.com;555-1477;2023/05/27;Silver;1866;T00094;2025/02/17;320.81;321;;;;;
C0491;Jessica;Clark;jessica.clark491@example.com;555-4417;2023/09/27;Platinum;2293;T00095;2025/03/03;440.16;440;R1;$5 Gift Voucher;500.0;2025/04/11;500.0
C0087;Mia;Davis;mia.davis87@example.com;555-6901;2026/05/16;Bronze;4261;T00096;2025/03/13;189.97;190;;;;;
C0679;Daniel;Clark;daniel.clark679@example.com;555-8796;2022/11/08;Bronze;3415;T00097;2025/02/05;46.93;47;R3;Coffee Mug;1200.0;2025/05/15;1200.0
C0754;Michael;Clark;michael.clark754@example.com;555-9860;2022/06/11;Bronze;8079;T00098;2025/04/04;354.78;355;;;;;
C0268;Olivia;Lee;olivia.lee268@example.com;555-7391;2025/11/03;Gold;4480;T00099;2025/01/01;585.79;586;;;;;
C0015;Noah;Lee;noah.lee15@example.com;555-6110;2022/01/06;Gold;9963;T00100;2025/05/19;508.19;508;;;;;
C0271;James;Clark;james.clark271@example.com;555-5434;2023/09/26;Silver;14122;T00101;2025/05/08;260.87;261;;;;;
C0133;Michael;Wilson;michael.wilson133@example.com;555-5094;2022/07/13;Bronze;7403;T00102;2025/06/27;305.49;305;;;;;
C0330;John;Taylor;john.taylor330@example.com;555-7033;2026/04/01;Silver;122;T00103;2025/04/12;355.09;355;;;;;
C0314;Lucas;Wilson;lucas.wilson314@example.com;555-1061;2022/12/09;Gold;12217;T00104;2025/01/23;443.85;444;;;;;
C0552;Sarah;Brown;sarah.brown552@example.com;555-2423;2025/11/28;Bronze;14553;T00105;2025/05/25;297.78;298;R3;Coffee Mug;1200.0;2025/03/02;1200.0
C0977;John;Moore;john.moore977@example.com;555-7256;2022/08/20;Bronze;2125;T00106;2025/04/18;455.21;455;;;;;
C0465;Michael;Anderson;michael.anderson465@example.com;555-8917;2022/11/13;Silver;5311;T00107;2025/02/01;313.46;313;R7;Wireless Earbuds;8000.0;2025/04/13;8000.0
C0129;Ava;Anderson;ava.anderson129@example.com;555-7177;2023/03/30;Bronze;2535;T00108;2025/06/04;585.09;585;;;;;
C0343;Jessica;Davis;jessica.davis343@example.com;555-6889;2025/02/07;Bronze;4566;T00109;2025/02/06;315.18;315;R3;Coffee Mug;1200.0;2025/05/02;1200.0
C0617;Daniel;Brown;daniel.brown617@example.com;555-2233;2025/04/04;Bronze;4782;T00110;2025/01/22;16.72;17;;;;;
C0018;Sarah;Smith;sarah.smith18@example.com;555-4763;2022/08/25;Bronze;6119;T00111;2025/04/01;282.89;283;;;;;
C0915;Ava;Taylor;ava.taylor915@example.com;555-2118;2023/05/23;Bronze;733;T00112;2025/03/21;456.96;457;;;;;
C0864;Lucas;Johnson;lucas.johnson864@example.com;555-7800;2024/03/30;Silver;2753;T00113;2025/04/22;129.64;130;;;;;
C0006;Emma;Smith;emma.smith6@example.com;555-2679;2022/08/09;Silver;2539;T00114;2025/01/24;571.56;572;;;;;
C0519;Ava;Smith;ava.smith519@example.com;555-3225;2024/07/22;Bronze;10130;T00115;2025/05/16;151.12;151;;;;;
C0648;Michael;Thomas;michael.thomas648@example.com;555-7721;2023/04/14;Gold;4365;T00116;2025/06/28;341.4;341;;;;;
C0751;Olivia;Taylor;olivia.taylor751@example.com;555-4637;2025/03/02;Bronze;10735;T00117;2025/03/11;568.58;569;;;;;
C0714;Noah;Wilson;noah.wilson714@example.com;555-6050;2024/11/18;Gold;8385;T00118;2025/02/03;384.85;385;;;;;
C0081;Daniel;Taylor;daniel.taylor81@example.com;555-1435;2024/04/07;Platinum;3665;T00119;2025/02/17;345.92;346;R4;T-Shirt;2500.0;2025/04/11;2500.0
C0534;James;Taylor;james.taylor534@example.com;555-5043;2022/07/01;Bronze;3618;T00120;2025/01/02;64.45;64;;;;;
C0875;Olivia;Brown;olivia.brown875@example.com;555-2179;2022/08/19;Bronze;7751;T00121;2025/03/06;563.66;564;R4;T-Shirt;2500.0;2025/06/10;2500.0
C0702;Lucas;Lee;lucas.lee702@example.com;555-3648;2024/05/08;Bronze;6283;T00122;2025/03/12;378.21;378;;;;;
C0041;Mia;Smith;mia.smith41@example.com;555-4258;2023/04/17;Gold;4936;T00123;2025/02/02;99.19;99;;;;;
C0469;John;Taylor;john.taylor469@example.com;555-3956;2024/10/09;Silver;5725;T00124;2025/03/09;53.06;53;;;;;
C0358;Daniel;Johnson;daniel.johnson358@example.com;555-5051;2024/02/05;Bronze;8462;T00125;2025/01/16;470.1;470;R7;Wireless Earbuds;8000.0;2025/04/03;8000.0
C0153;Daniel;Clark;daniel.clark153@example.com;555-2822;2025/01/18;Bronze;8986;T00126;2025/01/24;27.02;27;;;;;
C0820;Lucas;Martinez;lucas.martinez820@example.com;555-4875;2026/03/14;Gold;5362;T00127;2025/02/22;344.51;345;;;;;
C0472;Sophia;Davis;sophia.davis472@example.com;555-9952;2024/04/16;Silver;8458;T00128;2025/05/03;340.9;341;R2;$10 Gift Voucher;1000.0;2025/05/05;1000.0
C0051;Emily;Lee;emily.lee51@example.com;555-1423;2022/04/25;Bronze;3719;T00129;2025/04/01;105.08;105;;;;;
C0048;Michael;Martinez;michael.martinez48@example.com;555-3597;2022/03/26;Silver;14474;T00130;2025/04/28;450.51;451;R5;Free Shipping;750.0;2025/01/02;750.0
C0826;Emily;Lee;emily.lee826@example.com;555-9850;2022/03/10;Bronze;2013;T00131;2025/06/18;340.91;341;;;;;
C0910;Jessica;Thomas;jessica.thomas910@example.com;555-5660;2022/12/26;Silver;11354;T00132;2025/06/19;170.42;170;;;;;
C0475;Jessica;Moore;jessica.moore475@example.com;555-7943;2024/07/01;Gold;9231;T00133;2025/04/25;418.79;419;R5;Free Shipping;750.0;2025/04/29;750.0
C0489;Daniel;Taylor;daniel.taylor489@example.com;555-2337;2024/09/03;Silver;14808;T00134;2025/06/14;580.97;581;;;;;
C0805;Sarah;Smith;sarah.smith805@example.com;555-1458;2025/10/16;Bronze;12995;T00135;2025/04/06;5.72;6;;;;;
C0465;Michael;Anderson;michael.anderson465@example.com;555-8917;2022/11/13;Silver;5311;T00136;2025/02/18;489.4;489;;;;;
C0550;Olivia;Davis;olivia.davis550@example.com;555-7204;2023/11/03;Gold;6489;T00137;2025/01/06;484.62;485;;;;;
C0957;Sophia;Taylor;sophia.taylor957@example.com;555-7883;2024/05/20;Bronze;2065;T00138;2025/05/09;506.05;506;;;;;
C0478;David;Brown;david.brown478@example.com;555-6115;2025/10/06;Silver;12891;T00139;2025/02/03;211.73;212;;;;;
C0211;Mia;Wilson;mia.wilson211@example.com;555-8781;2022/11/23;Silver;8904;T00140;2025/03/28;597.44;597;R6;VIP Event Access;5000.0;2025/01/09;5000.0
C0904;Sophia;Anderson;sophia.anderson904@example.com;555-2314;2023/06/21;Gold;14660;T00141;2025/05/11;236.68;237;R7;Wireless Earbuds;8000.0;2025/04/03;8000.0
C0190;Sophia;Davis;sophia.davis190@example.com;555-4066;2025/04/20;Silver;8425;T00142;2025/04/15;512.5;512;;;;;
C0485;Emma;Martinez;emma.martinez485@example.com;555-2534;2024/08/30;Silver;11310;T00143;2025/06/03;517.88;518;R2;$10 Gift Voucher;1000.0;2025/04/07;1000.0
C0971;Emily;Davis;emily.davis971@example.com;555-3887;2023/02/20;Silver;7269;T00144;2025/01/01;158.3;158;;;;;
C0858;Emma;Clark;emma.clark858@example.com;555-6114;2025/12/08;Silver;1456;T00145;2025/06/01;34.13;34;R3;Coffee Mug;1200.0;2025/01/25;1200.0
C0040;Olivia;Anderson;olivia.anderson40@example.com;555-1577;2022/12/01;Bronze;11686;T00146;2025/06/11;441.8;442;;;;;
C0554;Emily;Lee;emily.lee554@example.com;555-4630;2022/07/15;Gold;1775;T00147;2025/01/04;295.27;295;;;;;
C0236;Michael;Moore;michael.moore236@example.com;555-4658;2024/08/22;Platinum;12008;T00148;2025/04/17;76.52;77;;;;;
C0144;Sophia;Johnson;sophia.johnson144@example.com;555-6968;2024/03/18;Silver;911;T00149;2025/03/26;367.03;367;;;;;
C0701;Liam;Taylor;liam.taylor701@example.com;555-4493;2024/02/08;Silver;7081;T00150;2025/05/10;342.93;343;R3;Coffee Mug;1200.0;2025/03/31;1200.0
C0857;Michael;Taylor;michael.taylor857@example.com;555-6780;2025/05/14;Gold;7148;T00151;2025/03/11;499.31;499;;;;;
C0001;Emily;Anderson;emily.anderson1@example.com;555-3325;2025/08/15;Silver;4778;T00152;2025/02/17;437.13;437;;;;;
C0725;Daniel;Johnson;daniel.johnson725@example.com;555-2682;2025/01/12;Silver;2000;T00153;2025/01/05;50.79;51;;;;;
C0830;Noah;Johnson;noah.johnson830@example.com;555-2525;2023/03/03;Silver;11287;T00154;2025/03/30;13.54;14;;;;;
C0683;Mia;Davis;mia.davis683@example.com;555-2870;2022/06/13;Silver;7467;T00155;2025/01/21;483.52;484;;;;;
C0181;Sarah;Davis;sarah.davis181@example.com;555-1273;2024/04/26;Gold;7594;T00156;2025/02/18;508.36;508;;;;;
C0477;Jessica;Brown;jessica.brown477@example.com;555-2134;2025/01/08;Silver;13743;T00157;2025/04/25;320.36;320;R3;Coffee Mug;1200.0;2025/06/12;1200.0
C0746;Jessica;Lee;jessica.lee746@example.com;555-2188;2025/12/22;Platinum;294;T00158;2025/06/15;159.77;160;;;;;
C0227;Olivia;Smith;olivia.smith227@example.com;555-8250;2024/10/04;Gold;8988;T00159;2025/03/12;30.95;31;;;;;
C0958;Mia;Smith;mia.smith958@example.com;555-1286;2023/11/05;Silver;9684;T00160;2025/05/22;316.85;317;;;;;
C0422;David;Lee;david.lee422@example.com;555-7589;2023/06/02;Bronze;3542;T00161;2025/06/30;48.92;49;R5;Free Shipping;750.0;2025/01/20;750.0
C0954;John;Anderson;john.anderson954@example.com;555-6776;2024/07/28;Bronze;5324;T00162;2025/02/11;249.21;249;;;;;
C0418;Emma;Clark;emma.clark418@example.com;555-1290;2022/04/13;Bronze;13697;T00163;2025/04/28;507.17;507;;;;;
C0998;Emily;Clark;emily.clark998@example.com;555-6463;2022/12/03;Platinum;2026;T00164;2025/05/12;176.12;176;R6;VIP Event Access;5000.0;2025/03/07;5000.0
C0902;Sophia;Smith;sophia.smith902@example.com;555-7486;2024/01/04;Gold;3292;T00165;2025/01/16;9.28;9;;;;;
C0378;Noah;Thomas;noah.thomas378@example.com;555-4702;2023/07/13;Bronze;4634;T00166;2025/02/11;68.57;69;R1;$5 Gift Voucher;500.0;2025/05/04;500.0
C0089;Liam;Taylor;liam.taylor89@example.com;555-8425;2025/01/20;Gold;3248;T00167;2025/04/24;260.79;261;;;;;
C0564;Liam;Taylor;liam.taylor564@example.com;555-2666;2022/03/09;Silver;7706;T00168;2025/01/27;184.55;185;;;;;
C0682;Ava;Davis;ava.davis682@example.com;555-9512;2025/10/22;Gold;11429;T00169;2025/04/17;429.23;429;;;;;
C0168;Emma;Anderson;emma.anderson168@example.com;555-9781;2023/09/15;Bronze;8629;T00170;2025/01/16;202.45;202;;;;;
C0992;David;Johnson;david.johnson992@example.com;555-6300;2023/03/24;Bronze;8310;T00171;2025/02/08;359.85;360;;;;;
C0632;Ava;Martinez;ava.martinez632@example.com;555-9284;2022/01/07;Platinum;10019;T00172;2025/05/04;486.89;487;;;;;
C0569;Sarah;Anderson;sarah.anderson569@example.com;555-3469;2024/04/05;Platinum;2336;T00173;2025/03/11;519.85;520;R6;VIP Event Access;5000.0;2025/03/22;5000.0
C0479;Daniel;Anderson;daniel.anderson479@example.com;555-3700;2022/10/31;Silver;1133;T00174;2025/01/31;525.54;526;;;;;
C0400;Olivia;Lee;olivia.lee400@example.com;555-3931;2023/12/02;Bronze;2830;T00175;2025/03/01;398.84;399;;;;;
C0964;Sarah;Martinez;sarah.martinez964@example.com;555-5729;2022/01/01;Silver;5979;T00176;2025/06/21;44.96;45;R6;VIP Event Access;5000.0;2025/03/08;5000.0
C0069;John;Martinez;john.martinez69@example.com;555-5920;2025/08/03;Bronze;13459;T00177;2025/06/12;106.93;107;;;;;
C0461;Emma;Wilson;emma.wilson461@example.com;555-6575;2023/07/26;Platinum;2822;T00178;2025/02/14;480.61;481;;;;;
C0526;Liam;Moore;liam.moore526@example.com;555-7270;2022/09/14;Bronze;4346;T00179;2025/02/06;581.42;581;;;;;
C0696;Sophia;Martinez;sophia.martinez696@example.com;555-1444;2024/02/23;Silver;2726;T00180;2025/05/10;231.22;231;R2;$10 Gift Voucher;1000.0;2025/04/25;1000.0
C0194;Olivia;Smith;olivia.smith194@example.com;555-7391;2024/01/08;Gold;2815;T00181;2025/04/01;473.89;474;R5;Free Shipping;750.0;2025/01/03;750.0
C0292;Daniel;Anderson;daniel.anderson292@example.com;555-4461;2025/08/28;Gold;7789;T00182;2025/06/21;433.3;433;R3;Coffee Mug;1200.0;2025/03/12;1200.0
C0733;David;Moore;david.moore733@example.com;555-4950;2025/02/19;Bronze;2536;T00183;2025/04/24;235.27;235;;;;;
C0002;David;Anderson;david.anderson2@example.com;555-6873;2022/10/07;Silver;983;T00184;2025/03/30;581.32;581;R5;Free Shipping;750.0;2025/05/06;750.0
C0675;Emma;Johnson;emma.johnson675@example.com;555-4655;2023/07/27;Platinum;5890;T00185;2025/05/28;431.69;432;;;;;
C0995;Lucas;Martinez;lucas.martinez995@example.com;555-2731;2025/10/22;Gold;2321;T00186;2025/04/28;108.1;108;;;;;
C0485;Emma;Martinez;emma.martinez485@example.com;555-2534;2024/08/30;Silver;11310;T00187;2025/03/29;527.83;528;;;;;
C0651;Emily;Brown;emily.brown651@example.com;555-5332;2024/08/02;Bronze;7872;T00188;2025/04/15;126.76;127;R3;Coffee Mug;1200.0;2025/05/27;1200.0
C0926;Daniel;Moore;daniel.moore926@example.com;555-1057;2024/04/24;Bronze;9475;T00189;2025/02/02;72.44;72;R1;$5 Gift Voucher;500.0;2025/01/08;500.0
C0244;Olivia;Thomas;olivia.thomas244@example.com;555-6532;2023/07/20;Bronze;14408;T00190;2025/04/18;436.13;436;R7;Wireless Earbuds;8000.0;2025/01/01;8000.0
C0125;Michael;Anderson;michael.anderson125@example.com;555-8032;2022/08/04;Platinum;13303;T00191;2025/05/31;65.47;65;;;;;
C0299;Noah;Anderson;noah.anderson299@example.com;555-9645;2024/07/10;Bronze;14116;T00192;2025/02/25;323.39;323;R6;VIP Event Access;5000.0;2025/01/01;5000.0
C0771;Daniel;Davis;daniel.davis771@example.com;555-5186;2025/03/01;Silver;11457;T00193;2025/02/28;593.79;594;R5;Free Shipping;750.0;2025/06/02;750.0
C0189;David;Lee;david.lee189@example.com;555-7852;2025/07/29;Silver;3704;T00194;2025/01/17;31.61;32;;;;;
C0901;Lucas;Thomas;lucas.thomas901@example.com;555-2318;2022/02/17;Silver;12877;T00195;2025/04/30;71.08;71;;;;;
C0827;Jessica;Johnson;jessica.johnson827@example.com;555-4945;2023/07/29;Silver;11866;T00196;2025/05/02;234.22;234;;;;;
C0783;Lucas;Brown;lucas.brown783@example.com;555-2380;2022/01/05;Bronze;7575;T00197;2025/02/27;192.21;192;R6;VIP Event Access;5000.0;2025/04/13;5000.0
C0282;Olivia;Lee;olivia.lee282@example.com;555-8968;2022/06/16;Gold;7014;T00198;2025/01/31;511.72;512;R5;Free Shipping;750.0;2025/04/04;750.0
C0097;David;Moore;david.moore97@example.com;555-2969;2024/04/16;Bronze;7207;T00199;2025/05/03;461.79;462;R3;Coffee Mug;1200.0;2025/05/28;1200.0
C0361;Lucas;Wilson;lucas.wilson361@example.com;555-9792;2022/06/07;Gold;7607;T00200;2025/02/11;417.62;418;;;;;
C0831;James;Moore;james.moore831@example.com;555-9893;2025/09/03;Bronze;2795;T00201;2025/01/18;15.62;16;;;;;
C0249;Sarah;Davis;sarah.davis249@example.com;555-4102;2025/04/24;Gold;14200;T00202;2025/04/21;436.36;436;;;;;
C0590;John;Martinez;john.martinez590@example.com;555-2323;2025/10/15;Gold;10530;T00203;2025/06/08;381.42;381;;;;;
C0218;Lucas;Thomas;lucas.thomas218@example.com;555-8489;2026/04/22;Bronze;14789;T00204;2025/03/02;333.68;334;R4;T-Shirt;2500.0;2025/06/18;2500.0
C0478;David;Brown;david.brown478@example.com;555-6115;2025/10/06;Silver;12891;T00205;2025/03/07;293.5;294;;;;;
C0785;John;Smith;john.smith785@example.com;555-4946;2022/08/08;Silver;7553;T00206;2025/04/10;304.34;304;;;;;
C0362;Liam;Martinez;liam.martinez362@example.com;555-1644;2023/02/10;Bronze;9721;T00207;2025/05/12;520.05;520;;;;;
C0851;Emma;Taylor;emma.taylor851@example.com;555-9958;2024/08/15;Bronze;5964;T00208;2025/06/30;154.6;155;;;;;
C0796;Emma;Martinez;emma.martinez796@example.com;555-6899;2022/01/07;Platinum;4641;T00209;2025/06/26;330.58;331;R6;VIP Event Access;5000.0;2025/02/19;5000.0
C0790;Daniel;Smith;daniel.smith790@example.com;555-9167;2024/06/23;Silver;619;T00210;2025/01/14;349.48;349;;;;;
C0740;Noah;Brown;noah.brown740@example.com;555-9799;2022/05/02;Silver;7734;T00211;2025/03/14;455.19;455;R6;VIP Event Access;5000.0;2025/03/08;5000.0
C0421;Sarah;Brown;sarah.brown421@example.com;555-2103;2023/12/27;Silver;2326;T00212;2025/03/03;451.9;452;;;;;
C0849;Noah;Anderson;noah.anderson849@example.com;555-9256;2025/12/10;Bronze;2530;T00213;2025/01/21;264.06;264;;;;;
C0678;Jessica;Davis;jessica.davis678@example.com;555-9023;2022/10/24;Gold;8049;T00214;2025/06/27;297.6;298;;;;;
C0243;Liam;Moore;liam.moore243@example.com;555-6002;2022/12/21;Gold;12592;T00215;2025/03/25;78.44;78;;;;;
C0717;James;Davis;james.davis717@example.com;555-3243;2024/10/16;Bronze;9749;T00216;2025/02/10;502.34;502;;;;;
C0395;Lucas;Thomas;lucas.thomas395@example.com;555-7797;2026/04/04;Silver;6617;T00217;2025/06/21;447.85;448;R4;T-Shirt;2500.0;2025/02/12;2500.0
C0442;John;Taylor;john.taylor442@example.com;555-8090;2022/09/11;Platinum;7001;T00218;2025/01/15;179.46;179;;;;;
C0690;Sophia;Thomas;sophia.thomas690@example.com;555-2887;2023/10/20;Platinum;4908;T00219;2025/03/30;152.03;152;;;;;
C0494;Sophia;Martinez;sophia.martinez494@example.com;555-8200;2023/03/26;Silver;5964;T00220;2025/02/26;550.49;550;;;;;
C0850;Mia;Martinez;mia.martinez850@example.com;555-9277;2025/11/16;Bronze;821;T00221;2025/02/07;599.21;599;;;;;
C0443;Emily;Moore;emily.moore443@example.com;555-6337;2024/02/24;Gold;3676;T00222;2025/04/13;460.6;461;R7;Wireless Earbuds;8000.0;2025/02/28;8000.0
C0376;Emily;Taylor;emily.taylor376@example.com;555-6362;2022/06/15;Bronze;14537;T00223;2025/06/11;565.09;565;;;;;
C0409;Ava;Johnson;ava.johnson409@example.com;555-8397;2025/12/15;Platinum;5007;T00224;2025/02/26;383.75;384;;;;;
C0320;Sophia;Clark;sophia.clark320@example.com;555-3524;2025/12/23;Bronze;8031;T00225;2025/01/18;411.34;411;;;;;
C0751;Olivia;Taylor;olivia.taylor751@example.com;555-4637;2025/03/02;Bronze;10735;T00226;2025/06/25;232.7;233;;;;;
C0150;Jessica;Anderson;jessica.anderson150@example.com;555-8856;2025/11/22;Silver;10234;T00227;2025/05/15;386.99;387;;;;;
C0915;Ava;Taylor;ava.taylor915@example.com;555-2118;2023/05/23;Bronze;733;T00228;2025/02/05;173.33;173;;;;;
C0280;Michael;Thomas;michael.thomas280@example.com;555-2444;2024/01/02;Silver;10213;T00229;2025/05/23;8.52;9;;;;;
C0848;John;Wilson;john.wilson848@example.com;555-2114;2025/03/02;Bronze;12317;T00230;2025/02/06;443.11;443;R3;Coffee Mug;1200.0;2025/06/08;1200.0
C0123;Olivia;Anderson;olivia.anderson123@example.com;555-1706;2022/11/29;Silver;9962;T00231;2025/01/14;509.37;509;;;;;
C0608;Mia;Taylor;mia.taylor608@example.com;555-3172;2025/07/02;Silver;8505;T00232;2025/06/12;556.69;557;R2;$10 Gift Voucher;1000.0;2025/03/07;1000.0
C0830;Noah;Johnson;noah.johnson830@example.com;555-2525;2023/03/03;Silver;11287;T00233;2025/06/13;139.16;139;;;;;
C0203;Mia;Thomas;mia.thomas203@example.com;555-9211;2023/08/24;Bronze;14481;T00234;2025/04/21;44.69;45;R6;VIP Event Access;5000.0;2025/04/02;5000.0
C0146;John;Moore;john.moore146@example.com;555-3601;2025/12/22;Silver;6844;T00235;2025/04/15;188.96;189;;;;;
C0273;Emily;Thomas;emily.thomas273@example.com;555-8057;2026/01/10;Platinum;1810;T00236;2025/04/13;504.71;505;;;;;
C0534;James;Taylor;james.taylor534@example.com;555-5043;2022/07/01;Bronze;3618;T00237;2025/02/10;63.23;63;;;;;
C0626;Lucas;Lee;lucas.lee626@example.com;555-5062;2023/09/27;Bronze;11630;T00238;2025/05/10;523.66;524;R7;Wireless Earbuds;8000.0;2025/03/04;8000.0
C0917;Liam;Wilson;liam.wilson917@example.com;555-8949;2026/02/14;Silver;12590;T00239;2025/06/09;403.81;404;;;;;
C0610;Lucas;Wilson;lucas.wilson610@example.com;555-7516;2026/05/05;Bronze;9813;T00240;2025/03/04;142.15;142;;;;;
C0931;Ava;Johnson;ava.johnson931@example.com;555-2134;2024/02/04;Silver;9484;T00241;2025/02/18;449.03;449;;;;;
C0685;Daniel;Wilson;daniel.wilson685@example.com;555-5216;2025/06/22;Bronze;14421;T00242;2025/04/02;433.28;433;;;;;
C0057;Mia;Martinez;mia.martinez57@example.com;555-9032;2024/04/09;Gold;7691;T00243;2025/04/03;45.53;46;;;;;
C0113;Michael;Moore;michael.moore113@example.com;555-5808;2022/12/26;Gold;12406;T00244;2025/05/25;200.36;200;R4;T-Shirt;2500.0;2025/06/23;2500.0
C0782;Mia;Taylor;mia.taylor782@example.com;555-2580;2023/11/01;Platinum;11750;T00245;2025/01/21;546.41;546;;;;;
C0660;Daniel;Martinez;daniel.martinez660@example.com;555-2405;2023/08/03;Bronze;3836;T00246;2025/05/02;425.13;425;;;;;
C0006;Emma;Smith;emma.smith6@example.com;555-2679;2022/08/09;Silver;2539;T00247;2025/06/20;514.0;514;;;;;
C0768;Jessica;Smith;jessica.smith768@example.com;555-9493;2023/03/03;Bronze;1778;T00248;2025/01/17;162.26;162;R2;$10 Gift Voucher;1000.0;2025/05/24;1000.0
C0050;Emily;Martinez;emily.martinez50@example.com;555-8412;2024/08/14;Gold;5794;T00249;2025/04/15;327.44;327;R5;Free Shipping;750.0;2025/05/13;750.0
C0549;Michael;Thomas;michael.thomas549@example.com;555-9714;2026/04/20;Silver;4541;T00250;2025/04/21;143.01;143;R6;VIP Event Access;5000.0;2025/01/17;5000.0
C0021;John;Smith;john.smith21@example.com;555-2801;2022/09/22;Gold;5883;T00251;2025/06/09;207.46;207;;;;;
C0047;Jessica;Martinez;jessica.martinez47@example.com;555-2166;2024/07/15;Gold;7737;T00252;2025/02/08;452.12;452;;;;;
C0112;John;Thomas;john.thomas112@example.com;555-5175;2024/06/11;Platinum;1621;T00253;2025/03/02;28.48;28;;;;;
C0319;Emily;Thomas;emily.thomas319@example.com;555-2624;2024/02/05;Bronze;14640;T00254;2025/06/14;382.09;382;;;;;
C0872;James;Martinez;james.martinez872@example.com;555-3913;2025/05/13;Bronze;1450;T00255;2025/05/03;152.02;152;;;;;
C0838;Emma;Taylor;emma.taylor838@example.com;555-6380;2023/01/23;Platinum;9755;T00256;2025/06/20;284.14;284;;;;;
C0633;Mia;Taylor;mia.taylor633@example.com;555-4268;2025/04/06;Platinum;11249;T00257;2025/04/07;595.86;596;;;;;
C0684;Daniel;Lee;daniel.lee684@example.com;555-9142;2022/03/04;Gold;5648;T00258;2025/05/09;264.78;265;;;;;
C0137;James;Anderson;james.anderson137@example.com;555-5048;2026/02/16;Bronze;13265;T00259;2025/01/20;292.0;292;R6;VIP Event Access;5000.0;2025/01/08;5000.0
C0402;Sarah;Wilson;sarah.wilson402@example.com;555-9518;2024/05/26;Silver;9935;T00260;2025/04/17;138.82;139;;;;;
C0019;Olivia;Martinez;olivia.martinez19@example.com;555-6592;2025/08/25;Bronze;4130;T00261;2025/05/01;552.39;552;R5;Free Shipping;750.0;2025/01/23;750.0
C0121;Liam;Brown;liam.brown121@example.com;555-4077;2024/11/11;Silver;6546;T00262;2025/01/16;303.75;304;;;;;
C0177;Sophia;Davis;sophia.davis177@example.com;555-5296;2022/11/20;Platinum;9996;T00263;2025/06/09;323.71;324;;;;;
C0734;Olivia;Thomas;olivia.thomas734@example.com;555-3989;2024/11/19;Gold;2353;T00264;2025/02/09;394.46;394;;;;;
C0466;Sophia;Martinez;sophia.martinez466@example.com;555-6091;2023/10/07;Bronze;8552;T00265;2025/03/15;587.19;587;;;;;
C0685;Daniel;Wilson;daniel.wilson685@example.com;555-5216;2025/06/22;Bronze;14421;T00266;2025/04/01;187.62;188;;;;;
C0527;John;Wilson;john.wilson527@example.com;555-7108;2026/02/27;Gold;3499;T00267;2025/02/03;39.16;39;;;;;
C0189;David;Lee;david.lee189@example.com;555-7852;2025/07/29;Silver;3704;T00268;2025/02/02;133.37;133;R1;$5 Gift Voucher;500.0;2025/05/08;500.0
C0309;Emma;Johnson;emma.johnson309@example.com;555-4231;2022/09/06;Silver;1495;T00269;2025/05/04;169.16;169;;;;;
C0266;James;Davis;james.davis266@example.com;555-3501;2022/08/03;Bronze;12965;T00270;2025/01/05;285.8;286;;;;;
C0159;Emma;Johnson;emma.johnson159@example.com;555-4489;2025/08/15;Bronze;11219;T00271;2025/06/16;60.08;60;;;;;
C0689;Mia;Wilson;mia.wilson689@example.com;555-7171;2023/06/17;Bronze;433;T00272;2025/05/16;516.31;516;;;;;
C0242;Daniel;Johnson;daniel.johnson242@example.com;555-5509;2024/10/21;Silver;11702;T00273;2025/03/08;451.86;452;;;;;
C0825;Jessica;Thomas;jessica.thomas825@example.com;555-6337;2025/05/10;Bronze;7069;T00274;2025/06/12;407.06;407;;;;;
C0405;Lucas;Davis;lucas.davis405@example.com;555-8554;2023/04/19;Gold;6941;T00275;2025/01/20;488.54;489;R6;VIP Event Access;5000.0;2025/03/23;5000.0
C0786;Emma;Smith;emma.smith786@example.com;555-7991;2025/12/24;Bronze;484;T00276;2025/02/03;264.86;265;;;;;
C0223;Noah;Moore;noah.moore223@example.com;555-2192;2026/03/29;Bronze;5742;T00277;2025/06/27;392.63;393;;;;;
C0301;Daniel;Moore;daniel.moore301@example.com;555-6996;2026/05/09;Silver;3501;T00278;2025/01/25;224.05;224;;;;;
C0309;Emma;Johnson;emma.johnson309@example.com;555-4231;2022/09/06;Silver;1495;T00279;2025/06/03;66.52;67;;;;;
C0477;Jessica;Brown;jessica.brown477@example.com;555-2134;2025/01/08;Silver;13743;T00280;2025/04/03;74.29;74;;;;;
C0324;Michael;Taylor;michael.taylor324@example.com;555-4074;2025/09/14;Gold;8873;T00281;2025/03/02;44.68;45;;;;;
C0214;Emma;Lee;emma.lee214@example.com;555-6007;2022/08/03;Bronze;7225;T00282;2025/05/11;163.0;163;;;;;
C0084;Olivia;Wilson;olivia.wilson84@example.com;555-8437;2025/09/09;Bronze;6702;T00283;2025/02/18;371.56;372;;;;;
C0277;Sarah;Davis;sarah.davis277@example.com;555-1362;2024/03/06;Silver;2043;T00284;2025/01/03;456.77;457;R7;Wireless Earbuds;8000.0;2025/03/15;8000.0
C0116;Sarah;Johnson;sarah.johnson116@example.com;555-6856;2022/11/25;Bronze;6670;T00285;2025/06/02;145.69;146;;;;;
C0326;Lucas;Thomas;lucas.thomas326@example.com;555-4323;2024/04/03;Gold;717;T00286;2025/06/30;331.68;332;;;;;
C0035;Sophia;Davis;sophia.davis35@example.com;555-8322;2025/06/15;Silver;7582;T00287;2025/04/04;309.82;310;;;;;
C0664;David;Wilson;david.wilson664@example.com;555-1569;2024/01/07;Silver;10081;T00288;2025/05/16;141.99;142;;;;;
C0784;Mia;Taylor;mia.taylor784@example.com;555-5215;2025/03/04;Gold;4607;T00289;2025/04/10;131.28;131;;;;;
C0136;David;Taylor;david.taylor136@example.com;555-7626;2024/10/19;Gold;11402;T00290;2025/05/27;386.32;386;;;;;
C0443;Emily;Moore;emily.moore443@example.com;555-6337;2024/02/24;Gold;3676;T00291;2025/06/18;19.06;19;;;;;
C0041;Mia;Smith;mia.smith41@example.com;555-4258;2023/04/17;Gold;4936;T00292;2025/01/12;324.77;325;;;;;
C0613;Mia;Clark;mia.clark613@example.com;555-9655;2024/05/23;Silver;997;T00293;2025/04/01;25.17;25;;;;;
C0291;Sarah;Anderson;sarah.anderson291@example.com;555-7857;2025/10/15;Bronze;10043;T00294;2025/05/22;293.62;294;;;;;
C0914;Michael;Thomas;michael.thomas914@example.com;555-1029;2022/10/07;Platinum;9903;T00295;2025/02/04;382.91;383;;;;;
C0126;Daniel;Davis;daniel.davis126@example.com;555-9123;2022/08/17;Bronze;11766;T00296;2025/06/02;317.33;317;R2;$10 Gift Voucher;1000.0;2025/04/27;1000.0
C0508;Mia;Smith;mia.smith508@example.com;555-3471;2025/04/30;Bronze;2991;T00297;2025/04/06;439.76;440;;;;;
C0937;Daniel;Lee;daniel.lee937@example.com;555-8858;2024/01/31;Silver;2083;T00298;2025/06/22;468.36;468;R2;$10 Gift Voucher;1000.0;2025/02/05;1000.0
C0897;Emily;Johnson;emily.johnson897@example.com;555-5660;2025/03/28;Gold;10666;T00299;2025/04/29;383.82;384;R7;Wireless Earbuds;8000.0;2025/04/25;8000.0
C0418;Emma;Clark;emma.clark418@example.com;555-1290;2022/04/13;Bronze;13697;T00300;2025/04/18;96.13;96;;;;;
C0892;Emma;Thomas;emma.thomas892@example.com;555-4336;2023/11/16;Bronze;7429;T00301;2025/02/28;195.42;195;;;;;
C0069;John;Martinez;john.martinez69@example.com;555-5920;2025/08/03;Bronze;13459;T00302;2025/01/21;257.74;258;;;;;
C0956;James;Lee;james.lee956@example.com;555-6789;2025/07/15;Gold;5324;T00303;2025/03/23;335.13;335;;;;;
C0231;Jessica;Martinez;jessica.martinez231@example.com;555-5353;2023/12/26;Gold;12550;T00304;2025/04/26;17.0;17;;;;;
C0572;John;Davis;john.davis572@example.com;555-7103;2025/05/06;Platinum;14185;T00305;2025/04/28;506.02;506;;;;;
C0866;Mia;Clark;mia.clark866@example.com;555-8768;2023/04/08;Gold;5004;T00306;2025/01/04;343.47;343;;;;;
C0897;Emily;Johnson;emily.johnson897@example.com;555-5660;2025/03/28;Gold;10666;T00307;2025/03/20;166.81;167;R7;Wireless Earbuds;8000.0;2025/06/06;8000.0
C0770;Liam;Taylor;liam.taylor770@example.com;555-7359;2022/02/10;Gold;9632;T00308;2025/05/07;574.73;575;;;;;
C0749;Olivia;Johnson;olivia.johnson749@example.com;555-5093;2023/12/15;Platinum;8853;T00309;2025/02/03;126.54;127;;;;;
C0259;Daniel;Martinez;daniel.martinez259@example.com;555-3427;2022/10/09;Bronze;461;T00310;2025/05/01;261.68;262;;;;;
C0589;John;Wilson;john.wilson589@example.com;555-7593;2023/11/13;Silver;7742;T00311;2025/03/15;124.22;124;R3;Coffee Mug;1200.0;2025/03/18;1200.0
C0105;Michael;Thomas;michael.thomas105@example.com;555-3091;2024/06/03;Silver;7131;T00312;2025/02/04;224.93;225;;;;;
C0904;Sophia;Anderson;sophia.anderson904@example.com;555-2314;2023/06/21;Gold;14660;T00313;2025/03/08;168.19;168;;;;;
C0669;Lucas;Taylor;lucas.taylor669@example.com;555-7487;2022/07/15;Gold;5200;T00314;2025/04/06;176.93;177;;;;;
C0782;Mia;Taylor;mia.taylor782@example.com;555-2580;2023/11/01;Platinum;11750;T00315;2025/05/29;496.72;497;R6;VIP Event Access;5000.0;2025/02/26;5000.0
C0520;Sophia;Anderson;sophia.anderson520@example.com;555-9020;2023/11/25;Gold;7766;T00316;2025/03/22;65.82;66;;;;;
C0354;Lucas;Johnson;lucas.johnson354@example.com;555-3842;2024/06/30;Gold;12266;T00317;2025/06/25;346.95;347;;;;;
C0807;Emily;Wilson;emily.wilson807@example.com;555-3553;2022/03/27;Bronze;12359;T00318;2025/01/27;395.78;396;R3;Coffee Mug;1200.0;2025/05/26;1200.0
C0810;Olivia;Moore;olivia.moore810@example.com;555-4152;2022/05/08;Gold;3024;T00319;2025/05/18;254.14;254;R6;VIP Event Access;5000.0;2025/06/17;5000.0
C0300;Emma;Wilson;emma.wilson300@example.com;555-5787;2025/08/21;Silver;13937;T00320;2025/02/25;380.37;380;R2;$10 Gift Voucher;1000.0;2025/06/26;1000.0
C0510;Mia;Davis;mia.davis510@example.com;555-8062;2025/04/06;Gold;2196;T00321;2025/05/10;269.62;270;;;;;
C0418;Emma;Clark;emma.clark418@example.com;555-1290;2022/04/13;Bronze;13697;T00322;2025/01/11;524.22;524;;;;;
C0055;Olivia;Wilson;olivia.wilson55@example.com;555-5957;2026/01/09;Platinum;489;T00323;2025/02/10;547.58;548;R4;T-Shirt;2500.0;2025/04/29;2500.0
C0938;Liam;Clark;liam.clark938@example.com;555-7849;2026/01/14;Silver;140;T00324;2025/04/02;591.38;591;;;;;
C0975;Sarah;Lee;sarah.lee975@example.com;555-7290;2026/05/11;Silver;14135;T00325;2025/02/01;567.55;568;;;;;
C0531;Liam;Davis;liam.davis531@example.com;555-5839;2025/07/29;Silver;12419;T00326;2025/01/02;208.12;208;;;;;
C0942;Mia;Taylor;mia.taylor942@example.com;555-8045;2024/04/28;Silver;14620;T00327;2025/04/29;586.82;587;R2;$10 Gift Voucher;1000.0;2025/01/17;1000.0
C0980;Olivia;Smith;olivia.smith980@example.com;555-4808;2025/02/01;Bronze;2783;T00328;2025/01/05;66.73;67;;;;;
C0433;Jessica;Johnson;jessica.johnson433@example.com;555-7983;2022/11/02;Gold;3861;T00329;2025/02/07;264.39;264;R2;$10 Gift Voucher;1000.0;2025/03/30;1000.0
C0009;Mia;Smith;mia.smith9@example.com;555-9392;2026/02/03;Bronze;13064;T00330;2025/04/29;135.22;135;;;;;
C0709;John;Thomas;john.thomas709@example.com;555-7029;2025/03/25;Silver;14035;T00331;2025/01/06;537.96;538;R5;Free Shipping;750.0;2025/04/03;750.0
C0502;Olivia;Wilson;olivia.wilson502@example.com;555-2359;2026/01/10;Silver;11019;T00332;2025/04/20;453.25;453;;;;;
C0421;Sarah;Brown;sarah.brown421@example.com;555-2103;2023/12/27;Silver;2326;T00333;2025/02/09;60.44;60;R3;Coffee Mug;1200.0;2025/03/23;1200.0
C0503;James;Taylor;james.taylor503@example.com;555-6704;2025/02/13;Bronze;8066;T00334;2025/02/26;220.19;220;;;;;
C0585;Emma;Davis;emma.davis585@example.com;555-4464;2022/11/30;Silver;4294;T00335;2025/05/27;353.48;353;;;;;
C0058;David;Martinez;david.martinez58@example.com;555-9418;2025/12/11;Bronze;4303;T00336;2025/04/08;210.72;211;;;;;
C0107;John;Martinez;john.martinez107@example.com;555-2120;2026/02/11;Silver;12053;T00337;2025/02/28;332.82;333;;;;;
C0705;David;Brown;david.brown705@example.com;555-9395;2024/11/23;Platinum;9161;T00338;2025/05/05;142.67;143;;;;;
C0554;Emily;Lee;emily.lee554@example.com;555-4630;2022/07/15;Gold;1775;T00339;2025/06/18;366.2;366;;;;;
C0130;Jessica;Martinez;jessica.martinez130@example.com;555-3433;2022/09/17;Gold;8597;T00340;2025/05/06;420.85;421;;;;;
C0155;Liam;Taylor;liam.taylor155@example.com;555-8393;2023/02/23;Bronze;13490;T00341;2025/01/27;367.55;368;;;;;
C0080;Sarah;Moore;sarah.moore80@example.com;555-8562;2025/07/23;Bronze;1051;T00342;2025/03/11;63.63;64;R7;Wireless Earbuds;8000.0;2025/03/22;8000.0
C0937;Daniel;Lee;daniel.lee937@example.com;555-8858;2024/01/31;Silver;2083;T00343;2025/02/19;57.46;57;;;;;
C0091;John;Anderson;john.anderson91@example.com;555-5741;2024/05/24;Silver;12209;T00344;2025/02/07;545.27;545;R5;Free Shipping;750.0;2025/02/07;750.0
C0581;Michael;Martinez;michael.martinez581@example.com;555-1424;2022/10/07;Silver;7516;T00345;2025/04/23;209.4;209;;;;;
C0230;James;Taylor;james.taylor230@example.com;555-7279;2024/04/23;Silver;8226;T00346;2025/06/26;232.93;233;;;;;
C0038;James;Anderson;james.anderson38@example.com;555-6046;2025/01/14;Silver;2119;T00347;2025/05/23;400.45;400;;;;;
C0189;David;Lee;david.lee189@example.com;555-7852;2025/07/29;Silver;3704;T00348;2025/04/25;176.35;176;R6;VIP Event Access;5000.0;2025/05/17;5000.0
C0409;Ava;Johnson;ava.johnson409@example.com;555-8397;2025/12/15;Platinum;5007;T00349;2025/03/11;156.33;156;;;;;
C0434;Sophia;Lee;sophia.lee434@example.com;555-5833;2024/06/16;Bronze;14403;T00350;2025/06/06;449.02;449;;;;;
C0138;Emma;Clark;emma.clark138@example.com;555-2162;2025/01/06;Bronze;3202;T00351;2025/05/24;369.75;370;;;;;
C0586;Daniel;Smith;daniel.smith586@example.com;555-5840;2025/08/10;Platinum;9510;T00352;2025/03/04;204.32;204;;;;;
C0685;Daniel;Wilson;daniel.wilson685@example.com;555-5216;2025/06/22;Bronze;14421;T00353;2025/01/16;120.16;120;;;;;
C0803;Noah;Smith;noah.smith803@example.com;555-8384;2023/10/12;Bronze;9502;T00354;2025/01/14;535.77;536;;;;;
C0693;Sarah;Lee;sarah.lee693@example.com;555-6974;2022/11/16;Bronze;3876;T00355;2025/01/11;441.41;441;;;;;
C0091;John;Anderson;john.anderson91@example.com;555-5741;2024/05/24;Silver;12209;T00356;2025/01/01;204.97;205;;;;;
C0931;Ava;Johnson;ava.johnson931@example.com;555-2134;2024/02/04;Silver;9484;T00357;2025/01/08;69.81;70;;;;;
C0910;Jessica;Thomas;jessica.thomas910@example.com;555-5660;2022/12/26;Silver;11354;T00358;2025/01/10;466.18;466;;;;;
C0652;Lucas;Davis;lucas.davis652@example.com;555-2879;2026/04/22;Silver;6261;T00359;2025/05/31;552.97;553;;;;;
C0502;Olivia;Wilson;olivia.wilson502@example.com;555-2359;2026/01/10;Silver;11019;T00360;2025/02/21;195.68;196;R4;T-Shirt;2500.0;2025/05/31;2500.0
C0829;Mia;Davis;mia.davis829@example.com;555-5616;2026/05/19;Platinum;5650;T00361;2025/06/17;395.86;396;;;;;
C0362;Liam;Martinez;liam.martinez362@example.com;555-1644;2023/02/10;Bronze;9721;T00362;2025/03/31;454.14;454;R2;$10 Gift Voucher;1000.0;2025/06/05;1000.0
C0637;Sophia;Wilson;sophia.wilson637@example.com;555-6359;2025/07/11;Bronze;12310;T00363;2025/03/16;222.04;222;;;;;
C0439;Mia;Davis;mia.davis439@example.com;555-3312;2022/04/28;Silver;5955;T00364;2025/05/21;194.16;194;;;;;
C0088;Sarah;Brown;sarah.brown88@example.com;555-5158;2022/03/08;Silver;292;T00365;2025/06/08;153.0;153;;;;;
C0811;Sophia;Lee;sophia.lee811@example.com;555-1459;2025/10/09;Bronze;11761;T00366;2025/02/12;575.17;575;;;;;
C0190;Sophia;Davis;sophia.davis190@example.com;555-4066;2025/04/20;Silver;8425;T00367;2025/02/20;47.89;48;;;;;
C0623;James;Johnson;james.johnson623@example.com;555-6630;2023/02/05;Bronze;7766;T00368;2025/03/14;18.48;18;;;;;
C0889;John;Johnson;john.johnson889@example.com;555-1755;2024/10/20;Silver;7728;T00369;2025/02/26;230.3;230;;;;;
C0751;Olivia;Taylor;olivia.taylor751@example.com;555-4637;2025/03/02;Bronze;10735;T00370;2025/03/23;47.75;48;;;;;
C0889;John;Johnson;john.johnson889@example.com;555-1755;2024/10/20;Silver;7728;T00371;2025/01/08;295.97;296;;;;;
C0853;Mia;Anderson;mia.anderson853@example.com;555-1301;2025/09/10;Gold;369;T00372;2025/04/23;395.66;396;R3;Coffee Mug;1200.0;2025/02/04;1200.0
C0058;David;Martinez;david.martinez58@example.com;555-9418;2025/12/11;Bronze;4303;T00373;2025/04/09;275.0;275;;;;;
C0503;James;Taylor;james.taylor503@example.com;555-6704;2025/02/13;Bronze;8066;T00374;2025/01/23;174.41;174;R7;Wireless Earbuds;8000.0;2025/04/30;8000.0
C0799;Olivia;Smith;olivia.smith799@example.com;555-1384;2025/04/03;Platinum;3320;T00375;2025/06/28;227.23;227;;;;;
C0083;Daniel;Lee;daniel.lee83@example.com;555-9086;2024/02/21;Bronze;2335;T00376;2025/01/14;292.31;292;;;;;
C0535;James;Anderson;james.anderson535@example.com;555-1522;2024/05/09;Gold;5910;T00377;2025/03/04;337.1;337;R6;VIP Event Access;5000.0;2025/01/27;5000.0
C0487;Olivia;Thomas;olivia.thomas487@example.com;555-7887;2024/11/06;Bronze;7328;T00378;2025/02/09;209.48;209;R4;T-Shirt;2500.0;2025/01/27;2500.0
C0045;Ava;Taylor;ava.taylor45@example.com;555-8034;2025/03/28;Gold;10750;T00379;2025/04/04;463.65;464;;;;;
C0762;Lucas;Clark;lucas.clark762@example.com;555-8505;2024/01/12;Silver;3816;T00380;2025/06/14;581.78;582;;;;;
C0949;Michael;Thomas;michael.thomas949@example.com;555-5201;2026/01/15;Silver;6168;T00381;2025/05/18;354.23;354;R3;Coffee Mug;1200.0;2025/04/09;1200.0
C0753;Sophia;Taylor;sophia.taylor753@example.com;555-1364;2023/03/23;Bronze;12004;T00382;2025/05/15;356.87;357;;;;;
C0165;Noah;Brown;noah.brown165@example.com;555-4400;2025/02/19;Platinum;723;T00383;2025/01/09;550.83;551;;;;;
C0186;Olivia;Anderson;olivia.anderson186@example.com;555-9648;2025/01/13;Silver;3984;T00384;2025/05/08;438.05;438;;;;;
C0654;David;Lee;david.lee654@example.com;555-4906;2025/05/14;Bronze;1860;T00385;2025/03/17;91.87;92;;;;;
C0027;Liam;Moore;liam.moore27@example.com;555-8075;2024/09/13;Bronze;814;T00386;2025/02/25;125.37;125;R5;Free Shipping;750.0;2025/05/29;750.0
C0788;Mia;Smith;mia.smith788@example.com;555-4810;2022/09/06;Silver;5215;T00387;2025/01/22;283.11;283;R4;T-Shirt;2500.0;2025/01/13;2500.0
C0371;Emily;Brown;emily.brown371@example.com;555-3245;2022/07/14;Bronze;12209;T00388;2025/01/24;408.81;409;R1;$5 Gift Voucher;500.0;2025/02/13;500.0
C0442;John;Taylor;john.taylor442@example.com;555-8090;2022/09/11;Platinum;7001;T00389;2025/06/08;535.14;535;;;;;
C0358;Daniel;Johnson;daniel.johnson358@example.com;555-5051;2024/02/05;Bronze;8462;T00390;2025/05/09;230.4;230;;;;;
C0169;Mia;Wilson;mia.wilson169@example.com;555-2259;2024/07/03;Gold;5780;T00391;2025/06/05;161.45;161;R1;$5 Gift Voucher;500.0;2025/06/04;500.0
C0599;Sophia;Wilson;sophia.wilson599@example.com;555-2621;2023/07/24;Platinum;3698;T00392;2025/01/17;519.12;519;;;;;
C0743;Olivia;Taylor;olivia.taylor743@example.com;555-2714;2024/09/11;Gold;14703;T00393;2025/01/25;528.78;529;;;;;
C0901;Lucas;Thomas;lucas.thomas901@example.com;555-2318;2022/02/17;Silver;12877;T00394;2025/03/09;367.94;368;;;;;
C0687;Noah;Taylor;noah.taylor687@example.com;555-7157;2022/06/12;Platinum;14958;T00395;2025/04/06;233.05;233;;;;;
C0811;Sophia;Lee;sophia.lee811@example.com;555-1459;2025/10/09;Bronze;11761;T00396;2025/04/20;544.54;545;;;;;
C0571;Emma;Martinez;emma.martinez571@example.com;555-8467;2025/10/09;Bronze;7937;T00397;2025/03/12;282.85;283;R1;$5 Gift Voucher;500.0;2025/02/22;500.0
C0213;Michael;Martinez;michael.martinez213@example.com;555-4788;2023/02/17;Silver;2888;T00398;2025/03/23;341.62;342;R5;Free Shipping;750.0;2025/03/28;750.0
C0177;Sophia;Davis;sophia.davis177@example.com;555-5296;2022/11/20;Platinum;9996;T00399;2025/03/05;304.17;304;;;;;
C0375;Sophia;Anderson;sophia.anderson375@example.com;555-1381;2025/06/29;Bronze;1065;T00400;2025/04/27;64.09;64;;;;;
C0762;Lucas;Clark;lucas.clark762@example.com;555-8505;2024/01/12;Silver;3816;T00401;2025/04/17;104.63;105;;;;;
C0564;Liam;Taylor;liam.taylor564@example.com;555-2666;2022/03/09;Silver;7706;T00402;2025/06/22;88.94;89;R7;Wireless Earbuds;8000.0;2025/05/23;8000.0
C0210;Noah;Clark;noah.clark210@example.com;555-8271;2025/09/05;Silver;2286;T00403;2025/04/26;483.67;484;;;;;
C0989;David;Thomas;david.thomas989@example.com;555-6046;2022/12/05;Bronze;4820;T00404;2025/05/31;446.19;446;R1;$5 Gift Voucher;500.0;2025/04/03;500.0
C0520;Sophia;Anderson;sophia.anderson520@example.com;555-9020;2023/11/25;Gold;7766;T00405;2025/05/07;353.09;353;R2;$10 Gift Voucher;1000.0;2025/01/14;1000.0
C0653;David;Thomas;david.thomas653@example.com;555-7885;2023/10/23;Gold;7917;T00406;2025/02/01;150.54;151;R7;Wireless Earbuds;8000.0;2025/04/23;8000.0
C0852;Olivia;Johnson;olivia.johnson852@example.com;555-1688;2023/01/14;Bronze;1235;T00407;2025/05/22;587.82;588;;;;;
C0777;Mia;Brown;mia.brown777@example.com;555-2769;2022/11/21;Bronze;12290;T00408;2025/05/05;296.96;297;R3;Coffee Mug;1200.0;2025/04/15;1200.0
C0883;Lucas;Anderson;lucas.anderson883@example.com;555-7398;2024/07/05;Bronze;355;T00409;2025/03/14;209.8;210;;;;;
C0904;Sophia;Anderson;sophia.anderson904@example.com;555-2314;2023/06/21;Gold;14660;T00410;2025/05/23;17.37;17;;;;;
C0462;Lucas;Clark;lucas.clark462@example.com;555-9108;2023/12/15;Silver;7569;T00411;2025/01/18;305.44;305;;;;;
C0647;Liam;Davis;liam.davis647@example.com;555-8549;2025/07/26;Silver;14172;T00412;2025/04/09;167.35;167;;;;;
C0686;David;Davis;david.davis686@example.com;555-9927;2022/04/27;Gold;3047;T00413;2025/02/24;313.76;314;;;;;
C0687;Noah;Taylor;noah.taylor687@example.com;555-7157;2022/06/12;Platinum;14958;T00414;2025/02/03;338.32;338;;;;;
C0255;Daniel;Smith;daniel.smith255@example.com;555-8253;2022/09/25;Silver;11549;T00415;2025/05/18;91.01;91;R2;$10 Gift Voucher;1000.0;2025/05/15;1000.0
C0863;David;Martinez;david.martinez863@example.com;555-7728;2023/06/22;Platinum;10022;T00416;2025/06/30;257.37;257;;;;;
C0409;Ava;Johnson;ava.johnson409@example.com;555-8397;2025/12/15;Platinum;5007;T00417;2025/06/15;117.65;118;;;;;
C0675;Emma;Johnson;emma.johnson675@example.com;555-4655;2023/07/27;Platinum;5890;T00418;2025/02/19;548.68;549;;;;;
C0968;Daniel;Clark;daniel.clark968@example.com;555-3215;2022/08/09;Platinum;2837;T00419;2025/04/06;292.17;292;;;;;
C0443;Emily;Moore;emily.moore443@example.com;555-6337;2024/02/24;Gold;3676;T00420;2025/06/13;246.53;247;R6;VIP Event Access;5000.0;2025/01/01;5000.0
C0477;Jessica;Brown;jessica.brown477@example.com;555-2134;2025/01/08;Silver;13743;T00421;2025/03/10;330.44;330;;;;;
C0660;Daniel;Martinez;daniel.martinez660@example.com;555-2405;2023/08/03;Bronze;3836;T00422;2025/05/26;296.94;297;R7;Wireless Earbuds;8000.0;2025/04/15;8000.0
C0714;Noah;Wilson;noah.wilson714@example.com;555-6050;2024/11/18;Gold;8385;T00423;2025/05/06;453.98;454;R1;$5 Gift Voucher;500.0;2025/05/26;500.0
C0781;Ava;Anderson;ava.anderson781@example.com;555-4702;2024/12/17;Bronze;9633;T00424;2025/04/28;493.09;493;;;;;
C0110;Sophia;Lee;sophia.lee110@example.com;555-6405;2022/05/14;Silver;1573;T00425;2025/02/16;309.74;310;;;;;
C0688;Emma;Johnson;emma.johnson688@example.com;555-4773;2025/11/02;Silver;12051;T00426;2025/05/31;367.81;368;R1;$5 Gift Voucher;500.0;2025/06/18;500.0
C0646;Noah;Brown;noah.brown646@example.com;555-5095;2022/02/04;Platinum;13928;T00427;2025/05/26;243.34;243;R4;T-Shirt;2500.0;2025/02/14;2500.0
C0141;Daniel;Davis;daniel.davis141@example.com;555-3186;2022/08/07;Bronze;11315;T00428;2025/05/18;422.23;422;R1;$5 Gift Voucher;500.0;2025/01/14;500.0
C0823;Daniel;Taylor;daniel.taylor823@example.com;555-4540;2024/12/05;Silver;3065;T00429;2025/03/12;104.84;105;;;;;
C0329;Emma;Clark;emma.clark329@example.com;555-2185;2022/01/25;Silver;8526;T00430;2025/05/21;396.15;396;;;;;
C0915;Ava;Taylor;ava.taylor915@example.com;555-2118;2023/05/23;Bronze;733;T00431;2025/05/13;499.99;500;R5;Free Shipping;750.0;2025/02/11;750.0
C0782;Mia;Taylor;mia.taylor782@example.com;555-2580;2023/11/01;Platinum;11750;T00432;2025/04/13;212.49;212;;;;;
C0229;Sophia;Taylor;sophia.taylor229@example.com;555-1855;2024/01/20;Silver;1887;T00433;2025/02/26;395.61;396;;;;;
C0710;Emma;Moore;emma.moore710@example.com;555-8789;2024/07/10;Platinum;14442;T00434;2025/03/09;517.11;517;R4;T-Shirt;2500.0;2025/02/08;2500.0
C0001;Emily;Anderson;emily.anderson1@example.com;555-3325;2025/08/15;Silver;4778;T00435;2025/02/13;491.23;491;;;;;
C0489;Daniel;Taylor;daniel.taylor489@example.com;555-2337;2024/09/03;Silver;14808;T00436;2025/06/05;65.79;66;R3;Coffee Mug;1200.0;2025/05/03;1200.0
C0384;Daniel;Martinez;daniel.martinez384@example.com;555-2017;2022/02/04;Bronze;7454;T00437;2025/05/30;77.81;78;;;;;
C0817;Daniel;Johnson;daniel.johnson817@example.com;555-1634;2023/09/20;Silver;10996;T00438;2025/01/09;121.65;122;;;;;
C0711;Sophia;Lee;sophia.lee711@example.com;555-1205;2024/05/22;Silver;3;T00439;2025/05/01;382.73;383;;;;;
C0582;Ava;Wilson;ava.wilson582@example.com;555-2411;2024/01/18;Bronze;10342;T00440;2025/06/13;320.93;321;R1;$5 Gift Voucher;500.0;2025/04/21;500.0
C0953;Sarah;Taylor;sarah.taylor953@example.com;555-5979;2026/03/12;Bronze;2878;T00441;2025/04/13;397.21;397;;;;;
C0718;David;Wilson;david.wilson718@example.com;555-6816;2024/05/20;Bronze;8292;T00442;2025/02/19;590.19;590;;;;;
C0873;Sophia;Smith;sophia.smith873@example.com;555-6834;2022/05/31;Bronze;494;T00443;2025/01/19;408.57;409;;;;;
C0686;David;Davis;david.davis686@example.com;555-9927;2022/04/27;Gold;3047;T00444;2025/05/09;588.47;588;;;;;
C0562;Lucas;Johnson;lucas.johnson562@example.com;555-9752;2024/09/01;Gold;7903;T00445;2025/01/06;522.09;522;;;;;
C0798;Mia;Johnson;mia.johnson798@example.com;555-9079;2026/03/08;Bronze;75;T00446;2025/05/22;342.13;342;R3;Coffee Mug;1200.0;2025/04/23;1200.0
C0886;Olivia;Lee;olivia.lee886@example.com;555-8707;2026/01/16;Bronze;14584;T00447;2025/03/23;389.05;389;;;;;
C0748;Jessica;Smith;jessica.smith748@example.com;555-4437;2024/06/28;Bronze;207;T00448;2025/03/22;274.9;275;R1;$5 Gift Voucher;500.0;2025/03/20;500.0
C0271;James;Clark;james.clark271@example.com;555-5434;2023/09/26;Silver;14122;T00449;2025/04/20;560.76;561;;;;;
C0964;Sarah;Martinez;sarah.martinez964@example.com;555-5729;2022/01/01;Silver;5979;T00450;2025/03/22;469.16;469;R5;Free Shipping;750.0;2025/06/14;750.0
C0079;Jessica;Thomas;jessica.thomas79@example.com;555-2964;2025/04/14;Gold;8287;T00451;2025/02/15;75.12;75;R1;$5 Gift Voucher;500.0;2025/01/29;500.0
C0046;Jessica;Davis;jessica.davis46@example.com;555-7773;2024/01/24;Bronze;8322;T00452;2025/06/18;405.46;405;;;;;
C0343;Jessica;Davis;jessica.davis343@example.com;555-6889;2025/02/07;Bronze;4566;T00453;2025/04/11;229.74;230;R1;$5 Gift Voucher;500.0;2025/02/13;500.0
C0919;Mia;Anderson;mia.anderson919@example.com;555-7791;2025/04/27;Bronze;2483;T00454;2025/03/11;264.26;264;R7;Wireless Earbuds;8000.0;2025/01/29;8000.0
C0267;Jessica;Taylor;jessica.taylor267@example.com;555-7024;2026/05/07;Bronze;7435;T00455;2025/02/05;110.91;111;;;;;
C0520;Sophia;Anderson;sophia.anderson520@example.com;555-9020;2023/11/25;Gold;7766;T00456;2025/03/17;562.5;562;R5;Free Shipping;750.0;2025/02/16;750.0
C0869;Noah;Smith;noah.smith869@example.com;555-9117;2025/11/30;Silver;2977;T00457;2025/01/10;43.71;44;;;;;
C0345;Daniel;Martinez;daniel.martinez345@example.com;555-6781;2022/11/06;Bronze;1777;T00458;2025/03/09;27.25;27;R7;Wireless Earbuds;8000.0;2025/04/06;8000.0
C0578;Michael;Brown;michael.brown578@example.com;555-5476;2022/01/10;Silver;14615;T00459;2025/06/28;62.18;62;R3;Coffee Mug;1200.0;2025/01/21;1200.0
C0350;Liam;Davis;liam.davis350@example.com;555-1849;2024/03/30;Bronze;8111;T00460;2025/06/29;276.92;277;;;;;
C0061;Noah;Martinez;noah.martinez61@example.com;555-3068;2026/05/18;Bronze;7347;T00461;2025/05/04;591.92;592;;;;;
C0675;Emma;Johnson;emma.johnson675@example.com;555-4655;2023/07/27;Platinum;5890;T00462;2025/04/08;224.75;225;R2;$10 Gift Voucher;1000.0;2025/01/07;1000.0
C0819;Ava;Martinez;ava.martinez819@example.com;555-4861;2024/04/01;Bronze;7636;T00463;2025/05/09;421.98;422;;;;;
C0147;Daniel;Moore;daniel.moore147@example.com;555-9065;2024/06/20;Silver;2243;T00464;2025/04/10;516.92;517;;;;;
C0256;Olivia;Wilson;olivia.wilson256@example.com;555-8878;2025/07/31;Silver;4192;T00465;2025/01/31;33.14;33;R7;Wireless Earbuds;8000.0;2025/02/23;8000.0
C0780;Noah;Davis;noah.davis780@example.com;555-7872;2023/08/31;Silver;9987;T00466;2025/05/31;517.57;518;;;;;
C0788;Mia;Smith;mia.smith788@example.com;555-4810;2022/09/06;Silver;5215;T00467;2025/05/21;581.75;582;;;;;
C0514;Emily;Smith;emily.smith514@example.com;555-4469;2022/03/14;Gold;10343;T00468;2025/03/09;39.14;39;;;;;
C0314;Lucas;Wilson;lucas.wilson314@example.com;555-1061;2022/12/09;Gold;12217;T00469;2025/03/03;505.95;506;;;;;
C0093;Mia;Anderson;mia.anderson93@example.com;555-9456;2025/12/14;Gold;3482;T00470;2025/05/19;268.7;269;;;;;
C0022;John;Moore;john.moore22@example.com;555-7927;2022/05/15;Silver;7983;T00471;2025/02/23;84.0;84;;;;;
C0521;Sophia;Wilson;sophia.wilson521@example.com;555-4912;2025/01/16;Gold;3045;T00472;2025/02/12;308.68;309;R6;VIP Event Access;5000.0;2025/04/14;5000.0
C0191;Ava;Moore;ava.moore191@example.com;555-8744;2023/06/17;Silver;5191;T00473;2025/06/19;122.89;123;;;;;
C0442;John;Taylor;john.taylor442@example.com;555-8090;2022/09/11;Platinum;7001;T00474;2025/04/01;512.67;513;R4;T-Shirt;2500.0;2025/06/20;2500.0
C0375;Sophia;Anderson;sophia.anderson375@example.com;555-1381;2025/06/29;Bronze;1065;T00475;2025/04/03;462.09;462;;;;;
C0939;Jessica;Lee;jessica.lee939@example.com;555-7449;2022/10/27;Bronze;125;T00476;2025/03/19;134.91;135;;;;;
C0247;Sophia;Taylor;sophia.taylor247@example.com;555-4113;2024/11/15;Silver;8324;T00477;2025/03/06;331.66;332;R3;Coffee Mug;1200.0;2025/01/21;1200.0
C0371;Emily;Brown;emily.brown371@example.com;555-3245;2022/07/14;Bronze;12209;T00478;2025/01/09;501.95;502;;;;;
C0096;Michael;Brown;michael.brown96@example.com;555-6234;2024/08/19;Bronze;5613;T00479;2025/05/30;562.69;563;;;;;
C0840;Liam;Thomas;liam.thomas840@example.com;555-7270;2024/10/27;Bronze;9428;T00480;2025/06/14;68.11;68;R2;$10 Gift Voucher;1000.0;2025/05/10;1000.0
C0849;Noah;Anderson;noah.anderson849@example.com;555-9256;2025/12/10;Bronze;2530;T00481;2025/06/08;291.01;291;;;;;
C0373;John;Brown;john.brown373@example.com;555-3934;2025/01/30;Silver;11995;T00482;2025/04/27;440.37;440;;;;;
C0068;Olivia;Thomas;olivia.thomas68@example.com;555-6188;2025/09/26;Silver;11507;T00483;2025/02/17;422.52;423;;;;;
C0747;Liam;Wilson;liam.wilson747@example.com;555-8336;2025/12/11;Bronze;7896;T00484;2025/02/27;390.02;390;;;;;
C0555;Sarah;Brown;sarah.brown555@example.com;555-8406;2024/07/08;Platinum;4525;T00485;2025/05/16;68.3;68;;;;;
C0849;Noah;Anderson;noah.anderson849@example.com;555-9256;2025/12/10;Bronze;2530;T00486;2025/04/01;20.06;20;R4;T-Shirt;2500.0;2025/06/11;2500.0
C0811;Sophia;Lee;sophia.lee811@example.com;555-1459;2025/10/09;Bronze;11761;T00487;2025/04/27;130.66;131;R5;Free Shipping;750.0;2025/06/19;750.0
C0827;Jessica;Johnson;jessica.johnson827@example.com;555-4945;2023/07/29;Silver;11866;T00488;2025/01/02;521.38;521;;;;;
C0661;John;Martinez;john.martinez661@example.com;555-9871;2022/04/02;Gold;2200;T00489;2025/03/02;185.32;185;;;;;
C0872;James;Martinez;james.martinez872@example.com;555-3913;2025/05/13;Bronze;1450;T00490;2025/03/07;333.66;334;;;;;
C0151;Emily;Johnson;emily.johnson151@example.com;555-9174;2025/01/11;Silver;5283;T00491;2025/01/27;314.32;314;;;;;
C0453;Liam;Wilson;liam.wilson453@example.com;555-2790;2023/10/03;Silver;11705;T00492;2025/04/12;380.04;380;;;;;
C0711;Sophia;Lee;sophia.lee711@example.com;555-1205;2024/05/22;Silver;3;T00493;2025/06/11;261.38;261;;;;;
C0616;Noah;Martinez;noah.martinez616@example.com;555-9026;2022/09/25;Bronze;220;T00494;2025/05/02;52.67;53;;;;;
C0451;Liam;Johnson;liam.johnson451@example.com;555-7850;2024/11/23;Bronze;13714;T00495;2025/03/30;543.06;543;;;;;
C0404;David;Moore;david.moore404@example.com;555-8514;2025/09/06;Platinum;6893;T00496;2025/06/28;29.25;29;;;;;
C0307;Ava;Brown;ava.brown307@example.com;555-9343;2022/01/11;Silver;2314;T00497;2025/04/22;505.34;505;;;;;
C0435;Ava;Thomas;ava.thomas435@example.com;555-3156;2025/07/24;Bronze;9485;T00498;2025/05/28;38.0;38;;;;;
C0730;David;Anderson;david.anderson730@example.com;555-7725;2025/09/03;Gold;9672;T00499;2025/02/06;112.86;113;;;;;
C0549;Michael;Thomas;michael.thomas549@example.com;555-9714;2026/04/20;Silver;4541;T00500;2025/03/06;492.13;492;;;;;
C0424;Sophia;Thomas;sophia.thomas424@example.com;555-2950;2024/06/12;Bronze;4840;T00501;2025/03/21;204.45;204;R4;T-Shirt;2500.0;2025/02/07;2500.0
C0371;Emily;Brown;emily.brown371@example.com;555-3245;2022/07/14;Bronze;12209;T00502;2025/02/09;102.06;102;;;;;
C0823;Daniel;Taylor;daniel.taylor823@example.com;555-4540;2024/12/05;Silver;3065;T00503;2025/03/23;277.88;278;;;;;
C0929;Mia;Moore;mia.moore929@example.com;555-3757;2024/01/17;Bronze;11718;T00504;2025/02/10;44.07;44;R4;T-Shirt;2500.0;2025/05/26;2500.0
C0763;Ava;Smith;ava.smith763@example.com;555-8834;2024/11/30;Platinum;9189;T00505;2025/06/09;296.43;296;R5;Free Shipping;750.0;2025/02/08;750.0
C0801;Liam;Smith;liam.smith801@example.com;555-3831;2026/03/04;Silver;9229;T00506;2025/02/27;468.42;468;;;;;
C0905;Jessica;Martinez;jessica.martinez905@example.com;555-5670;2026/04/24;Gold;5090;T00507;2025/01/26;350.75;351;;;;;
C0926;Daniel;Moore;daniel.moore926@example.com;555-1057;2024/04/24;Bronze;9475;T00508;2025/01/26;436.13;436;R3;Coffee Mug;1200.0;2025/06/24;1200.0
C0439;Mia;Davis;mia.davis439@example.com;555-3312;2022/04/28;Silver;5955;T00509;2025/05/14;359.79;360;R2;$10 Gift Voucher;1000.0;2025/06/06;1000.0
C0119;John;Moore;john.moore119@example.com;555-1794;2022/06/17;Silver;11383;T00510;2025/03/10;590.94;591;;;;;
C0920;Daniel;Thomas;daniel.thomas920@example.com;555-7551;2024/12/17;Gold;10961;T00511;2025/05/26;337.13;337;;;;;
C0408;Jessica;Smith;jessica.smith408@example.com;555-4451;2024/02/18;Bronze;11188;T00512;2025/03/05;295.48;295;;;;;
C0268;Olivia;Lee;olivia.lee268@example.com;555-7391;2025/11/03;Gold;4480;T00513;2025/06/07;576.7;577;;;;;
C0420;Liam;Wilson;liam.wilson420@example.com;555-4494;2022/11/30;Silver;2167;T00514;2025/02/04;587.29;587;;;;;
C0568;Noah;Clark;noah.clark568@example.com;555-2515;2024/07/05;Bronze;9050;T00515;2025/01/03;520.25;520;;;;;
C0219;Daniel;Moore;daniel.moore219@example.com;555-4292;2023/12/17;Silver;14127;T00516;2025/03/07;92.2;92;;;;;
C0359;Olivia;Davis;olivia.davis359@example.com;555-5015;2023/04/20;Bronze;3686;T00517;2025/04/26;439.43;439;;;;;
C0853;Mia;Anderson;mia.anderson853@example.com;555-1301;2025/09/10;Gold;369;T00518;2025/01/24;297.58;298;;;;;
C0148;James;Brown;james.brown148@example.com;555-4177;2023/11/08;Gold;11593;T00519;2025/01/15;362.38;362;R7;Wireless Earbuds;8000.0;2025/04/11;8000.0
C0069;John;Martinez;john.martinez69@example.com;555-5920;2025/08/03;Bronze;13459;T00520;2025/04/27;29.96;30;;;;;
C0982;Liam;Thomas;liam.thomas982@example.com;555-1763;2022/07/07;Bronze;4116;T00521;2025/06/04;449.73;450;;;;;
C0817;Daniel;Johnson;daniel.johnson817@example.com;555-1634;2023/09/20;Silver;10996;T00522;2025/04/13;268.83;269;R3;Coffee Mug;1200.0;2025/04/08;1200.0
C0891;James;Moore;james.moore891@example.com;555-9645;2025/05/29;Silver;37;T00523;2025/05/20;342.02;342;R2;$10 Gift Voucher;1000.0;2025/01/08;1000.0
C0704;Lucas;Davis;lucas.davis704@example.com;555-6535;2025/01/03;Gold;12888;T00524;2025/01/06;26.41;26;;;;;
C0606;Emily;Anderson;emily.anderson606@example.com;555-5285;2026/02/04;Bronze;9988;T00525;2025/01/08;477.72;478;;;;;
C0899;Sarah;Martinez;sarah.martinez899@example.com;555-4192;2022/11/10;Silver;13742;T00526;2025/04/25;15.63;16;;;;;
C0198;Daniel;Davis;daniel.davis198@example.com;555-9222;2025/09/04;Gold;3543;T00527;2025/03/14;119.24;119;;;;;
C0432;Jessica;Wilson;jessica.wilson432@example.com;555-9498;2026/01/08;Bronze;4702;T00528;2025/06/02;110.43;110;R5;Free Shipping;750.0;2025/04/20;750.0
C0208;Olivia;Martinez;olivia.martinez208@example.com;555-2430;2025/01/07;Silver;11225;T00529;2025/04/26;287.62;288;R3;Coffee Mug;1200.0;2025/03/05;1200.0
C0458;Sarah;Martinez;sarah.martinez458@example.com;555-4794;2025/07/22;Silver;14180;T00530;2025/05/10;71.5;72;R3;Coffee Mug;1200.0;2025/05/07;1200.0
C0304;Lucas;Johnson;lucas.johnson304@example.com;555-9341;2026/04/16;Silver;11246;T00531;2025/01/14;561.2;561;;;;;
C0084;Olivia;Wilson;olivia.wilson84@example.com;555-8437;2025/09/09;Bronze;6702;T00532;2025/04/08;201.36;201;;;;;
C0734;Olivia;Thomas;olivia.thomas734@example.com;555-3989;2024/11/19;Gold;2353;T00533;2025/04/04;199.01;199;R1;$5 Gift Voucher;500.0;2025/05/16;500.0
C0699;Emily;Brown;emily.brown699@example.com;555-4794;2022/10/06;Bronze;7821;T00534;2025/04/30;72.69;73;;;;;
C0714;Noah;Wilson;noah.wilson714@example.com;555-6050;2024/11/18;Gold;8385;T00535;2025/01/20;366.05;366;;;;;
C0570;Olivia;Anderson;olivia.anderson570@example.com;555-6338;2022/01/03;Bronze;13595;T00536;2025/05/06;368.43;368;;;;;
C0534;James;Taylor;james.taylor534@example.com;555-5043;2022/07/01;Bronze;3618;T00537;2025/03/03;504.52;505;;;;;
C0059;Sarah;Anderson;sarah.anderson59@example.com;555-2381;2025/08/30;Platinum;6223;T00538;2025/01/24;162.13;162;;;;;
C0884;Jessica;Johnson;jessica.johnson884@example.com;555-3331;2024/04/11;Bronze;2053;T00539;2025/05/31;543.59;544;;;;;
C0984;Daniel;Smith;daniel.smith984@example.com;555-1719;2026/04/08;Gold;5421;T00540;2025/03/08;282.14;282;R3;Coffee Mug;1200.0;2025/06/06;1200.0
C0660;Daniel;Martinez;daniel.martinez660@example.com;555-2405;2023/08/03;Bronze;3836;T00541;2025/02/25;87.86;88;;;;;
C0204;Michael;Smith;michael.smith204@example.com;555-8869;2022/05/14;Platinum;12362;T00542;2025/05/29;310.63;311;R2;$10 Gift Voucher;1000.0;2025/01/19;1000.0
C0267;Jessica;Taylor;jessica.taylor267@example.com;555-7024;2026/05/07;Bronze;7435;T00543;2025/05/26;295.43;295;R5;Free Shipping;750.0;2025/01/16;750.0
C0394;Olivia;Lee;olivia.lee394@example.com;555-5244;2022/03/24;Gold;13622;T00544;2025/02/06;64.97;65;;;;;
C0925;Lucas;Thomas;lucas.thomas925@example.com;555-6182;2024/07/14;Platinum;13694;T00545;2025/05/04;396.82;397;;;;;
C0143;Liam;Johnson;liam.johnson143@example.com;555-1923;2022/09/01;Bronze;8742;T00546;2025/06/09;561.68;562;;;;;
C0060;Noah;Anderson;noah.anderson60@example.com;555-6680;2024/12/19;Silver;10253;T00547;2025/05/27;348.03;348;R1;$5 Gift Voucher;500.0;2025/01/13;500.0
C0083;Daniel;Lee;daniel.lee83@example.com;555-9086;2024/02/21;Bronze;2335;T00548;2025/03/02;553.69;554;;;;;
C0837;James;Moore;james.moore837@example.com;555-5611;2025/06/25;Silver;1104;T00549;2025/06/26;550.17;550;R3;Coffee Mug;1200.0;2025/04/22;1200.0
C0038;James;Anderson;james.anderson38@example.com;555-6046;2025/01/14;Silver;2119;T00550;2025/04/19;171.87;172;;;;;
C0466;Sophia;Martinez;sophia.martinez466@example.com;555-6091;2023/10/07;Bronze;8552;T00551;2025/02/05;196.6;197;;;;;
C0163;Noah;Wilson;noah.wilson163@example.com;555-1627;2022/10/24;Bronze;6367;T00552;2025/04/19;581.12;581;;;;;
C0413;Noah;Davis;noah.davis413@example.com;555-9590;2024/11/19;Gold;3802;T00553;2025/06/23;331.38;331;;;;;
C0013;Emma;Thomas;emma.thomas13@example.com;555-3834;2025/05/02;Bronze;689;T00554;2025/02/25;468.41;468;R4;T-Shirt;2500.0;2025/06/04;2500.0
C0251;Sarah;Anderson;sarah.anderson251@example.com;555-7886;2025/01/09;Silver;14475;T00555;2025/04/02;66.46;66;;;;;
C0361;Lucas;Wilson;lucas.wilson361@example.com;555-9792;2022/06/07;Gold;7607;T00556;2025/06/28;543.69;544;;;;;
C0313;David;Thomas;david.thomas313@example.com;555-1083;2024/08/27;Gold;1740;T00557;2025/06/01;238.31;238;R7;Wireless Earbuds;8000.0;2025/06/01;8000.0
C0318;Ava;Martinez;ava.martinez318@example.com;555-8539;2026/03/19;Gold;9302;T00558;2025/06/10;279.1;279;;;;;
C0221;Jessica;Lee;jessica.lee221@example.com;555-5797;2022/01/18;Bronze;11680;T00559;2025/04/10;74.99;75;R1;$5 Gift Voucher;500.0;2025/01/14;500.0
C0095;Liam;Smith;liam.smith95@example.com;555-4461;2023/10/18;Platinum;12430;T00560;2025/06/23;346.68;347;R6;VIP Event Access;5000.0;2025/02/25;5000.0
C0595;Sarah;Martinez;sarah.martinez595@example.com;555-6805;2023/02/16;Bronze;14928;T00561;2025/05/27;100.43;100;R3;Coffee Mug;1200.0;2025/04/02;1200.0
C0786;Emma;Smith;emma.smith786@example.com;555-7991;2025/12/24;Bronze;484;T00562;2025/03/08;473.73;474;;;;;
C0375;Sophia;Anderson;sophia.anderson375@example.com;555-1381;2025/06/29;Bronze;1065;T00563;2025/03/24;301.52;302;;;;;
C0947;Emma;Moore;emma.moore947@example.com;555-6416;2025/10/03;Silver;10308;T00564;2025/04/16;282.99;283;;;;;
C0453;Liam;Wilson;liam.wilson453@example.com;555-2790;2023/10/03;Silver;11705;T00565;2025/06/05;497.99;498;;;;;
C0903;Sarah;Taylor;sarah.taylor903@example.com;555-5851;2026/01/09;Platinum;6554;T00566;2025/06/12;119.94;120;R1;$5 Gift Voucher;500.0;2025/02/26;500.0
C0193;Jessica;Wilson;jessica.wilson193@example.com;555-6542;2023/06/29;Bronze;13281;T00567;2025/01/14;312.88;313;;;;;
C0154;Michael;Davis;michael.davis154@example.com;555-3047;2022/10/04;Bronze;7065;T00568;2025/05/07;459.36;459;R4;T-Shirt;2500.0;2025/03/01;2500.0
C0206;David;Johnson;david.johnson206@example.com;555-6518;2023/04/04;Gold;10292;T00569;2025/03/14;75.3;75;;;;;
C0989;David;Thomas;david.thomas989@example.com;555-6046;2022/12/05;Bronze;4820;T00570;2025/06/08;318.0;318;;;;;
C0122;Emily;Wilson;emily.wilson122@example.com;555-1759;2025/01/23;Gold;12468;T00571;2025/01/09;150.05;150;R2;$10 Gift Voucher;1000.0;2025/02/12;1000.0
C0007;Noah;Moore;noah.moore7@example.com;555-3869;2025/11/22;Silver;10979;T00572;2025/04/19;135.11;135;;;;;
C0448;Olivia;Martinez;olivia.martinez448@example.com;555-1802;2024/11/06;Platinum;14517;T00573;2025/02/05;160.09;160;;;;;
C0159;Emma;Johnson;emma.johnson159@example.com;555-4489;2025/08/15;Bronze;11219;T00574;2025/02/23;364.4;364;R4;T-Shirt;2500.0;2025/05/10;2500.0
C0575;Emma;Davis;emma.davis575@example.com;555-5694;2022/05/31;Bronze;1610;T00575;2025/06/10;549.41;549;;;;;
C0184;Jessica;Davis;jessica.davis184@example.com;555-9559;2025/09/13;Platinum;2364;T00576;2025/06/30;527.04;527;;;;;
C0234;Sarah;Martinez;sarah.martinez234@example.com;555-9451;2025/04/10;Silver;4178;T00577;2025/04/28;222.52;223;;;;;
C0832;Ava;Johnson;ava.johnson832@example.com;555-7212;2023/02/15;Bronze;14905;T00578;2025/06/22;515.61;516;R5;Free Shipping;750.0;2025/06/15;750.0
C0563;Emma;Thomas;emma.thomas563@example.com;555-3683;2024/03/28;Silver;4761;T00579;2025/01/29;183.13;183;;;;;
C0114;Noah;Brown;noah.brown114@example.com;555-3437;2026/03/17;Bronze;3077;T00580;2025/02/24;207.19;207;;;;;
C0279;Daniel;Anderson;daniel.anderson279@example.com;555-9164;2023/05/08;Gold;2228;T00581;2025/06/30;120.43;120;;;;;
C0593;Sophia;Smith;sophia.smith593@example.com;555-9644;2022/11/12;Silver;4725;T00582;2025/04/09;105.05;105;;;;;
C0717;James;Davis;james.davis717@example.com;555-3243;2024/10/16;Bronze;9749;T00583;2025/03/22;142.24;142;R7;Wireless Earbuds;8000.0;2025/01/09;8000.0
C0234;Sarah;Martinez;sarah.martinez234@example.com;555-9451;2025/04/10;Silver;4178;T00584;2025/03/23;256.86;257;;;;;
C0901;Lucas;Thomas;lucas.thomas901@example.com;555-2318;2022/02/17;Silver;12877;T00585;2025/06/29;547.03;547;R4;T-Shirt;2500.0;2025/02/14;2500.0
C0035;Sophia;Davis;sophia.davis35@example.com;555-8322;2025/06/15;Silver;7582;T00586;2025/06/29;324.33;324;R5;Free Shipping;750.0;2025/02/08;750.0
C0711;Sophia;Lee;sophia.lee711@example.com;555-1205;2024/05/22;Silver;3;T00587;2025/04/09;202.21;202;;;;;
C0591;Daniel;Lee;daniel.lee591@example.com;555-4572;2022/09/14;Silver;10116;T00588;2025/03/10;230.25;230;;;;;
C0924;Ava;Taylor;ava.taylor924@example.com;555-1288;2023/07/28;Gold;9937;T00589;2025/05/16;80.62;81;R7;Wireless Earbuds;8000.0;2025/02/27;8000.0
C0598;Jessica;Brown;jessica.brown598@example.com;555-4893;2024/11/23;Bronze;6875;T00590;2025/06/01;544.82;545;;;;;
C0766;David;Davis;david.davis766@example.com;555-5652;2024/03/01;Bronze;11394;T00591;2025/04/10;557.75;558;;;;;
C0108;Liam;Johnson;liam.johnson108@example.com;555-7219;2022/06/04;Gold;11820;T00592;2025/03/16;513.09;513;;;;;
C0447;Michael;Clark;michael.clark447@example.com;555-1938;2023/06/01;Bronze;4738;T00593;2025/01/31;250.99;251;R3;Coffee Mug;1200.0;2025/02/20;1200.0
C0063;Olivia;Martinez;olivia.martinez63@example.com;555-6329;2024/03/24;Silver;5878;T00594;2025/01/17;74.92;75;;;;;
C0360;Ava;Clark;ava.clark360@example.com;555-8959;2022/11/10;Bronze;9865;T00595;2025/05/14;580.56;581;;;;;
C0748;Jessica;Smith;jessica.smith748@example.com;555-4437;2024/06/28;Bronze;207;T00596;2025/05/15;265.12;265;R7;Wireless Earbuds;8000.0;2025/06/16;8000.0
C0913;Sophia;Martinez;sophia.martinez913@example.com;555-3792;2023/04/25;Silver;12686;T00597;2025/04/22;100.89;101;;;;;
C0021;John;Smith;john.smith21@example.com;555-2801;2022/09/22;Gold;5883;T00598;2025/04/18;428.32;428;;;;;
C0092;David;Thomas;david.thomas92@example.com;555-6435;2023/10/10;Bronze;8468;T00599;2025/02/25;29.26;29;;;;;
C0187;Daniel;Moore;daniel.moore187@example.com;555-7469;2022/04/07;Silver;12202;T00600;2025/04/10;26.28;26;;;;;
C0919;Mia;Anderson;mia.anderson919@example.com;555-7791;2025/04/27;Bronze;2483;T00601;2025/01/29;106.94;107;R7;Wireless Earbuds;8000.0;2025/01/24;8000.0
C0920;Daniel;Thomas;daniel.thomas920@example.com;555-7551;2024/12/17;Gold;10961;T00602;2025/06/22;174.13;174;;;;;
C0471;Noah;Johnson;noah.johnson471@example.com;555-4987;2024/10/22;Platinum;8173;T00603;2025/05/19;432.62;433;R1;$5 Gift Voucher;500.0;2025/01/20;500.0
C0750;Noah;Davis;noah.davis750@example.com;555-4671;2023/04/03;Bronze;11493;T00604;2025/01/24;226.53;227;;;;;
C0324;Michael;Taylor;michael.taylor324@example.com;555-4074;2025/09/14;Gold;8873;T00605;2025/04/28;19.63;20;R3;Coffee Mug;1200.0;2025/06/28;1200.0
C0592;Liam;Wilson;liam.wilson592@example.com;555-3978;2024/01/15;Silver;585;T00606;2025/01/25;254.12;254;;;;;
C0506;Liam;Wilson;liam.wilson506@example.com;555-9007;2022/07/07;Bronze;13105;T00607;2025/04/26;417.64;418;R3;Coffee Mug;1200.0;2025/02/27;1200.0
C0941;Lucas;Lee;lucas.lee941@example.com;555-4333;2025/12/31;Bronze;2825;T00608;2025/06/04;254.68;255;R1;$5 Gift Voucher;500.0;2025/03/20;500.0
C0153;Daniel;Clark;daniel.clark153@example.com;555-2822;2025/01/18;Bronze;8986;T00609;2025/05/19;37.36;37;R2;$10 Gift Voucher;1000.0;2025/06/21;1000.0
C0452;Lucas;Johnson;lucas.johnson452@example.com;555-1920;2023/11/06;Bronze;6794;T00610;2025/03/01;528.28;528;R6;VIP Event Access;5000.0;2025/05/16;5000.0
C0476;Mia;Clark;mia.clark476@example.com;555-2989;2024/12/15;Bronze;4680;T00611;2025/02/19;523.91;524;R4;T-Shirt;2500.0;2025/03/30;2500.0
C0350;Liam;Davis;liam.davis350@example.com;555-1849;2024/03/30;Bronze;8111;T00612;2025/06/09;373.86;374;R3;Coffee Mug;1200.0;2025/02/23;1200.0
C0931;Ava;Johnson;ava.johnson931@example.com;555-2134;2024/02/04;Silver;9484;T00613;2025/06/12;48.14;48;;;;;
C0428;Lucas;Moore;lucas.moore428@example.com;555-4336;2023/03/09;Bronze;5126;T00614;2025/03/13;445.6;446;;;;;
C0592;Liam;Wilson;liam.wilson592@example.com;555-3978;2024/01/15;Silver;585;T00615;2025/03/22;544.09;544;;;;;
C0486;James;Davis;james.davis486@example.com;555-3002;2022/10/01;Gold;9254;T00616;2025/03/04;430.66;431;;;;;
C0669;Lucas;Taylor;lucas.taylor669@example.com;555-7487;2022/07/15;Gold;5200;T00617;2025/04/23;87.22;87;;;;;
C0876;Sarah;Brown;sarah.brown876@example.com;555-2296;2023/12/23;Bronze;10335;T00618;2025/04/24;205.66;206;R6;VIP Event Access;5000.0;2025/03/20;5000.0
C0500;John;Clark;john.clark500@example.com;555-2513;2025/12/05;Gold;11625;T00619;2025/03/22;238.8;239;;;;;
C0747;Liam;Wilson;liam.wilson747@example.com;555-8336;2025/12/11;Bronze;7896;T00620;2025/01/23;28.62;29;;;;;
C0474;Mia;Lee;mia.lee474@example.com;555-6939;2025/11/30;Bronze;11476;T00621;2025/04/19;26.3;26;;;;;
C0430;Lucas;Johnson;lucas.johnson430@example.com;555-9173;2022/01/12;Gold;3929;T00622;2025/04/13;68.89;69;;;;;
C0759;David;Smith;david.smith759@example.com;555-7442;2024/03/18;Gold;13745;T00623;2025/03/04;182.22;182;;;;;
C0094;David;Davis;david.davis94@example.com;555-2750;2026/01/17;Bronze;9479;T00624;2025/06/21;414.31;414;R5;Free Shipping;750.0;2025/04/13;750.0
C0522;Jessica;Moore;jessica.moore522@example.com;555-9622;2025/03/21;Gold;5634;T00625;2025/03/12;170.21;170;;;;;
C0391;Liam;Brown;liam.brown391@example.com;555-8092;2023/05/31;Silver;13065;T00626;2025/05/20;406.94;407;;;;;
C0800;David;Anderson;david.anderson800@example.com;555-5620;2023/04/27;Bronze;1869;T00627;2025/04/10;434.9;435;;;;;
C0292;Daniel;Anderson;daniel.anderson292@example.com;555-4461;2025/08/28;Gold;7789;T00628;2025/06/13;142.98;143;;;;;
C0486;James;Davis;james.davis486@example.com;555-3002;2022/10/01;Gold;9254;T00629;2025/05/13;140.19;140;R4;T-Shirt;2500.0;2025/01/10;2500.0
C0615;Emma;Clark;emma.clark615@example.com;555-9635;2024/07/05;Platinum;5530;T00630;2025/02/27;305.99;306;R5;Free Shipping;750.0;2025/02/25;750.0
C0113;Michael;Moore;michael.moore113@example.com;555-5808;2022/12/26;Gold;12406;T00631;2025/03/16;18.93;19;;;;;
C0410;Mia;Moore;mia.moore410@example.com;555-8873;2025/12/22;Silver;6059;T00632;2025/04/20;28.19;28;;;;;
C0581;Michael;Martinez;michael.martinez581@example.com;555-1424;2022/10/07;Silver;7516;T00633;2025/01/31;535.44;535;R4;T-Shirt;2500.0;2025/02/01;2500.0
C0137;James;Anderson;james.anderson137@example.com;555-5048;2026/02/16;Bronze;13265;T00634;2025/06/28;430.26;430;;;;;
C0207;Ava;Lee;ava.lee207@example.com;555-7921;2024/09/25;Platinum;13023;T00635;2025/05/16;53.42;53;;;;;
C0866;Mia;Clark;mia.clark866@example.com;555-8768;2023/04/08;Gold;5004;T00636;2025/03/21;586.95;587;;;;;
C0981;James;Martinez;james.martinez981@example.com;555-2889;2022/12/15;Platinum;7673;T00637;2025/02/13;595.72;596;;;;;
C0202;Daniel;Lee;daniel.lee202@example.com;555-7977;2024/02/23;Bronze;1038;T00638;2025/03/04;481.53;482;;;;;
C0444;Michael;Johnson;michael.johnson444@example.com;555-4451;2022/01/02;Gold;701;T00639;2025/04/21;303.55;304;R4;T-Shirt;2500.0;2025/06/28;2500.0
C0947;Emma;Moore;emma.moore947@example.com;555-6416;2025/10/03;Silver;10308;T00640;2025/01/22;522.66;523;;;;;
C0126;Daniel;Davis;daniel.davis126@example.com;555-9123;2022/08/17;Bronze;11766;T00641;2025/05/03;398.38;398;;;;;
C0110;Sophia;Lee;sophia.lee110@example.com;555-6405;2022/05/14;Silver;1573;T00642;2025/02/24;461.06;461;R4;T-Shirt;2500.0;2025/04/12;2500.0
C0075;John;Smith;john.smith75@example.com;555-5502;2024/12/12;Bronze;3207;T00643;2025/05/07;165.59;166;R1;$5 Gift Voucher;500.0;2025/04/04;500.0
C0637;Sophia;Wilson;sophia.wilson637@example.com;555-6359;2025/07/11;Bronze;12310;T00644;2025/01/22;290.58;291;R3;Coffee Mug;1200.0;2025/05/17;1200.0
C0906;Noah;Thomas;noah.thomas906@example.com;555-8386;2022/07/05;Gold;10106;T00645;2025/03/08;207.37;207;R5;Free Shipping;750.0;2025/03/03;750.0
C0845;Olivia;Taylor;olivia.taylor845@example.com;555-5590;2022/02/11;Bronze;12630;T00646;2025/01/02;358.8;359;;;;;
C0708;Michael;Taylor;michael.taylor708@example.com;555-1118;2022/02/17;Gold;11946;T00647;2025/03/25;559.82;560;;;;;
C0087;Mia;Davis;mia.davis87@example.com;555-6901;2026/05/16;Bronze;4261;T00648;2025/04/05;509.32;509;R4;T-Shirt;2500.0;2025/02/28;2500.0
C0275;Lucas;Brown;lucas.brown275@example.com;555-9057;2025/08/27;Silver;5840;T00649;2025/02/13;47.82;48;;;;;
C0855;Noah;Davis;noah.davis855@example.com;555-3257;2024/02/01;Bronze;11645;T00650;2025/04/17;360.12;360;R4;T-Shirt;2500.0;2025/05/25;2500.0
C0432;Jessica;Wilson;jessica.wilson432@example.com;555-9498;2026/01/08;Bronze;4702;T00651;2025/01/01;107.66;108;;;;;
C0443;Emily;Moore;emily.moore443@example.com;555-6337;2024/02/24;Gold;3676;T00652;2025/02/04;341.6;342;;;;;
C0622;Mia;Johnson;mia.johnson622@example.com;555-2431;2024/11/15;Bronze;8442;T00653;2025/06/20;575.71;576;;;;;
C0106;Lucas;Smith;lucas.smith106@example.com;555-4852;2022/01/21;Gold;2196;T00654;2025/01/20;352.7;353;R3;Coffee Mug;1200.0;2025/05/28;1200.0
C0704;Lucas;Davis;lucas.davis704@example.com;555-6535;2025/01/03;Gold;12888;T00655;2025/05/18;111.69;112;;;;;
C0963;Daniel;Smith;daniel.smith963@example.com;555-9128;2023/04/05;Bronze;13075;T00656;2025/01/22;12.79;13;;;;;
C0304;Lucas;Johnson;lucas.johnson304@example.com;555-9341;2026/04/16;Silver;11246;T00657;2025/03/25;151.63;152;;;;;
C0253;Olivia;Johnson;olivia.johnson253@example.com;555-7498;2025/11/22;Platinum;11009;T00658;2025/05/30;10.11;10;R7;Wireless Earbuds;8000.0;2025/06/01;8000.0
C0445;Noah;Clark;noah.clark445@example.com;555-3763;2025/11/04;Silver;456;T00659;2025/06/21;170.07;170;;;;;
C0173;Sophia;Taylor;sophia.taylor173@example.com;555-1784;2026/02/14;Bronze;1302;T00660;2025/03/21;123.95;124;;;;;
C0674;Emily;Martinez;emily.martinez674@example.com;555-2471;2023/12/03;Bronze;134;T00661;2025/01/12;393.17;393;R4;T-Shirt;2500.0;2025/02/07;2500.0
C0182;Liam;Taylor;liam.taylor182@example.com;555-3020;2025/07/31;Silver;7530;T00662;2025/02/21;494.06;494;;;;;
C0748;Jessica;Smith;jessica.smith748@example.com;555-4437;2024/06/28;Bronze;207;T00663;2025/04/18;199.6;200;;;;;
C0848;John;Wilson;john.wilson848@example.com;555-2114;2025/03/02;Bronze;12317;T00664;2025/06/19;582.27;582;;;;;
C0332;Emily;Smith;emily.smith332@example.com;555-2011;2022/08/24;Silver;4008;T00665;2025/02/09;234.47;234;R7;Wireless Earbuds;8000.0;2025/06/29;8000.0
C0534;James;Taylor;james.taylor534@example.com;555-5043;2022/07/01;Bronze;3618;T00666;2025/03/08;474.21;474;;;;;
C0653;David;Thomas;david.thomas653@example.com;555-7885;2023/10/23;Gold;7917;T00667;2025/04/23;129.52;130;;;;;
C0003;Ava;Thomas;ava.thomas3@example.com;555-9031;2024/07/08;Bronze;10022;T00668;2025/01/20;40.87;41;R1;$5 Gift Voucher;500.0;2025/05/27;500.0
C0423;Olivia;Lee;olivia.lee423@example.com;555-4339;2025/11/15;Bronze;12401;T00669;2025/06/08;441.45;441;;;;;
C0355;John;Lee;john.lee355@example.com;555-2161;2022/12/08;Bronze;12475;T00670;2025/06/08;86.57;87;;;;;
C0188;Sarah;Anderson;sarah.anderson188@example.com;555-1117;2025/11/19;Gold;3764;T00671;2025/02/28;502.14;502;;;;;
C0104;Sophia;Wilson;sophia.wilson104@example.com;555-3602;2023/03/14;Silver;11762;T00672;2025/02/27;396.26;396;;;;;
C0510;Mia;Davis;mia.davis510@example.com;555-8062;2025/04/06;Gold;2196;T00673;2025/02/23;60.84;61;;;;;
C0853;Mia;Anderson;mia.anderson853@example.com;555-1301;2025/09/10;Gold;369;T00674;2025/02/06;180.61;181;R2;$10 Gift Voucher;1000.0;2025/04/11;1000.0
C0808;Lucas;Martinez;lucas.martinez808@example.com;555-9143;2024/04/09;Gold;9869;T00675;2025/01/24;567.7;568;;;;;
C0988;James;Martinez;james.martinez988@example.com;555-3944;2023/09/24;Bronze;1097;T00676;2025/06/27;19.49;19;;;;;
C0639;Jessica;Clark;jessica.clark639@example.com;555-6183;2025/09/09;Bronze;676;T00677;2025/06/21;73.73;74;;;;;
C0034;David;Thomas;david.thomas34@example.com;555-2384;2024/11/05;Gold;9718;T00678;2025/02/21;38.55;39;;;;;
C0428;Lucas;Moore;lucas.moore428@example.com;555-4336;2023/03/09;Bronze;5126;T00679;2025/03/01;26.08;26;;;;;
C0188;Sarah;Anderson;sarah.anderson188@example.com;555-1117;2025/11/19;Gold;3764;T00680;2025/05/12;130.45;130;;;;;
C0821;Olivia;Moore;olivia.moore821@example.com;555-7934;2022/04/21;Bronze;109;T00681;2025/03/06;307.7;308;;;;;
C0004;Sarah;Brown;sarah.brown4@example.com;555-3153;2022/10/05;Silver;10293;T00682;2025/03/28;513.92;514;;;;;
C0720;Daniel;Martinez;daniel.martinez720@example.com;555-2127;2022/11/27;Gold;5778;T00683;2025/01/01;266.67;267;;;;;
C0167;Sophia;Thomas;sophia.thomas167@example.com;555-5062;2023/11/23;Bronze;11360;T00684;2025/05/22;41.26;41;;;;;
C0025;Emily;Wilson;emily.wilson25@example.com;555-2572;2025/02/04;Silver;4036;T00685;2025/02/14;50.11;50;R7;Wireless Earbuds;8000.0;2025/02/02;8000.0
C0890;Jessica;Martinez;jessica.martinez890@example.com;555-3922;2023/12/24;Gold;8494;T00686;2025/04/06;275.06;275;;;;;
C0166;Daniel;Clark;daniel.clark166@example.com;555-2001;2023/11/15;Silver;6995;T00687;2025/06/14;148.37;148;;;;;
C0267;Jessica;Taylor;jessica.taylor267@example.com;555-7024;2026/05/07;Bronze;7435;T00688;2025/06/27;117.7;118;R2;$10 Gift Voucher;1000.0;2025/01/01;1000.0
C0625;Mia;Brown;mia.brown625@example.com;555-4979;2025/11/17;Silver;5810;T00689;2025/02/25;474.68;475;;;;;
C0736;Michael;Taylor;michael.taylor736@example.com;555-1524;2023/10/12;Platinum;13224;T00690;2025/03/28;189.36;189;;;;;
C0033;Ava;Brown;ava.brown33@example.com;555-8008;2022/07/05;Gold;5147;T00691;2025/06/29;593.64;594;;;;;
C0115;Mia;Lee;mia.lee115@example.com;555-6568;2025/11/22;Silver;3904;T00692;2025/05/05;323.8;324;;;;;
C0686;David;Davis;david.davis686@example.com;555-9927;2022/04/27;Gold;3047;T00693;2025/04/23;88.34;88;;;;;
C0532;Jessica;Wilson;jessica.wilson532@example.com;555-8230;2025/04/17;Bronze;14508;T00694;2025/03/11;224.44;224;R7;Wireless Earbuds;8000.0;2025/06/02;8000.0
C0486;James;Davis;james.davis486@example.com;555-3002;2022/10/01;Gold;9254;T00695;2025/06/04;418.06;418;;;;;
C0151;Emily;Johnson;emily.johnson151@example.com;555-9174;2025/01/11;Silver;5283;T00696;2025/03/28;545.13;545;;;;;
C0411;Ava;Lee;ava.lee411@example.com;555-7020;2024/07/05;Bronze;14618;T00697;2025/02/22;46.78;47;;;;;
C0191;Ava;Moore;ava.moore191@example.com;555-8744;2023/06/17;Silver;5191;T00698;2025/01/05;173.52;174;;;;;
C0014;Michael;Moore;michael.moore14@example.com;555-7118;2023/01/15;Silver;4212;T00699;2025/01/18;81.66;82;;;;;
C0826;Emily;Lee;emily.lee826@example.com;555-9850;2022/03/10;Bronze;2013;T00700;2025/01/26;142.43;142;;;;;
C0382;James;Thomas;james.thomas382@example.com;555-5747;2023/08/18;Bronze;950;T00701;2025/03/11;590.73;591;;;;;
C0628;Olivia;Johnson;olivia.johnson628@example.com;555-3338;2022/04/16;Platinum;8089;T00702;2025/06/07;529.35;529;;;;;
C0128;Daniel;Davis;daniel.davis128@example.com;555-6829;2023/06/05;Platinum;13523;T00703;2025/05/15;489.98;490;;;;;
C0456;James;Wilson;james.wilson456@example.com;555-6368;2022/02/09;Silver;1187;T00704;2025/05/02;420.2;420;;;;;
C0281;Daniel;Smith;daniel.smith281@example.com;555-2052;2025/01/20;Platinum;3992;T00705;2025/02/04;497.74;498;;;;;
C0819;Ava;Martinez;ava.martinez819@example.com;555-4861;2024/04/01;Bronze;7636;T00706;2025/05/23;459.88;460;;;;;
C0193;Jessica;Wilson;jessica.wilson193@example.com;555-6542;2023/06/29;Bronze;13281;T00707;2025/03/01;77.29;77;;;;;
C0750;Noah;Davis;noah.davis750@example.com;555-4671;2023/04/03;Bronze;11493;T00708;2025/05/03;42.52;43;;;;;
C0483;John;Anderson;john.anderson483@example.com;555-4937;2026/03/02;Silver;11347;T00709;2025/01/12;561.24;561;;;;;
C0065;Michael;Wilson;michael.wilson65@example.com;555-7854;2023/01/23;Silver;4839;T00710;2025/06/08;205.65;206;R7;Wireless Earbuds;8000.0;2025/05/26;8000.0
C0465;Michael;Anderson;michael.anderson465@example.com;555-8917;2022/11/13;Silver;5311;T00711;2025/02/28;171.67;172;;;;;
C0530;Sophia;Lee;sophia.lee530@example.com;555-8054;2025/08/16;Silver;5519;T00712;2025/03/11;167.83;168;;;;;
C0742;Mia;Davis;mia.davis742@example.com;555-2218;2023/05/02;Silver;3625;T00713;2025/06/15;224.12;224;;;;;
C0435;Ava;Thomas;ava.thomas435@example.com;555-3156;2025/07/24;Bronze;9485;T00714;2025/05/13;93.44;93;;;;;
C0817;Daniel;Johnson;daniel.johnson817@example.com;555-1634;2023/09/20;Silver;10996;T00715;2025/04/24;6.12;6;;;;;
C0178;John;Taylor;john.taylor178@example.com;555-8291;2025/06/04;Silver;12388;T00716;2025/05/31;176.62;177;;;;;
C0808;Lucas;Martinez;lucas.martinez808@example.com;555-9143;2024/04/09;Gold;9869;T00717;2025/02/18;546.44;546;R6;VIP Event Access;5000.0;2025/01/01;5000.0
C0910;Jessica;Thomas;jessica.thomas910@example.com;555-5660;2022/12/26;Silver;11354;T00718;2025/01/06;367.23;367;;;;;
C0404;David;Moore;david.moore404@example.com;555-8514;2025/09/06;Platinum;6893;T00719;2025/04/17;437.95;438;;;;;
C0061;Noah;Martinez;noah.martinez61@example.com;555-3068;2026/05/18;Bronze;7347;T00720;2025/03/09;253.41;253;;;;;
C0914;Michael;Thomas;michael.thomas914@example.com;555-1029;2022/10/07;Platinum;9903;T00721;2025/03/23;225.41;225;;;;;
C0229;Sophia;Taylor;sophia.taylor229@example.com;555-1855;2024/01/20;Silver;1887;T00722;2025/01/30;520.8;521;;;;;
C0071;Noah;Clark;noah.clark71@example.com;555-5685;2026/05/16;Bronze;5876;T00723;2025/02/07;320.15;320;;;;;
C0608;Mia;Taylor;mia.taylor608@example.com;555-3172;2025/07/02;Silver;8505;T00724;2025/05/20;351.75;352;R3;Coffee Mug;1200.0;2025/03/19;1200.0
C0510;Mia;Davis;mia.davis510@example.com;555-8062;2025/04/06;Gold;2196;T00725;2025/04/08;418.23;418;;;;;
C0260;Emma;Lee;emma.lee260@example.com;555-8966;2025/04/03;Silver;2907;T00726;2025/02/15;207.15;207;R1;$5 Gift Voucher;500.0;2025/06/24;500.0
C0382;James;Thomas;james.thomas382@example.com;555-5747;2023/08/18;Bronze;950;T00727;2025/05/29;149.18;149;;;;;
C0838;Emma;Taylor;emma.taylor838@example.com;555-6380;2023/01/23;Platinum;9755;T00728;2025/04/29;140.48;140;;;;;
C0693;Sarah;Lee;sarah.lee693@example.com;555-6974;2022/11/16;Bronze;3876;T00729;2025/03/24;116.48;116;;;;;
C0595;Sarah;Martinez;sarah.martinez595@example.com;555-6805;2023/02/16;Bronze;14928;T00730;2025/06/16;398.25;398;R2;$10 Gift Voucher;1000.0;2025/01/28;1000.0
C0547;Emily;Thomas;emily.thomas547@example.com;555-6115;2022/12/22;Silver;1616;T00731;2025/01/25;468.27;468;;;;;
C0558;Liam;Thomas;liam.thomas558@example.com;555-8944;2023/11/24;Gold;11927;T00732;2025/06/23;384.49;384;;;;;
C0752;Emma;Thomas;emma.thomas752@example.com;555-4863;2025/12/09;Silver;11358;T00733;2025/01/28;331.47;331;;;;;
C0351;Olivia;Lee;olivia.lee351@example.com;555-6591;2025/10/13;Platinum;12779;T00734;2025/01/13;517.29;517;R3;Coffee Mug;1200.0;2025/05/12;1200.0
C0705;David;Brown;david.brown705@example.com;555-9395;2024/11/23;Platinum;9161;T00735;2025/02/19;412.94;413;;;;;
C0725;Daniel;Johnson;daniel.johnson725@example.com;555-2682;2025/01/12;Silver;2000;T00736;2025/01/23;365.77;366;;;;;
C0735;Liam;Johnson;liam.johnson735@example.com;555-5763;2025/04/01;Bronze;6274;T00737;2025/05/21;583.19;583;;;;;
C0054;Liam;Clark;liam.clark54@example.com;555-8426;2023/07/14;Platinum;5355;T00738;2025/03/21;123.33;123;R7;Wireless Earbuds;8000.0;2025/04/16;8000.0
C0701;Liam;Taylor;liam.taylor701@example.com;555-4493;2024/02/08;Silver;7081;T00739;2025/04/06;105.5;106;;;;;
C0891;James;Moore;james.moore891@example.com;555-9645;2025/05/29;Silver;37;T00740;2025/01/13;523.83;524;;;;;
C0270;Sophia;Davis;sophia.davis270@example.com;555-7904;2022/11/30;Bronze;9176;T00741;2025/06/26;283.52;284;R6;VIP Event Access;5000.0;2025/01/28;5000.0
C0405;Lucas;Davis;lucas.davis405@example.com;555-8554;2023/04/19;Gold;6941;T00742;2025/06/23;375.51;376;;;;;
C0610;Lucas;Wilson;lucas.wilson610@example.com;555-7516;2026/05/05;Bronze;9813;T00743;2025/02/16;142.58;143;;;;;
C0991;Ava;Taylor;ava.taylor991@example.com;555-3187;2024/01/07;Bronze;13455;T00744;2025/04/21;153.05;153;;;;;
C0679;Daniel;Clark;daniel.clark679@example.com;555-8796;2022/11/08;Bronze;3415;T00745;2025/04/11;576.03;576;R2;$10 Gift Voucher;1000.0;2025/03/17;1000.0
C0794;Liam;Thomas;liam.thomas794@example.com;555-4277;2022/10/26;Silver;8225;T00746;2025/02/11;60.58;61;;;;;
C0318;Ava;Martinez;ava.martinez318@example.com;555-8539;2026/03/19;Gold;9302;T00747;2025/01/08;312.44;312;;;;;
C0417;Michael;Taylor;michael.taylor417@example.com;555-5586;2023/10/29;Platinum;9086;T00748;2025/06/12;557.47;557;;;;;
C0908;Emma;Clark;emma.clark908@example.com;555-4031;2023/08/22;Bronze;1721;T00749;2025/06/27;501.75;502;R6;VIP Event Access;5000.0;2025/01/13;5000.0
C0838;Emma;Taylor;emma.taylor838@example.com;555-6380;2023/01/23;Platinum;9755;T00750;2025/05/19;181.02;181;R7;Wireless Earbuds;8000.0;2025/06/27;8000.0
C0181;Sarah;Davis;sarah.davis181@example.com;555-1273;2024/04/26;Gold;7594;T00751;2025/06/12;467.21;467;;;;;
C0646;Noah;Brown;noah.brown646@example.com;555-5095;2022/02/04;Platinum;13928;T00752;2025/01/12;591.78;592;;;;;
C0105;Michael;Thomas;michael.thomas105@example.com;555-3091;2024/06/03;Silver;7131;T00753;2025/02/11;227.82;228;R5;Free Shipping;750.0;2025/05/02;750.0
C0962;Mia;Johnson;mia.johnson962@example.com;555-1957;2023/12/25;Silver;210;T00754;2025/02/04;365.56;366;;;;;
C0245;Liam;Thomas;liam.thomas245@example.com;555-9247;2025/08/28;Silver;7525;T00755;2025/05/15;110.95;111;;;;;
C0366;Liam;Davis;liam.davis366@example.com;555-2958;2022/03/30;Gold;7583;T00756;2025/04/04;306.67;307;R3;Coffee Mug;1200.0;2025/02/09;1200.0
C0571;Emma;Martinez;emma.martinez571@example.com;555-8467;2025/10/09;Bronze;7937;T00757;2025/02/28;156.34;156;;;;;
C0023;Liam;Clark;liam.clark23@example.com;555-8013;2022/10/16;Silver;6743;T00758;2025/02/10;177.92;178;;;;;
C0542;Emily;Anderson;emily.anderson542@example.com;555-7466;2024/12/06;Gold;6865;T00759;2025/04/27;147.17;147;;;;;
C0066;James;Taylor;james.taylor66@example.com;555-6797;2023/04/27;Silver;11592;T00760;2025/06/30;170.53;171;;;;;
C0910;Jessica;Thomas;jessica.thomas910@example.com;555-5660;2022/12/26;Silver;11354;T00761;2025/04/01;69.7;70;;;;;
C0040;Olivia;Anderson;olivia.anderson40@example.com;555-1577;2022/12/01;Bronze;11686;T00762;2025/01/08;559.35;559;R1;$5 Gift Voucher;500.0;2025/03/19;500.0
C0954;John;Anderson;john.anderson954@example.com;555-6776;2024/07/28;Bronze;5324;T00763;2025/02/24;248.11;248;;;;;
C0705;David;Brown;david.brown705@example.com;555-9395;2024/11/23;Platinum;9161;T00764;2025/02/18;331.47;331;R3;Coffee Mug;1200.0;2025/05/03;1200.0
C0244;Olivia;Thomas;olivia.thomas244@example.com;555-6532;2023/07/20;Bronze;14408;T00765;2025/01/17;543.17;543;;;;;
C0092;David;Thomas;david.thomas92@example.com;555-6435;2023/10/10;Bronze;8468;T00766;2025/05/14;440.35;440;;;;;
C0114;Noah;Brown;noah.brown114@example.com;555-3437;2026/03/17;Bronze;3077;T00767;2025/04/20;525.97;526;;;;;
C0441;Ava;Wilson;ava.wilson441@example.com;555-5461;2023/02/11;Silver;8280;T00768;2025/01/23;278.96;279;;;;;
C0642;Noah;Moore;noah.moore642@example.com;555-9313;2024/11/03;Bronze;7396;T00769;2025/05/11;367.1;367;;;;;
C0320;Sophia;Clark;sophia.clark320@example.com;555-3524;2025/12/23;Bronze;8031;T00770;2025/05/24;529.93;530;R4;T-Shirt;2500.0;2025/02/25;2500.0
C0684;Daniel;Lee;daniel.lee684@example.com;555-9142;2022/03/04;Gold;5648;T00771;2025/04/01;589.63;590;;;;;
C0084;Olivia;Wilson;olivia.wilson84@example.com;555-8437;2025/09/09;Bronze;6702;T00772;2025/06/15;5.56;6;;;;;
C0573;Sophia;Thomas;sophia.thomas573@example.com;555-8188;2024/07/22;Bronze;12607;T00773;2025/04/29;236.47;236;;;;;
C0917;Liam;Wilson;liam.wilson917@example.com;555-8949;2026/02/14;Silver;12590;T00774;2025/06/07;430.03;430;;;;;
C0128;Daniel;Davis;daniel.davis128@example.com;555-6829;2023/06/05;Platinum;13523;T00775;2025/06/18;144.23;144;;;;;
C0876;Sarah;Brown;sarah.brown876@example.com;555-2296;2023/12/23;Bronze;10335;T00776;2025/01/08;470.92;471;;;;;
C0851;Emma;Taylor;emma.taylor851@example.com;555-9958;2024/08/15;Bronze;5964;T00777;2025/01/08;48.61;49;R4;T-Shirt;2500.0;2025/05/04;2500.0
C0567;Daniel;Wilson;daniel.wilson567@example.com;555-9919;2022/04/03;Silver;10594;T00778;2025/06/07;502.38;502;;;;;
C0607;Noah;Wilson;noah.wilson607@example.com;555-9110;2025/02/17;Bronze;6789;T00779;2025/04/04;136.69;137;;;;;
C0523;Liam;Lee;liam.lee523@example.com;555-9732;2022/12/31;Gold;697;T00780;2025/05/09;325.87;326;R3;Coffee Mug;1200.0;2025/06/06;1200.0
C0464;Daniel;Johnson;daniel.johnson464@example.com;555-1216;2026/05/12;Bronze;2243;T00781;2025/05/06;42.63;43;;;;;
C0364;Emma;Anderson;emma.anderson364@example.com;555-9121;2023/02/27;Bronze;6898;T00782;2025/01/04;388.95;389;;;;;
C0487;Olivia;Thomas;olivia.thomas487@example.com;555-7887;2024/11/06;Bronze;7328;T00783;2025/03/08;97.61;98;;;;;
C0623;James;Johnson;james.johnson623@example.com;555-6630;2023/02/05;Bronze;7766;T00784;2025/03/16;231.41;231;;;;;
C0213;Michael;Martinez;michael.martinez213@example.com;555-4788;2023/02/17;Silver;2888;T00785;2025/05/12;68.04;68;R6;VIP Event Access;5000.0;2025/06/17;5000.0
C0709;John;Thomas;john.thomas709@example.com;555-7029;2025/03/25;Silver;14035;T00786;2025/05/23;34.88;35;;;;;
C0425;Emily;Lee;emily.lee425@example.com;555-6635;2022/09/06;Silver;9699;T00787;2025/02/08;555.01;555;;;;;
C0282;Olivia;Lee;olivia.lee282@example.com;555-8968;2022/06/16;Gold;7014;T00788;2025/01/11;555.26;555;;;;;
C0152;Noah;Moore;noah.moore152@example.com;555-7523;2022/10/25;Gold;2135;T00789;2025/02/08;490.55;491;;;;;
C0432;Jessica;Wilson;jessica.wilson432@example.com;555-9498;2026/01/08;Bronze;4702;T00790;2025/01/01;277.14;277;R7;Wireless Earbuds;8000.0;2025/03/15;8000.0
C0237;Liam;Martinez;liam.martinez237@example.com;555-4849;2023/11/24;Bronze;10186;T00791;2025/03/27;334.87;335;;;;;
C0234;Sarah;Martinez;sarah.martinez234@example.com;555-9451;2025/04/10;Silver;4178;T00792;2025/04/04;90.38;90;R1;$5 Gift Voucher;500.0;2025/02/25;500.0
C0018;Sarah;Smith;sarah.smith18@example.com;555-4763;2022/08/25;Bronze;6119;T00793;2025/03/01;391.2;391;;;;;
C0073;Emma;Brown;emma.brown73@example.com;555-8296;2023/05/19;Bronze;7296;T00794;2025/04/28;589.72;590;R3;Coffee Mug;1200.0;2025/02/21;1200.0
C0570;Olivia;Anderson;olivia.anderson570@example.com;555-6338;2022/01/03;Bronze;13595;T00795;2025/06/12;568.84;569;R6;VIP Event Access;5000.0;2025/01/13;5000.0
C0888;Mia;Clark;mia.clark888@example.com;555-9368;2026/03/11;Bronze;3200;T00796;2025/05/12;13.94;14;;;;;
C0252;Emma;Moore;emma.moore252@example.com;555-9971;2022/11/08;Bronze;5335;T00797;2025/02/05;594.11;594;;;;;
C0237;Liam;Martinez;liam.martinez237@example.com;555-4849;2023/11/24;Bronze;10186;T00798;2025/03/05;361.9;362;;;;;
C0039;Emma;Anderson;emma.anderson39@example.com;555-7492;2026/02/08;Bronze;837;T00799;2025/05/10;304.31;304;;;;;
C0157;Liam;Thomas;liam.thomas157@example.com;555-2051;2024/08/05;Platinum;1297;T00800;2025/03/23;526.81;527;R6;VIP Event Access;5000.0;2025/03/29;5000.0
C0767;Sarah;Johnson;sarah.johnson767@example.com;555-1648;2025/06/01;Bronze;14701;T00801;2025/06/06;346.02;346;;;;;
C0712;Lucas;Anderson;lucas.anderson712@example.com;555-4046;2024/06/01;Platinum;229;T00802;2025/01/31;51.96;52;;;;;
C0035;Sophia;Davis;sophia.davis35@example.com;555-8322;2025/06/15;Silver;7582;T00803;2025/03/31;491.12;491;R7;Wireless Earbuds;8000.0;2025/02/08;8000.0
C0576;John;Smith;john.smith576@example.com;555-5845;2025/01/05;Silver;3720;T00804;2025/05/04;347.05;347;R2;$10 Gift Voucher;1000.0;2025/06/27;1000.0
C0157;Liam;Thomas;liam.thomas157@example.com;555-2051;2024/08/05;Platinum;1297;T00805;2025/05/26;83.97;84;;;;;
C0780;Noah;Davis;noah.davis780@example.com;555-7872;2023/08/31;Silver;9987;T00806;2025/06/13;50.27;50;;;;;
C0708;Michael;Taylor;michael.taylor708@example.com;555-1118;2022/02/17;Gold;11946;T00807;2025/01/16;341.51;342;;;;;
C0965;Lucas;Anderson;lucas.anderson965@example.com;555-1874;2025/05/27;Bronze;9871;T00808;2025/06/27;450.87;451;;;;;
C0743;Olivia;Taylor;olivia.taylor743@example.com;555-2714;2024/09/11;Gold;14703;T00809;2025/05/21;126.88;127;;;;;
C0907;Daniel;Moore;daniel.moore907@example.com;555-6766;2024/12/08;Platinum;13865;T00810;2025/01/29;496.78;497;;;;;
C0340;Daniel;Johnson;daniel.johnson340@example.com;555-9936;2023/03/22;Bronze;9367;T00811;2025/05/15;45.69;46;;;;;
C0279;Daniel;Anderson;daniel.anderson279@example.com;555-9164;2023/05/08;Gold;2228;T00812;2025/01/29;502.7;503;;;;;
C0293;Sarah;Moore;sarah.moore293@example.com;555-6718;2022/10/02;Gold;2241;T00813;2025/06/24;598.56;599;R4;T-Shirt;2500.0;2025/06/07;2500.0
C0232;Liam;Johnson;liam.johnson232@example.com;555-3011;2025/04/12;Bronze;9535;T00814;2025/06/10;516.27;516;;;;;
C0569;Sarah;Anderson;sarah.anderson569@example.com;555-3469;2024/04/05;Platinum;2336;T00815;2025/05/20;92.6;93;;;;;
C0611;David;Smith;david.smith611@example.com;555-4971;2025/07/26;Platinum;6161;T00816;2025/06/12;571.49;571;;;;;
C0104;Sophia;Wilson;sophia.wilson104@example.com;555-3602;2023/03/14;Silver;11762;T00817;2025/06/03;307.29;307;R2;$10 Gift Voucher;1000.0;2025/04/06;1000.0
C0268;Olivia;Lee;olivia.lee268@example.com;555-7391;2025/11/03;Gold;4480;T00818;2025/04/17;105.11;105;;;;;
C0409;Ava;Johnson;ava.johnson409@example.com;555-8397;2025/12/15;Platinum;5007;T00819;2025/06/04;206.68;207;R1;$5 Gift Voucher;500.0;2025/04/01;500.0
C0543;Mia;Lee;mia.lee543@example.com;555-5223;2025/10/21;Silver;641;T00820;2025/05/01;536.9;537;;;;;
C0578;Michael;Brown;michael.brown578@example.com;555-5476;2022/01/10;Silver;14615;T00821;2025/04/10;268.87;269;;;;;
C0329;Emma;Clark;emma.clark329@example.com;555-2185;2022/01/25;Silver;8526;T00822;2025/01/30;98.5;98;;;;;
C0488;Noah;Clark;noah.clark488@example.com;555-5645;2025/09/08;Bronze;10529;T00823;2025/01/28;380.34;380;R2;$10 Gift Voucher;1000.0;2025/02/13;1000.0
C0727;James;Johnson;james.johnson727@example.com;555-9361;2024/12/16;Gold;7738;T00824;2025/02/06;16.33;16;R5;Free Shipping;750.0;2025/04/11;750.0
C0752;Emma;Thomas;emma.thomas752@example.com;555-4863;2025/12/09;Silver;11358;T00825;2025/01/15;109.28;109;;;;;
C0719;Noah;Thomas;noah.thomas719@example.com;555-6188;2025/09/30;Silver;11495;T00826;2025/04/06;331.65;332;;;;;
C0647;Liam;Davis;liam.davis647@example.com;555-8549;2025/07/26;Silver;14172;T00827;2025/02/21;562.06;562;R7;Wireless Earbuds;8000.0;2025/01/26;8000.0
C0231;Jessica;Martinez;jessica.martinez231@example.com;555-5353;2023/12/26;Gold;12550;T00828;2025/03/26;292.77;293;;;;;
C0453;Liam;Wilson;liam.wilson453@example.com;555-2790;2023/10/03;Silver;11705;T00829;2025/06/15;151.61;152;R6;VIP Event Access;5000.0;2025/05/10;5000.0
C0887;Liam;Wilson;liam.wilson887@example.com;555-1499;2024/08/20;Platinum;3422;T00830;2025/04/19;102.04;102;;;;;
C0586;Daniel;Smith;daniel.smith586@example.com;555-5840;2025/08/10;Platinum;9510;T00831;2025/06/20;72.62;73;;;;;
C0297;Olivia;Thomas;olivia.thomas297@example.com;555-5835;2024/07/09;Silver;3083;T00832;2025/01/08;162.46;162;;;;;
C0368;Jessica;Johnson;jessica.johnson368@example.com;555-9793;2025/03/15;Gold;2172;T00833;2025/06/12;305.4;305;;;;;
C0799;Olivia;Smith;olivia.smith799@example.com;555-1384;2025/04/03;Platinum;3320;T00834;2025/02/17;421.52;422;;;;;
C0604;Sarah;Anderson;sarah.anderson604@example.com;555-5139;2024/06/28;Silver;12854;T00835;2025/02/04;198.24;198;;;;;
C0510;Mia;Davis;mia.davis510@example.com;555-8062;2025/04/06;Gold;2196;T00836;2025/04/10;506.02;506;;;;;
C0593;Sophia;Smith;sophia.smith593@example.com;555-9644;2022/11/12;Silver;4725;T00837;2025/02/20;44.66;45;;;;;
C0499;Mia;Wilson;mia.wilson499@example.com;555-1056;2022/11/17;Gold;7081;T00838;2025/02/21;411.38;411;R6;VIP Event Access;5000.0;2025/05/14;5000.0
C0394;Olivia;Lee;olivia.lee394@example.com;555-5244;2022/03/24;Gold;13622;T00839;2025/06/23;132.4;132;;;;;
C0611;David;Smith;david.smith611@example.com;555-4971;2025/07/26;Platinum;6161;T00840;2025/03/29;194.75;195;R3;Coffee Mug;1200.0;2025/04/23;1200.0
C0076;Lucas;Clark;lucas.clark76@example.com;555-3725;2024/07/05;Bronze;6378;T00841;2025/06/05;181.81;182;R5;Free Shipping;750.0;2025/03/25;750.0
C0839;Mia;Davis;mia.davis839@example.com;555-6091;2023/03/21;Silver;7362;T00842;2025/02/14;161.0;161;;;;;
C0559;David;Davis;david.davis559@example.com;555-5640;2022/08/26;Bronze;14227;T00843;2025/04/14;493.87;494;;;;;
C0560;Michael;Taylor;michael.taylor560@example.com;555-6626;2023/12/29;Bronze;9415;T00844;2025/02/23;61.73;62;R3;Coffee Mug;1200.0;2025/04/14;1200.0
C0447;Michael;Clark;michael.clark447@example.com;555-1938;2023/06/01;Bronze;4738;T00845;2025/03/14;249.91;250;R1;$5 Gift Voucher;500.0;2025/03/25;500.0
C0316;David;Brown;david.brown316@example.com;555-6885;2025/06/12;Silver;8923;T00846;2025/04/13;350.06;350;;;;;
C0657;Michael;Moore;michael.moore657@example.com;555-7059;2025/09/17;Bronze;11793;T00847;2025/05/05;229.28;229;R1;$5 Gift Voucher;500.0;2025/04/16;500.0
C0242;Daniel;Johnson;daniel.johnson242@example.com;555-5509;2024/10/21;Silver;11702;T00848;2025/05/13;423.19;423;;;;;
C0927;Noah;Lee;noah.lee927@example.com;555-4072;2025/06/14;Gold;10514;T00849;2025/03/21;509.68;510;R3;Coffee Mug;1200.0;2025/03/01;1200.0
C0307;Ava;Brown;ava.brown307@example.com;555-9343;2022/01/11;Silver;2314;T00850;2025/01/08;122.69;123;R3;Coffee Mug;1200.0;2025/01/16;1200.0
C0524;Sarah;Lee;sarah.lee524@example.com;555-8217;2024/09/06;Bronze;7414;T00851;2025/06/30;226.48;226;;;;;
C0309;Emma;Johnson;emma.johnson309@example.com;555-4231;2022/09/06;Silver;1495;T00852;2025/01/19;42.77;43;;;;;
C0098;Emily;Anderson;emily.anderson98@example.com;555-3164;2023/10/10;Bronze;12782;T00853;2025/02/26;543.65;544;;;;;
C0849;Noah;Anderson;noah.anderson849@example.com;555-9256;2025/12/10;Bronze;2530;T00854;2025/04/16;410.35;410;R1;$5 Gift Voucher;500.0;2025/01/25;500.0
C0083;Daniel;Lee;daniel.lee83@example.com;555-9086;2024/02/21;Bronze;2335;T00855;2025/06/27;125.6;126;R1;$5 Gift Voucher;500.0;2025/03/25;500.0
C0363;Olivia;Clark;olivia.clark363@example.com;555-1364;2023/07/25;Bronze;3107;T00856;2025/02/05;411.62;412;R7;Wireless Earbuds;8000.0;2025/01/27;8000.0
C0937;Daniel;Lee;daniel.lee937@example.com;555-8858;2024/01/31;Silver;2083;T00857;2025/05/08;366.9;367;R4;T-Shirt;2500.0;2025/04/16;2500.0
C0835;Sophia;Thomas;sophia.thomas835@example.com;555-6238;2024/07/05;Silver;3238;T00858;2025/06/10;579.0;579;R6;VIP Event Access;5000.0;2025/03/20;5000.0
C0071;Noah;Clark;noah.clark71@example.com;555-5685;2026/05/16;Bronze;5876;T00859;2025/03/06;10.65;11;;;;;
C0064;Emily;Clark;emily.clark64@example.com;555-8026;2022/08/17;Silver;4874;T00860;2025/03/06;56.97;57;R7;Wireless Earbuds;8000.0;2025/01/08;8000.0
C0986;Noah;Brown;noah.brown986@example.com;555-2673;2025/03/23;Silver;7121;T00861;2025/05/06;361.55;362;R3;Coffee Mug;1200.0;2025/03/13;1200.0
C0749;Olivia;Johnson;olivia.johnson749@example.com;555-5093;2023/12/15;Platinum;8853;T00862;2025/04/26;464.83;465;;;;;
C0141;Daniel;Davis;daniel.davis141@example.com;555-3186;2022/08/07;Bronze;11315;T00863;2025/02/04;378.86;379;;;;;
C0688;Emma;Johnson;emma.johnson688@example.com;555-4773;2025/11/02;Silver;12051;T00864;2025/06/08;436.9;437;;;;;
C0230;James;Taylor;james.taylor230@example.com;555-7279;2024/04/23;Silver;8226;T00865;2025/05/06;388.52;389;;;;;
C0810;Olivia;Moore;olivia.moore810@example.com;555-4152;2022/05/08;Gold;3024;T00866;2025/03/12;188.89;189;R7;Wireless Earbuds;8000.0;2025/04/11;8000.0
C0075;John;Smith;john.smith75@example.com;555-5502;2024/12/12;Bronze;3207;T00867;2025/03/10;54.76;55;;;;;
C0484;Liam;Anderson;liam.anderson484@example.com;555-6089;2025/07/30;Gold;10753;T00868;2025/03/06;276.49;276;;;;;
C0687;Noah;Taylor;noah.taylor687@example.com;555-7157;2022/06/12;Platinum;14958;T00869;2025/03/26;314.58;315;R4;T-Shirt;2500.0;2025/02/28;2500.0
C0711;Sophia;Lee;sophia.lee711@example.com;555-1205;2024/05/22;Silver;3;T00870;2025/05/02;528.63;529;R3;Coffee Mug;1200.0;2025/06/26;1200.0
C0327;John;Moore;john.moore327@example.com;555-6754;2022/10/24;Platinum;11006;T00871;2025/02/28;202.66;203;;;;;
C0788;Mia;Smith;mia.smith788@example.com;555-4810;2022/09/06;Silver;5215;T00872;2025/04/20;489.15;489;R2;$10 Gift Voucher;1000.0;2025/05/09;1000.0
C0358;Daniel;Johnson;daniel.johnson358@example.com;555-5051;2024/02/05;Bronze;8462;T00873;2025/06/18;96.82;97;;;;;
C0873;Sophia;Smith;sophia.smith873@example.com;555-6834;2022/05/31;Bronze;494;T00874;2025/01/04;274.92;275;;;;;
C0856;John;Thomas;john.thomas856@example.com;555-6485;2022/01/05;Silver;13071;T00875;2025/04/27;317.28;317;;;;;
C0929;Mia;Moore;mia.moore929@example.com;555-3757;2024/01/17;Bronze;11718;T00876;2025/05/20;171.33;171;;;;;
C0135;Sophia;Thomas;sophia.thomas135@example.com;555-5286;2024/05/31;Silver;10758;T00877;2025/02/02;579.33;579;R7;Wireless Earbuds;8000.0;2025/03/12;8000.0
C0823;Daniel;Taylor;daniel.taylor823@example.com;555-4540;2024/12/05;Silver;3065;T00878;2025/03/09;246.05;246;;;;;
C0385;James;Davis;james.davis385@example.com;555-2576;2024/11/23;Silver;14942;T00879;2025/04/04;164.04;164;;;;;
C0310;Daniel;Davis;daniel.davis310@example.com;555-7262;2023/08/13;Bronze;8262;T00880;2025/04/29;284.73;285;;;;;
C0638;John;Thomas;john.thomas638@example.com;555-8479;2023/01/12;Bronze;11224;T00881;2025/01/16;269.61;270;;;;;
C0866;Mia;Clark;mia.clark866@example.com;555-8768;2023/04/08;Gold;5004;T00882;2025/06/06;280.37;280;R3;Coffee Mug;1200.0;2025/01/22;1200.0
C0338;Lucas;Lee;lucas.lee338@example.com;555-7778;2025/01/09;Gold;11844;T00883;2025/01/27;571.56;572;;;;;
C0796;Emma;Martinez;emma.martinez796@example.com;555-6899;2022/01/07;Platinum;4641;T00884;2025/06/21;324.83;325;;;;;
C0999;Jessica;Taylor;jessica.taylor999@example.com;555-7305;2025/11/24;Platinum;7518;T00885;2025/04/08;423.58;424;R6;VIP Event Access;5000.0;2025/03/12;5000.0
C0729;Ava;Taylor;ava.taylor729@example.com;555-9557;2022/12/23;Bronze;14994;T00886;2025/03/05;41.85;42;R1;$5 Gift Voucher;500.0;2025/06/27;500.0
C0657;Michael;Moore;michael.moore657@example.com;555-7059;2025/09/17;Bronze;11793;T00887;2025/01/28;157.49;157;R1;$5 Gift Voucher;500.0;2025/04/06;500.0
C0580;Michael;Wilson;michael.wilson580@example.com;555-5378;2023/03/02;Gold;2794;T00888;2025/03/01;576.75;577;;;;;
C0147;Daniel;Moore;daniel.moore147@example.com;555-9065;2024/06/20;Silver;2243;T00889;2025/05/07;342.91;343;R2;$10 Gift Voucher;1000.0;2025/02/15;1000.0
C0381;Noah;Johnson;noah.johnson381@example.com;555-4096;2022/03/02;Silver;2578;T00890;2025/03/15;154.25;154;;;;;
C0826;Emily;Lee;emily.lee826@example.com;555-9850;2022/03/10;Bronze;2013;T00891;2025/05/24;561.37;561;;;;;
C0945;Daniel;Moore;daniel.moore945@example.com;555-5519;2024/01/12;Bronze;14581;T00892;2025/04/22;347.87;348;;;;;
C0367;Emily;Taylor;emily.taylor367@example.com;555-5180;2023/10/17;Bronze;7561;T00893;2025/01/13;552.18;552;R4;T-Shirt;2500.0;2025/03/17;2500.0
C0105;Michael;Thomas;michael.thomas105@example.com;555-3091;2024/06/03;Silver;7131;T00894;2025/04/06;173.97;174;R5;Free Shipping;750.0;2025/04/22;750.0
C0305;Mia;Thomas;mia.thomas305@example.com;555-7872;2023/07/18;Bronze;10429;T00895;2025/01/16;554.2;554;;;;;
C0002;David;Anderson;david.anderson2@example.com;555-6873;2022/10/07;Silver;983;T00896;2025/02/09;188.35;188;R4;T-Shirt;2500.0;2025/02/28;2500.0
C0208;Olivia;Martinez;olivia.martinez208@example.com;555-2430;2025/01/07;Silver;11225;T00897;2025/04/03;308.81;309;;;;;
C0599;Sophia;Wilson;sophia.wilson599@example.com;555-2621;2023/07/24;Platinum;3698;T00898;2025/04/25;142.2;142;R7;Wireless Earbuds;8000.0;2025/04/23;8000.0
C0219;Daniel;Moore;daniel.moore219@example.com;555-4292;2023/12/17;Silver;14127;T00899;2025/05/11;556.49;556;R3;Coffee Mug;1200.0;2025/03/30;1200.0
C0997;Lucas;Brown;lucas.brown997@example.com;555-1468;2022/08/20;Bronze;9255;T00900;2025/04/27;206.18;206;;;;;
C0402;Sarah;Wilson;sarah.wilson402@example.com;555-9518;2024/05/26;Silver;9935;T00901;2025/04/07;50.28;50;;;;;
C0290;Noah;Johnson;noah.johnson290@example.com;555-8532;2022/10/09;Silver;13445;T00902;2025/06/09;540.56;541;;;;;
C0433;Jessica;Johnson;jessica.johnson433@example.com;555-7983;2022/11/02;Gold;3861;T00903;2025/02/25;279.47;279;R4;T-Shirt;2500.0;2025/06/19;2500.0
C0288;Liam;Smith;liam.smith288@example.com;555-3062;2022/11/27;Gold;658;T00904;2025/01/03;568.23;568;R5;Free Shipping;750.0;2025/01/17;750.0
C0768;Jessica;Smith;jessica.smith768@example.com;555-9493;2023/03/03;Bronze;1778;T00905;2025/06/16;350.76;351;;;;;
C0940;Lucas;Thomas;lucas.thomas940@example.com;555-3255;2022/03/21;Platinum;10480;T00906;2025/04/20;139.69;140;;;;;
C0139;Liam;Thomas;liam.thomas139@example.com;555-7007;2023/11/29;Bronze;5732;T00907;2025/06/18;112.77;113;R6;VIP Event Access;5000.0;2025/04/24;5000.0
C0301;Daniel;Moore;daniel.moore301@example.com;555-6996;2026/05/09;Silver;3501;T00908;2025/06/17;16.1;16;;;;;
C0770;Liam;Taylor;liam.taylor770@example.com;555-7359;2022/02/10;Gold;9632;T00909;2025/06/12;203.01;203;R5;Free Shipping;750.0;2025/02/18;750.0
C0831;James;Moore;james.moore831@example.com;555-9893;2025/09/03;Bronze;2795;T00910;2025/01/10;533.08;533;;;;;
C0395;Lucas;Thomas;lucas.thomas395@example.com;555-7797;2026/04/04;Silver;6617;T00911;2025/02/18;513.54;514;;;;;
C0032;David;Lee;david.lee32@example.com;555-5324;2024/08/15;Bronze;6803;T00912;2025/04/16;93.02;93;;;;;
C0674;Emily;Martinez;emily.martinez674@example.com;555-2471;2023/12/03;Bronze;134;T00913;2025/01/27;283.33;283;R3;Coffee Mug;1200.0;2025/03/01;1200.0
C0601;James;Anderson;james.anderson601@example.com;555-9817;2025/10/20;Bronze;949;T00914;2025/01/06;401.93;402;;;;;
C0533;James;Martinez;james.martinez533@example.com;555-8934;2025/01/11;Silver;13017;T00915;2025/05/30;588.7;589;R5;Free Shipping;750.0;2025/02/18;750.0
C0800;David;Anderson;david.anderson800@example.com;555-5620;2023/04/27;Bronze;1869;T00916;2025/03/12;194.77;195;R3;Coffee Mug;1200.0;2025/06/29;1200.0
C0054;Liam;Clark;liam.clark54@example.com;555-8426;2023/07/14;Platinum;5355;T00917;2025/04/02;151.7;152;;;;;
C0929;Mia;Moore;mia.moore929@example.com;555-3757;2024/01/17;Bronze;11718;T00918;2025/05/17;376.18;376;;;;;
C0983;Olivia;Lee;olivia.lee983@example.com;555-6283;2026/04/13;Bronze;13458;T00919;2025/01/25;41.55;42;;;;;
C0889;John;Johnson;john.johnson889@example.com;555-1755;2024/10/20;Silver;7728;T00920;2025/02/15;79.34;79;;;;;
C0118;David;Davis;david.davis118@example.com;555-2485;2025/06/27;Silver;4119;T00921;2025/01/11;361.4;361;;;;;
C0743;Olivia;Taylor;olivia.taylor743@example.com;555-2714;2024/09/11;Gold;14703;T00922;2025/05/12;557.12;557;;;;;
C0594;Lucas;Martinez;lucas.martinez594@example.com;555-6694;2022/07/09;Silver;7641;T00923;2025/01/13;303.41;303;;;;;
C0424;Sophia;Thomas;sophia.thomas424@example.com;555-2950;2024/06/12;Bronze;4840;T00924;2025/06/11;568.45;568;;;;;
C0377;David;Lee;david.lee377@example.com;555-9257;2024/08/21;Silver;8903;T00925;2025/05/29;585.41;585;;;;;
C0771;Daniel;Davis;daniel.davis771@example.com;555-5186;2025/03/01;Silver;11457;T00926;2025/03/06;532.29;532;;;;;
C0205;Lucas;Clark;lucas.clark205@example.com;555-5995;2022/09/28;Gold;7930;T00927;2025/03/30;329.32;329;;;;;
C0170;David;Lee;david.lee170@example.com;555-2017;2024/10/01;Bronze;12405;T00928;2025/06/25;569.15;569;R2;$10 Gift Voucher;1000.0;2025/03/29;1000.0
C0471;Noah;Johnson;noah.johnson471@example.com;555-4987;2024/10/22;Platinum;8173;T00929;2025/01/23;267.1;267;;;;;
C0435;Ava;Thomas;ava.thomas435@example.com;555-3156;2025/07/24;Bronze;9485;T00930;2025/06/11;172.99;173;R5;Free Shipping;750.0;2025/02/19;750.0
C0247;Sophia;Taylor;sophia.taylor247@example.com;555-4113;2024/11/15;Silver;8324;T00931;2025/06/13;535.96;536;;;;;
C0484;Liam;Anderson;liam.anderson484@example.com;555-6089;2025/07/30;Gold;10753;T00932;2025/06/26;62.42;62;;;;;
C0345;Daniel;Martinez;daniel.martinez345@example.com;555-6781;2022/11/06;Bronze;1777;T00933;2025/03/17;215.11;215;;;;;
C0482;Daniel;Martinez;daniel.martinez482@example.com;555-5477;2025/03/21;Gold;58;T00934;2025/03/10;471.97;472;;;;;
C0139;Liam;Thomas;liam.thomas139@example.com;555-7007;2023/11/29;Bronze;5732;T00935;2025/06/08;465.53;466;;;;;
C0041;Mia;Smith;mia.smith41@example.com;555-4258;2023/04/17;Gold;4936;T00936;2025/06/25;278.33;278;;;;;
C0561;Liam;Smith;liam.smith561@example.com;555-4465;2022/08/21;Bronze;257;T00937;2025/01/27;471.15;471;;;;;
C0570;Olivia;Anderson;olivia.anderson570@example.com;555-6338;2022/01/03;Bronze;13595;T00938;2025/04/24;93.33;93;;;;;
C0754;Michael;Clark;michael.clark754@example.com;555-9860;2022/06/11;Bronze;8079;T00939;2025/04/19;258.31;258;;;;;
C0976;Olivia;Brown;olivia.brown976@example.com;555-5660;2022/10/28;Gold;1046;T00940;2025/06/17;341.41;341;;;;;
C0232;Liam;Johnson;liam.johnson232@example.com;555-3011;2025/04/12;Bronze;9535;T00941;2025/06/14;432.45;432;;;;;
C0544;Daniel;Taylor;daniel.taylor544@example.com;555-1816;2024/07/22;Bronze;8896;T00942;2025/03/13;548.82;549;R4;T-Shirt;2500.0;2025/01/08;2500.0
C0516;Noah;Lee;noah.lee516@example.com;555-9326;2022/12/18;Silver;3222;T00943;2025/05/29;212.62;213;;;;;
C0646;Noah;Brown;noah.brown646@example.com;555-5095;2022/02/04;Platinum;13928;T00944;2025/05/25;175.32;175;;;;;
C0480;Liam;Wilson;liam.wilson480@example.com;555-3203;2025/12/22;Bronze;10314;T00945;2025/05/01;355.99;356;;;;;
C0234;Sarah;Martinez;sarah.martinez234@example.com;555-9451;2025/04/10;Silver;4178;T00946;2025/06/21;72.68;73;R1;$5 Gift Voucher;500.0;2025/03/03;500.0
C0253;Olivia;Johnson;olivia.johnson253@example.com;555-7498;2025/11/22;Platinum;11009;T00947;2025/01/06;570.64;571;;;;;
C0733;David;Moore;david.moore733@example.com;555-4950;2025/02/19;Bronze;2536;T00948;2025/05/18;92.75;93;;;;;
C0159;Emma;Johnson;emma.johnson159@example.com;555-4489;2025/08/15;Bronze;11219;T00949;2025/01/08;97.02;97;;;;;
C0420;Liam;Wilson;liam.wilson420@example.com;555-4494;2022/11/30;Silver;2167;T00950;2025/05/19;110.11;110;;;;;
C0773;Michael;Wilson;michael.wilson773@example.com;555-8847;2024/02/07;Bronze;6719;T00951;2025/06/24;228.37;228;R5;Free Shipping;750.0;2025/02/10;750.0
C0243;Liam;Moore;liam.moore243@example.com;555-6002;2022/12/21;Gold;12592;T00952;2025/01/26;307.61;308;;;;;
C0753;Sophia;Taylor;sophia.taylor753@example.com;555-1364;2023/03/23;Bronze;12004;T00953;2025/06/12;434.89;435;;;;;
C0473;Liam;Taylor;liam.taylor473@example.com;555-5985;2023/03/24;Bronze;5737;T00954;2025/04/20;364.38;364;;;;;
C0759;David;Smith;david.smith759@example.com;555-7442;2024/03/18;Gold;13745;T00955;2025/02/28;270.52;271;;;;;
C0243;Liam;Moore;liam.moore243@example.com;555-6002;2022/12/21;Gold;12592;T00956;2025/01/30;546.26;546;;;;;
C0834;Mia;Thomas;mia.thomas834@example.com;555-3990;2022/03/02;Silver;7784;T00957;2025/04/09;302.24;302;;;;;
C0775;John;Martinez;john.martinez775@example.com;555-7435;2023/06/21;Bronze;1512;T00958;2025/04/09;503.6;504;;;;;
C0941;Lucas;Lee;lucas.lee941@example.com;555-4333;2025/12/31;Bronze;2825;T00959;2025/04/07;463.42;463;R4;T-Shirt;2500.0;2025/04/24;2500.0
C0852;Olivia;Johnson;olivia.johnson852@example.com;555-1688;2023/01/14;Bronze;1235;T00960;2025/03/01;32.68;33;;;;;
C0900;Emily;Clark;emily.clark900@example.com;555-7639;2024/09/23;Gold;5921;T00961;2025/03/16;590.16;590;R2;$10 Gift Voucher;1000.0;2025/02/25;1000.0
C0513;Michael;Davis;michael.davis513@example.com;555-3985;2024/07/07;Gold;276;T00962;2025/03/28;468.35;468;;;;;
C0953;Sarah;Taylor;sarah.taylor953@example.com;555-5979;2026/03/12;Bronze;2878;T00963;2025/05/19;48.37;48;R2;$10 Gift Voucher;1000.0;2025/02/03;1000.0
C0386;John;Lee;john.lee386@example.com;555-1170;2026/04/09;Silver;13108;T00964;2025/05/27;576.3;576;;;;;
C0834;Mia;Thomas;mia.thomas834@example.com;555-3990;2022/03/02;Silver;7784;T00965;2025/04/22;504.11;504;;;;;
C0998;Emily;Clark;emily.clark998@example.com;555-6463;2022/12/03;Platinum;2026;T00966;2025/04/14;319.64;320;;;;;
C0551;Emily;Martinez;emily.martinez551@example.com;555-1223;2022/07/06;Gold;4627;T00967;2025/05/30;247.98;248;;;;;
C0199;James;Anderson;james.anderson199@example.com;555-9065;2025/09/26;Silver;14769;T00968;2025/02/17;343.43;343;;;;;
C0033;Ava;Brown;ava.brown33@example.com;555-8008;2022/07/05;Gold;5147;T00969;2025/02/08;139.74;140;;;;;
C0965;Lucas;Anderson;lucas.anderson965@example.com;555-1874;2025/05/27;Bronze;9871;T00970;2025/01/14;381.02;381;;;;;
C0502;Olivia;Wilson;olivia.wilson502@example.com;555-2359;2026/01/10;Silver;11019;T00971;2025/05/09;592.96;593;;;;;
C0193;Jessica;Wilson;jessica.wilson193@example.com;555-6542;2023/06/29;Bronze;13281;T00972;2025/04/24;417.82;418;;;;;
C0179;James;Brown;james.brown179@example.com;555-8470;2023/12/20;Silver;10157;T00973;2025/06/15;360.61;361;;;;;
C0532;Jessica;Wilson;jessica.wilson532@example.com;555-8230;2025/04/17;Bronze;14508;T00974;2025/02/16;232.49;232;;;;;
C0634;Liam;Moore;liam.moore634@example.com;555-7671;2025/02/28;Platinum;11203;T00975;2025/02/02;489.28;489;R7;Wireless Earbuds;8000.0;2025/01/02;8000.0
C0237;Liam;Martinez;liam.martinez237@example.com;555-4849;2023/11/24;Bronze;10186;T00976;2025/04/15;301.21;301;R5;Free Shipping;750.0;2025/03/21;750.0
C0366;Liam;Davis;liam.davis366@example.com;555-2958;2022/03/30;Gold;7583;T00977;2025/03/23;401.16;401;;;;;
C0126;Daniel;Davis;daniel.davis126@example.com;555-9123;2022/08/17;Bronze;11766;T00978;2025/05/06;415.33;415;;;;;
C0008;James;Moore;james.moore8@example.com;555-4263;2024/12/10;Gold;14037;T00979;2025/05/27;575.87;576;;;;;
C0194;Olivia;Smith;olivia.smith194@example.com;555-7391;2024/01/08;Gold;2815;T00980;2025/01/13;191.59;192;R3;Coffee Mug;1200.0;2025/03/03;1200.0
C0889;John;Johnson;john.johnson889@example.com;555-1755;2024/10/20;Silver;7728;T00981;2025/02/07;308.7;309;R2;$10 Gift Voucher;1000.0;2025/01/26;1000.0
C0899;Sarah;Martinez;sarah.martinez899@example.com;555-4192;2022/11/10;Silver;13742;T00982;2025/06/23;139.0;139;;;;;
C0647;Liam;Davis;liam.davis647@example.com;555-8549;2025/07/26;Silver;14172;T00983;2025/04/14;517.94;518;R5;Free Shipping;750.0;2025/02/14;750.0
C0682;Ava;Davis;ava.davis682@example.com;555-9512;2025/10/22;Gold;11429;T00984;2025/02/02;184.17;184;;;;;
C0274;Olivia;Smith;olivia.smith274@example.com;555-7435;2023/11/05;Silver;9343;T00985;2025/06/07;92.8;93;R4;T-Shirt;2500.0;2025/05/27;2500.0
C0816;Michael;Taylor;michael.taylor816@example.com;555-4960;2023/03/21;Gold;1198;T00986;2025/01/07;397.54;398;;;;;
C0936;Daniel;Brown;daniel.brown936@example.com;555-4107;2026/03/26;Bronze;1265;T00987;2025/01/04;534.77;535;;;;;
C0153;Daniel;Clark;daniel.clark153@example.com;555-2822;2025/01/18;Bronze;8986;T00988;2025/05/06;504.45;504;;;;;
C0638;John;Thomas;john.thomas638@example.com;555-8479;2023/01/12;Bronze;11224;T00989;2025/01/08;207.58;208;R7;Wireless Earbuds;8000.0;2025/01/25;8000.0
C0528;Emma;Smith;emma.smith528@example.com;555-9296;2024/11/20;Bronze;4244;T00990;2025/01/28;66.93;67;R4;T-Shirt;2500.0;2025/01/23;2500.0
C0049;Noah;Clark;noah.clark49@example.com;555-9202;2023/04/07;Bronze;4995;T00991;2025/01/20;441.87;442;R4;T-Shirt;2500.0;2025/05/05;2500.0
C0926;Daniel;Moore;daniel.moore926@example.com;555-1057;2024/04/24;Bronze;9475;T00992;2025/04/05;230.22;230;;;;;
C0472;Sophia;Davis;sophia.davis472@example.com;555-9952;2024/04/16;Silver;8458;T00993;2025/02/28;90.33;90;;;;;
C0806;Sarah;Moore;sarah.moore806@example.com;555-7486;2022/11/01;Bronze;2139;T00994;2025/03/22;470.27;470;;;;;
C0805;Sarah;Smith;sarah.smith805@example.com;555-1458;2025/10/16;Bronze;12995;T00995;2025/06/15;152.41;152;;;;;
C0317;John;Brown;john.brown317@example.com;555-3110;2023/07/11;Silver;10114;T00996;2025/05/29;334.74;335;R4;T-Shirt;2500.0;2025/06/16;2500.0
C0441;Ava;Wilson;ava.wilson441@example.com;555-5461;2023/02/11;Silver;8280;T00997;2025/02/26;317.14;317;;;;;
C0203;Mia;Thomas;mia.thomas203@example.com;555-9211;2023/08/24;Bronze;14481;T00998;2025/04/26;235.38;235;;;;;
C0852;Olivia;Johnson;olivia.johnson852@example.com;555-1688;2023/01/14;Bronze;1235;T00999;2025/04/04;461.16;461;;;;;
C0859;Olivia;Lee;olivia.lee859@example.com;555-6439;2023/06/13;Gold;3084;T01000;2025/04/30;459.86;460;;;;;
C0670;Sarah;Moore;sarah.moore670@example.com;555-1622;2025/09/29;Bronze;8164;T01001;2025/03/23;514.51;515;R6;VIP Event Access;5000.0;2025/01/15;5000.0
C0089;Liam;Taylor;liam.taylor89@example.com;555-8425;2025/01/20;Gold;3248;T01002;2025/02/11;351.93;352;;;;;
C0978;Sophia;Johnson;sophia.johnson978@example.com;555-5698;2023/02/19;Bronze;1399;T01003;2025/04/20;308.48;308;;;;;
C0195;Liam;Lee;liam.lee195@example.com;555-7176;2024/08/25;Silver;2410;T01004;2025/06/21;521.45;521;;;;;
C0747;Liam;Wilson;liam.wilson747@example.com;555-8336;2025/12/11;Bronze;7896;T01005;2025/02/24;301.92;302;R2;$10 Gift Voucher;1000.0;2025/03/04;1000.0
C0755;Emma;Clark;emma.clark755@example.com;555-4419;2024/07/14;Bronze;9419;T01006;2025/04/04;404.66;405;;;;;
C0327;John;Moore;john.moore327@example.com;555-6754;2022/10/24;Platinum;11006;T01007;2025/01/10;591.52;592;R3;Coffee Mug;1200.0;2025/05/06;1200.0
C0563;Emma;Thomas;emma.thomas563@example.com;555-3683;2024/03/28;Silver;4761;T01008;2025/05/04;63.92;64;;;;;
C0402;Sarah;Wilson;sarah.wilson402@example.com;555-9518;2024/05/26;Silver;9935;T01009;2025/05/09;467.45;467;;;;;
C0275;Lucas;Brown;lucas.brown275@example.com;555-9057;2025/08/27;Silver;5840;T01010;2025/03/09;185.17;185;;;;;
C0728;Emma;Moore;emma.moore728@example.com;555-1018;2025/02/18;Platinum;10386;T01011;2025/02/08;288.39;288;;;;;
C0557;Liam;Thomas;liam.thomas557@example.com;555-7886;2024/09/13;Bronze;5453;T01012;2025/01/04;580.46;580;;;;;
C0789;Ava;Davis;ava.davis789@example.com;555-4836;2025/03/25;Bronze;3378;T01013;2025/02/27;548.73;549;R7;Wireless Earbuds;8000.0;2025/05/30;8000.0
C0764;Jessica;Wilson;jessica.wilson764@example.com;555-3829;2025/05/16;Bronze;5928;T01014;2025/01/19;469.95;470;;;;;
C0452;Lucas;Johnson;lucas.johnson452@example.com;555-1920;2023/11/06;Bronze;6794;T01015;2025/02/07;568.97;569;;;;;
C0264;Olivia;Wilson;olivia.wilson264@example.com;555-1524;2024/05/13;Platinum;9172;T01016;2025/04/25;183.92;184;R1;$5 Gift Voucher;500.0;2025/01/29;500.0
C0030;Noah;Martinez;noah.martinez30@example.com;555-5336;2023/03/24;Silver;14930;T01017;2025/02/11;528.87;529;;;;;
C0647;Liam;Davis;liam.davis647@example.com;555-8549;2025/07/26;Silver;14172;T01018;2025/05/09;148.35;148;R6;VIP Event Access;5000.0;2025/02/21;5000.0
C0231;Jessica;Martinez;jessica.martinez231@example.com;555-5353;2023/12/26;Gold;12550;T01019;2025/01/18;238.62;239;;;;;
C0993;Noah;Anderson;noah.anderson993@example.com;555-5032;2024/01/09;Bronze;4053;T01020;2025/03/05;166.05;166;R4;T-Shirt;2500.0;2025/03/22;2500.0
C0481;Michael;Clark;michael.clark481@example.com;555-5272;2025/11/08;Gold;6938;T01021;2025/03/28;10.85;11;R1;$5 Gift Voucher;500.0;2025/06/15;500.0
C0871;Sophia;Johnson;sophia.johnson871@example.com;555-7468;2024/11/02;Gold;3026;T01022;2025/02/01;244.73;245;;;;;
C0825;Jessica;Thomas;jessica.thomas825@example.com;555-6337;2025/05/10;Bronze;7069;T01023;2025/05/30;311.45;311;R1;$5 Gift Voucher;500.0;2025/03/25;500.0
C0439;Mia;Davis;mia.davis439@example.com;555-3312;2022/04/28;Silver;5955;T01024;2025/06/26;396.92;397;R7;Wireless Earbuds;8000.0;2025/05/02;8000.0
C0054;Liam;Clark;liam.clark54@example.com;555-8426;2023/07/14;Platinum;5355;T01025;2025/06/27;524.29;524;R7;Wireless Earbuds;8000.0;2025/01/15;8000.0
C0748;Jessica;Smith;jessica.smith748@example.com;555-4437;2024/06/28;Bronze;207;T01026;2025/01/18;559.9;560;R1;$5 Gift Voucher;500.0;2025/03/23;500.0
C0501;Olivia;Martinez;olivia.martinez501@example.com;555-8788;2022/12/20;Gold;9297;T01027;2025/05/04;149.1;149;;;;;
C0659;Emily;Davis;emily.davis659@example.com;555-2918;2025/11/23;Bronze;3329;T01028;2025/03/23;483.96;484;;;;;
C0627;Emily;Davis;emily.davis627@example.com;555-5118;2023/04/14;Gold;9311;T01029;2025/02/21;396.88;397;R2;$10 Gift Voucher;1000.0;2025/06/22;1000.0
C0878;James;Clark;james.clark878@example.com;555-9008;2024/08/10;Silver;7500;T01030;2025/04/12;276.25;276;;;;;
C0188;Sarah;Anderson;sarah.anderson188@example.com;555-1117;2025/11/19;Gold;3764;T01031;2025/02/14;226.42;226;;;;;
C0799;Olivia;Smith;olivia.smith799@example.com;555-1384;2025/04/03;Platinum;3320;T01032;2025/03/14;166.61;167;R3;Coffee Mug;1200.0;2025/05/07;1200.0
C0487;Olivia;Thomas;olivia.thomas487@example.com;555-7887;2024/11/06;Bronze;7328;T01033;2025/02/08;508.17;508;;;;;
C0692;Daniel;Anderson;daniel.anderson692@example.com;555-6657;2022/03/11;Silver;9393;T01034;2025/03/07;551.24;551;;;;;
C0276;Daniel;Martinez;daniel.martinez276@example.com;555-8573;2022/03/15;Gold;14518;T01035;2025/01/12;599.51;600;;;;;
C0167;Sophia;Thomas;sophia.thomas167@example.com;555-5062;2023/11/23;Bronze;11360;T01036;2025/06/08;502.37;502;;;;;
C0096;Michael;Brown;michael.brown96@example.com;555-6234;2024/08/19;Bronze;5613;T01037;2025/05/12;142.59;143;R4;T-Shirt;2500.0;2025/04/01;2500.0
C0970;Lucas;Martinez;lucas.martinez970@example.com;555-5527;2024/05/10;Bronze;10225;T01038;2025/06/27;283.02;283;;;;;
C0534;James;Taylor;james.taylor534@example.com;555-5043;2022/07/01;Bronze;3618;T01039;2025/03/12;222.42;222;;;;;
C0835;Sophia;Thomas;sophia.thomas835@example.com;555-6238;2024/07/05;Silver;3238;T01040;2025/04/03;379.16;379;;;;;
C0902;Sophia;Smith;sophia.smith902@example.com;555-7486;2024/01/04;Gold;3292;T01041;2025/06/09;410.96;411;;;;;
C0833;Emily;Taylor;emily.taylor833@example.com;555-9576;2024/01/09;Gold;12993;T01042;2025/03/17;375.8;376;;;;;
C0176;David;Martinez;david.martinez176@example.com;555-8327;2026/02/19;Bronze;5510;T01043;2025/05/11;36.43;36;;;;;
C0989;David;Thomas;david.thomas989@example.com;555-6046;2022/12/05;Bronze;4820;T01044;2025/04/25;116.31;116;;;;;
C0387;Lucas;Smith;lucas.smith387@example.com;555-5905;2026/04/15;Silver;14284;T01045;2025/03/13;273.7;274;R7;Wireless Earbuds;8000.0;2025/05/04;8000.0
C0186;Olivia;Anderson;olivia.anderson186@example.com;555-9648;2025/01/13;Silver;3984;T01046;2025/05/07;107.93;108;;;;;
C0988;James;Martinez;james.martinez988@example.com;555-3944;2023/09/24;Bronze;1097;T01047;2025/01/01;575.88;576;R1;$5 Gift Voucher;500.0;2025/01/21;500.0
C0388;Sarah;Clark;sarah.clark388@example.com;555-1673;2026/03/31;Bronze;12541;T01048;2025/03/23;160.47;160;;;;;
C0341;Michael;Thomas;michael.thomas341@example.com;555-5815;2023/12/20;Gold;2538;T01049;2025/06/26;480.47;480;;;;;
C0576;John;Smith;john.smith576@example.com;555-5845;2025/01/05;Silver;3720;T01050;2025/03/25;191.44;191;R1;$5 Gift Voucher;500.0;2025/06/04;500.0
C0061;Noah;Martinez;noah.martinez61@example.com;555-3068;2026/05/18;Bronze;7347;T01051;2025/04/25;573.94;574;;;;;
C0564;Liam;Taylor;liam.taylor564@example.com;555-2666;2022/03/09;Silver;7706;T01052;2025/06/01;126.47;126;;;;;
C0935;Noah;Clark;noah.clark935@example.com;555-4366;2025/11/18;Silver;919;T01053;2025/02/12;102.7;103;R7;Wireless Earbuds;8000.0;2025/01/25;8000.0
C0980;Olivia;Smith;olivia.smith980@example.com;555-4808;2025/02/01;Bronze;2783;T01054;2025/05/07;568.89;569;R4;T-Shirt;2500.0;2025/03/02;2500.0
C0003;Ava;Thomas;ava.thomas3@example.com;555-9031;2024/07/08;Bronze;10022;T01055;2025/04/20;188.02;188;;;;;
C0189;David;Lee;david.lee189@example.com;555-7852;2025/07/29;Silver;3704;T01056;2025/01/12;81.09;81;R3;Coffee Mug;1200.0;2025/06/01;1200.0
C0269;Lucas;Wilson;lucas.wilson269@example.com;555-2163;2023/10/26;Bronze;9494;T01057;2025/01/31;549.36;549;;;;;
C0995;Lucas;Martinez;lucas.martinez995@example.com;555-2731;2025/10/22;Gold;2321;T01058;2025/06/01;282.08;282;R3;Coffee Mug;1200.0;2025/02/05;1200.0
C0148;James;Brown;james.brown148@example.com;555-4177;2023/11/08;Gold;11593;T01059;2025/06/14;10.18;10;;;;;
C0376;Emily;Taylor;emily.taylor376@example.com;555-6362;2022/06/15;Bronze;14537;T01060;2025/02/11;376.97;377;R5;Free Shipping;750.0;2025/04/08;750.0
C0087;Mia;Davis;mia.davis87@example.com;555-6901;2026/05/16;Bronze;4261;T01061;2025/03/11;221.23;221;;;;;
C0769;Olivia;Wilson;olivia.wilson769@example.com;555-8221;2022/11/23;Platinum;12318;T01062;2025/05/11;393.54;394;;;;;
C0882;Noah;Brown;noah.brown882@example.com;555-1520;2023/02/28;Bronze;13473;T01063;2025/06/20;552.02;552;;;;;
C0894;Lucas;Moore;lucas.moore894@example.com;555-5694;2023/05/11;Gold;8281;T01064;2025/05/14;386.54;387;;;;;
C0546;Michael;Brown;michael.brown546@example.com;555-9025;2023/03/03;Bronze;5871;T01065;2025/03/21;237.81;238;;;;;
C0011;Olivia;Thomas;olivia.thomas11@example.com;555-1470;2025/07/22;Silver;6159;T01066;2025/04/10;118.68;119;;;;;
C0049;Noah;Clark;noah.clark49@example.com;555-9202;2023/04/07;Bronze;4995;T01067;2025/06/27;422.23;422;R4;T-Shirt;2500.0;2025/05/11;2500.0
C0183;Michael;Johnson;michael.johnson183@example.com;555-6592;2024/08/18;Bronze;1988;T01068;2025/02/03;542.33;542;;;;;
C0950;John;Brown;john.brown950@example.com;555-9511;2025/03/27;Gold;6746;T01069;2025/02/12;255.35;255;;;;;
C0463;Sarah;Brown;sarah.brown463@example.com;555-2970;2023/04/29;Gold;13450;T01070;2025/05/06;97.69;98;;;;;
C0016;Mia;Johnson;mia.johnson16@example.com;555-3860;2022/04/28;Silver;11998;T01071;2025/05/02;349.3;349;;;;;
C0654;David;Lee;david.lee654@example.com;555-4906;2025/05/14;Bronze;1860;T01072;2025/06/01;521.15;521;R7;Wireless Earbuds;8000.0;2025/01/31;8000.0
C0838;Emma;Taylor;emma.taylor838@example.com;555-6380;2023/01/23;Platinum;9755;T01073;2025/05/05;433.22;433;;;;;
C0492;Daniel;Smith;daniel.smith492@example.com;555-4371;2022/06/09;Platinum;8973;T01074;2025/03/05;595.22;595;;;;;
C0319;Emily;Thomas;emily.thomas319@example.com;555-2624;2024/02/05;Bronze;14640;T01075;2025/03/21;183.84;184;;;;;
C0454;Ava;Wilson;ava.wilson454@example.com;555-5530;2024/01/11;Platinum;13332;T01076;2025/05/23;313.48;313;;;;;
C0080;Sarah;Moore;sarah.moore80@example.com;555-8562;2025/07/23;Bronze;1051;T01077;2025/06/11;578.38;578;;;;;
C0978;Sophia;Johnson;sophia.johnson978@example.com;555-5698;2023/02/19;Bronze;1399;T01078;2025/03/24;87.42;87;;;;;
C0160;Jessica;Martinez;jessica.martinez160@example.com;555-9290;2025/02/19;Gold;4645;T01079;2025/03/03;58.14;58;R3;Coffee Mug;1200.0;2025/04/06;1200.0
C0168;Emma;Anderson;emma.anderson168@example.com;555-9781;2023/09/15;Bronze;8629;T01080;2025/05/02;552.21;552;;;;;
C0369;Mia;Clark;mia.clark369@example.com;555-6975;2025/05/15;Bronze;1023;T01081;2025/06/18;137.54;138;;;;;
C0322;Lucas;Clark;lucas.clark322@example.com;555-2502;2025/04/27;Gold;13885;T01082;2025/02/21;322.45;322;;;;;
C0893;Emily;Davis;emily.davis893@example.com;555-7629;2025/04/08;Silver;4121;T01083;2025/04/02;339.13;339;;;;;
C0154;Michael;Davis;michael.davis154@example.com;555-3047;2022/10/04;Bronze;7065;T01084;2025/01/28;160.5;160;R5;Free Shipping;750.0;2025/01/11;750.0
C0337;Mia;Brown;mia.brown337@example.com;555-3992;2024/08/17;Silver;11420;T01085;2025/01/02;270.96;271;R4;T-Shirt;2500.0;2025/01/15;2500.0
C0294;Daniel;Clark;daniel.clark294@example.com;555-6338;2025/09/16;Silver;13074;T01086;2025/04/05;369.97;370;R7;Wireless Earbuds;8000.0;2025/05/17;8000.0
C0218;Lucas;Thomas;lucas.thomas218@example.com;555-8489;2026/04/22;Bronze;14789;T01087;2025/03/17;249.62;250;;;;;
C0854;Sarah;Brown;sarah.brown854@example.com;555-8928;2022/06/26;Bronze;12983;T01088;2025/04/20;10.77;11;;;;;
C0745;Noah;Taylor;noah.taylor745@example.com;555-6508;2022/06/22;Silver;1142;T01089;2025/03/08;26.97;27;R1;$5 Gift Voucher;500.0;2025/02/07;500.0
C0111;Michael;Wilson;michael.wilson111@example.com;555-7230;2024/06/23;Bronze;2519;T01090;2025/01/28;454.65;455;;;;;
C0688;Emma;Johnson;emma.johnson688@example.com;555-4773;2025/11/02;Silver;12051;T01091;2025/06/05;370.54;371;;;;;
C0195;Liam;Lee;liam.lee195@example.com;555-7176;2024/08/25;Silver;2410;T01092;2025/04/19;308.44;308;R5;Free Shipping;750.0;2025/06/09;750.0
C0638;John;Thomas;john.thomas638@example.com;555-8479;2023/01/12;Bronze;11224;T01093;2025/03/18;382.24;382;;;;;
C0766;David;Davis;david.davis766@example.com;555-5652;2024/03/01;Bronze;11394;T01094;2025/01/13;481.88;482;;;;;
C0655;Noah;Martinez;noah.martinez655@example.com;555-5429;2022/10/30;Platinum;3118;T01095;2025/03/30;363.64;364;;;;;
C0203;Mia;Thomas;mia.thomas203@example.com;555-9211;2023/08/24;Bronze;14481;T01096;2025/03/20;308.35;308;;;;;
C0514;Emily;Smith;emily.smith514@example.com;555-4469;2022/03/14;Gold;10343;T01097;2025/01/15;224.28;224;R6;VIP Event Access;5000.0;2025/03/29;5000.0
C0379;Sarah;Lee;sarah.lee379@example.com;555-8288;2022/03/11;Platinum;6298;T01098;2025/03/06;503.99;504;;;;;
C0527;John;Wilson;john.wilson527@example.com;555-7108;2026/02/27;Gold;3499;T01099;2025/06/25;257.76;258;;;;;
C0998;Emily;Clark;emily.clark998@example.com;555-6463;2022/12/03;Platinum;2026;T01100;2025/06/11;516.02;516;;;;;
C0691;Emily;Brown;emily.brown691@example.com;555-2007;2023/08/14;Platinum;8355;T01101;2025/05/01;243.23;243;;;;;
C0273;Emily;Thomas;emily.thomas273@example.com;555-8057;2026/01/10;Platinum;1810;T01102;2025/01/26;377.59;378;;;;;
C0996;James;Clark;james.clark996@example.com;555-2864;2022/03/10;Platinum;6080;T01103;2025/05/03;163.56;164;;;;;
C0404;David;Moore;david.moore404@example.com;555-8514;2025/09/06;Platinum;6893;T01104;2025/03/11;528.42;528;R3;Coffee Mug;1200.0;2025/04/19;1200.0
C0063;Olivia;Martinez;olivia.martinez63@example.com;555-6329;2024/03/24;Silver;5878;T01105;2025/06/17;5.8;6;R7;Wireless Earbuds;8000.0;2025/02/09;8000.0
C0685;Daniel;Wilson;daniel.wilson685@example.com;555-5216;2025/06/22;Bronze;14421;T01106;2025/05/28;422.01;422;R6;VIP Event Access;5000.0;2025/05/05;5000.0
C0785;John;Smith;john.smith785@example.com;555-4946;2022/08/08;Silver;7553;T01107;2025/03/24;294.29;294;;;;;
C0538;Emma;Smith;emma.smith538@example.com;555-7327;2023/07/27;Bronze;13783;T01108;2025/01/11;200.5;200;R1;$5 Gift Voucher;500.0;2025/05/12;500.0
C0449;John;Davis;john.davis449@example.com;555-7024;2022/10/12;Gold;12675;T01109;2025/06/08;298.07;298;;;;;
C0560;Michael;Taylor;michael.taylor560@example.com;555-6626;2023/12/29;Bronze;9415;T01110;2025/03/10;537.3;537;;;;;
C0045;Ava;Taylor;ava.taylor45@example.com;555-8034;2025/03/28;Gold;10750;T01111;2025/02/02;259.55;260;R5;Free Shipping;750.0;2025/02/26;750.0
C0529;John;Smith;john.smith529@example.com;555-6517;2023/12/22;Gold;9580;T01112;2025/03/18;259.91;260;R1;$5 Gift Voucher;500.0;2025/05/12;500.0
C0666;Ava;Davis;ava.davis666@example.com;555-7913;2025/08/22;Gold;10181;T01113;2025/04/17;277.72;278;R2;$10 Gift Voucher;1000.0;2025/06/02;1000.0
C0403;Sarah;Taylor;sarah.taylor403@example.com;555-1412;2025/03/04;Gold;1296;T01114;2025/06/24;377.75;378;;;;;
C0740;Noah;Brown;noah.brown740@example.com;555-9799;2022/05/02;Silver;7734;T01115;2025/05/23;323.83;324;R2;$10 Gift Voucher;1000.0;2025/02/07;1000.0
C0800;David;Anderson;david.anderson800@example.com;555-5620;2023/04/27;Bronze;1869;T01116;2025/06/09;296.64;297;;;;;
C0682;Ava;Davis;ava.davis682@example.com;555-9512;2025/10/22;Gold;11429;T01117;2025/04/06;454.07;454;R1;$5 Gift Voucher;500.0;2025/03/23;500.0
C0360;Ava;Clark;ava.clark360@example.com;555-8959;2022/11/10;Bronze;9865;T01118;2025/02/13;270.79;271;R1;$5 Gift Voucher;500.0;2025/03/31;500.0
C0776;Jessica;Thomas;jessica.thomas776@example.com;555-3846;2023/11/25;Gold;1008;T01119;2025/06/12;94.1;94;;;;;
C0538;Emma;Smith;emma.smith538@example.com;555-7327;2023/07/27;Bronze;13783;T01120;2025/01/23;326.92;327;;;;;
C0679;Daniel;Clark;daniel.clark679@example.com;555-8796;2022/11/08;Bronze;3415;T01121;2025/01/07;498.86;499;;;;;
C0611;David;Smith;david.smith611@example.com;555-4971;2025/07/26;Platinum;6161;T01122;2025/04/07;147.11;147;R5;Free Shipping;750.0;2025/05/20;750.0
C0490;Emily;Lee;emily.lee490@example.com;555-4574;2025/11/18;Silver;8226;T01123;2025/05/20;224.18;224;;;;;
C0092;David;Thomas;david.thomas92@example.com;555-6435;2023/10/10;Bronze;8468;T01124;2025/06/02;24.89;25;;;;;
C0503;James;Taylor;james.taylor503@example.com;555-6704;2025/02/13;Bronze;8066;T01125;2025/04/26;294.77;295;;;;;
C0201;Mia;Smith;mia.smith201@example.com;555-1267;2023/10/26;Bronze;6489;T01126;2025/05/31;8.72;9;;;;;
C0677;Lucas;Smith;lucas.smith677@example.com;555-8264;2023/09/19;Gold;12536;T01127;2025/03/22;132.45;132;R2;$10 Gift Voucher;1000.0;2025/04/23;1000.0
C0738;James;Thomas;james.thomas738@example.com;555-2193;2024/06/30;Silver;2721;T01128;2025/06/30;76.97;77;;;;;
C0591;Daniel;Lee;daniel.lee591@example.com;555-4572;2022/09/14;Silver;10116;T01129;2025/02/09;282.39;282;;;;;
C0468;Lucas;Smith;lucas.smith468@example.com;555-1645;2023/11/19;Silver;14761;T01130;2025/03/23;94.33;94;R3;Coffee Mug;1200.0;2025/04/08;1200.0
C0853;Mia;Anderson;mia.anderson853@example.com;555-1301;2025/09/10;Gold;369;T01131;2025/03/28;65.84;66;;;;;
C0665;Emily;Moore;emily.moore665@example.com;555-7929;2026/04/30;Bronze;13726;T01132;2025/02/25;344.54;345;;;;;
C0699;Emily;Brown;emily.brown699@example.com;555-4794;2022/10/06;Bronze;7821;T01133;2025/01/02;357.45;357;;;;;
C0192;Emma;Martinez;emma.martinez192@example.com;555-8721;2023/06/13;Silver;12956;T01134;2025/04/27;491.65;492;;;;;
C0880;Olivia;Martinez;olivia.martinez880@example.com;555-7421;2024/02/26;Silver;9025;T01135;2025/03/05;559.21;559;R2;$10 Gift Voucher;1000.0;2025/02/13;1000.0
C0962;Mia;Johnson;mia.johnson962@example.com;555-1957;2023/12/25;Silver;210;T01136;2025/02/07;186.13;186;;;;;
C0543;Mia;Lee;mia.lee543@example.com;555-5223;2025/10/21;Silver;641;T01137;2025/01/24;560.23;560;;;;;
C0274;Olivia;Smith;olivia.smith274@example.com;555-7435;2023/11/05;Silver;9343;T01138;2025/05/31;573.35;573;;;;;
C0920;Daniel;Thomas;daniel.thomas920@example.com;555-7551;2024/12/17;Gold;10961;T01139;2025/01/27;465.25;465;;;;;
C0878;James;Clark;james.clark878@example.com;555-9008;2024/08/10;Silver;7500;T01140;2025/04/02;311.68;312;R2;$10 Gift Voucher;1000.0;2025/01/15;1000.0
C0466;Sophia;Martinez;sophia.martinez466@example.com;555-6091;2023/10/07;Bronze;8552;T01141;2025/01/17;271.06;271;R5;Free Shipping;750.0;2025/06/21;750.0
C0916;Emma;Wilson;emma.wilson916@example.com;555-6621;2023/12/18;Gold;7337;T01142;2025/03/06;474.11;474;;;;;
C0854;Sarah;Brown;sarah.brown854@example.com;555-8928;2022/06/26;Bronze;12983;T01143;2025/04/20;278.65;279;R5;Free Shipping;750.0;2025/02/27;750.0
C0718;David;Wilson;david.wilson718@example.com;555-6816;2024/05/20;Bronze;8292;T01144;2025/01/24;100.11;100;;;;;
C0136;David;Taylor;david.taylor136@example.com;555-7626;2024/10/19;Gold;11402;T01145;2025/01/15;185.71;186;;;;;
C0790;Daniel;Smith;daniel.smith790@example.com;555-9167;2024/06/23;Silver;619;T01146;2025/03/26;295.0;295;R5;Free Shipping;750.0;2025/03/18;750.0
C0098;Emily;Anderson;emily.anderson98@example.com;555-3164;2023/10/10;Bronze;12782;T01147;2025/03/20;222.16;222;;;;;
C0264;Olivia;Wilson;olivia.wilson264@example.com;555-1524;2024/05/13;Platinum;9172;T01148;2025/06/04;52.35;52;R7;Wireless Earbuds;8000.0;2025/01/25;8000.0
C0126;Daniel;Davis;daniel.davis126@example.com;555-9123;2022/08/17;Bronze;11766;T01149;2025/06/16;113.54;114;;;;;
C0965;Lucas;Anderson;lucas.anderson965@example.com;555-1874;2025/05/27;Bronze;9871;T01150;2025/02/08;357.27;357;;;;;
C0103;David;Taylor;david.taylor103@example.com;555-7929;2024/04/07;Bronze;10710;T01151;2025/06/06;20.22;20;;;;;
C0956;James;Lee;james.lee956@example.com;555-6789;2025/07/15;Gold;5324;T01152;2025/03/11;28.56;29;;;;;
C0097;David;Moore;david.moore97@example.com;555-2969;2024/04/16;Bronze;7207;T01153;2025/06/29;424.44;424;R5;Free Shipping;750.0;2025/01/18;750.0
C0240;Emily;Wilson;emily.wilson240@example.com;555-8851;2024/08/23;Bronze;4965;T01154;2025/04/08;217.95;218;;;;;
C0277;Sarah;Davis;sarah.davis277@example.com;555-1362;2024/03/06;Silver;2043;T01155;2025/02/10;178.66;179;;;;;
C0062;Jessica;Martinez;jessica.martinez62@example.com;555-1274;2023/07/28;Gold;12756;T01156;2025/04/03;135.76;136;;;;;
C0164;Mia;Johnson;mia.johnson164@example.com;555-6563;2023/06/04;Bronze;7390;T01157;2025/02/05;155.78;156;;;;;
C0188;Sarah;Anderson;sarah.anderson188@example.com;555-1117;2025/11/19;Gold;3764;T01158;2025/02/20;557.14;557;;;;;
C0325;Emily;Smith;emily.smith325@example.com;555-7262;2025/05/08;Platinum;10470;T01159;2025/02/18;30.03;30;;;;;
C0098;Emily;Anderson;emily.anderson98@example.com;555-3164;2023/10/10;Bronze;12782;T01160;2025/04/24;451.66;452;R5;Free Shipping;750.0;2025/01/30;750.0
C0168;Emma;Anderson;emma.anderson168@example.com;555-9781;2023/09/15;Bronze;8629;T01161;2025/02/26;204.47;204;R1;$5 Gift Voucher;500.0;2025/04/08;500.0
C0573;Sophia;Thomas;sophia.thomas573@example.com;555-8188;2024/07/22;Bronze;12607;T01162;2025/02/25;508.15;508;R7;Wireless Earbuds;8000.0;2025/02/25;8000.0
C0100;David;Davis;david.davis100@example.com;555-7388;2022/05/07;Gold;9381;T01163;2025/01/08;498.31;498;;;;;
C0564;Liam;Taylor;liam.taylor564@example.com;555-2666;2022/03/09;Silver;7706;T01164;2025/06/05;474.26;474;;;;;
C0962;Mia;Johnson;mia.johnson962@example.com;555-1957;2023/12/25;Silver;210;T01165;2025/03/03;493.99;494;;;;;
C0095;Liam;Smith;liam.smith95@example.com;555-4461;2023/10/18;Platinum;12430;T01166;2025/04/18;378.82;379;;;;;
C0832;Ava;Johnson;ava.johnson832@example.com;555-7212;2023/02/15;Bronze;14905;T01167;2025/02/21;363.76;364;;;;;
C0641;Emma;Brown;emma.brown641@example.com;555-3097;2023/09/22;Platinum;6123;T01168;2025/06/14;29.1;29;R1;$5 Gift Voucher;500.0;2025/02/25;500.0
C0395;Lucas;Thomas;lucas.thomas395@example.com;555-7797;2026/04/04;Silver;6617;T01169;2025/02/19;35.04;35;;;;;
C0937;Daniel;Lee;daniel.lee937@example.com;555-8858;2024/01/31;Silver;2083;T01170;2025/01/27;471.66;472;;;;;
C0081;Daniel;Taylor;daniel.taylor81@example.com;555-1435;2024/04/07;Platinum;3665;T01171;2025/01/14;7.1;7;;;;;
C0135;Sophia;Thomas;sophia.thomas135@example.com;555-5286;2024/05/31;Silver;10758;T01172;2025/02/01;186.42;186;;;;;
C0919;Mia;Anderson;mia.anderson919@example.com;555-7791;2025/04/27;Bronze;2483;T01173;2025/04/24;175.75;176;;;;;
C0176;David;Martinez;david.martinez176@example.com;555-8327;2026/02/19;Bronze;5510;T01174;2025/03/10;478.28;478;;;;;
C0049;Noah;Clark;noah.clark49@example.com;555-9202;2023/04/07;Bronze;4995;T01175;2025/01/04;598.41;598;;;;;
C0124;Liam;Davis;liam.davis124@example.com;555-6756;2022/02/12;Bronze;3729;T01176;2025/05/01;594.56;595;R4;T-Shirt;2500.0;2025/02/18;2500.0
C0240;Emily;Wilson;emily.wilson240@example.com;555-8851;2024/08/23;Bronze;4965;T01177;2025/02/23;383.61;384;;;;;
C0993;Noah;Anderson;noah.anderson993@example.com;555-5032;2024/01/09;Bronze;4053;T01178;2025/04/13;369.11;369;;;;;
C0059;Sarah;Anderson;sarah.anderson59@example.com;555-2381;2025/08/30;Platinum;6223;T01179;2025/05/04;487.55;488;R4;T-Shirt;2500.0;2025/06/20;2500.0
C0219;Daniel;Moore;daniel.moore219@example.com;555-4292;2023/12/17;Silver;14127;T01180;2025/03/22;198.0;198;;;;;
C0425;Emily;Lee;emily.lee425@example.com;555-6635;2022/09/06;Silver;9699;T01181;2025/06/28;548.58;549;;;;;
C0682;Ava;Davis;ava.davis682@example.com;555-9512;2025/10/22;Gold;11429;T01182;2025/01/01;420.42;420;;;;;
C0417;Michael;Taylor;michael.taylor417@example.com;555-5586;2023/10/29;Platinum;9086;T01183;2025/02/22;436.51;437;;;;;
C0031;Jessica;Moore;jessica.moore31@example.com;555-9944;2025/08/11;Silver;1898;T01184;2025/06/17;304.3;304;;;;;
C0343;Jessica;Davis;jessica.davis343@example.com;555-6889;2025/02/07;Bronze;4566;T01185;2025/05/17;358.42;358;;;;;
C0700;Jessica;Brown;jessica.brown700@example.com;555-5270;2026/01/15;Silver;9268;T01186;2025/04/17;462.49;462;;;;;
C0404;David;Moore;david.moore404@example.com;555-8514;2025/09/06;Platinum;6893;T01187;2025/05/23;456.92;457;R2;$10 Gift Voucher;1000.0;2025/06/20;1000.0
C0008;James;Moore;james.moore8@example.com;555-4263;2024/12/10;Gold;14037;T01188;2025/03/02;128.72;129;;;;;
C0928;James;Anderson;james.anderson928@example.com;555-7454;2023/04/07;Platinum;6476;T01189;2025/02/17;61.9;62;R4;T-Shirt;2500.0;2025/01/21;2500.0
C0906;Noah;Thomas;noah.thomas906@example.com;555-8386;2022/07/05;Gold;10106;T01190;2025/01/11;474.9;475;R7;Wireless Earbuds;8000.0;2025/02/19;8000.0
C0340;Daniel;Johnson;daniel.johnson340@example.com;555-9936;2023/03/22;Bronze;9367;T01191;2025/06/30;493.15;493;;;;;
C0492;Daniel;Smith;daniel.smith492@example.com;555-4371;2022/06/09;Platinum;8973;T01192;2025/03/20;176.52;177;;;;;
C0670;Sarah;Moore;sarah.moore670@example.com;555-1622;2025/09/29;Bronze;8164;T01193;2025/03/07;122.21;122;;;;;
C0494;Sophia;Martinez;sophia.martinez494@example.com;555-8200;2023/03/26;Silver;5964;T01194;2025/04/01;203.06;203;;;;;
C0308;David;Brown;david.brown308@example.com;555-7217;2024/10/05;Gold;6029;T01195;2025/05/20;136.61;137;;;;;
C0163;Noah;Wilson;noah.wilson163@example.com;555-1627;2022/10/24;Bronze;6367;T01196;2025/02/19;138.46;138;;;;;
C0127;Jessica;Thomas;jessica.thomas127@example.com;555-2131;2024/11/08;Silver;3992;T01197;2025/05/08;104.87;105;;;;;
C0981;James;Martinez;james.martinez981@example.com;555-2889;2022/12/15;Platinum;7673;T01198;2025/01/24;35.79;36;R6;VIP Event Access;5000.0;2025/04/15;5000.0
C0102;Sophia;Smith;sophia.smith102@example.com;555-6704;2025/10/28;Bronze;9728;T01199;2025/04/22;541.84;542;R2;$10 Gift Voucher;1000.0;2025/03/26;1000.0
C0627;Emily;Davis;emily.davis627@example.com;555-5118;2023/04/14;Gold;9311;T01200;2025/06/27;583.15;583;;;;;
C0464;Daniel;Johnson;daniel.johnson464@example.com;555-1216;2026/05/12;Bronze;2243;T01201;2025/06/02;341.03;341;;;;;
C0956;James;Lee;james.lee956@example.com;555-6789;2025/07/15;Gold;5324;T01202;2025/03/19;230.4;230;;;;;
C0550;Olivia;Davis;olivia.davis550@example.com;555-7204;2023/11/03;Gold;6489;T01203;2025/05/27;418.83;419;R5;Free Shipping;750.0;2025/04/09;750.0
C0283;John;Davis;john.davis283@example.com;555-1708;2022/03/05;Gold;6817;T01204;2025/02/15;355.37;355;R1;$5 Gift Voucher;500.0;2025/02/05;500.0
C0463;Sarah;Brown;sarah.brown463@example.com;555-2970;2023/04/29;Gold;13450;T01205;2025/04/06;141.64;142;R5;Free Shipping;750.0;2025/05/20;750.0
C0452;Lucas;Johnson;lucas.johnson452@example.com;555-1920;2023/11/06;Bronze;6794;T01206;2025/01/22;91.68;92;;;;;
C0623;James;Johnson;james.johnson623@example.com;555-6630;2023/02/05;Bronze;7766;T01207;2025/02/15;441.23;441;;;;;
C0294;Daniel;Clark;daniel.clark294@example.com;555-6338;2025/09/16;Silver;13074;T01208;2025/02/26;521.19;521;R7;Wireless Earbuds;8000.0;2025/02/10;8000.0
C0120;Sarah;Taylor;sarah.taylor120@example.com;555-7225;2025/04/05;Silver;12987;T01209;2025/01/30;370.97;371;;;;;
C0897;Emily;Johnson;emily.johnson897@example.com;555-5660;2025/03/28;Gold;10666;T01210;2025/06/16;74.29;74;;;;;
C0646;Noah;Brown;noah.brown646@example.com;555-5095;2022/02/04;Platinum;13928;T01211;2025/04/05;181.4;181;;;;;
C0530;Sophia;Lee;sophia.lee530@example.com;555-8054;2025/08/16;Silver;5519;T01212;2025/04/14;544.6;545;;;;;
C0392;Emma;Wilson;emma.wilson392@example.com;555-3452;2023/10/06;Bronze;11932;T01213;2025/03/11;186.08;186;;;;;
C0764;Jessica;Wilson;jessica.wilson764@example.com;555-3829;2025/05/16;Bronze;5928;T01214;2025/06/29;352.05;352;;;;;
C0889;John;Johnson;john.johnson889@example.com;555-1755;2024/10/20;Silver;7728;T01215;2025/04/04;419.12;419;;;;;
C0878;James;Clark;james.clark878@example.com;555-9008;2024/08/10;Silver;7500;T01216;2025/01/25;231.2;231;;;;;
C0666;Ava;Davis;ava.davis666@example.com;555-7913;2025/08/22;Gold;10181;T01217;2025/02/08;416.35;416;;;;;
C0003;Ava;Thomas;ava.thomas3@example.com;555-9031;2024/07/08;Bronze;10022;T01218;2025/04/16;586.65;587;R2;$10 Gift Voucher;1000.0;2025/04/01;1000.0
C0863;David;Martinez;david.martinez863@example.com;555-7728;2023/06/22;Platinum;10022;T01219;2025/06/07;237.64;238;R1;$5 Gift Voucher;500.0;2025/03/14;500.0
C0709;John;Thomas;john.thomas709@example.com;555-7029;2025/03/25;Silver;14035;T01220;2025/05/29;135.07;135;;;;;
C0305;Mia;Thomas;mia.thomas305@example.com;555-7872;2023/07/18;Bronze;10429;T01221;2025/01/09;39.91;40;R7;Wireless Earbuds;8000.0;2025/03/29;8000.0
C0008;James;Moore;james.moore8@example.com;555-4263;2024/12/10;Gold;14037;T01222;2025/01/01;465.09;465;;;;;
C0579;Emily;Thomas;emily.thomas579@example.com;555-6431;2025/08/01;Silver;7542;T01223;2025/02/24;59.52;60;;;;;
C0886;Olivia;Lee;olivia.lee886@example.com;555-8707;2026/01/16;Bronze;14584;T01224;2025/06/19;141.66;142;;;;;
C0270;Sophia;Davis;sophia.davis270@example.com;555-7904;2022/11/30;Bronze;9176;T01225;2025/05/24;283.46;283;;;;;
C0366;Liam;Davis;liam.davis366@example.com;555-2958;2022/03/30;Gold;7583;T01226;2025/01/13;399.16;399;R5;Free Shipping;750.0;2025/03/05;750.0
C0573;Sophia;Thomas;sophia.thomas573@example.com;555-8188;2024/07/22;Bronze;12607;T01227;2025/01/12;17.01;17;R6;VIP Event Access;5000.0;2025/01/17;5000.0
C0187;Daniel;Moore;daniel.moore187@example.com;555-7469;2022/04/07;Silver;12202;T01228;2025/05/23;533.14;533;;;;;
C0558;Liam;Thomas;liam.thomas558@example.com;555-8944;2023/11/24;Gold;11927;T01229;2025/03/25;430.83;431;;;;;
C0287;Emily;Brown;emily.brown287@example.com;555-5469;2024/04/05;Platinum;8321;T01230;2025/01/28;449.79;450;R3;Coffee Mug;1200.0;2025/03/21;1200.0
C0011;Olivia;Thomas;olivia.thomas11@example.com;555-1470;2025/07/22;Silver;6159;T01231;2025/04/28;445.06;445;;;;;
C0065;Michael;Wilson;michael.wilson65@example.com;555-7854;2023/01/23;Silver;4839;T01232;2025/04/04;32.31;32;;;;;
C0616;Noah;Martinez;noah.martinez616@example.com;555-9026;2022/09/25;Bronze;220;T01233;2025/05/10;571.89;572;R7;Wireless Earbuds;8000.0;2025/05/05;8000.0
C0087;Mia;Davis;mia.davis87@example.com;555-6901;2026/05/16;Bronze;4261;T01234;2025/04/08;470.58;471;R4;T-Shirt;2500.0;2025/02/19;2500.0
C0131;Noah;Thomas;noah.thomas131@example.com;555-1445;2024/03/14;Platinum;10443;T01235;2025/06/04;375.23;375;R7;Wireless Earbuds;8000.0;2025/04/12;8000.0
C0175;Emily;Brown;emily.brown175@example.com;555-7415;2022/06/11;Bronze;9556;T01236;2025/04/09;490.33;490;;;;;
C0663;Mia;Thomas;mia.thomas663@example.com;555-8249;2024/06/24;Silver;14767;T01237;2025/03/16;444.3;444;R1;$5 Gift Voucher;500.0;2025/05/13;500.0
C0109;Liam;Anderson;liam.anderson109@example.com;555-2238;2024/04/19;Platinum;13141;T01238;2025/03/24;594.3;594;;;;;
C0832;Ava;Johnson;ava.johnson832@example.com;555-7212;2023/02/15;Bronze;14905;T01239;2025/05/30;358.65;359;;;;;
C0493;Ava;Clark;ava.clark493@example.com;555-3616;2023/09/26;Bronze;4666;T01240;2025/02/18;322.36;322;;;;;
C0821;Olivia;Moore;olivia.moore821@example.com;555-7934;2022/04/21;Bronze;109;T01241;2025/06/11;162.2;162;;;;;
C0061;Noah;Martinez;noah.martinez61@example.com;555-3068;2026/05/18;Bronze;7347;T01242;2025/06/21;355.48;355;R1;$5 Gift Voucher;500.0;2025/05/04;500.0
C0504;Jessica;Smith;jessica.smith504@example.com;555-7824;2024/05/20;Bronze;4486;T01243;2025/06/25;79.19;79;R2;$10 Gift Voucher;1000.0;2025/03/09;1000.0
C0451;Liam;Johnson;liam.johnson451@example.com;555-7850;2024/11/23;Bronze;13714;T01244;2025/06/09;27.74;28;;;;;
C0509;Sophia;Wilson;sophia.wilson509@example.com;555-9558;2026/05/17;Platinum;12649;T01245;2025/06/21;416.36;416;R3;Coffee Mug;1200.0;2025/03/01;1200.0
C0369;Mia;Clark;mia.clark369@example.com;555-6975;2025/05/15;Bronze;1023;T01246;2025/06/23;358.81;359;;;;;
C0653;David;Thomas;david.thomas653@example.com;555-7885;2023/10/23;Gold;7917;T01247;2025/02/16;263.42;263;;;;;
C0055;Olivia;Wilson;olivia.wilson55@example.com;555-5957;2026/01/09;Platinum;489;T01248;2025/06/24;544.59;545;;;;;
C0636;David;Martinez;david.martinez636@example.com;555-9242;2026/01/22;Bronze;3160;T01249;2025/06/14;470.98;471;R2;$10 Gift Voucher;1000.0;2025/02/22;1000.0
C0732;Jessica;Martinez;jessica.martinez732@example.com;555-3241;2025/02/05;Gold;9353;T01250;2025/04/28;129.03;129;;;;;
C0722;Emma;Johnson;emma.johnson722@example.com;555-5564;2025/06/06;Gold;6247;T01251;2025/06/30;219.08;219;;;;;
C0515;Olivia;Lee;olivia.lee515@example.com;555-3806;2025/06/20;Gold;4371;T01252;2025/03/11;536.96;537;;;;;
C0822;Olivia;Smith;olivia.smith822@example.com;555-6061;2022/07/16;Gold;1052;T01253;2025/02/24;152.27;152;R5;Free Shipping;750.0;2025/04/06;750.0
C0364;Emma;Anderson;emma.anderson364@example.com;555-9121;2023/02/27;Bronze;6898;T01254;2025/03/23;386.41;386;;;;;
C0693;Sarah;Lee;sarah.lee693@example.com;555-6974;2022/11/16;Bronze;3876;T01255;2025/03/05;163.32;163;;;;;
C0075;John;Smith;john.smith75@example.com;555-5502;2024/12/12;Bronze;3207;T01256;2025/05/15;189.07;189;R3;Coffee Mug;1200.0;2025/03/25;1200.0
C0384;Daniel;Martinez;daniel.martinez384@example.com;555-2017;2022/02/04;Bronze;7454;T01257;2025/03/19;65.09;65;;;;;
C0802;Michael;Brown;michael.brown802@example.com;555-5024;2024/10/09;Bronze;8557;T01258;2025/06/25;515.41;515;;;;;
C0076;Lucas;Clark;lucas.clark76@example.com;555-3725;2024/07/05;Bronze;6378;T01259;2025/01/02;550.87;551;R7;Wireless Earbuds;8000.0;2025/06/18;8000.0
C0024;Olivia;Davis;olivia.davis24@example.com;555-4189;2022/10/05;Silver;3610;T01260;2025/03/19;500.68;501;;;;;
C0053;Emma;Wilson;emma.wilson53@example.com;555-1556;2025/08/14;Bronze;5628;T01261;2025/01/14;41.03;41;;;;;
C0111;Michael;Wilson;michael.wilson111@example.com;555-7230;2024/06/23;Bronze;2519;T01262;2025/05/09;196.05;196;;;;;
C0513;Michael;Davis;michael.davis513@example.com;555-3985;2024/07/07;Gold;276;T01263;2025/05/02;134.61;135;;;;;
C0266;James;Davis;james.davis266@example.com;555-3501;2022/08/03;Bronze;12965;T01264;2025/04/29;334.05;334;;;;;
C0616;Noah;Martinez;noah.martinez616@example.com;555-9026;2022/09/25;Bronze;220;T01265;2025/04/23;130.33;130;;;;;
C0377;David;Lee;david.lee377@example.com;555-9257;2024/08/21;Silver;8903;T01266;2025/02/24;277.56;278;;;;;
C0118;David;Davis;david.davis118@example.com;555-2485;2025/06/27;Silver;4119;T01267;2025/05/11;87.08;87;;;;;
C0456;James;Wilson;james.wilson456@example.com;555-6368;2022/02/09;Silver;1187;T01268;2025/01/25;461.23;461;R2;$10 Gift Voucher;1000.0;2025/04/04;1000.0
C0342;Lucas;Smith;lucas.smith342@example.com;555-8340;2023/08/18;Gold;14118;T01269;2025/03/10;141.17;141;;;;;
C0434;Sophia;Lee;sophia.lee434@example.com;555-5833;2024/06/16;Bronze;14403;T01270;2025/03/03;353.73;354;R4;T-Shirt;2500.0;2025/02/22;2500.0
C0496;Michael;Brown;michael.brown496@example.com;555-8555;2023/12/08;Bronze;8135;T01271;2025/03/30;300.04;300;;;;;
C0486;James;Davis;james.davis486@example.com;555-3002;2022/10/01;Gold;9254;T01272;2025/02/13;240.76;241;R3;Coffee Mug;1200.0;2025/03/25;1200.0
C0858;Emma;Clark;emma.clark858@example.com;555-6114;2025/12/08;Silver;1456;T01273;2025/04/22;12.14;12;;;;;
C0655;Noah;Martinez;noah.martinez655@example.com;555-5429;2022/10/30;Platinum;3118;T01274;2025/01/05;547.36;547;;;;;
C0810;Olivia;Moore;olivia.moore810@example.com;555-4152;2022/05/08;Gold;3024;T01275;2025/06/08;353.18;353;R4;T-Shirt;2500.0;2025/06/06;2500.0
C0069;John;Martinez;john.martinez69@example.com;555-5920;2025/08/03;Bronze;13459;T01276;2025/02/11;107.73;108;;;;;
C0688;Emma;Johnson;emma.johnson688@example.com;555-4773;2025/11/02;Silver;12051;T01277;2025/03/22;534.36;534;R6;VIP Event Access;5000.0;2025/01/18;5000.0
C0065;Michael;Wilson;michael.wilson65@example.com;555-7854;2023/01/23;Silver;4839;T01278;2025/02/28;187.74;188;R2;$10 Gift Voucher;1000.0;2025/01/05;1000.0
C0106;Lucas;Smith;lucas.smith106@example.com;555-4852;2022/01/21;Gold;2196;T01279;2025/04/24;462.55;463;;;;;
C0047;Jessica;Martinez;jessica.martinez47@example.com;555-2166;2024/07/15;Gold;7737;T01280;2025/02/19;595.16;595;R3;Coffee Mug;1200.0;2025/03/18;1200.0
C0656;Sophia;Taylor;sophia.taylor656@example.com;555-7966;2022/05/04;Bronze;11715;T01281;2025/04/26;305.94;306;;;;;
C0197;Olivia;Moore;olivia.moore197@example.com;555-1765;2022/04/20;Platinum;4296;T01282;2025/02/16;12.16;12;R7;Wireless Earbuds;8000.0;2025/06/20;8000.0
C0755;Emma;Clark;emma.clark755@example.com;555-4419;2024/07/14;Bronze;9419;T01283;2025/06/05;361.23;361;R4;T-Shirt;2500.0;2025/01/17;2500.0
C0322;Lucas;Clark;lucas.clark322@example.com;555-2502;2025/04/27;Gold;13885;T01284;2025/03/02;223.31;223;;;;;
C0987;Sarah;Thomas;sarah.thomas987@example.com;555-7739;2022/12/03;Bronze;12309;T01285;2025/03/02;437.84;438;;;;;
C0254;Ava;Lee;ava.lee254@example.com;555-9720;2024/01/04;Gold;11422;T01286;2025/05/24;141.47;141;;;;;
C0249;Sarah;Davis;sarah.davis249@example.com;555-4102;2025/04/24;Gold;14200;T01287;2025/04/25;24.8;25;R5;Free Shipping;750.0;2025/06/04;750.0
C0451;Liam;Johnson;liam.johnson451@example.com;555-7850;2024/11/23;Bronze;13714;T01288;2025/05/11;203.76;204;;;;;
C0491;Jessica;Clark;jessica.clark491@example.com;555-4417;2023/09/27;Platinum;2293;T01289;2025/01/27;383.62;384;R3;Coffee Mug;1200.0;2025/05/06;1200.0
C0337;Mia;Brown;mia.brown337@example.com;555-3992;2024/08/17;Silver;11420;T01290;2025/05/30;142.1;142;R7;Wireless Earbuds;8000.0;2025/02/09;8000.0
C0345;Daniel;Martinez;daniel.martinez345@example.com;555-6781;2022/11/06;Bronze;1777;T01291;2025/05/26;481.39;481;;;;;
C0694;Noah;Brown;noah.brown694@example.com;555-8099;2024/03/06;Bronze;5166;T01292;2025/01/09;420.8;421;R2;$10 Gift Voucher;1000.0;2025/05/31;1000.0
C0050;Emily;Martinez;emily.martinez50@example.com;555-8412;2024/08/14;Gold;5794;T01293;2025/03/31;510.9;511;;;;;
C0526;Liam;Moore;liam.moore526@example.com;555-7270;2022/09/14;Bronze;4346;T01294;2025/04/03;202.59;203;;;;;
C0277;Sarah;Davis;sarah.davis277@example.com;555-1362;2024/03/06;Silver;2043;T01295;2025/05/08;328.15;328;;;;;
C0546;Michael;Brown;michael.brown546@example.com;555-9025;2023/03/03;Bronze;5871;T01296;2025/03/12;14.41;14;R1;$5 Gift Voucher;500.0;2025/05/24;500.0
C0080;Sarah;Moore;sarah.moore80@example.com;555-8562;2025/07/23;Bronze;1051;T01297;2025/05/22;401.09;401;R4;T-Shirt;2500.0;2025/03/23;2500.0
C0241;Emma;Moore;emma.moore241@example.com;555-7612;2026/01/23;Platinum;12505;T01298;2025/02/08;82.92;83;;;;;
C0609;Ava;Lee;ava.lee609@example.com;555-2496;2025/10/18;Bronze;2611;T01299;2025/01/31;78.85;79;;;;;
C0336;Emma;Clark;emma.clark336@example.com;555-7975;2023/02/22;Platinum;10443;T01300;2025/05/06;373.61;374;;;;;
C0800;David;Anderson;david.anderson800@example.com;555-5620;2023/04/27;Bronze;1869;T01301;2025/01/05;442.47;442;R6;VIP Event Access;5000.0;2025/05/07;5000.0
C0857;Michael;Taylor;michael.taylor857@example.com;555-6780;2025/05/14;Gold;7148;T01302;2025/06/06;379.34;379;;;;;
C0173;Sophia;Taylor;sophia.taylor173@example.com;555-1784;2026/02/14;Bronze;1302;T01303;2025/03/22;282.73;283;;;;;
C0528;Emma;Smith;emma.smith528@example.com;555-9296;2024/11/20;Bronze;4244;T01304;2025/05/30;572.24;572;;;;;
C0334;Olivia;Moore;olivia.moore334@example.com;555-5870;2023/08/28;Gold;11570;T01305;2025/04/04;395.82;396;R1;$5 Gift Voucher;500.0;2025/02/20;500.0
C0892;Emma;Thomas;emma.thomas892@example.com;555-4336;2023/11/16;Bronze;7429;T01306;2025/05/11;154.49;154;;;;;
C0213;Michael;Martinez;michael.martinez213@example.com;555-4788;2023/02/17;Silver;2888;T01307;2025/01/15;222.26;222;;;;;
C0330;John;Taylor;john.taylor330@example.com;555-7033;2026/04/01;Silver;122;T01308;2025/04/23;173.61;174;;;;;
C0250;Jessica;Clark;jessica.clark250@example.com;555-2414;2022/09/20;Bronze;5098;T01309;2025/01/21;426.46;426;;;;;
C0038;James;Anderson;james.anderson38@example.com;555-6046;2025/01/14;Silver;2119;T01310;2025/06/19;465.09;465;R7;Wireless Earbuds;8000.0;2025/05/02;8000.0
C0395;Lucas;Thomas;lucas.thomas395@example.com;555-7797;2026/04/04;Silver;6617;T01311;2025/04/02;434.58;435;;;;;
C0498;Sarah;Wilson;sarah.wilson498@example.com;555-2940;2022/02/13;Bronze;11280;T01312;2025/04/22;599.79;600;R1;$5 Gift Voucher;500.0;2025/03/17;500.0
C0233;Liam;Smith;liam.smith233@example.com;555-3084;2023/11/24;Gold;10175;T01313;2025/02/05;120.83;121;R7;Wireless Earbuds;8000.0;2025/04/14;8000.0
C0265;Emma;Moore;emma.moore265@example.com;555-7079;2025/03/08;Silver;8705;T01314;2025/01/20;509.2;509;R7;Wireless Earbuds;8000.0;2025/02/26;8000.0
C0787;Liam;Davis;liam.davis787@example.com;555-7614;2025/11/26;Silver;8043;T01315;2025/01/23;242.99;243;;;;;
C0630;Emma;Davis;emma.davis630@example.com;555-7743;2024/08/04;Bronze;3298;T01316;2025/02/22;558.6;559;;;;;
C0920;Daniel;Thomas;daniel.thomas920@example.com;555-7551;2024/12/17;Gold;10961;T01317;2025/06/20;395.66;396;;;;;
C0738;James;Thomas;james.thomas738@example.com;555-2193;2024/06/30;Silver;2721;T01318;2025/01/12;438.22;438;R3;Coffee Mug;1200.0;2025/01/22;1200.0
C0641;Emma;Brown;emma.brown641@example.com;555-3097;2023/09/22;Platinum;6123;T01319;2025/06/08;512.43;512;;;;;
C0944;Olivia;Taylor;olivia.taylor944@example.com;555-2452;2023/03/27;Silver;14221;T01320;2025/04/04;535.82;536;R2;$10 Gift Voucher;1000.0;2025/06/07;1000.0
C0341;Michael;Thomas;michael.thomas341@example.com;555-5815;2023/12/20;Gold;2538;T01321;2025/03/05;576.29;576;;;;;
C0148;James;Brown;james.brown148@example.com;555-4177;2023/11/08;Gold;11593;T01322;2025/03/20;396.31;396;;;;;
C0025;Emily;Wilson;emily.wilson25@example.com;555-2572;2025/02/04;Silver;4036;T01323;2025/04/17;102.96;103;;;;;
C0443;Emily;Moore;emily.moore443@example.com;555-6337;2024/02/24;Gold;3676;T01324;2025/05/27;123.61;124;;;;;
C0327;John;Moore;john.moore327@example.com;555-6754;2022/10/24;Platinum;11006;T01325;2025/01/27;306.02;306;R2;$10 Gift Voucher;1000.0;2025/01/25;1000.0
C0911;Olivia;Davis;olivia.davis911@example.com;555-1444;2023/06/26;Gold;9186;T01326;2025/06/14;159.5;160;;;;;
C0169;Mia;Wilson;mia.wilson169@example.com;555-2259;2024/07/03;Gold;5780;T01327;2025/05/17;282.94;283;;;;;
C0417;Michael;Taylor;michael.taylor417@example.com;555-5586;2023/10/29;Platinum;9086;T01328;2025/05/17;270.7;271;R3;Coffee Mug;1200.0;2025/01/03;1200.0
C0839;Mia;Davis;mia.davis839@example.com;555-6091;2023/03/21;Silver;7362;T01329;2025/05/21;512.91;513;;;;;
C0535;James;Anderson;james.anderson535@example.com;555-1522;2024/05/09;Gold;5910;T01330;2025/04/27;173.02;173;;;;;
C0918;Liam;Smith;liam.smith918@example.com;555-1872;2023/02/23;Bronze;14353;T01331;2025/04/15;67.79;68;;;;;
C0077;Sophia;Clark;sophia.clark77@example.com;555-8432;2024/02/23;Platinum;12020;T01332;2025/06/19;125.59;126;;;;;
C0920;Daniel;Thomas;daniel.thomas920@example.com;555-7551;2024/12/17;Gold;10961;T01333;2025/03/14;138.3;138;R4;T-Shirt;2500.0;2025/02/19;2500.0
C0202;Daniel;Lee;daniel.lee202@example.com;555-7977;2024/02/23;Bronze;1038;T01334;2025/03/09;58.68;59;;;;;
C0428;Lucas;Moore;lucas.moore428@example.com;555-4336;2023/03/09;Bronze;5126;T01335;2025/01/14;589.05;589;;;;;
C0346;Emma;Davis;emma.davis346@example.com;555-6547;2024/05/14;Bronze;912;T01336;2025/02/06;304.49;304;;;;;
C0462;Lucas;Clark;lucas.clark462@example.com;555-9108;2023/12/15;Silver;7569;T01337;2025/04/05;146.77;147;R6;VIP Event Access;5000.0;2025/04/18;5000.0
C0954;John;Anderson;john.anderson954@example.com;555-6776;2024/07/28;Bronze;5324;T01338;2025/01/27;411.02;411;;;;;
C0255;Daniel;Smith;daniel.smith255@example.com;555-8253;2022/09/25;Silver;11549;T01339;2025/02/08;599.57;600;;;;;
C0336;Emma;Clark;emma.clark336@example.com;555-7975;2023/02/22;Platinum;10443;T01340;2025/04/22;22.07;22;;;;;
C0806;Sarah;Moore;sarah.moore806@example.com;555-7486;2022/11/01;Bronze;2139;T01341;2025/05/15;475.66;476;R5;Free Shipping;750.0;2025/03/09;750.0
C0062;Jessica;Martinez;jessica.martinez62@example.com;555-1274;2023/07/28;Gold;12756;T01342;2025/05/20;521.39;521;;;;;
C0290;Noah;Johnson;noah.johnson290@example.com;555-8532;2022/10/09;Silver;13445;T01343;2025/04/21;101.77;102;;;;;
C0943;Liam;Smith;liam.smith943@example.com;555-4580;2022/04/09;Platinum;2395;T01344;2025/06/06;364.37;364;R2;$10 Gift Voucher;1000.0;2025/03/19;1000.0
C0473;Liam;Taylor;liam.taylor473@example.com;555-5985;2023/03/24;Bronze;5737;T01345;2025/06/04;139.4;139;R2;$10 Gift Voucher;1000.0;2025/02/09;1000.0
C0952;Lucas;Clark;lucas.clark952@example.com;555-8963;2025/07/07;Silver;8921;T01346;2025/05/05;465.48;465;R6;VIP Event Access;5000.0;2025/03/21;5000.0
C0731;Liam;Martinez;liam.martinez731@example.com;555-1120;2022/02/09;Silver;14934;T01347;2025/06/16;72.72;73;;;;;
C0445;Noah;Clark;noah.clark445@example.com;555-3763;2025/11/04;Silver;456;T01348;2025/01/05;519.03;519;;;;;
C0731;Liam;Martinez;liam.martinez731@example.com;555-1120;2022/02/09;Silver;14934;T01349;2025/05/22;576.92;577;;;;;
C0526;Liam;Moore;liam.moore526@example.com;555-7270;2022/09/14;Bronze;4346;T01350;2025/02/09;497.02;497;;;;;
C0003;Ava;Thomas;ava.thomas3@example.com;555-9031;2024/07/08;Bronze;10022;T01351;2025/05/22;42.47;42;;;;;
C0844;Liam;Clark;liam.clark844@example.com;555-5545;2024/05/09;Bronze;13945;T01352;2025/02/16;297.07;297;;;;;
C0805;Sarah;Smith;sarah.smith805@example.com;555-1458;2025/10/16;Bronze;12995;T01353;2025/06/21;116.4;116;;;;;
C0067;Sophia;Brown;sophia.brown67@example.com;555-5292;2024/06/19;Silver;5972;T01354;2025/03/21;300.07;300;;;;;
C0530;Sophia;Lee;sophia.lee530@example.com;555-8054;2025/08/16;Silver;5519;T01355;2025/01/13;583.13;583;;;;;
C0027;Liam;Moore;liam.moore27@example.com;555-8075;2024/09/13;Bronze;814;T01356;2025/01/22;360.63;361;;;;;
C0846;Daniel;Wilson;daniel.wilson846@example.com;555-3995;2024/09/28;Bronze;27;T01357;2025/03/27;492.96;493;;;;;
C0622;Mia;Johnson;mia.johnson622@example.com;555-2431;2024/11/15;Bronze;8442;T01358;2025/01/04;572.46;572;R5;Free Shipping;750.0;2025/01/20;750.0
C0206;David;Johnson;david.johnson206@example.com;555-6518;2023/04/04;Gold;10292;T01359;2025/03/13;60.37;60;;;;;
C0208;Olivia;Martinez;olivia.martinez208@example.com;555-2430;2025/01/07;Silver;11225;T01360;2025/06/06;544.17;544;;;;;
C0958;Mia;Smith;mia.smith958@example.com;555-1286;2023/11/05;Silver;9684;T01361;2025/04/24;566.74;567;;;;;
C0266;James;Davis;james.davis266@example.com;555-3501;2022/08/03;Bronze;12965;T01362;2025/05/10;519.87;520;;;;;
C0716;Jessica;Clark;jessica.clark716@example.com;555-2125;2023/06/07;Bronze;11252;T01363;2025/06/10;588.25;588;;;;;
C0437;David;Davis;david.davis437@example.com;555-9510;2025/09/07;Silver;11741;T01364;2025/03/13;176.42;176;;;;;
C0664;David;Wilson;david.wilson664@example.com;555-1569;2024/01/07;Silver;10081;T01365;2025/05/27;33.9;34;;;;;
C0538;Emma;Smith;emma.smith538@example.com;555-7327;2023/07/27;Bronze;13783;T01366;2025/02/10;460.85;461;;;;;
C0169;Mia;Wilson;mia.wilson169@example.com;555-2259;2024/07/03;Gold;5780;T01367;2025/03/07;85.9;86;;;;;
C0823;Daniel;Taylor;daniel.taylor823@example.com;555-4540;2024/12/05;Silver;3065;T01368;2025/01/14;378.18;378;;;;;
C0614;James;Wilson;james.wilson614@example.com;555-9941;2025/12/23;Bronze;1849;T01369;2025/04/03;293.77;294;R5;Free Shipping;750.0;2025/04/21;750.0
C0827;Jessica;Johnson;jessica.johnson827@example.com;555-4945;2023/07/29;Silver;11866;T01370;2025/03/29;434.12;434;R7;Wireless Earbuds;8000.0;2025/06/25;8000.0
C0841;Ava;Clark;ava.clark841@example.com;555-9201;2023/05/25;Silver;1967;T01371;2025/03/20;514.56;515;R2;$10 Gift Voucher;1000.0;2025/06/17;1000.0
C0679;Daniel;Clark;daniel.clark679@example.com;555-8796;2022/11/08;Bronze;3415;T01372;2025/01/12;274.2;274;;;;;
C0238;Emma;Lee;emma.lee238@example.com;555-9641;2023/03/10;Bronze;11636;T01373;2025/04/09;558.93;559;;;;;
C0111;Michael;Wilson;michael.wilson111@example.com;555-7230;2024/06/23;Bronze;2519;T01374;2025/06/19;525.68;526;;;;;
C0572;John;Davis;john.davis572@example.com;555-7103;2025/05/06;Platinum;14185;T01375;2025/04/14;381.83;382;;;;;
C0506;Liam;Wilson;liam.wilson506@example.com;555-9007;2022/07/07;Bronze;13105;T01376;2025/02/17;461.27;461;;;;;
C0484;Liam;Anderson;liam.anderson484@example.com;555-6089;2025/07/30;Gold;10753;T01377;2025/01/23;430.69;431;R3;Coffee Mug;1200.0;2025/02/10;1200.0
C0507;James;Davis;james.davis507@example.com;555-9702;2022/08/27;Bronze;13916;T01378;2025/01/18;484.36;484;;;;;
C0915;Ava;Taylor;ava.taylor915@example.com;555-2118;2023/05/23;Bronze;733;T01379;2025/06/16;369.43;369;R1;$5 Gift Voucher;500.0;2025/02/26;500.0
C0285;Mia;Lee;mia.lee285@example.com;555-9794;2025/03/01;Bronze;1835;T01380;2025/05/23;539.61;540;;;;;
C0257;James;Martinez;james.martinez257@example.com;555-6486;2023/11/20;Gold;12417;T01381;2025/01/08;288.57;289;;;;;
C0809;John;Wilson;john.wilson809@example.com;555-9896;2023/07/04;Bronze;1341;T01382;2025/01/03;514.63;515;;;;;
C0782;Mia;Taylor;mia.taylor782@example.com;555-2580;2023/11/01;Platinum;11750;T01383;2025/06/21;184.21;184;;;;;
C0072;Daniel;Lee;daniel.lee72@example.com;555-9791;2022/12/02;Gold;2545;T01384;2025/02/05;381.39;381;;;;;
C0175;Emily;Brown;emily.brown175@example.com;555-7415;2022/06/11;Bronze;9556;T01385;2025/05/05;69.71;70;R3;Coffee Mug;1200.0;2025/02/28;1200.0
C0711;Sophia;Lee;sophia.lee711@example.com;555-1205;2024/05/22;Silver;3;T01386;2025/02/12;467.52;468;;;;;
C0686;David;Davis;david.davis686@example.com;555-9927;2022/04/27;Gold;3047;T01387;2025/03/24;378.57;379;;;;;
C0405;Lucas;Davis;lucas.davis405@example.com;555-8554;2023/04/19;Gold;6941;T01388;2025/03/02;324.33;324;R7;Wireless Earbuds;8000.0;2025/03/19;8000.0
C0306;Emma;Thomas;emma.thomas306@example.com;555-2893;2024/07/11;Platinum;9978;T01389;2025/04/01;195.27;195;;;;;
C0352;John;Smith;john.smith352@example.com;555-9362;2025/05/16;Silver;14992;T01390;2025/05/28;162.46;162;;;;;
C0438;Sarah;Wilson;sarah.wilson438@example.com;555-3160;2022/05/04;Silver;11424;T01391;2025/02/14;144.31;144;;;;;
C0337;Mia;Brown;mia.brown337@example.com;555-3992;2024/08/17;Silver;11420;T01392;2025/03/30;35.72;36;R4;T-Shirt;2500.0;2025/05/10;2500.0
C0799;Olivia;Smith;olivia.smith799@example.com;555-1384;2025/04/03;Platinum;3320;T01393;2025/04/22;344.49;344;R7;Wireless Earbuds;8000.0;2025/03/23;8000.0
C0856;John;Thomas;john.thomas856@example.com;555-6485;2022/01/05;Silver;13071;T01394;2025/01/08;115.45;115;;;;;
C0767;Sarah;Johnson;sarah.johnson767@example.com;555-1648;2025/06/01;Bronze;14701;T01395;2025/05/08;183.18;183;;;;;
C0162;David;Brown;david.brown162@example.com;555-4632;2023/11/13;Bronze;9550;T01396;2025/04/21;266.11;266;;;;;
C0112;John;Thomas;john.thomas112@example.com;555-5175;2024/06/11;Platinum;1621;T01397;2025/05/11;424.03;424;R5;Free Shipping;750.0;2025/04/22;750.0
C0721;Olivia;Anderson;olivia.anderson721@example.com;555-6644;2024/02/27;Gold;13521;T01398;2025/03/17;511.86;512;R2;$10 Gift Voucher;1000.0;2025/01/15;1000.0
C0421;Sarah;Brown;sarah.brown421@example.com;555-2103;2023/12/27;Silver;2326;T01399;2025/02/13;530.66;531;;;;;
C0531;Liam;Davis;liam.davis531@example.com;555-5839;2025/07/29;Silver;12419;T01400;2025/02/09;137.89;138;;;;;
C0749;Olivia;Johnson;olivia.johnson749@example.com;555-5093;2023/12/15;Platinum;8853;T01401;2025/01/10;536.34;536;;;;;
C0477;Jessica;Brown;jessica.brown477@example.com;555-2134;2025/01/08;Silver;13743;T01402;2025/06/20;278.27;278;R3;Coffee Mug;1200.0;2025/03/15;1200.0
C0082;John;Taylor;john.taylor82@example.com;555-6327;2026/03/23;Bronze;601;T01403;2025/02/14;466.72;467;;;;;
C0296;Olivia;Thomas;olivia.thomas296@example.com;555-8379;2023/05/13;Platinum;2905;T01404;2025/02/16;170.81;171;;;;;
C0845;Olivia;Taylor;olivia.taylor845@example.com;555-5590;2022/02/11;Bronze;12630;T01405;2025/06/25;418.02;418;;;;;
C0134;Noah;Davis;noah.davis134@example.com;555-7680;2025/04/27;Bronze;4498;T01406;2025/04/25;247.08;247;R4;T-Shirt;2500.0;2025/03/15;2500.0
C0387;Lucas;Smith;lucas.smith387@example.com;555-5905;2026/04/15;Silver;14284;T01407;2025/02/22;412.99;413;;;;;
C0614;James;Wilson;james.wilson614@example.com;555-9941;2025/12/23;Bronze;1849;T01408;2025/03/22;209.6;210;;;;;
C0268;Olivia;Lee;olivia.lee268@example.com;555-7391;2025/11/03;Gold;4480;T01409;2025/02/25;82.28;82;;;;;
C0460;David;Moore;david.moore460@example.com;555-1203;2022/01/15;Silver;11320;T01410;2025/01/21;101.93;102;;;;;
C0224;Emma;Martinez;emma.martinez224@example.com;555-7643;2022/04/16;Silver;10246;T01411;2025/01/21;190.24;190;R7;Wireless Earbuds;8000.0;2025/05/29;8000.0
C0624;Sarah;Taylor;sarah.taylor624@example.com;555-4408;2025/11/02;Bronze;8965;T01412;2025/02/05;194.82;195;;;;;
C0975;Sarah;Lee;sarah.lee975@example.com;555-7290;2026/05/11;Silver;14135;T01413;2025/02/16;529.47;529;;;;;
C0367;Emily;Taylor;emily.taylor367@example.com;555-5180;2023/10/17;Bronze;7561;T01414;2025/05/10;482.84;483;;;;;
C0263;Jessica;Johnson;jessica.johnson263@example.com;555-1179;2024/01/12;Gold;12555;T01415;2025/02/02;491.12;491;;;;;
C0252;Emma;Moore;emma.moore252@example.com;555-9971;2022/11/08;Bronze;5335;T01416;2025/04/15;433.39;433;;;;;
C0869;Noah;Smith;noah.smith869@example.com;555-9117;2025/11/30;Silver;2977;T01417;2025/04/08;179.87;180;R6;VIP Event Access;5000.0;2025/01/17;5000.0
C0211;Mia;Wilson;mia.wilson211@example.com;555-8781;2022/11/23;Silver;8904;T01418;2025/01/06;439.56;440;;;;;
C0730;David;Anderson;david.anderson730@example.com;555-7725;2025/09/03;Gold;9672;T01419;2025/05/27;599.21;599;R6;VIP Event Access;5000.0;2025/06/15;5000.0
C0888;Mia;Clark;mia.clark888@example.com;555-9368;2026/03/11;Bronze;3200;T01420;2025/02/20;245.84;246;;;;;
C0413;Noah;Davis;noah.davis413@example.com;555-9590;2024/11/19;Gold;3802;T01421;2025/02/15;219.01;219;;;;;
C0653;David;Thomas;david.thomas653@example.com;555-7885;2023/10/23;Gold;7917;T01422;2025/03/02;590.36;590;;;;;
C0213;Michael;Martinez;michael.martinez213@example.com;555-4788;2023/02/17;Silver;2888;T01423;2025/04/02;149.21;149;;;;;
C0285;Mia;Lee;mia.lee285@example.com;555-9794;2025/03/01;Bronze;1835;T01424;2025/03/28;501.29;501;;;;;
C0413;Noah;Davis;noah.davis413@example.com;555-9590;2024/11/19;Gold;3802;T01425;2025/03/17;552.34;552;R4;T-Shirt;2500.0;2025/06/15;2500.0
C0821;Olivia;Moore;olivia.moore821@example.com;555-7934;2022/04/21;Bronze;109;T01426;2025/06/01;357.9;358;;;;;
C0409;Ava;Johnson;ava.johnson409@example.com;555-8397;2025/12/15;Platinum;5007;T01427;2025/02/26;55.22;55;;;;;
C0471;Noah;Johnson;noah.johnson471@example.com;555-4987;2024/10/22;Platinum;8173;T01428;2025/04/13;199.44;199;;;;;
C0054;Liam;Clark;liam.clark54@example.com;555-8426;2023/07/14;Platinum;5355;T01429;2025/02/03;375.86;376;;;;;
C0102;Sophia;Smith;sophia.smith102@example.com;555-6704;2025/10/28;Bronze;9728;T01430;2025/06/21;323.86;324;;;;;
C0887;Liam;Wilson;liam.wilson887@example.com;555-1499;2024/08/20;Platinum;3422;T01431;2025/02/26;382.96;383;;;;;
C0792;Michael;Thomas;michael.thomas792@example.com;555-6712;2023/01/23;Gold;14378;T01432;2025/02/12;374.43;374;R4;T-Shirt;2500.0;2025/02/10;2500.0
C0420;Liam;Wilson;liam.wilson420@example.com;555-4494;2022/11/30;Silver;2167;T01433;2025/05/01;561.48;561;R6;VIP Event Access;5000.0;2025/06/17;5000.0
C0947;Emma;Moore;emma.moore947@example.com;555-6416;2025/10/03;Silver;10308;T01434;2025/05/17;365.0;365;;;;;
C0234;Sarah;Martinez;sarah.martinez234@example.com;555-9451;2025/04/10;Silver;4178;T01435;2025/01/22;229.03;229;R1;$5 Gift Voucher;500.0;2025/03/12;500.0
C0171;Liam;Johnson;liam.johnson171@example.com;555-5373;2025/10/19;Silver;13784;T01436;2025/01/26;447.3;447;;;;;
C0318;Ava;Martinez;ava.martinez318@example.com;555-8539;2026/03/19;Gold;9302;T01437;2025/04/30;426.67;427;;;;;
C0528;Emma;Smith;emma.smith528@example.com;555-9296;2024/11/20;Bronze;4244;T01438;2025/06/05;165.42;165;R4;T-Shirt;2500.0;2025/06/28;2500.0
C0397;Emily;Martinez;emily.martinez397@example.com;555-9588;2024/12/02;Silver;5540;T01439;2025/06/14;37.42;37;R5;Free Shipping;750.0;2025/01/17;750.0
C0431;Emily;Lee;emily.lee431@example.com;555-3993;2023/09/16;Silver;13101;T01440;2025/06/13;538.87;539;;;;;
C0521;Sophia;Wilson;sophia.wilson521@example.com;555-4912;2025/01/16;Gold;3045;T01441;2025/01/09;460.29;460;R6;VIP Event Access;5000.0;2025/01/20;5000.0
C0675;Emma;Johnson;emma.johnson675@example.com;555-4655;2023/07/27;Platinum;5890;T01442;2025/03/09;60.07;60;;;;;
C0373;John;Brown;john.brown373@example.com;555-3934;2025/01/30;Silver;11995;T01443;2025/04/07;394.13;394;;;;;
C0858;Emma;Clark;emma.clark858@example.com;555-6114;2025/12/08;Silver;1456;T01444;2025/05/16;371.8;372;R6;VIP Event Access;5000.0;2025/01/14;5000.0
C0599;Sophia;Wilson;sophia.wilson599@example.com;555-2621;2023/07/24;Platinum;3698;T01445;2025/01/02;593.43;593;R3;Coffee Mug;1200.0;2025/02/12;1200.0
C0492;Daniel;Smith;daniel.smith492@example.com;555-4371;2022/06/09;Platinum;8973;T01446;2025/06/02;547.39;547;;;;;
C0900;Emily;Clark;emily.clark900@example.com;555-7639;2024/09/23;Gold;5921;T01447;2025/02/23;500.09;500;;;;;
C0923;Sarah;Smith;sarah.smith923@example.com;555-7284;2025/04/07;Silver;6073;T01448;2025/04/05;544.82;545;R6;VIP Event Access;5000.0;2025/04/26;5000.0
C0131;Noah;Thomas;noah.thomas131@example.com;555-1445;2024/03/14;Platinum;10443;T01449;2025/04/17;409.36;409;;;;;
C0541;Liam;Thomas;liam.thomas541@example.com;555-1552;2023/01/27;Gold;11368;T01450;2025/05/08;246.53;247;R7;Wireless Earbuds;8000.0;2025/06/13;8000.0
C0704;Lucas;Davis;lucas.davis704@example.com;555-6535;2025/01/03;Gold;12888;T01451;2025/04/09;280.48;280;R1;$5 Gift Voucher;500.0;2025/05/26;500.0
C0287;Emily;Brown;emily.brown287@example.com;555-5469;2024/04/05;Platinum;8321;T01452;2025/05/02;230.55;231;;;;;
C0484;Liam;Anderson;liam.anderson484@example.com;555-6089;2025/07/30;Gold;10753;T01453;2025/02/07;516.29;516;;;;;
C0083;Daniel;Lee;daniel.lee83@example.com;555-9086;2024/02/21;Bronze;2335;T01454;2025/06/21;259.31;259;;;;;
C0962;Mia;Johnson;mia.johnson962@example.com;555-1957;2023/12/25;Silver;210;T01455;2025/02/21;564.57;565;;;;;
C0270;Sophia;Davis;sophia.davis270@example.com;555-7904;2022/11/30;Bronze;9176;T01456;2025/04/08;544.44;544;;;;;
C0215;Daniel;Davis;daniel.davis215@example.com;555-2635;2022/10/12;Silver;5565;T01457;2025/06/05;370.02;370;;;;;
C0427;David;Taylor;david.taylor427@example.com;555-8200;2025/05/25;Bronze;1857;T01458;2025/01/13;569.46;569;;;;;
C0503;James;Taylor;james.taylor503@example.com;555-6704;2025/02/13;Bronze;8066;T01459;2025/03/19;418.5;418;;;;;
C0531;Liam;Davis;liam.davis531@example.com;555-5839;2025/07/29;Silver;12419;T01460;2025/01/06;246.11;246;;;;;
C0373;John;Brown;john.brown373@example.com;555-3934;2025/01/30;Silver;11995;T01461;2025/02/02;428.67;429;R5;Free Shipping;750.0;2025/03/09;750.0
C0589;John;Wilson;john.wilson589@example.com;555-7593;2023/11/13;Silver;7742;T01462;2025/04/02;513.56;514;;;;;
C0814;James;Johnson;james.johnson814@example.com;555-6576;2023/01/13;Platinum;12945;T01463;2025/05/05;548.44;548;;;;;
C0132;Ava;Moore;ava.moore132@example.com;555-8051;2022/07/16;Silver;1029;T01464;2025/02/02;342.36;342;R7;Wireless Earbuds;8000.0;2025/02/16;8000.0
C0684;Daniel;Lee;daniel.lee684@example.com;555-9142;2022/03/04;Gold;5648;T01465;2025/01/04;83.3;83;;;;;
C0595;Sarah;Martinez;sarah.martinez595@example.com;555-6805;2023/02/16;Bronze;14928;T01466;2025/03/22;140.63;141;;;;;
C0692;Daniel;Anderson;daniel.anderson692@example.com;555-6657;2022/03/11;Silver;9393;T01467;2025/03/05;382.34;382;R4;T-Shirt;2500.0;2025/06/19;2500.0
C0505;Emily;Thomas;emily.thomas505@example.com;555-2816;2022/02/13;Bronze;10648;T01468;2025/03/09;297.69;298;;;;;
C0815;John;Lee;john.lee815@example.com;555-3064;2023/05/17;Bronze;12778;T01469;2025/06/23;260.6;261;;;;;
C0457;David;Wilson;david.wilson457@example.com;555-2030;2026/03/17;Bronze;11122;T01470;2025/06/04;217.46;217;;;;;
C0440;Lucas;Taylor;lucas.taylor440@example.com;555-2620;2022/11/06;Platinum;4274;T01471;2025/06/28;120.05;120;;;;;
C0913;Sophia;Martinez;sophia.martinez913@example.com;555-3792;2023/04/25;Silver;12686;T01472;2025/05/30;103.5;104;;;;;
C0207;Ava;Lee;ava.lee207@example.com;555-7921;2024/09/25;Platinum;13023;T01473;2025/05/09;363.16;363;;;;;
C0470;Emily;Davis;emily.davis470@example.com;555-9874;2024/04/02;Bronze;10416;T01474;2025/06/13;547.17;547;;;;;
C0514;Emily;Smith;emily.smith514@example.com;555-4469;2022/03/14;Gold;10343;T01475;2025/01/24;488.33;488;R4;T-Shirt;2500.0;2025/06/05;2500.0
C0505;Emily;Thomas;emily.thomas505@example.com;555-2816;2022/02/13;Bronze;10648;T01476;2025/01/19;355.09;355;R2;$10 Gift Voucher;1000.0;2025/06/03;1000.0
C0452;Lucas;Johnson;lucas.johnson452@example.com;555-1920;2023/11/06;Bronze;6794;T01477;2025/06/27;67.0;67;;;;;
C0454;Ava;Wilson;ava.wilson454@example.com;555-5530;2024/01/11;Platinum;13332;T01478;2025/02/19;574.35;574;R4;T-Shirt;2500.0;2025/03/31;2500.0
C0715;James;Thomas;james.thomas715@example.com;555-2523;2023/06/27;Silver;2520;T01479;2025/06/19;468.62;469;R1;$5 Gift Voucher;500.0;2025/01/14;500.0
C0168;Emma;Anderson;emma.anderson168@example.com;555-9781;2023/09/15;Bronze;8629;T01480;2025/03/03;477.69;478;;;;;
C0950;John;Brown;john.brown950@example.com;555-9511;2025/03/27;Gold;6746;T01481;2025/04/08;319.55;320;;;;;
C0644;Mia;Davis;mia.davis644@example.com;555-6148;2023/06/15;Gold;5370;T01482;2025/02/06;203.59;204;;;;;
C0843;David;Moore;david.moore843@example.com;555-3350;2023/08/11;Silver;7582;T01483;2025/03/20;202.52;203;R3;Coffee Mug;1200.0;2025/01/11;1200.0
C0358;Daniel;Johnson;daniel.johnson358@example.com;555-5051;2024/02/05;Bronze;8462;T01484;2025/05/30;503.35;503;R4;T-Shirt;2500.0;2025/05/21;2500.0
C0407;Noah;Lee;noah.lee407@example.com;555-7685;2025/03/28;Bronze;8465;T01485;2025/01/24;473.83;474;;;;;
C0866;Mia;Clark;mia.clark866@example.com;555-8768;2023/04/08;Gold;5004;T01486;2025/02/08;488.31;488;;;;;
C0200;Noah;Taylor;noah.taylor200@example.com;555-4989;2025/05/04;Silver;99;T01487;2025/04/04;190.13;190;R3;Coffee Mug;1200.0;2025/06/19;1200.0
C0571;Emma;Martinez;emma.martinez571@example.com;555-8467;2025/10/09;Bronze;7937;T01488;2025/03/15;346.56;347;;;;;
C0971;Emily;Davis;emily.davis971@example.com;555-3887;2023/02/20;Silver;7269;T01489;2025/04/09;138.55;139;;;;;
C0410;Mia;Moore;mia.moore410@example.com;555-8873;2025/12/22;Silver;6059;T01490;2025/02/27;368.77;369;;;;;
C0769;Olivia;Wilson;olivia.wilson769@example.com;555-8221;2022/11/23;Platinum;12318;T01491;2025/06/01;564.0;564;;;;;
C0033;Ava;Brown;ava.brown33@example.com;555-8008;2022/07/05;Gold;5147;T01492;2025/06/20;17.63;18;R4;T-Shirt;2500.0;2025/03/29;2500.0
C0396;Liam;Moore;liam.moore396@example.com;555-8698;2023/04/13;Silver;2972;T01493;2025/05/24;584.26;584;R5;Free Shipping;750.0;2025/03/18;750.0
C0495;Lucas;Brown;lucas.brown495@example.com;555-4320;2022/12/19;Bronze;13538;T01494;2025/05/31;401.34;401;R7;Wireless Earbuds;8000.0;2025/05/14;8000.0
C0230;James;Taylor;james.taylor230@example.com;555-7279;2024/04/23;Silver;8226;T01495;2025/05/15;379.85;380;;;;;
C0469;John;Taylor;john.taylor469@example.com;555-3956;2024/10/09;Silver;5725;T01496;2025/06/14;430.91;431;;;;;
C0055;Olivia;Wilson;olivia.wilson55@example.com;555-5957;2026/01/09;Platinum;489;T01497;2025/06/09;16.37;16;;;;;
C0582;Ava;Wilson;ava.wilson582@example.com;555-2411;2024/01/18;Bronze;10342;T01498;2025/02/12;172.1;172;;;;;
C0156;Emma;Thomas;emma.thomas156@example.com;555-2482;2023/05/26;Silver;10627;T01499;2025/03/23;308.92;309;R6;VIP Event Access;5000.0;2025/03/12;5000.0
C0443;Emily;Moore;emily.moore443@example.com;555-6337;2024/02/24;Gold;3676;T01500;2025/04/13;397.37;397;R4;T-Shirt;2500.0;2025/01/26;2500.0
C0424;Sophia;Thomas;sophia.thomas424@example.com;555-2950;2024/06/12;Bronze;4840;T01501;2025/06/21;93.25;93;;;;;
C0821;Olivia;Moore;olivia.moore821@example.com;555-7934;2022/04/21;Bronze;109;T01502;2025/06/09;373.74;374;R2;$10 Gift Voucher;1000.0;2025/05/20;1000.0
C0957;Sophia;Taylor;sophia.taylor957@example.com;555-7883;2024/05/20;Bronze;2065;T01503;2025/06/08;599.67;600;;;;;
C0750;Noah;Davis;noah.davis750@example.com;555-4671;2023/04/03;Bronze;11493;T01504;2025/01/10;529.31;529;;;;;
C0449;John;Davis;john.davis449@example.com;555-7024;2022/10/12;Gold;12675;T01505;2025/01/15;391.27;391;;;;;
C0259;Daniel;Martinez;daniel.martinez259@example.com;555-3427;2022/10/09;Bronze;461;T01506;2025/03/27;261.92;262;R1;$5 Gift Voucher;500.0;2025/02/22;500.0
C0074;Jessica;Wilson;jessica.wilson74@example.com;555-6191;2025/07/27;Silver;12176;T01507;2025/03/02;418.79;419;R1;$5 Gift Voucher;500.0;2025/03/28;500.0
C0553;James;Davis;james.davis553@example.com;555-1561;2025/01/31;Gold;8901;T01508;2025/06/20;365.47;365;;;;;
C0275;Lucas;Brown;lucas.brown275@example.com;555-9057;2025/08/27;Silver;5840;T01509;2025/04/13;114.34;114;;;;;
C0526;Liam;Moore;liam.moore526@example.com;555-7270;2022/09/14;Bronze;4346;T01510;2025/06/02;560.96;561;R5;Free Shipping;750.0;2025/01/09;750.0
C0503;James;Taylor;james.taylor503@example.com;555-6704;2025/02/13;Bronze;8066;T01511;2025/02/26;568.22;568;;;;;
C0708;Michael;Taylor;michael.taylor708@example.com;555-1118;2022/02/17;Gold;11946;T01512;2025/03/03;143.02;143;R1;$5 Gift Voucher;500.0;2025/01/02;500.0
C0026;Liam;Wilson;liam.wilson26@example.com;555-4215;2024/11/04;Silver;2439;T01513;2025/01/13;118.89;119;;;;;
C0760;Mia;Davis;mia.davis760@example.com;555-1949;2026/03/17;Silver;1226;T01514;2025/05/15;520.21;520;;;;;
C0307;Ava;Brown;ava.brown307@example.com;555-9343;2022/01/11;Silver;2314;T01515;2025/06/24;464.09;464;;;;;
C0086;John;Wilson;john.wilson86@example.com;555-2570;2025/01/01;Bronze;5318;T01516;2025/01/24;386.06;386;;;;;
C0756;Lucas;Anderson;lucas.anderson756@example.com;555-8375;2025/04/09;Gold;13616;T01517;2025/01/14;501.88;502;;;;;
C0269;Lucas;Wilson;lucas.wilson269@example.com;555-2163;2023/10/26;Bronze;9494;T01518;2025/01/01;249.88;250;;;;;
C0335;Sarah;Anderson;sarah.anderson335@example.com;555-4773;2025/04/09;Bronze;14149;T01519;2025/04/12;578.14;578;;;;;
C0634;Liam;Moore;liam.moore634@example.com;555-7671;2025/02/28;Platinum;11203;T01520;2025/01/12;524.16;524;;;;;
C0512;John;Moore;john.moore512@example.com;555-1055;2023/03/22;Bronze;10840;T01521;2025/05/30;31.22;31;;;;;
C0865;James;Johnson;james.johnson865@example.com;555-2831;2025/11/11;Bronze;5107;T01522;2025/01/17;443.2;443;;;;;
C0150;Jessica;Anderson;jessica.anderson150@example.com;555-8856;2025/11/22;Silver;10234;T01523;2025/02/16;315.57;316;R2;$10 Gift Voucher;1000.0;2025/05/28;1000.0
C0560;Michael;Taylor;michael.taylor560@example.com;555-6626;2023/12/29;Bronze;9415;T01524;2025/06/12;431.38;431;;;;;
C0284;Noah;Davis;noah.davis284@example.com;555-4453;2023/07/14;Silver;10116;T01525;2025/04/30;155.32;155;;;;;
C0948;Mia;Clark;mia.clark948@example.com;555-6158;2024/08/04;Platinum;8225;T01526;2025/05/30;297.09;297;;;;;
C0430;Lucas;Johnson;lucas.johnson430@example.com;555-9173;2022/01/12;Gold;3929;T01527;2025/05/18;384.5;384;R1;$5 Gift Voucher;500.0;2025/04/11;500.0
C0410;Mia;Moore;mia.moore410@example.com;555-8873;2025/12/22;Silver;6059;T01528;2025/05/16;423.8;424;R4;T-Shirt;2500.0;2025/03/22;2500.0
C0140;James;Clark;james.clark140@example.com;555-9228;2024/02/21;Silver;8442;T01529;2025/06/03;362.51;363;;;;;
C0571;Emma;Martinez;emma.martinez571@example.com;555-8467;2025/10/09;Bronze;7937;T01530;2025/03/11;40.77;41;;;;;
C0549;Michael;Thomas;michael.thomas549@example.com;555-9714;2026/04/20;Silver;4541;T01531;2025/02/19;162.16;162;R3;Coffee Mug;1200.0;2025/02/01;1200.0
C0757;Emma;Davis;emma.davis757@example.com;555-2851;2025/09/24;Bronze;7681;T01532;2025/04/06;339.15;339;R2;$10 Gift Voucher;1000.0;2025/06/12;1000.0
C0221;Jessica;Lee;jessica.lee221@example.com;555-5797;2022/01/18;Bronze;11680;T01533;2025/01/24;221.7;222;;;;;
C0022;John;Moore;john.moore22@example.com;555-7927;2022/05/15;Silver;7983;T01534;2025/02/15;431.22;431;;;;;
C0244;Olivia;Thomas;olivia.thomas244@example.com;555-6532;2023/07/20;Bronze;14408;T01535;2025/03/20;402.78;403;R1;$5 Gift Voucher;500.0;2025/03/16;500.0
C0395;Lucas;Thomas;lucas.thomas395@example.com;555-7797;2026/04/04;Silver;6617;T01536;2025/03/08;494.73;495;R2;$10 Gift Voucher;1000.0;2025/06/15;1000.0
C0990;Ava;Martinez;ava.martinez990@example.com;555-3377;2024/05/30;Silver;1431;T01537;2025/02/17;591.94;592;;;;;
C0561;Liam;Smith;liam.smith561@example.com;555-4465;2022/08/21;Bronze;257;T01538;2025/03/16;476.45;476;;;;;
C0636;David;Martinez;david.martinez636@example.com;555-9242;2026/01/22;Bronze;3160;T01539;2025/05/16;586.88;587;;;;;
C0419;Sophia;Wilson;sophia.wilson419@example.com;555-5840;2024/10/01;Gold;11864;T01540;2025/06/30;518.75;519;;;;;
C0530;Sophia;Lee;sophia.lee530@example.com;555-8054;2025/08/16;Silver;5519;T01541;2025/05/15;401.51;402;;;;;
C0917;Liam;Wilson;liam.wilson917@example.com;555-8949;2026/02/14;Silver;12590;T01542;2025/01/13;337.62;338;;;;;
C0223;Noah;Moore;noah.moore223@example.com;555-2192;2026/03/29;Bronze;5742;T01543;2025/04/26;585.37;585;;;;;
C0810;Olivia;Moore;olivia.moore810@example.com;555-4152;2022/05/08;Gold;3024;T01544;2025/02/27;517.73;518;;;;;
C0261;Noah;Anderson;noah.anderson261@example.com;555-9667;2025/05/13;Silver;4302;T01545;2025/01/31;510.18;510;;;;;
C0745;Noah;Taylor;noah.taylor745@example.com;555-6508;2022/06/22;Silver;1142;T01546;2025/03/19;44.56;45;R5;Free Shipping;750.0;2025/05/11;750.0
C0287;Emily;Brown;emily.brown287@example.com;555-5469;2024/04/05;Platinum;8321;T01547;2025/02/08;161.98;162;R4;T-Shirt;2500.0;2025/03/05;2500.0
C0189;David;Lee;david.lee189@example.com;555-7852;2025/07/29;Silver;3704;T01548;2025/02/05;333.38;333;R3;Coffee Mug;1200.0;2025/03/29;1200.0
C0143;Liam;Johnson;liam.johnson143@example.com;555-1923;2022/09/01;Bronze;8742;T01549;2025/04/27;312.99;313;;;;;
C0951;James;Lee;james.lee951@example.com;555-7525;2023/07/18;Bronze;1964;T01550;2025/05/27;420.72;421;;;;;
C0065;Michael;Wilson;michael.wilson65@example.com;555-7854;2023/01/23;Silver;4839;T01551;2025/05/27;349.47;349;;;;;
C0853;Mia;Anderson;mia.anderson853@example.com;555-1301;2025/09/10;Gold;369;T01552;2025/01/08;75.08;75;R7;Wireless Earbuds;8000.0;2025/05/01;8000.0
C0546;Michael;Brown;michael.brown546@example.com;555-9025;2023/03/03;Bronze;5871;T01553;2025/03/14;337.09;337;;;;;
C0051;Emily;Lee;emily.lee51@example.com;555-1423;2022/04/25;Bronze;3719;T01554;2025/03/15;391.64;392;;;;;
C0716;Jessica;Clark;jessica.clark716@example.com;555-2125;2023/06/07;Bronze;11252;T01555;2025/04/12;363.25;363;R5;Free Shipping;750.0;2025/06/29;750.0
C0456;James;Wilson;james.wilson456@example.com;555-6368;2022/02/09;Silver;1187;T01556;2025/05/03;23.4;23;;;;;
C0723;Jessica;Davis;jessica.davis723@example.com;555-3834;2024/10/02;Bronze;14921;T01557;2025/02/16;358.1;358;R5;Free Shipping;750.0;2025/05/14;750.0
C0257;James;Martinez;james.martinez257@example.com;555-6486;2023/11/20;Gold;12417;T01558;2025/05/08;17.2;17;;;;;
C0358;Daniel;Johnson;daniel.johnson358@example.com;555-5051;2024/02/05;Bronze;8462;T01559;2025/04/11;155.84;156;R6;VIP Event Access;5000.0;2025/01/17;5000.0
C0948;Mia;Clark;mia.clark948@example.com;555-6158;2024/08/04;Platinum;8225;T01560;2025/04/26;187.61;188;;;;;
C0703;Emma;Lee;emma.lee703@example.com;555-5152;2024/07/20;Gold;6605;T01561;2025/06/22;241.16;241;R6;VIP Event Access;5000.0;2025/05/03;5000.0
C0930;Ava;Brown;ava.brown930@example.com;555-3181;2025/06/22;Bronze;443;T01562;2025/01/15;341.17;341;;;;;
C0223;Noah;Moore;noah.moore223@example.com;555-2192;2026/03/29;Bronze;5742;T01563;2025/03/15;458.29;458;;;;;
C0161;Liam;Wilson;liam.wilson161@example.com;555-4055;2023/06/26;Silver;13636;T01564;2025/02/10;9.01;9;;;;;
C0440;Lucas;Taylor;lucas.taylor440@example.com;555-2620;2022/11/06;Platinum;4274;T01565;2025/06/17;419.08;419;;;;;
C0440;Lucas;Taylor;lucas.taylor440@example.com;555-2620;2022/11/06;Platinum;4274;T01566;2025/04/06;285.34;285;R6;VIP Event Access;5000.0;2025/04/14;5000.0
C0689;Mia;Wilson;mia.wilson689@example.com;555-7171;2023/06/17;Bronze;433;T01567;2025/05/08;273.79;274;;;;;
C0735;Liam;Johnson;liam.johnson735@example.com;555-5763;2025/04/01;Bronze;6274;T01568;2025/01/06;244.54;245;;;;;
C0687;Noah;Taylor;noah.taylor687@example.com;555-7157;2022/06/12;Platinum;14958;T01569;2025/04/14;248.19;248;;;;;
C0412;Jessica;Martinez;jessica.martinez412@example.com;555-3527;2025/11/11;Bronze;6935;T01570;2025/03/26;303.19;303;;;;;
C0597;David;Thomas;david.thomas597@example.com;555-8209;2024/04/18;Bronze;4112;T01571;2025/03/19;212.68;213;;;;;
C0154;Michael;Davis;michael.davis154@example.com;555-3047;2022/10/04;Bronze;7065;T01572;2025/01/29;158.09;158;R6;VIP Event Access;5000.0;2025/05/15;5000.0
C0677;Lucas;Smith;lucas.smith677@example.com;555-8264;2023/09/19;Gold;12536;T01573;2025/05/30;89.45;89;;;;;
C0050;Emily;Martinez;emily.martinez50@example.com;555-8412;2024/08/14;Gold;5794;T01574;2025/02/13;71.52;72;;;;;
C0361;Lucas;Wilson;lucas.wilson361@example.com;555-9792;2022/06/07;Gold;7607;T01575;2025/04/21;377.29;377;;;;;
C0632;Ava;Martinez;ava.martinez632@example.com;555-9284;2022/01/07;Platinum;10019;T01576;2025/01/25;277.68;278;;;;;
C0849;Noah;Anderson;noah.anderson849@example.com;555-9256;2025/12/10;Bronze;2530;T01577;2025/05/20;145.06;145;;;;;
C0031;Jessica;Moore;jessica.moore31@example.com;555-9944;2025/08/11;Silver;1898;T01578;2025/06/28;396.78;397;R4;T-Shirt;2500.0;2025/06/22;2500.0
C0520;Sophia;Anderson;sophia.anderson520@example.com;555-9020;2023/11/25;Gold;7766;T01579;2025/03/16;138.56;139;;;;;
C0697;David;Johnson;david.johnson697@example.com;555-8576;2024/02/11;Silver;9742;T01580;2025/06/23;581.93;582;;;;;
C0176;David;Martinez;david.martinez176@example.com;555-8327;2026/02/19;Bronze;5510;T01581;2025/02/27;328.82;329;;;;;
C0885;Sarah;Smith;sarah.smith885@example.com;555-1366;2025/11/20;Bronze;11278;T01582;2025/06/11;540.42;540;;;;;
C0949;Michael;Thomas;michael.thomas949@example.com;555-5201;2026/01/15;Silver;6168;T01583;2025/03/22;324.39;324;;;;;
C0406;Michael;Brown;michael.brown406@example.com;555-3948;2024/02/09;Platinum;112;T01584;2025/01/02;481.8;482;R7;Wireless Earbuds;8000.0;2025/03/29;8000.0
C0398;David;Lee;david.lee398@example.com;555-3350;2025/11/24;Platinum;7949;T01585;2025/05/20;562.8;563;;;;;
C0430;Lucas;Johnson;lucas.johnson430@example.com;555-9173;2022/01/12;Gold;3929;T01586;2025/01/04;5.21;5;R6;VIP Event Access;5000.0;2025/06/09;5000.0
C0851;Emma;Taylor;emma.taylor851@example.com;555-9958;2024/08/15;Bronze;5964;T01587;2025/04/11;516.65;517;;;;;
C0257;James;Martinez;james.martinez257@example.com;555-6486;2023/11/20;Gold;12417;T01588;2025/06/06;131.89;132;;;;;
C0859;Olivia;Lee;olivia.lee859@example.com;555-6439;2023/06/13;Gold;3084;T01589;2025/01/09;176.71;177;;;;;
C0103;David;Taylor;david.taylor103@example.com;555-7929;2024/04/07;Bronze;10710;T01590;2025/05/06;286.45;286;;;;;
C0814;James;Johnson;james.johnson814@example.com;555-6576;2023/01/13;Platinum;12945;T01591;2025/05/30;535.08;535;;;;;
C0188;Sarah;Anderson;sarah.anderson188@example.com;555-1117;2025/11/19;Gold;3764;T01592;2025/01/04;54.93;55;;;;;
C0159;Emma;Johnson;emma.johnson159@example.com;555-4489;2025/08/15;Bronze;11219;T01593;2025/03/07;366.7;367;R2;$10 Gift Voucher;1000.0;2025/01/16;1000.0
C0474;Mia;Lee;mia.lee474@example.com;555-6939;2025/11/30;Bronze;11476;T01594;2025/03/28;32.42;32;R7;Wireless Earbuds;8000.0;2025/03/09;8000.0
C0571;Emma;Martinez;emma.martinez571@example.com;555-8467;2025/10/09;Bronze;7937;T01595;2025/06/01;377.64;378;;;;;
C0455;James;Lee;james.lee455@example.com;555-5975;2022/12/08;Silver;11928;T01596;2025/01/15;516.48;516;;;;;
C0037;Noah;Taylor;noah.taylor37@example.com;555-4048;2025/08/09;Gold;2846;T01597;2025/02/22;9.05;9;R4;T-Shirt;2500.0;2025/02/23;2500.0
C0164;Mia;Johnson;mia.johnson164@example.com;555-6563;2023/06/04;Bronze;7390;T01598;2025/05/15;360.78;361;;;;;
C0247;Sophia;Taylor;sophia.taylor247@example.com;555-4113;2024/11/15;Silver;8324;T01599;2025/01/26;16.26;16;;;;;
C0948;Mia;Clark;mia.clark948@example.com;555-6158;2024/08/04;Platinum;8225;T01600;2025/06/15;226.99;227;;;;;
C0208;Olivia;Martinez;olivia.martinez208@example.com;555-2430;2025/01/07;Silver;11225;T01601;2025/03/29;149.84;150;R5;Free Shipping;750.0;2025/01/10;750.0
C0084;Olivia;Wilson;olivia.wilson84@example.com;555-8437;2025/09/09;Bronze;6702;T01602;2025/04/16;498.34;498;;;;;
C0766;David;Davis;david.davis766@example.com;555-5652;2024/03/01;Bronze;11394;T01603;2025/03/20;445.18;445;;;;;
C0171;Liam;Johnson;liam.johnson171@example.com;555-5373;2025/10/19;Silver;13784;T01604;2025/06/21;230.1;230;R4;T-Shirt;2500.0;2025/01/16;2500.0
C0021;John;Smith;john.smith21@example.com;555-2801;2022/09/22;Gold;5883;T01605;2025/04/04;521.31;521;;;;;
C0541;Liam;Thomas;liam.thomas541@example.com;555-1552;2023/01/27;Gold;11368;T01606;2025/02/10;195.07;195;;;;;
C0931;Ava;Johnson;ava.johnson931@example.com;555-2134;2024/02/04;Silver;9484;T01607;2025/01/16;398.6;399;;;;;
C0967;Jessica;Lee;jessica.lee967@example.com;555-5661;2026/02/16;Gold;5539;T01608;2025/02/09;505.56;506;;;;;
C0010;Sarah;Lee;sarah.lee10@example.com;555-2514;2022/04/09;Silver;4509;T01609;2025/03/06;195.12;195;R1;$5 Gift Voucher;500.0;2025/04/30;500.0
C0438;Sarah;Wilson;sarah.wilson438@example.com;555-3160;2022/05/04;Silver;11424;T01610;2025/06/25;439.67;440;R2;$10 Gift Voucher;1000.0;2025/01/02;1000.0
C0760;Mia;Davis;mia.davis760@example.com;555-1949;2026/03/17;Silver;1226;T01611;2025/04/10;336.37;336;;;;;
C0440;Lucas;Taylor;lucas.taylor440@example.com;555-2620;2022/11/06;Platinum;4274;T01612;2025/01/11;226.39;226;R5;Free Shipping;750.0;2025/05/03;750.0
C0109;Liam;Anderson;liam.anderson109@example.com;555-2238;2024/04/19;Platinum;13141;T01613;2025/02/22;432.45;432;;;;;
C0861;Emma;Moore;emma.moore861@example.com;555-8568;2025/09/27;Silver;3668;T01614;2025/02/17;344.13;344;;;;;
C0612;Olivia;Smith;olivia.smith612@example.com;555-7209;2025/12/17;Platinum;836;T01615;2025/06/17;47.69;48;;;;;
C0610;Lucas;Wilson;lucas.wilson610@example.com;555-7516;2026/05/05;Bronze;9813;T01616;2025/01/26;287.14;287;;;;;
C0283;John;Davis;john.davis283@example.com;555-1708;2022/03/05;Gold;6817;T01617;2025/04/30;534.78;535;R2;$10 Gift Voucher;1000.0;2025/01/23;1000.0
C0249;Sarah;Davis;sarah.davis249@example.com;555-4102;2025/04/24;Gold;14200;T01618;2025/06/18;216.46;216;;;;;
C0360;Ava;Clark;ava.clark360@example.com;555-8959;2022/11/10;Bronze;9865;T01619;2025/06/29;375.83;376;;;;;
C0345;Daniel;Martinez;daniel.martinez345@example.com;555-6781;2022/11/06;Bronze;1777;T01620;2025/04/15;530.85;531;;;;;
C0007;Noah;Moore;noah.moore7@example.com;555-3869;2025/11/22;Silver;10979;T01621;2025/05/15;424.07;424;;;;;
C0704;Lucas;Davis;lucas.davis704@example.com;555-6535;2025/01/03;Gold;12888;T01622;2025/03/14;555.91;556;R7;Wireless Earbuds;8000.0;2025/02/10;8000.0
C0603;Liam;Johnson;liam.johnson603@example.com;555-9494;2022/03/16;Bronze;4906;T01623;2025/01/13;260.03;260;;;;;
C0895;Noah;Taylor;noah.taylor895@example.com;555-9008;2024/04/29;Bronze;9731;T01624;2025/06/29;492.94;493;;;;;
C0365;Ava;Brown;ava.brown365@example.com;555-2288;2024/10/05;Bronze;935;T01625;2025/01/22;122.7;123;;;;;
C0831;James;Moore;james.moore831@example.com;555-9893;2025/09/03;Bronze;2795;T01626;2025/04/08;558.57;559;;;;;
C0853;Mia;Anderson;mia.anderson853@example.com;555-1301;2025/09/10;Gold;369;T01627;2025/03/14;189.21;189;;;;;
C0946;Michael;Taylor;michael.taylor946@example.com;555-5001;2025/10/07;Platinum;4361;T01628;2025/05/31;123.49;123;R4;T-Shirt;2500.0;2025/03/01;2500.0
C0606;Emily;Anderson;emily.anderson606@example.com;555-5285;2026/02/04;Bronze;9988;T01629;2025/01/12;442.64;443;R5;Free Shipping;750.0;2025/03/30;750.0
C0810;Olivia;Moore;olivia.moore810@example.com;555-4152;2022/05/08;Gold;3024;T01630;2025/01/09;32.18;32;;;;;
C0033;Ava;Brown;ava.brown33@example.com;555-8008;2022/07/05;Gold;5147;T01631;2025/03/18;348.07;348;R1;$5 Gift Voucher;500.0;2025/04/13;500.0
C0546;Michael;Brown;michael.brown546@example.com;555-9025;2023/03/03;Bronze;5871;T01632;2025/01/26;498.45;498;;;;;
C0875;Olivia;Brown;olivia.brown875@example.com;555-2179;2022/08/19;Bronze;7751;T01633;2025/05/04;572.08;572;R7;Wireless Earbuds;8000.0;2025/04/14;8000.0
C0907;Daniel;Moore;daniel.moore907@example.com;555-6766;2024/12/08;Platinum;13865;T01634;2025/05/26;577.08;577;;;;;
C0459;David;Brown;david.brown459@example.com;555-4472;2026/02/03;Bronze;78;T01635;2025/01/27;104.26;104;;;;;
C0352;John;Smith;john.smith352@example.com;555-9362;2025/05/16;Silver;14992;T01636;2025/05/17;511.37;511;;;;;
C0316;David;Brown;david.brown316@example.com;555-6885;2025/06/12;Silver;8923;T01637;2025/02/11;401.36;401;R7;Wireless Earbuds;8000.0;2025/06/28;8000.0
C0208;Olivia;Martinez;olivia.martinez208@example.com;555-2430;2025/01/07;Silver;11225;T01638;2025/04/12;155.06;155;;;;;
C0647;Liam;Davis;liam.davis647@example.com;555-8549;2025/07/26;Silver;14172;T01639;2025/03/17;210.68;211;;;;;
C0801;Liam;Smith;liam.smith801@example.com;555-3831;2026/03/04;Silver;9229;T01640;2025/06/04;40.34;40;R4;T-Shirt;2500.0;2025/01/31;2500.0
C0472;Sophia;Davis;sophia.davis472@example.com;555-9952;2024/04/16;Silver;8458;T01641;2025/04/12;509.44;509;;;;;
C0332;Emily;Smith;emily.smith332@example.com;555-2011;2022/08/24;Silver;4008;T01642;2025/03/15;530.27;530;;;;;
C0689;Mia;Wilson;mia.wilson689@example.com;555-7171;2023/06/17;Bronze;433;T01643;2025/03/15;141.17;141;R6;VIP Event Access;5000.0;2025/03/10;5000.0
C0258;Emma;Johnson;emma.johnson258@example.com;555-3032;2025/12/13;Gold;11226;T01644;2025/06/09;368.62;369;;;;;
C0530;Sophia;Lee;sophia.lee530@example.com;555-8054;2025/08/16;Silver;5519;T01645;2025/05/25;70.25;70;;;;;
C0688;Emma;Johnson;emma.johnson688@example.com;555-4773;2025/11/02;Silver;12051;T01646;2025/01/13;434.11;434;R6;VIP Event Access;5000.0;2025/06/03;5000.0
C0451;Liam;Johnson;liam.johnson451@example.com;555-7850;2024/11/23;Bronze;13714;T01647;2025/03/24;301.93;302;;;;;
C0697;David;Johnson;david.johnson697@example.com;555-8576;2024/02/11;Silver;9742;T01648;2025/04/15;116.94;117;;;;;
C0697;David;Johnson;david.johnson697@example.com;555-8576;2024/02/11;Silver;9742;T01649;2025/01/03;331.26;331;R7;Wireless Earbuds;8000.0;2025/01/01;8000.0
C0831;James;Moore;james.moore831@example.com;555-9893;2025/09/03;Bronze;2795;T01650;2025/04/23;32.38;32;;;;;
C0602;Ava;Taylor;ava.taylor602@example.com;555-2262;2025/08/01;Bronze;7185;T01651;2025/05/24;574.25;574;R4;T-Shirt;2500.0;2025/05/24;2500.0
C0458;Sarah;Martinez;sarah.martinez458@example.com;555-4794;2025/07/22;Silver;14180;T01652;2025/04/30;524.94;525;;;;;
C0339;James;Davis;james.davis339@example.com;555-8957;2023/05/23;Platinum;2679;T01653;2025/04/20;477.6;478;R4;T-Shirt;2500.0;2025/02/22;2500.0
C0833;Emily;Taylor;emily.taylor833@example.com;555-9576;2024/01/09;Gold;12993;T01654;2025/02/21;244.95;245;R6;VIP Event Access;5000.0;2025/02/10;5000.0
C0798;Mia;Johnson;mia.johnson798@example.com;555-9079;2026/03/08;Bronze;75;T01655;2025/03/21;359.15;359;;;;;
C0123;Olivia;Anderson;olivia.anderson123@example.com;555-1706;2022/11/29;Silver;9962;T01656;2025/05/24;349.2;349;;;;;
C0748;Jessica;Smith;jessica.smith748@example.com;555-4437;2024/06/28;Bronze;207;T01657;2025/04/18;180.67;181;;;;;
C0780;Noah;Davis;noah.davis780@example.com;555-7872;2023/08/31;Silver;9987;T01658;2025/02/16;42.24;42;;;;;
C0807;Emily;Wilson;emily.wilson807@example.com;555-3553;2022/03/27;Bronze;12359;T01659;2025/01/25;368.9;369;;;;;
C0072;Daniel;Lee;daniel.lee72@example.com;555-9791;2022/12/02;Gold;2545;T01660;2025/01/31;573.83;574;;;;;
C0841;Ava;Clark;ava.clark841@example.com;555-9201;2023/05/25;Silver;1967;T01661;2025/05/20;498.29;498;;;;;
C0236;Michael;Moore;michael.moore236@example.com;555-4658;2024/08/22;Platinum;12008;T01662;2025/06/05;227.46;227;;;;;
C0051;Emily;Lee;emily.lee51@example.com;555-1423;2022/04/25;Bronze;3719;T01663;2025/02/21;180.55;181;;;;;
C0570;Olivia;Anderson;olivia.anderson570@example.com;555-6338;2022/01/03;Bronze;13595;T01664;2025/06/15;498.19;498;;;;;
C0034;David;Thomas;david.thomas34@example.com;555-2384;2024/11/05;Gold;9718;T01665;2025/02/02;518.2;518;;;;;
C0010;Sarah;Lee;sarah.lee10@example.com;555-2514;2022/04/09;Silver;4509;T01666;2025/01/12;186.04;186;;;;;
C0111;Michael;Wilson;michael.wilson111@example.com;555-7230;2024/06/23;Bronze;2519;T01667;2025/02/28;250.39;250;R3;Coffee Mug;1200.0;2025/03/10;1200.0
C0481;Michael;Clark;michael.clark481@example.com;555-5272;2025/11/08;Gold;6938;T01668;2025/04/21;523.96;524;;;;;
C0618;David;Smith;david.smith618@example.com;555-8441;2025/12/26;Platinum;2955;T01669;2025/04/28;462.44;462;;;;;
C0854;Sarah;Brown;sarah.brown854@example.com;555-8928;2022/06/26;Bronze;12983;T01670;2025/03/05;55.24;55;;;;;
C0945;Daniel;Moore;daniel.moore945@example.com;555-5519;2024/01/12;Bronze;14581;T01671;2025/03/31;322.05;322;;;;;
C0680;Michael;Moore;michael.moore680@example.com;555-2557;2023/03/23;Silver;7486;T01672;2025/03/31;370.32;370;;;;;
C0021;John;Smith;john.smith21@example.com;555-2801;2022/09/22;Gold;5883;T01673;2025/06/09;510.64;511;;;;;
C0288;Liam;Smith;liam.smith288@example.com;555-3062;2022/11/27;Gold;658;T01674;2025/06/20;39.09;39;;;;;
C0825;Jessica;Thomas;jessica.thomas825@example.com;555-6337;2025/05/10;Bronze;7069;T01675;2025/01/04;523.2;523;;;;;
C0258;Emma;Johnson;emma.johnson258@example.com;555-3032;2025/12/13;Gold;11226;T01676;2025/04/10;20.27;20;;;;;
C0717;James;Davis;james.davis717@example.com;555-3243;2024/10/16;Bronze;9749;T01677;2025/01/25;252.32;252;;;;;
C0490;Emily;Lee;emily.lee490@example.com;555-4574;2025/11/18;Silver;8226;T01678;2025/06/04;180.29;180;;;;;
C0577;Emma;Wilson;emma.wilson577@example.com;555-4927;2022/02/27;Gold;8539;T01679;2025/06/13;450.56;451;;;;;
C0920;Daniel;Thomas;daniel.thomas920@example.com;555-7551;2024/12/17;Gold;10961;T01680;2025/06/17;525.39;525;R6;VIP Event Access;5000.0;2025/03/01;5000.0
C0957;Sophia;Taylor;sophia.taylor957@example.com;555-7883;2024/05/20;Bronze;2065;T01681;2025/05/18;577.26;577;;;;;
C0216;Mia;Anderson;mia.anderson216@example.com;555-6123;2022/05/09;Silver;8326;T01682;2025/06/25;202.48;202;;;;;
C0363;Olivia;Clark;olivia.clark363@example.com;555-1364;2023/07/25;Bronze;3107;T01683;2025/01/29;182.8;183;R4;T-Shirt;2500.0;2025/03/07;2500.0
C0214;Emma;Lee;emma.lee214@example.com;555-6007;2022/08/03;Bronze;7225;T01684;2025/01/03;368.95;369;;;;;
C0754;Michael;Clark;michael.clark754@example.com;555-9860;2022/06/11;Bronze;8079;T01685;2025/03/24;38.76;39;R4;T-Shirt;2500.0;2025/02/01;2500.0
C0829;Mia;Davis;mia.davis829@example.com;555-5616;2026/05/19;Platinum;5650;T01686;2025/03/14;298.92;299;;;;;
C0037;Noah;Taylor;noah.taylor37@example.com;555-4048;2025/08/09;Gold;2846;T01687;2025/04/29;214.14;214;R3;Coffee Mug;1200.0;2025/02/12;1200.0
C0043;David;Smith;david.smith43@example.com;555-4757;2022/08/25;Silver;954;T01688;2025/06/13;457.89;458;;;;;
C0817;Daniel;Johnson;daniel.johnson817@example.com;555-1634;2023/09/20;Silver;10996;T01689;2025/05/05;169.98;170;;;;;
C0240;Emily;Wilson;emily.wilson240@example.com;555-8851;2024/08/23;Bronze;4965;T01690;2025/01/06;344.29;344;R4;T-Shirt;2500.0;2025/06/06;2500.0
C0380;Daniel;Smith;daniel.smith380@example.com;555-5886;2023/11/11;Platinum;2089;T01691;2025/01/20;92.62;93;;;;;
C0251;Sarah;Anderson;sarah.anderson251@example.com;555-7886;2025/01/09;Silver;14475;T01692;2025/04/25;410.78;411;;;;;
C0512;John;Moore;john.moore512@example.com;555-1055;2023/03/22;Bronze;10840;T01693;2025/01/18;272.82;273;;;;;
C0177;Sophia;Davis;sophia.davis177@example.com;555-5296;2022/11/20;Platinum;9996;T01694;2025/04/04;9.11;9;;;;;
C0994;Sophia;Lee;sophia.lee994@example.com;555-8511;2023/07/30;Bronze;14437;T01695;2025/03/18;425.06;425;R5;Free Shipping;750.0;2025/01/19;750.0
C0885;Sarah;Smith;sarah.smith885@example.com;555-1366;2025/11/20;Bronze;11278;T01696;2025/04/11;415.18;415;;;;;
C0791;Emily;Wilson;emily.wilson791@example.com;555-9540;2025/07/21;Bronze;1992;T01697;2025/05/20;232.48;232;;;;;
C0976;Olivia;Brown;olivia.brown976@example.com;555-5660;2022/10/28;Gold;1046;T01698;2025/04/03;111.5;112;;;;;
C0380;Daniel;Smith;daniel.smith380@example.com;555-5886;2023/11/11;Platinum;2089;T01699;2025/06/03;572.93;573;R2;$10 Gift Voucher;1000.0;2025/05/12;1000.0
C0328;James;Lee;james.lee328@example.com;555-5410;2022/10/21;Bronze;4234;T01700;2025/06/20;234.12;234;;;;;
C0341;Michael;Thomas;michael.thomas341@example.com;555-5815;2023/12/20;Gold;2538;T01701;2025/05/30;19.62;20;R4;T-Shirt;2500.0;2025/03/02;2500.0
C0668;Ava;Moore;ava.moore668@example.com;555-2341;2022/06/22;Gold;5898;T01702;2025/04/09;117.26;117;;;;;
C0402;Sarah;Wilson;sarah.wilson402@example.com;555-9518;2024/05/26;Silver;9935;T01703;2025/01/05;224.13;224;;;;;
C0721;Olivia;Anderson;olivia.anderson721@example.com;555-6644;2024/02/27;Gold;13521;T01704;2025/04/10;24.11;24;;;;;
C0570;Olivia;Anderson;olivia.anderson570@example.com;555-6338;2022/01/03;Bronze;13595;T01705;2025/03/16;59.66;60;;;;;
C0243;Liam;Moore;liam.moore243@example.com;555-6002;2022/12/21;Gold;12592;T01706;2025/01/30;532.46;532;R2;$10 Gift Voucher;1000.0;2025/03/03;1000.0
C0197;Olivia;Moore;olivia.moore197@example.com;555-1765;2022/04/20;Platinum;4296;T01707;2025/02/16;284.36;284;R6;VIP Event Access;5000.0;2025/05/14;5000.0
C0872;James;Martinez;james.martinez872@example.com;555-3913;2025/05/13;Bronze;1450;T01708;2025/05/25;473.71;474;;;;;
C0186;Olivia;Anderson;olivia.anderson186@example.com;555-9648;2025/01/13;Silver;3984;T01709;2025/03/15;479.03;479;;;;;
C0071;Noah;Clark;noah.clark71@example.com;555-5685;2026/05/16;Bronze;5876;T01710;2025/05/10;502.36;502;;;;;
C0838;Emma;Taylor;emma.taylor838@example.com;555-6380;2023/01/23;Platinum;9755;T01711;2025/01/11;257.99;258;;;;;
C0752;Emma;Thomas;emma.thomas752@example.com;555-4863;2025/12/09;Silver;11358;T01712;2025/06/02;494.15;494;;;;;
C0544;Daniel;Taylor;daniel.taylor544@example.com;555-1816;2024/07/22;Bronze;8896;T01713;2025/05/03;559.89;560;;;;;
C0073;Emma;Brown;emma.brown73@example.com;555-8296;2023/05/19;Bronze;7296;T01714;2025/02/09;513.92;514;R6;VIP Event Access;5000.0;2025/02/26;5000.0
C0009;Mia;Smith;mia.smith9@example.com;555-9392;2026/02/03;Bronze;13064;T01715;2025/04/05;114.65;115;R5;Free Shipping;750.0;2025/01/14;750.0
C0546;Michael;Brown;michael.brown546@example.com;555-9025;2023/03/03;Bronze;5871;T01716;2025/01/29;243.65;244;;;;;
C0166;Daniel;Clark;daniel.clark166@example.com;555-2001;2023/11/15;Silver;6995;T01717;2025/01/03;585.95;586;;;;;
C0124;Liam;Davis;liam.davis124@example.com;555-6756;2022/02/12;Bronze;3729;T01718;2025/02/07;78.6;79;;;;;
C0110;Sophia;Lee;sophia.lee110@example.com;555-6405;2022/05/14;Silver;1573;T01719;2025/01/08;415.99;416;;;;;
C0030;Noah;Martinez;noah.martinez30@example.com;555-5336;2023/03/24;Silver;14930;T01720;2025/03/29;568.74;569;R7;Wireless Earbuds;8000.0;2025/05/23;8000.0
C0966;Emma;Clark;emma.clark966@example.com;555-1618;2025/04/05;Bronze;6704;T01721;2025/02/22;571.23;571;;;;;
C0689;Mia;Wilson;mia.wilson689@example.com;555-7171;2023/06/17;Bronze;433;T01722;2025/05/01;588.44;588;R4;T-Shirt;2500.0;2025/06/12;2500.0
C0278;Lucas;Brown;lucas.brown278@example.com;555-2027;2024/05/12;Bronze;13045;T01723;2025/01/20;525.13;525;;;;;
C0868;Jessica;Anderson;jessica.anderson868@example.com;555-7802;2022/02/21;Silver;6709;T01724;2025/02/03;221.27;221;;;;;
C0430;Lucas;Johnson;lucas.johnson430@example.com;555-9173;2022/01/12;Gold;3929;T01725;2025/06/30;524.36;524;;;;;
C0403;Sarah;Taylor;sarah.taylor403@example.com;555-1412;2025/03/04;Gold;1296;T01726;2025/04/04;79.46;79;;;;;
C0727;James;Johnson;james.johnson727@example.com;555-9361;2024/12/16;Gold;7738;T01727;2025/01/25;476.98;477;R2;$10 Gift Voucher;1000.0;2025/03/12;1000.0
C0829;Mia;Davis;mia.davis829@example.com;555-5616;2026/05/19;Platinum;5650;T01728;2025/02/25;194.09;194;R3;Coffee Mug;1200.0;2025/06/13;1200.0
C0581;Michael;Martinez;michael.martinez581@example.com;555-1424;2022/10/07;Silver;7516;T01729;2025/02/25;331.85;332;R7;Wireless Earbuds;8000.0;2025/02/25;8000.0
C0368;Jessica;Johnson;jessica.johnson368@example.com;555-9793;2025/03/15;Gold;2172;T01730;2025/06/24;132.47;132;;;;;
C0230;James;Taylor;james.taylor230@example.com;555-7279;2024/04/23;Silver;8226;T01731;2025/01/25;566.65;567;;;;;
C0043;David;Smith;david.smith43@example.com;555-4757;2022/08/25;Silver;954;T01732;2025/03/29;216.8;217;R7;Wireless Earbuds;8000.0;2025/02/24;8000.0
C0761;Sophia;Taylor;sophia.taylor761@example.com;555-3538;2023/02/11;Bronze;5434;T01733;2025/06/29;250.64;251;R7;Wireless Earbuds;8000.0;2025/04/03;8000.0
C0938;Liam;Clark;liam.clark938@example.com;555-7849;2026/01/14;Silver;140;T01734;2025/05/12;79.89;80;;;;;
C0714;Noah;Wilson;noah.wilson714@example.com;555-6050;2024/11/18;Gold;8385;T01735;2025/06/29;131.33;131;;;;;
C0187;Daniel;Moore;daniel.moore187@example.com;555-7469;2022/04/07;Silver;12202;T01736;2025/03/30;115.87;116;R2;$10 Gift Voucher;1000.0;2025/06/12;1000.0
C0998;Emily;Clark;emily.clark998@example.com;555-6463;2022/12/03;Platinum;2026;T01737;2025/04/25;204.54;205;;;;;
C0545;James;Martinez;james.martinez545@example.com;555-1079;2026/04/25;Bronze;14996;T01738;2025/02/03;476.98;477;R2;$10 Gift Voucher;1000.0;2025/01/17;1000.0
C0470;Emily;Davis;emily.davis470@example.com;555-9874;2024/04/02;Bronze;10416;T01739;2025/02/17;67.92;68;;;;;
C0824;Lucas;Taylor;lucas.taylor824@example.com;555-3717;2026/05/14;Bronze;10708;T01740;2025/01/30;78.64;79;;;;;
C0943;Liam;Smith;liam.smith943@example.com;555-4580;2022/04/09;Platinum;2395;T01741;2025/01/18;508.34;508;;;;;
C0333;Michael;Lee;michael.lee333@example.com;555-7172;2026/04/28;Bronze;10203;T01742;2025/01/15;594.94;595;;;;;
C0888;Mia;Clark;mia.clark888@example.com;555-9368;2026/03/11;Bronze;3200;T01743;2025/01/08;599.1;599;R4;T-Shirt;2500.0;2025/06/05;2500.0
C0613;Mia;Clark;mia.clark613@example.com;555-9655;2024/05/23;Silver;997;T01744;2025/06/06;12.46;12;;;;;
C0338;Lucas;Lee;lucas.lee338@example.com;555-7778;2025/01/09;Gold;11844;T01745;2025/04/30;280.69;281;;;;;
C0561;Liam;Smith;liam.smith561@example.com;555-4465;2022/08/21;Bronze;257;T01746;2025/06/04;204.99;205;;;;;
C0278;Lucas;Brown;lucas.brown278@example.com;555-2027;2024/05/12;Bronze;13045;T01747;2025/06/15;236.82;237;;;;;
C0409;Ava;Johnson;ava.johnson409@example.com;555-8397;2025/12/15;Platinum;5007;T01748;2025/02/07;540.55;541;;;;;
C0914;Michael;Thomas;michael.thomas914@example.com;555-1029;2022/10/07;Platinum;9903;T01749;2025/02/23;373.45;373;;;;;
C0310;Daniel;Davis;daniel.davis310@example.com;555-7262;2023/08/13;Bronze;8262;T01750;2025/03/05;428.97;429;;;;;
C0414;Mia;Davis;mia.davis414@example.com;555-3592;2022/06/12;Gold;4629;T01751;2025/06/23;296.68;297;R2;$10 Gift Voucher;1000.0;2025/05/21;1000.0
C0059;Sarah;Anderson;sarah.anderson59@example.com;555-2381;2025/08/30;Platinum;6223;T01752;2025/04/05;137.02;137;;;;;
C0185;James;Johnson;james.johnson185@example.com;555-5805;2026/01/04;Gold;7421;T01753;2025/03/09;487.02;487;;;;;
C0358;Daniel;Johnson;daniel.johnson358@example.com;555-5051;2024/02/05;Bronze;8462;T01754;2025/01/02;538.05;538;R4;T-Shirt;2500.0;2025/04/27;2500.0
C0825;Jessica;Thomas;jessica.thomas825@example.com;555-6337;2025/05/10;Bronze;7069;T01755;2025/01/12;309.22;309;;;;;
C0666;Ava;Davis;ava.davis666@example.com;555-7913;2025/08/22;Gold;10181;T01756;2025/05/09;114.81;115;R6;VIP Event Access;5000.0;2025/01/23;5000.0
C0588;Michael;Thomas;michael.thomas588@example.com;555-6212;2023/11/16;Bronze;4475;T01757;2025/05/06;505.37;505;;;;;
C0239;Noah;Clark;noah.clark239@example.com;555-8078;2023/03/14;Silver;5523;T01758;2025/01/05;365.46;365;;;;;
C0593;Sophia;Smith;sophia.smith593@example.com;555-9644;2022/11/12;Silver;4725;T01759;2025/01/20;9.15;9;;;;;
C0699;Emily;Brown;emily.brown699@example.com;555-4794;2022/10/06;Bronze;7821;T01760;2025/02/04;239.24;239;;;;;
C0404;David;Moore;david.moore404@example.com;555-8514;2025/09/06;Platinum;6893;T01761;2025/01/03;481.44;481;R5;Free Shipping;750.0;2025/05/28;750.0
C0563;Emma;Thomas;emma.thomas563@example.com;555-3683;2024/03/28;Silver;4761;T01762;2025/01/28;214.84;215;;;;;
C0288;Liam;Smith;liam.smith288@example.com;555-3062;2022/11/27;Gold;658;T01763;2025/06/18;39.12;39;;;;;
C0451;Liam;Johnson;liam.johnson451@example.com;555-7850;2024/11/23;Bronze;13714;T01764;2025/05/23;139.69;140;;;;;
C0039;Emma;Anderson;emma.anderson39@example.com;555-7492;2026/02/08;Bronze;837;T01765;2025/04/14;540.38;540;;;;;
C0996;James;Clark;james.clark996@example.com;555-2864;2022/03/10;Platinum;6080;T01766;2025/04/17;105.54;106;;;;;
C0884;Jessica;Johnson;jessica.johnson884@example.com;555-3331;2024/04/11;Bronze;2053;T01767;2025/01/29;435.13;435;R2;$10 Gift Voucher;1000.0;2025/03/10;1000.0
C0810;Olivia;Moore;olivia.moore810@example.com;555-4152;2022/05/08;Gold;3024;T01768;2025/01/25;126.46;126;;;;;
C0580;Michael;Wilson;michael.wilson580@example.com;555-5378;2023/03/02;Gold;2794;T01769;2025/02/18;154.07;154;;;;;
C0550;Olivia;Davis;olivia.davis550@example.com;555-7204;2023/11/03;Gold;6489;T01770;2025/02/16;527.62;528;;;;;
C0040;Olivia;Anderson;olivia.anderson40@example.com;555-1577;2022/12/01;Bronze;11686;T01771;2025/03/02;417.8;418;R1;$5 Gift Voucher;500.0;2025/02/07;500.0
C0093;Mia;Anderson;mia.anderson93@example.com;555-9456;2025/12/14;Gold;3482;T01772;2025/06/05;515.48;515;R7;Wireless Earbuds;8000.0;2025/01/29;8000.0
C0210;Noah;Clark;noah.clark210@example.com;555-8271;2025/09/05;Silver;2286;T01773;2025/06/09;599.83;600;;;;;
C0040;Olivia;Anderson;olivia.anderson40@example.com;555-1577;2022/12/01;Bronze;11686;T01774;2025/05/28;67.14;67;R1;$5 Gift Voucher;500.0;2025/06/16;500.0
C0258;Emma;Johnson;emma.johnson258@example.com;555-3032;2025/12/13;Gold;11226;T01775;2025/06/16;23.75;24;R3;Coffee Mug;1200.0;2025/05/15;1200.0
C0801;Liam;Smith;liam.smith801@example.com;555-3831;2026/03/04;Silver;9229;T01776;2025/06/27;443.4;443;R5;Free Shipping;750.0;2025/06/24;750.0
C0304;Lucas;Johnson;lucas.johnson304@example.com;555-9341;2026/04/16;Silver;11246;T01777;2025/03/25;433.77;434;;;;;
C0175;Emily;Brown;emily.brown175@example.com;555-7415;2022/06/11;Bronze;9556;T01778;2025/04/26;236.36;236;;;;;
C0988;James;Martinez;james.martinez988@example.com;555-3944;2023/09/24;Bronze;1097;T01779;2025/03/24;438.47;438;;;;;
C0081;Daniel;Taylor;daniel.taylor81@example.com;555-1435;2024/04/07;Platinum;3665;T01780;2025/03/31;260.87;261;;;;;
C0138;Emma;Clark;emma.clark138@example.com;555-2162;2025/01/06;Bronze;3202;T01781;2025/05/14;446.87;447;;;;;
C0869;Noah;Smith;noah.smith869@example.com;555-9117;2025/11/30;Silver;2977;T01782;2025/04/02;408.38;408;R3;Coffee Mug;1200.0;2025/01/05;1200.0
C0066;James;Taylor;james.taylor66@example.com;555-6797;2023/04/27;Silver;11592;T01783;2025/05/05;256.07;256;;;;;
C0598;Jessica;Brown;jessica.brown598@example.com;555-4893;2024/11/23;Bronze;6875;T01784;2025/01/01;300.29;300;;;;;
C0438;Sarah;Wilson;sarah.wilson438@example.com;555-3160;2022/05/04;Silver;11424;T01785;2025/01/11;543.25;543;;;;;
C0318;Ava;Martinez;ava.martinez318@example.com;555-8539;2026/03/19;Gold;9302;T01786;2025/03/06;553.26;553;;;;;
C0897;Emily;Johnson;emily.johnson897@example.com;555-5660;2025/03/28;Gold;10666;T01787;2025/06/23;591.45;591;;;;;
C0433;Jessica;Johnson;jessica.johnson433@example.com;555-7983;2022/11/02;Gold;3861;T01788;2025/05/13;179.84;180;;;;;
C0680;Michael;Moore;michael.moore680@example.com;555-2557;2023/03/23;Silver;7486;T01789;2025/01/11;430.56;431;;;;;
C0946;Michael;Taylor;michael.taylor946@example.com;555-5001;2025/10/07;Platinum;4361;T01790;2025/04/05;476.43;476;;;;;
C0066;James;Taylor;james.taylor66@example.com;555-6797;2023/04/27;Silver;11592;T01791;2025/02/18;113.38;113;;;;;
C0400;Olivia;Lee;olivia.lee400@example.com;555-3931;2023/12/02;Bronze;2830;T01792;2025/02/03;529.66;530;;;;;
C0181;Sarah;Davis;sarah.davis181@example.com;555-1273;2024/04/26;Gold;7594;T01793;2025/02/06;590.38;590;;;;;
C0125;Michael;Anderson;michael.anderson125@example.com;555-8032;2022/08/04;Platinum;13303;T01794;2025/02/23;120.99;121;;;;;
C0596;Sarah;Clark;sarah.clark596@example.com;555-6343;2025/04/24;Bronze;730;T01795;2025/06/08;232.58;233;;;;;
C0919;Mia;Anderson;mia.anderson919@example.com;555-7791;2025/04/27;Bronze;2483;T01796;2025/03/26;598.43;598;;;;;
C0462;Lucas;Clark;lucas.clark462@example.com;555-9108;2023/12/15;Silver;7569;T01797;2025/04/26;73.71;74;;;;;
C0132;Ava;Moore;ava.moore132@example.com;555-8051;2022/07/16;Silver;1029;T01798;2025/06/15;160.66;161;;;;;
C0325;Emily;Smith;emily.smith325@example.com;555-7262;2025/05/08;Platinum;10470;T01799;2025/01/02;552.97;553;R5;Free Shipping;750.0;2025/05/10;750.0
C0549;Michael;Thomas;michael.thomas549@example.com;555-9714;2026/04/20;Silver;4541;T01800;2025/02/17;57.2;57;;;;;
C0320;Sophia;Clark;sophia.clark320@example.com;555-3524;2025/12/23;Bronze;8031;T01801;2025/03/09;243.14;243;R4;T-Shirt;2500.0;2025/01/12;2500.0
C0529;John;Smith;john.smith529@example.com;555-6517;2023/12/22;Gold;9580;T01802;2025/05/31;142.09;142;;;;;
C0790;Daniel;Smith;daniel.smith790@example.com;555-9167;2024/06/23;Silver;619;T01803;2025/04/21;29.43;29;;;;;
C0241;Emma;Moore;emma.moore241@example.com;555-7612;2026/01/23;Platinum;12505;T01804;2025/06/06;527.28;527;R6;VIP Event Access;5000.0;2025/01/23;5000.0
C0744;Emily;Thomas;emily.thomas744@example.com;555-3255;2025/11/06;Bronze;2550;T01805;2025/03/14;277.0;277;R3;Coffee Mug;1200.0;2025/05/01;1200.0
C0520;Sophia;Anderson;sophia.anderson520@example.com;555-9020;2023/11/25;Gold;7766;T01806;2025/04/06;71.9;72;;;;;
C0674;Emily;Martinez;emily.martinez674@example.com;555-2471;2023/12/03;Bronze;134;T01807;2025/06/06;83.31;83;;;;;
C0061;Noah;Martinez;noah.martinez61@example.com;555-3068;2026/05/18;Bronze;7347;T01808;2025/01/12;24.08;24;;;;;
C0635;Noah;Smith;noah.smith635@example.com;555-5278;2023/10/17;Bronze;4605;T01809;2025/02/11;271.16;271;;;;;
C0260;Emma;Lee;emma.lee260@example.com;555-8966;2025/04/03;Silver;2907;T01810;2025/01/20;466.3;466;R5;Free Shipping;750.0;2025/06/17;750.0
C0540;John;Johnson;john.johnson540@example.com;555-8582;2022/07/07;Platinum;13586;T01811;2025/06/29;349.73;350;;;;;
C0931;Ava;Johnson;ava.johnson931@example.com;555-2134;2024/02/04;Silver;9484;T01812;2025/04/30;49.42;49;;;;;
C0667;Noah;Martinez;noah.martinez667@example.com;555-5140;2025/08/12;Bronze;1836;T01813;2025/04/13;382.49;382;;;;;
C0458;Sarah;Martinez;sarah.martinez458@example.com;555-4794;2025/07/22;Silver;14180;T01814;2025/05/23;36.43;36;;;;;
C0771;Daniel;Davis;daniel.davis771@example.com;555-5186;2025/03/01;Silver;11457;T01815;2025/05/19;314.95;315;;;;;
C0740;Noah;Brown;noah.brown740@example.com;555-9799;2022/05/02;Silver;7734;T01816;2025/04/16;134.83;135;;;;;
C0039;Emma;Anderson;emma.anderson39@example.com;555-7492;2026/02/08;Bronze;837;T01817;2025/05/10;575.89;576;;;;;
C0992;David;Johnson;david.johnson992@example.com;555-6300;2023/03/24;Bronze;8310;T01818;2025/05/08;134.66;135;;;;;
C0684;Daniel;Lee;daniel.lee684@example.com;555-9142;2022/03/04;Gold;5648;T01819;2025/01/25;280.36;280;;;;;
C0330;John;Taylor;john.taylor330@example.com;555-7033;2026/04/01;Silver;122;T01820;2025/01/07;367.02;367;;;;;
C0697;David;Johnson;david.johnson697@example.com;555-8576;2024/02/11;Silver;9742;T01821;2025/05/22;123.42;123;;;;;
C0262;Liam;Thomas;liam.thomas262@example.com;555-5692;2023/12/07;Gold;4495;T01822;2025/01/23;150.59;151;;;;;
C0649;Lucas;Taylor;lucas.taylor649@example.com;555-1545;2025/05/06;Gold;14632;T01823;2025/04/14;45.46;45;;;;;
C0101;Jessica;Martinez;jessica.martinez101@example.com;555-7087;2025/03/25;Silver;3757;T01824;2025/05/27;206.22;206;;;;;
C0496;Michael;Brown;michael.brown496@example.com;555-8555;2023/12/08;Bronze;8135;T01825;2025/05/30;199.61;200;R6;VIP Event Access;5000.0;2025/04/22;5000.0
C0115;Mia;Lee;mia.lee115@example.com;555-6568;2025/11/22;Silver;3904;T01826;2025/05/05;374.27;374;;;;;
C0064;Emily;Clark;emily.clark64@example.com;555-8026;2022/08/17;Silver;4874;T01827;2025/06/26;258.44;258;R3;Coffee Mug;1200.0;2025/02/05;1200.0
C0437;David;Davis;david.davis437@example.com;555-9510;2025/09/07;Silver;11741;T01828;2025/05/07;68.22;68;;;;;
C0998;Emily;Clark;emily.clark998@example.com;555-6463;2022/12/03;Platinum;2026;T01829;2025/05/03;14.46;14;;;;;
C0914;Michael;Thomas;michael.thomas914@example.com;555-1029;2022/10/07;Platinum;9903;T01830;2025/06/25;501.65;502;R3;Coffee Mug;1200.0;2025/01/25;1200.0
C0065;Michael;Wilson;michael.wilson65@example.com;555-7854;2023/01/23;Silver;4839;T01831;2025/02/20;219.93;220;;;;;
C0261;Noah;Anderson;noah.anderson261@example.com;555-9667;2025/05/13;Silver;4302;T01832;2025/01/05;24.95;25;;;;;
C0645;Emily;Anderson;emily.anderson645@example.com;555-8425;2022/05/07;Silver;14114;T01833;2025/02/25;135.95;136;;;;;
C0988;James;Martinez;james.martinez988@example.com;555-3944;2023/09/24;Bronze;1097;T01834;2025/06/17;397.42;397;;;;;
C0065;Michael;Wilson;michael.wilson65@example.com;555-7854;2023/01/23;Silver;4839;T01835;2025/06/14;61.08;61;;;;;
C0718;David;Wilson;david.wilson718@example.com;555-6816;2024/05/20;Bronze;8292;T01836;2025/06/09;398.42;398;;;;;
C0831;James;Moore;james.moore831@example.com;555-9893;2025/09/03;Bronze;2795;T01837;2025/04/09;528.24;528;R5;Free Shipping;750.0;2025/01/11;750.0
C0664;David;Wilson;david.wilson664@example.com;555-1569;2024/01/07;Silver;10081;T01838;2025/02/23;411.54;412;R6;VIP Event Access;5000.0;2025/03/27;5000.0
C0703;Emma;Lee;emma.lee703@example.com;555-5152;2024/07/20;Gold;6605;T01839;2025/05/25;308.45;308;R3;Coffee Mug;1200.0;2025/02/25;1200.0
C0009;Mia;Smith;mia.smith9@example.com;555-9392;2026/02/03;Bronze;13064;T01840;2025/03/09;199.58;200;;;;;
C0415;Noah;Brown;noah.brown415@example.com;555-1142;2026/02/23;Bronze;11820;T01841;2025/05/20;158.56;159;;;;;
C0914;Michael;Thomas;michael.thomas914@example.com;555-1029;2022/10/07;Platinum;9903;T01842;2025/03/30;142.62;143;;;;;
C0322;Lucas;Clark;lucas.clark322@example.com;555-2502;2025/04/27;Gold;13885;T01843;2025/01/04;397.29;397;;;;;
C0778;David;Martinez;david.martinez778@example.com;555-8546;2022/05/25;Gold;7567;T01844;2025/05/14;19.78;20;;;;;
C0978;Sophia;Johnson;sophia.johnson978@example.com;555-5698;2023/02/19;Bronze;1399;T01845;2025/05/26;338.01;338;R1;$5 Gift Voucher;500.0;2025/04/22;500.0
C0467;Michael;Davis;michael.davis467@example.com;555-5773;2023/06/20;Bronze;5435;T01846;2025/02/19;510.36;510;;;;;
C0410;Mia;Moore;mia.moore410@example.com;555-8873;2025/12/22;Silver;6059;T01847;2025/02/04;496.79;497;;;;;
C0040;Olivia;Anderson;olivia.anderson40@example.com;555-1577;2022/12/01;Bronze;11686;T01848;2025/02/26;107.5;108;;;;;
C0697;David;Johnson;david.johnson697@example.com;555-8576;2024/02/11;Silver;9742;T01849;2025/03/04;68.76;69;R4;T-Shirt;2500.0;2025/01/19;2500.0
C0469;John;Taylor;john.taylor469@example.com;555-3956;2024/10/09;Silver;5725;T01850;2025/03/27;94.99;95;;;;;
C0587;Jessica;Wilson;jessica.wilson587@example.com;555-9871;2023/02/14;Gold;10213;T01851;2025/05/10;253.19;253;R1;$5 Gift Voucher;500.0;2025/01/03;500.0
C0910;Jessica;Thomas;jessica.thomas910@example.com;555-5660;2022/12/26;Silver;11354;T01852;2025/02/08;139.05;139;;;;;
C0185;James;Johnson;james.johnson185@example.com;555-5805;2026/01/04;Gold;7421;T01853;2025/03/09;153.93;154;;;;;
C0601;James;Anderson;james.anderson601@example.com;555-9817;2025/10/20;Bronze;949;T01854;2025/04/23;447.21;447;R3;Coffee Mug;1200.0;2025/06/27;1200.0
C0701;Liam;Taylor;liam.taylor701@example.com;555-4493;2024/02/08;Silver;7081;T01855;2025/06/30;431.52;432;;;;;
C0032;David;Lee;david.lee32@example.com;555-5324;2024/08/15;Bronze;6803;T01856;2025/04/29;88.95;89;R5;Free Shipping;750.0;2025/02/01;750.0
C0118;David;Davis;david.davis118@example.com;555-2485;2025/06/27;Silver;4119;T01857;2025/03/20;103.25;103;R6;VIP Event Access;5000.0;2025/04/11;5000.0
C0735;Liam;Johnson;liam.johnson735@example.com;555-5763;2025/04/01;Bronze;6274;T01858;2025/06/04;317.74;318;R2;$10 Gift Voucher;1000.0;2025/01/29;1000.0
C0551;Emily;Martinez;emily.martinez551@example.com;555-1223;2022/07/06;Gold;4627;T01859;2025/05/24;206.39;206;R1;$5 Gift Voucher;500.0;2025/05/15;500.0
C0998;Emily;Clark;emily.clark998@example.com;555-6463;2022/12/03;Platinum;2026;T01860;2025/06/29;491.04;491;;;;;
C0995;Lucas;Martinez;lucas.martinez995@example.com;555-2731;2025/10/22;Gold;2321;T01861;2025/01/20;444.34;444;;;;;
C0328;James;Lee;james.lee328@example.com;555-5410;2022/10/21;Bronze;4234;T01862;2025/03/19;58.79;59;;;;;
C0076;Lucas;Clark;lucas.clark76@example.com;555-3725;2024/07/05;Bronze;6378;T01863;2025/06/28;332.4;332;R3;Coffee Mug;1200.0;2025/01/02;1200.0
C0963;Daniel;Smith;daniel.smith963@example.com;555-9128;2023/04/05;Bronze;13075;T01864;2025/06/07;163.75;164;R5;Free Shipping;750.0;2025/06/12;750.0
C0390;Liam;Johnson;liam.johnson390@example.com;555-1990;2025/07/02;Platinum;12663;T01865;2025/04/09;307.73;308;R4;T-Shirt;2500.0;2025/05/12;2500.0
C0311;James;Smith;james.smith311@example.com;555-5700;2022/08/06;Bronze;14909;T01866;2025/05/09;359.54;360;;;;;
C0218;Lucas;Thomas;lucas.thomas218@example.com;555-8489;2026/04/22;Bronze;14789;T01867;2025/06/30;537.18;537;R3;Coffee Mug;1200.0;2025/04/19;1200.0
C0702;Lucas;Lee;lucas.lee702@example.com;555-3648;2024/05/08;Bronze;6283;T01868;2025/02/07;504.93;505;;;;;
C0220;Emily;Smith;emily.smith220@example.com;555-6872;2022/04/10;Silver;13901;T01869;2025/05/24;397.65;398;R1;$5 Gift Voucher;500.0;2025/03/02;500.0
C0202;Daniel;Lee;daniel.lee202@example.com;555-7977;2024/02/23;Bronze;1038;T01870;2025/03/29;110.37;110;R7;Wireless Earbuds;8000.0;2025/05/12;8000.0
C0745;Noah;Taylor;noah.taylor745@example.com;555-6508;2022/06/22;Silver;1142;T01871;2025/02/07;370.22;370;;;;;
C0652;Lucas;Davis;lucas.davis652@example.com;555-2879;2026/04/22;Silver;6261;T01872;2025/02/21;112.62;113;R3;Coffee Mug;1200.0;2025/05/01;1200.0
C0106;Lucas;Smith;lucas.smith106@example.com;555-4852;2022/01/21;Gold;2196;T01873;2025/02/23;592.73;593;;;;;
C0113;Michael;Moore;michael.moore113@example.com;555-5808;2022/12/26;Gold;12406;T01874;2025/01/08;94.28;94;;;;;
C0111;Michael;Wilson;michael.wilson111@example.com;555-7230;2024/06/23;Bronze;2519;T01875;2025/06/09;335.79;336;R6;VIP Event Access;5000.0;2025/06/22;5000.0
C0563;Emma;Thomas;emma.thomas563@example.com;555-3683;2024/03/28;Silver;4761;T01876;2025/03/23;428.54;429;;;;;
C0308;David;Brown;david.brown308@example.com;555-7217;2024/10/05;Gold;6029;T01877;2025/01/31;552.28;552;;;;;
C0032;David;Lee;david.lee32@example.com;555-5324;2024/08/15;Bronze;6803;T01878;2025/06/10;123.9;124;R5;Free Shipping;750.0;2025/06/06;750.0
C0419;Sophia;Wilson;sophia.wilson419@example.com;555-5840;2024/10/01;Gold;11864;T01879;2025/06/14;27.99;28;;;;;
C0854;Sarah;Brown;sarah.brown854@example.com;555-8928;2022/06/26;Bronze;12983;T01880;2025/03/03;316.94;317;;;;;
C0061;Noah;Martinez;noah.martinez61@example.com;555-3068;2026/05/18;Bronze;7347;T01881;2025/05/27;85.24;85;;;;;
C0987;Sarah;Thomas;sarah.thomas987@example.com;555-7739;2022/12/03;Bronze;12309;T01882;2025/04/20;224.19;224;;;;;
C0788;Mia;Smith;mia.smith788@example.com;555-4810;2022/09/06;Silver;5215;T01883;2025/04/09;105.19;105;;;;;
C0305;Mia;Thomas;mia.thomas305@example.com;555-7872;2023/07/18;Bronze;10429;T01884;2025/02/21;177.29;177;;;;;
C0998;Emily;Clark;emily.clark998@example.com;555-6463;2022/12/03;Platinum;2026;T01885;2025/03/31;104.61;105;;;;;
C0777;Mia;Brown;mia.brown777@example.com;555-2769;2022/11/21;Bronze;12290;T01886;2025/06/25;466.29;466;;;;;
C0497;Michael;Moore;michael.moore497@example.com;555-1270;2024/12/21;Silver;7841;T01887;2025/02/10;37.72;38;;;;;
C0009;Mia;Smith;mia.smith9@example.com;555-9392;2026/02/03;Bronze;13064;T01888;2025/05/06;330.9;331;R5;Free Shipping;750.0;2025/06/13;750.0
C0442;John;Taylor;john.taylor442@example.com;555-8090;2022/09/11;Platinum;7001;T01889;2025/05/30;139.69;140;;;;;
C0574;Ava;Smith;ava.smith574@example.com;555-3233;2024/02/16;Silver;7234;T01890;2025/06/27;531.65;532;;;;;
C0991;Ava;Taylor;ava.taylor991@example.com;555-3187;2024/01/07;Bronze;13455;T01891;2025/01/28;266.49;266;;;;;
C0452;Lucas;Johnson;lucas.johnson452@example.com;555-1920;2023/11/06;Bronze;6794;T01892;2025/04/26;138.93;139;;;;;
C0064;Emily;Clark;emily.clark64@example.com;555-8026;2022/08/17;Silver;4874;T01893;2025/03/24;60.6;61;;;;;
C0261;Noah;Anderson;noah.anderson261@example.com;555-9667;2025/05/13;Silver;4302;T01894;2025/01/11;517.81;518;R5;Free Shipping;750.0;2025/03/05;750.0
C0457;David;Wilson;david.wilson457@example.com;555-2030;2026/03/17;Bronze;11122;T01895;2025/03/16;310.56;311;;;;;
C0407;Noah;Lee;noah.lee407@example.com;555-7685;2025/03/28;Bronze;8465;T01896;2025/04/03;425.87;426;;;;;
C0596;Sarah;Clark;sarah.clark596@example.com;555-6343;2025/04/24;Bronze;730;T01897;2025/03/04;423.67;424;R2;$10 Gift Voucher;1000.0;2025/02/15;1000.0
C0910;Jessica;Thomas;jessica.thomas910@example.com;555-5660;2022/12/26;Silver;11354;T01898;2025/04/20;522.81;523;;;;;
C0146;John;Moore;john.moore146@example.com;555-3601;2025/12/22;Silver;6844;T01899;2025/06/29;574.01;574;;;;;
C0513;Michael;Davis;michael.davis513@example.com;555-3985;2024/07/07;Gold;276;T01900;2025/05/20;318.79;319;;;;;
C0480;Liam;Wilson;liam.wilson480@example.com;555-3203;2025/12/22;Bronze;10314;T01901;2025/05/01;333.89;334;;;;;
C0143;Liam;Johnson;liam.johnson143@example.com;555-1923;2022/09/01;Bronze;8742;T01902;2025/02/02;132.72;133;;;;;
C0610;Lucas;Wilson;lucas.wilson610@example.com;555-7516;2026/05/05;Bronze;9813;T01903;2025/02/03;236.46;236;;;;;
C0202;Daniel;Lee;daniel.lee202@example.com;555-7977;2024/02/23;Bronze;1038;T01904;2025/01/08;598.27;598;;;;;
C0112;John;Thomas;john.thomas112@example.com;555-5175;2024/06/11;Platinum;1621;T01905;2025/01/16;465.28;465;;;;;
C0516;Noah;Lee;noah.lee516@example.com;555-9326;2022/12/18;Silver;3222;T01906;2025/03/13;153.05;153;;;;;
C0365;Ava;Brown;ava.brown365@example.com;555-2288;2024/10/05;Bronze;935;T01907;2025/05/10;569.1;569;;;;;
C0102;Sophia;Smith;sophia.smith102@example.com;555-6704;2025/10/28;Bronze;9728;T01908;2025/04/27;249.14;249;;;;;
C0701;Liam;Taylor;liam.taylor701@example.com;555-4493;2024/02/08;Silver;7081;T01909;2025/03/13;29.78;30;;;;;
C0703;Emma;Lee;emma.lee703@example.com;555-5152;2024/07/20;Gold;6605;T01910;2025/05/14;382.59;383;R7;Wireless Earbuds;8000.0;2025/03/05;8000.0
C0579;Emily;Thomas;emily.thomas579@example.com;555-6431;2025/08/01;Silver;7542;T01911;2025/01/22;155.7;156;;;;;
C0479;Daniel;Anderson;daniel.anderson479@example.com;555-3700;2022/10/31;Silver;1133;T01912;2025/05/10;514.52;515;R3;Coffee Mug;1200.0;2025/04/05;1200.0
C0251;Sarah;Anderson;sarah.anderson251@example.com;555-7886;2025/01/09;Silver;14475;T01913;2025/02/27;208.52;209;;;;;
C0618;David;Smith;david.smith618@example.com;555-8441;2025/12/26;Platinum;2955;T01914;2025/05/09;504.22;504;;;;;
C0061;Noah;Martinez;noah.martinez61@example.com;555-3068;2026/05/18;Bronze;7347;T01915;2025/02/07;473.97;474;;;;;
C0328;James;Lee;james.lee328@example.com;555-5410;2022/10/21;Bronze;4234;T01916;2025/01/01;406.56;407;;;;;
C0717;James;Davis;james.davis717@example.com;555-3243;2024/10/16;Bronze;9749;T01917;2025/03/20;53.42;53;R4;T-Shirt;2500.0;2025/03/13;2500.0
C0698;Noah;Martinez;noah.martinez698@example.com;555-2272;2026/05/19;Silver;13746;T01918;2025/02/04;512.82;513;;;;;
C0219;Daniel;Moore;daniel.moore219@example.com;555-4292;2023/12/17;Silver;14127;T01919;2025/03/28;215.19;215;;;;;
C0520;Sophia;Anderson;sophia.anderson520@example.com;555-9020;2023/11/25;Gold;7766;T01920;2025/04/20;477.7;478;R4;T-Shirt;2500.0;2025/01/26;2500.0
C0288;Liam;Smith;liam.smith288@example.com;555-3062;2022/11/27;Gold;658;T01921;2025/04/14;576.37;576;;;;;
C0262;Liam;Thomas;liam.thomas262@example.com;555-5692;2023/12/07;Gold;4495;T01922;2025/04/04;161.92;162;;;;;
C0609;Ava;Lee;ava.lee609@example.com;555-2496;2025/10/18;Bronze;2611;T01923;2025/04/18;318.18;318;R2;$10 Gift Voucher;1000.0;2025/05/10;1000.0
C0127;Jessica;Thomas;jessica.thomas127@example.com;555-2131;2024/11/08;Silver;3992;T01924;2025/06/12;545.53;546;R1;$5 Gift Voucher;500.0;2025/04/20;500.0
C0282;Olivia;Lee;olivia.lee282@example.com;555-8968;2022/06/16;Gold;7014;T01925;2025/06/05;571.74;572;;;;;
C0238;Emma;Lee;emma.lee238@example.com;555-9641;2023/03/10;Bronze;11636;T01926;2025/02/03;278.46;278;R6;VIP Event Access;5000.0;2025/01/04;5000.0
C0467;Michael;Davis;michael.davis467@example.com;555-5773;2023/06/20;Bronze;5435;T01927;2025/03/27;207.07;207;;;;;
C0258;Emma;Johnson;emma.johnson258@example.com;555-3032;2025/12/13;Gold;11226;T01928;2025/06/21;575.23;575;R2;$10 Gift Voucher;1000.0;2025/03/05;1000.0
C0963;Daniel;Smith;daniel.smith963@example.com;555-9128;2023/04/05;Bronze;13075;T01929;2025/06/22;440.87;441;;;;;
C0421;Sarah;Brown;sarah.brown421@example.com;555-2103;2023/12/27;Silver;2326;T01930;2025/06/23;529.45;529;;;;;
C0106;Lucas;Smith;lucas.smith106@example.com;555-4852;2022/01/21;Gold;2196;T01931;2025/06/16;11.91;12;;;;;
C0535;James;Anderson;james.anderson535@example.com;555-1522;2024/05/09;Gold;5910;T01932;2025/06/28;237.34;237;;;;;
C0190;Sophia;Davis;sophia.davis190@example.com;555-4066;2025/04/20;Silver;8425;T01933;2025/03/12;316.07;316;;;;;
C0469;John;Taylor;john.taylor469@example.com;555-3956;2024/10/09;Silver;5725;T01934;2025/01/07;266.91;267;;;;;
C0342;Lucas;Smith;lucas.smith342@example.com;555-8340;2023/08/18;Gold;14118;T01935;2025/02/12;71.06;71;;;;;
C0523;Liam;Lee;liam.lee523@example.com;555-9732;2022/12/31;Gold;697;T01936;2025/04/11;98.26;98;R5;Free Shipping;750.0;2025/04/23;750.0
C0849;Noah;Anderson;noah.anderson849@example.com;555-9256;2025/12/10;Bronze;2530;T01937;2025/02/22;269.09;269;;;;;
C0573;Sophia;Thomas;sophia.thomas573@example.com;555-8188;2024/07/22;Bronze;12607;T01938;2025/06/29;553.64;554;;;;;
C0896;Emily;Brown;emily.brown896@example.com;555-4370;2022/07/08;Bronze;12917;T01939;2025/06/23;505.97;506;;;;;
C0190;Sophia;Davis;sophia.davis190@example.com;555-4066;2025/04/20;Silver;8425;T01940;2025/01/20;263.85;264;;;;;
C0724;Noah;Lee;noah.lee724@example.com;555-3238;2024/07/06;Silver;10177;T01941;2025/03/03;127.86;128;R7;Wireless Earbuds;8000.0;2025/06/24;8000.0
C0300;Emma;Wilson;emma.wilson300@example.com;555-5787;2025/08/21;Silver;13937;T01942;2025/05/15;565.77;566;;;;;
C0253;Olivia;Johnson;olivia.johnson253@example.com;555-7498;2025/11/22;Platinum;11009;T01943;2025/02/19;115.1;115;;;;;
C0715;James;Thomas;james.thomas715@example.com;555-2523;2023/06/27;Silver;2520;T01944;2025/01/28;327.55;328;;;;;
C0339;James;Davis;james.davis339@example.com;555-8957;2023/05/23;Platinum;2679;T01945;2025/04/10;545.06;545;;;;;
C0234;Sarah;Martinez;sarah.martinez234@example.com;555-9451;2025/04/10;Silver;4178;T01946;2025/03/27;506.93;507;;;;;
C0018;Sarah;Smith;sarah.smith18@example.com;555-4763;2022/08/25;Bronze;6119;T01947;2025/04/14;102.46;102;;;;;
C0419;Sophia;Wilson;sophia.wilson419@example.com;555-5840;2024/10/01;Gold;11864;T01948;2025/03/27;543.77;544;;;;;
C0515;Olivia;Lee;olivia.lee515@example.com;555-3806;2025/06/20;Gold;4371;T01949;2025/05/05;29.56;30;;;;;
C0388;Sarah;Clark;sarah.clark388@example.com;555-1673;2026/03/31;Bronze;12541;T01950;2025/06/28;534.9;535;;;;;
C0137;James;Anderson;james.anderson137@example.com;555-5048;2026/02/16;Bronze;13265;T01951;2025/01/22;225.21;225;R7;Wireless Earbuds;8000.0;2025/02/26;8000.0
C0687;Noah;Taylor;noah.taylor687@example.com;555-7157;2022/06/12;Platinum;14958;T01952;2025/06/09;212.45;212;;;;;
C0707;Michael;Martinez;michael.martinez707@example.com;555-1974;2025/02/15;Gold;2239;T01953;2025/02/18;410.58;411;;;;;
C0962;Mia;Johnson;mia.johnson962@example.com;555-1957;2023/12/25;Silver;210;T01954;2025/04/24;242.12;242;;;;;
C0988;James;Martinez;james.martinez988@example.com;555-3944;2023/09/24;Bronze;1097;T01955;2025/06/08;581.98;582;;;;;
C0105;Michael;Thomas;michael.thomas105@example.com;555-3091;2024/06/03;Silver;7131;T01956;2025/02/22;150.43;150;R5;Free Shipping;750.0;2025/02/13;750.0
C0103;David;Taylor;david.taylor103@example.com;555-7929;2024/04/07;Bronze;10710;T01957;2025/04/01;574.9;575;;;;;
C0096;Michael;Brown;michael.brown96@example.com;555-6234;2024/08/19;Bronze;5613;T01958;2025/03/08;415.14;415;R4;T-Shirt;2500.0;2025/05/28;2500.0
C0281;Daniel;Smith;daniel.smith281@example.com;555-2052;2025/01/20;Platinum;3992;T01959;2025/03/30;407.12;407;;;;;
C0515;Olivia;Lee;olivia.lee515@example.com;555-3806;2025/06/20;Gold;4371;T01960;2025/02/07;113.61;114;R2;$10 Gift Voucher;1000.0;2025/04/08;1000.0
C0343;Jessica;Davis;jessica.davis343@example.com;555-6889;2025/02/07;Bronze;4566;T01961;2025/01/11;257.06;257;;;;;
C0714;Noah;Wilson;noah.wilson714@example.com;555-6050;2024/11/18;Gold;8385;T01962;2025/03/19;14.69;15;;;;;
C0021;John;Smith;john.smith21@example.com;555-2801;2022/09/22;Gold;5883;T01963;2025/02/14;125.51;126;;;;;
C0883;Lucas;Anderson;lucas.anderson883@example.com;555-7398;2024/07/05;Bronze;355;T01964;2025/05/30;169.28;169;;;;;
C0792;Michael;Thomas;michael.thomas792@example.com;555-6712;2023/01/23;Gold;14378;T01965;2025/02/27;333.38;333;R1;$5 Gift Voucher;500.0;2025/02/24;500.0
C0798;Mia;Johnson;mia.johnson798@example.com;555-9079;2026/03/08;Bronze;75;T01966;2025/04/19;573.92;574;;;;;
C0150;Jessica;Anderson;jessica.anderson150@example.com;555-8856;2025/11/22;Silver;10234;T01967;2025/01/27;283.74;284;R3;Coffee Mug;1200.0;2025/03/08;1200.0
C0738;James;Thomas;james.thomas738@example.com;555-2193;2024/06/30;Silver;2721;T01968;2025/01/07;98.58;99;;;;;
C0488;Noah;Clark;noah.clark488@example.com;555-5645;2025/09/08;Bronze;10529;T01969;2025/01/01;466.3;466;;;;;
C0427;David;Taylor;david.taylor427@example.com;555-8200;2025/05/25;Bronze;1857;T01970;2025/05/06;177.71;178;;;;;
C0519;Ava;Smith;ava.smith519@example.com;555-3225;2024/07/22;Bronze;10130;T01971;2025/02/28;530.05;530;R4;T-Shirt;2500.0;2025/02/19;2500.0
C0887;Liam;Wilson;liam.wilson887@example.com;555-1499;2024/08/20;Platinum;3422;T01972;2025/03/08;348.42;348;;;;;
C0132;Ava;Moore;ava.moore132@example.com;555-8051;2022/07/16;Silver;1029;T01973;2025/04/17;420.25;420;;;;;
C0453;Liam;Wilson;liam.wilson453@example.com;555-2790;2023/10/03;Silver;11705;T01974;2025/04/03;550.11;550;;;;;
C0360;Ava;Clark;ava.clark360@example.com;555-8959;2022/11/10;Bronze;9865;T01975;2025/02/01;559.51;560;;;;;
C0580;Michael;Wilson;michael.wilson580@example.com;555-5378;2023/03/02;Gold;2794;T01976;2025/01/25;69.87;70;R6;VIP Event Access;5000.0;2025/05/01;5000.0
C0750;Noah;Davis;noah.davis750@example.com;555-4671;2023/04/03;Bronze;11493;T01977;2025/05/25;280.66;281;R4;T-Shirt;2500.0;2025/01/27;2500.0
C0120;Sarah;Taylor;sarah.taylor120@example.com;555-7225;2025/04/05;Silver;12987;T01978;2025/02/01;48.79;49;R2;$10 Gift Voucher;1000.0;2025/05/14;1000.0
C0396;Liam;Moore;liam.moore396@example.com;555-8698;2023/04/13;Silver;2972;T01979;2025/04/04;18.13;18;;;;;
C0379;Sarah;Lee;sarah.lee379@example.com;555-8288;2022/03/11;Platinum;6298;T01980;2025/05/03;574.64;575;;;;;
C0370;Emma;Thomas;emma.thomas370@example.com;555-6881;2024/08/12;Gold;13113;T01981;2025/06/03;103.7;104;;;;;
C0971;Emily;Davis;emily.davis971@example.com;555-3887;2023/02/20;Silver;7269;T01982;2025/03/13;69.11;69;R1;$5 Gift Voucher;500.0;2025/04/27;500.0
C0553;James;Davis;james.davis553@example.com;555-1561;2025/01/31;Gold;8901;T01983;2025/01/16;103.64;104;;;;;
C0464;Daniel;Johnson;daniel.johnson464@example.com;555-1216;2026/05/12;Bronze;2243;T01984;2025/05/01;370.37;370;R6;VIP Event Access;5000.0;2025/03/13;5000.0
C0588;Michael;Thomas;michael.thomas588@example.com;555-6212;2023/11/16;Bronze;4475;T01985;2025/03/31;402.53;403;;;;;
C0737;Noah;Johnson;noah.johnson737@example.com;555-1661;2023/06/05;Bronze;5963;T01986;2025/04/23;554.53;555;R2;$10 Gift Voucher;1000.0;2025/05/22;1000.0
C0737;Noah;Johnson;noah.johnson737@example.com;555-1661;2023/06/05;Bronze;5963;T01987;2025/01/20;139.52;140;R2;$10 Gift Voucher;1000.0;2025/06/03;1000.0
C0938;Liam;Clark;liam.clark938@example.com;555-7849;2026/01/14;Silver;140;T01988;2025/05/10;382.21;382;;;;;
C0989;David;Thomas;david.thomas989@example.com;555-6046;2022/12/05;Bronze;4820;T01989;2025/05/30;79.8;80;;;;;
C0344;Ava;Clark;ava.clark344@example.com;555-1908;2022/04/01;Bronze;1459;T01990;2025/03/16;575.15;575;;;;;
C0154;Michael;Davis;michael.davis154@example.com;555-3047;2022/10/04;Bronze;7065;T01991;2025/01/26;454.47;454;;;;;
C0924;Ava;Taylor;ava.taylor924@example.com;555-1288;2023/07/28;Gold;9937;T01992;2025/03/24;434.27;434;R7;Wireless Earbuds;8000.0;2025/06/27;8000.0
C0611;David;Smith;david.smith611@example.com;555-4971;2025/07/26;Platinum;6161;T01993;2025/06/05;344.23;344;;;;;
C0946;Michael;Taylor;michael.taylor946@example.com;555-5001;2025/10/07;Platinum;4361;T01994;2025/01/15;534.78;535;;;;;
C0058;David;Martinez;david.martinez58@example.com;555-9418;2025/12/11;Bronze;4303;T01995;2025/05/19;254.27;254;;;;;
C0293;Sarah;Moore;sarah.moore293@example.com;555-6718;2022/10/02;Gold;2241;T01996;2025/01/12;500.7;501;;;;;
C0661;John;Martinez;john.martinez661@example.com;555-9871;2022/04/02;Gold;2200;T01997;2025/02/12;457.87;458;;;;;
C0581;Michael;Martinez;michael.martinez581@example.com;555-1424;2022/10/07;Silver;7516;T01998;2025/03/07;182.2;182;R4;T-Shirt;2500.0;2025/01/04;2500.0
C0291;Sarah;Anderson;sarah.anderson291@example.com;555-7857;2025/10/15;Bronze;10043;T01999;2025/03/05;183.43;183;R5;Free Shipping;750.0;2025/02/02;750.0
C0266;James;Davis;james.davis266@example.com;555-3501;2022/08/03;Bronze;12965;T02000;2025/03/04;34.59;35;;;;;
C0451;Liam;Johnson;liam.johnson451@example.com;555-7850;2024/11/23;Bronze;13714;T02001;2025/03/03;514.33;514;;;;;
C0364;Emma;Anderson;emma.anderson364@example.com;555-9121;2023/02/27;Bronze;6898;T02002;2025/01/31;141.68;142;R5;Free Shipping;750.0;2025/02/18;750.0
C0880;Olivia;Martinez;olivia.martinez880@example.com;555-7421;2024/02/26;Silver;9025;T02003;2025/03/05;148.85;149;;;;;
C0923;Sarah;Smith;sarah.smith923@example.com;555-7284;2025/04/07;Silver;6073;T02004;2025/02/09;427.81;428;;;;;
C0680;Michael;Moore;michael.moore680@example.com;555-2557;2023/03/23;Silver;7486;T02005;2025/01/21;15.03;15;;;;;
C0815;John;Lee;john.lee815@example.com;555-3064;2023/05/17;Bronze;12778;T02006;2025/06/26;379.33;379;;;;;
C0688;Emma;Johnson;emma.johnson688@example.com;555-4773;2025/11/02;Silver;12051;T02007;2025/05/27;392.69;393;;;;;
C0478;David;Brown;david.brown478@example.com;555-6115;2025/10/06;Silver;12891;T02008;2025/06/15;408.96;409;;;;;
C0785;John;Smith;john.smith785@example.com;555-4946;2022/08/08;Silver;7553;T02009;2025/04/30;99.75;100;R3;Coffee Mug;1200.0;2025/03/02;1200.0
C0465;Michael;Anderson;michael.anderson465@example.com;555-8917;2022/11/13;Silver;5311;T02010;2025/05/18;278.26;278;;;;;
C0595;Sarah;Martinez;sarah.martinez595@example.com;555-6805;2023/02/16;Bronze;14928;T02011;2025/06/17;435.13;435;;;;;
C0986;Noah;Brown;noah.brown986@example.com;555-2673;2025/03/23;Silver;7121;T02012;2025/01/12;230.93;231;;;;;
C0841;Ava;Clark;ava.clark841@example.com;555-9201;2023/05/25;Silver;1967;T02013;2025/03/30;69.6;70;R6;VIP Event Access;5000.0;2025/02/15;5000.0
C0688;Emma;Johnson;emma.johnson688@example.com;555-4773;2025/11/02;Silver;12051;T02014;2025/05/16;381.88;382;;;;;
C0873;Sophia;Smith;sophia.smith873@example.com;555-6834;2022/05/31;Bronze;494;T02015;2025/05/24;103.66;104;;;;;
C0741;James;Thomas;james.thomas741@example.com;555-1446;2022/02/18;Silver;12593;T02016;2025/04/13;552.52;553;;;;;
C0305;Mia;Thomas;mia.thomas305@example.com;555-7872;2023/07/18;Bronze;10429;T02017;2025/03/23;181.02;181;;;;;
C0367;Emily;Taylor;emily.taylor367@example.com;555-5180;2023/10/17;Bronze;7561;T02018;2025/04/20;134.42;134;;;;;
C0528;Emma;Smith;emma.smith528@example.com;555-9296;2024/11/20;Bronze;4244;T02019;2025/01/14;57.51;58;;;;;
C0911;Olivia;Davis;olivia.davis911@example.com;555-1444;2023/06/26;Gold;9186;T02020;2025/02/17;462.01;462;;;;;
C0098;Emily;Anderson;emily.anderson98@example.com;555-3164;2023/10/10;Bronze;12782;T02021;2025/04/30;479.72;480;;;;;
C0012;Liam;Johnson;liam.johnson12@example.com;555-3896;2026/03/02;Bronze;10505;T02022;2025/01/09;535.38;535;;;;;
C0376;Emily;Taylor;emily.taylor376@example.com;555-6362;2022/06/15;Bronze;14537;T02023;2025/02/21;466.2;466;;;;;
C0799;Olivia;Smith;olivia.smith799@example.com;555-1384;2025/04/03;Platinum;3320;T02024;2025/03/13;342.63;343;;;;;
C0799;Olivia;Smith;olivia.smith799@example.com;555-1384;2025/04/03;Platinum;3320;T02025;2025/04/02;394.26;394;;;;;
C0193;Jessica;Wilson;jessica.wilson193@example.com;555-6542;2023/06/29;Bronze;13281;T02026;2025/02/18;52.77;53;;;;;
C0103;David;Taylor;david.taylor103@example.com;555-7929;2024/04/07;Bronze;10710;T02027;2025/02/03;46.41;46;;;;;
C0469;John;Taylor;john.taylor469@example.com;555-3956;2024/10/09;Silver;5725;T02028;2025/04/28;587.19;587;R4;T-Shirt;2500.0;2025/05/10;2500.0
C0293;Sarah;Moore;sarah.moore293@example.com;555-6718;2022/10/02;Gold;2241;T02029;2025/01/01;194.14;194;;;;;
C0116;Sarah;Johnson;sarah.johnson116@example.com;555-6856;2022/11/25;Bronze;6670;T02030;2025/05/09;317.56;318;R1;$5 Gift Voucher;500.0;2025/05/26;500.0
C0451;Liam;Johnson;liam.johnson451@example.com;555-7850;2024/11/23;Bronze;13714;T02031;2025/06/19;423.34;423;;;;;
C0595;Sarah;Martinez;sarah.martinez595@example.com;555-6805;2023/02/16;Bronze;14928;T02032;2025/05/01;537.42;537;R3;Coffee Mug;1200.0;2025/06/24;1200.0
C0604;Sarah;Anderson;sarah.anderson604@example.com;555-5139;2024/06/28;Silver;12854;T02033;2025/06/09;5.69;6;;;;;
C0759;David;Smith;david.smith759@example.com;555-7442;2024/03/18;Gold;13745;T02034;2025/06/19;565.59;566;;;;;
C0516;Noah;Lee;noah.lee516@example.com;555-9326;2022/12/18;Silver;3222;T02035;2025/06/10;432.88;433;;;;;
C0790;Daniel;Smith;daniel.smith790@example.com;555-9167;2024/06/23;Silver;619;T02036;2025/05/28;325.08;325;;;;;
C0932;Michael;Wilson;michael.wilson932@example.com;555-9435;2025/02/20;Silver;5905;T02037;2025/03/17;197.07;197;;;;;
C0427;David;Taylor;david.taylor427@example.com;555-8200;2025/05/25;Bronze;1857;T02038;2025/06/11;470.65;471;R1;$5 Gift Voucher;500.0;2025/04/21;500.0
C0069;John;Martinez;john.martinez69@example.com;555-5920;2025/08/03;Bronze;13459;T02039;2025/05/22;423.61;424;;;;;
C0765;Ava;Brown;ava.brown765@example.com;555-6639;2023/10/07;Silver;2649;T02040;2025/01/29;16.48;16;;;;;
C0627;Emily;Davis;emily.davis627@example.com;555-5118;2023/04/14;Gold;9311;T02041;2025/05/07;351.25;351;;;;;
C0994;Sophia;Lee;sophia.lee994@example.com;555-8511;2023/07/30;Bronze;14437;T02042;2025/06/21;46.91;47;;;;;
C0581;Michael;Martinez;michael.martinez581@example.com;555-1424;2022/10/07;Silver;7516;T02043;2025/04/21;272.39;272;R1;$5 Gift Voucher;500.0;2025/03/29;500.0
C0061;Noah;Martinez;noah.martinez61@example.com;555-3068;2026/05/18;Bronze;7347;T02044;2025/02/22;523.0;523;;;;;
C0876;Sarah;Brown;sarah.brown876@example.com;555-2296;2023/12/23;Bronze;10335;T02045;2025/06/04;523.79;524;;;;;
C0422;David;Lee;david.lee422@example.com;555-7589;2023/06/02;Bronze;3542;T02046;2025/01/01;450.03;450;;;;;
C0030;Noah;Martinez;noah.martinez30@example.com;555-5336;2023/03/24;Silver;14930;T02047;2025/01/21;286.91;287;;;;;
C0778;David;Martinez;david.martinez778@example.com;555-8546;2022/05/25;Gold;7567;T02048;2025/05/24;359.56;360;;;;;
C0602;Ava;Taylor;ava.taylor602@example.com;555-2262;2025/08/01;Bronze;7185;T02049;2025/03/16;306.16;306;R6;VIP Event Access;5000.0;2025/03/01;5000.0
C0682;Ava;Davis;ava.davis682@example.com;555-9512;2025/10/22;Gold;11429;T02050;2025/01/05;502.23;502;;;;;
C0792;Michael;Thomas;michael.thomas792@example.com;555-6712;2023/01/23;Gold;14378;T02051;2025/03/02;485.03;485;R3;Coffee Mug;1200.0;2025/02/10;1200.0
C0682;Ava;Davis;ava.davis682@example.com;555-9512;2025/10/22;Gold;11429;T02052;2025/02/02;549.81;550;R5;Free Shipping;750.0;2025/03/11;750.0
C0560;Michael;Taylor;michael.taylor560@example.com;555-6626;2023/12/29;Bronze;9415;T02053;2025/03/01;121.63;122;;;;;
C0175;Emily;Brown;emily.brown175@example.com;555-7415;2022/06/11;Bronze;9556;T02054;2025/02/03;128.67;129;R7;Wireless Earbuds;8000.0;2025/05/10;8000.0
C0658;David;Lee;david.lee658@example.com;555-6176;2025/08/18;Bronze;1631;T02055;2025/06/18;261.49;261;;;;;
C0767;Sarah;Johnson;sarah.johnson767@example.com;555-1648;2025/06/01;Bronze;14701;T02056;2025/01/17;48.07;48;;;;;
C0374;Jessica;Anderson;jessica.anderson374@example.com;555-5630;2022/08/14;Gold;13705;T02057;2025/06/21;411.74;412;;;;;
C0294;Daniel;Clark;daniel.clark294@example.com;555-6338;2025/09/16;Silver;13074;T02058;2025/04/02;579.59;580;;;;;
C0390;Liam;Johnson;liam.johnson390@example.com;555-1990;2025/07/02;Platinum;12663;T02059;2025/01/07;575.05;575;R4;T-Shirt;2500.0;2025/02/01;2500.0
C0451;Liam;Johnson;liam.johnson451@example.com;555-7850;2024/11/23;Bronze;13714;T02060;2025/06/10;17.95;18;R7;Wireless Earbuds;8000.0;2025/06/22;8000.0
C0841;Ava;Clark;ava.clark841@example.com;555-9201;2023/05/25;Silver;1967;T02061;2025/02/02;119.42;119;;;;;
C0406;Michael;Brown;michael.brown406@example.com;555-3948;2024/02/09;Platinum;112;T02062;2025/06/17;128.83;129;;;;;
C0858;Emma;Clark;emma.clark858@example.com;555-6114;2025/12/08;Silver;1456;T02063;2025/02/04;234.02;234;R6;VIP Event Access;5000.0;2025/02/04;5000.0
C0464;Daniel;Johnson;daniel.johnson464@example.com;555-1216;2026/05/12;Bronze;2243;T02064;2025/04/30;353.8;354;;;;;
C0389;Emily;Brown;emily.brown389@example.com;555-7794;2024/02/20;Silver;9660;T02065;2025/04/11;580.82;581;R2;$10 Gift Voucher;1000.0;2025/03/05;1000.0
C0144;Sophia;Johnson;sophia.johnson144@example.com;555-6968;2024/03/18;Silver;911;T02066;2025/03/30;158.18;158;R6;VIP Event Access;5000.0;2025/06/08;5000.0
C0985;Lucas;Smith;lucas.smith985@example.com;555-9722;2023/03/10;Platinum;820;T02067;2025/03/12;528.25;528;;;;;
C0121;Liam;Brown;liam.brown121@example.com;555-4077;2024/11/11;Silver;6546;T02068;2025/04/29;420.05;420;;;;;
C0300;Emma;Wilson;emma.wilson300@example.com;555-5787;2025/08/21;Silver;13937;T02069;2025/05/30;240.89;241;;;;;
C0189;David;Lee;david.lee189@example.com;555-7852;2025/07/29;Silver;3704;T02070;2025/02/16;490.13;490;;;;;
C0915;Ava;Taylor;ava.taylor915@example.com;555-2118;2023/05/23;Bronze;733;T02071;2025/01/17;285.97;286;R6;VIP Event Access;5000.0;2025/01/21;5000.0
C0169;Mia;Wilson;mia.wilson169@example.com;555-2259;2024/07/03;Gold;5780;T02072;2025/01/26;214.8;215;;;;;
C0175;Emily;Brown;emily.brown175@example.com;555-7415;2022/06/11;Bronze;9556;T02073;2025/01/02;64.09;64;;;;;
C0094;David;Davis;david.davis94@example.com;555-2750;2026/01/17;Bronze;9479;T02074;2025/02/27;415.86;416;R6;VIP Event Access;5000.0;2025/06/05;5000.0
C0963;Daniel;Smith;daniel.smith963@example.com;555-9128;2023/04/05;Bronze;13075;T02075;2025/05/27;93.93;94;R5;Free Shipping;750.0;2025/05/06;750.0
C0155;Liam;Taylor;liam.taylor155@example.com;555-8393;2023/02/23;Bronze;13490;T02076;2025/06/08;455.38;455;R7;Wireless Earbuds;8000.0;2025/01/19;8000.0
C0553;James;Davis;james.davis553@example.com;555-1561;2025/01/31;Gold;8901;T02077;2025/01/29;295.04;295;;;;;
C0733;David;Moore;david.moore733@example.com;555-4950;2025/02/19;Bronze;2536;T02078;2025/06/28;48.53;49;R3;Coffee Mug;1200.0;2025/02/08;1200.0
C0150;Jessica;Anderson;jessica.anderson150@example.com;555-8856;2025/11/22;Silver;10234;T02079;2025/03/30;366.74;367;;;;;
C0299;Noah;Anderson;noah.anderson299@example.com;555-9645;2024/07/10;Bronze;14116;T02080;2025/04/24;477.97;478;R3;Coffee Mug;1200.0;2025/01/14;1200.0
C0910;Jessica;Thomas;jessica.thomas910@example.com;555-5660;2022/12/26;Silver;11354;T02081;2025/06/01;258.65;259;R6;VIP Event Access;5000.0;2025/01/21;5000.0
C0463;Sarah;Brown;sarah.brown463@example.com;555-2970;2023/04/29;Gold;13450;T02082;2025/01/29;587.24;587;;;;;
C0903;Sarah;Taylor;sarah.taylor903@example.com;555-5851;2026/01/09;Platinum;6554;T02083;2025/04/29;123.73;124;;;;;
C0947;Emma;Moore;emma.moore947@example.com;555-6416;2025/10/03;Silver;10308;T02084;2025/01/31;245.04;245;R1;$5 Gift Voucher;500.0;2025/01/15;500.0
C0981;James;Martinez;james.martinez981@example.com;555-2889;2022/12/15;Platinum;7673;T02085;2025/03/05;306.79;307;;;;;
C0577;Emma;Wilson;emma.wilson577@example.com;555-4927;2022/02/27;Gold;8539;T02086;2025/03/02;244.71;245;;;;;
C0299;Noah;Anderson;noah.anderson299@example.com;555-9645;2024/07/10;Bronze;14116;T02087;2025/02/10;138.94;139;;;;;
C0675;Emma;Johnson;emma.johnson675@example.com;555-4655;2023/07/27;Platinum;5890;T02088;2025/06/29;431.52;432;;;;;
C0393;Lucas;Davis;lucas.davis393@example.com;555-6121;2024/12/15;Silver;10997;T02089;2025/03/05;537.3;537;;;;;
C0620;Michael;Brown;michael.brown620@example.com;555-4980;2024/07/21;Bronze;7987;T02090;2025/05/07;519.67;520;R3;Coffee Mug;1200.0;2025/04/10;1200.0
C0961;James;Thomas;james.thomas961@example.com;555-6829;2023/12/16;Bronze;4527;T02091;2025/05/15;200.58;201;;;;;
C0441;Ava;Wilson;ava.wilson441@example.com;555-5461;2023/02/11;Silver;8280;T02092;2025/01/19;247.32;247;R7;Wireless Earbuds;8000.0;2025/03/08;8000.0
C0445;Noah;Clark;noah.clark445@example.com;555-3763;2025/11/04;Silver;456;T02093;2025/02/26;116.24;116;;;;;
C0015;Noah;Lee;noah.lee15@example.com;555-6110;2022/01/06;Gold;9963;T02094;2025/02/26;308.39;308;;;;;
C0538;Emma;Smith;emma.smith538@example.com;555-7327;2023/07/27;Bronze;13783;T02095;2025/01/14;139.15;139;;;;;
C0930;Ava;Brown;ava.brown930@example.com;555-3181;2025/06/22;Bronze;443;T02096;2025/05/25;378.8;379;;;;;
C0212;Noah;Lee;noah.lee212@example.com;555-5978;2022/01/24;Platinum;8622;T02097;2025/02/04;238.94;239;;;;;
C0145;Noah;Moore;noah.moore145@example.com;555-3425;2022/10/17;Silver;11697;T02098;2025/01/19;65.69;66;;;;;
C0803;Noah;Smith;noah.smith803@example.com;555-8384;2023/10/12;Bronze;9502;T02099;2025/06/24;87.71;88;;;;;
C0375;Sophia;Anderson;sophia.anderson375@example.com;555-1381;2025/06/29;Bronze;1065;T02100;2025/06/09;436.96;437;R5;Free Shipping;750.0;2025/04/10;750.0
C0836;Liam;Martinez;liam.martinez836@example.com;555-8614;2023/09/30;Bronze;8203;T02101;2025/03/10;54.66;55;;;;;
C0726;David;Smith;david.smith726@example.com;555-2985;2022/11/13;Bronze;3663;T02102;2025/06/10;516.24;516;;;;;
C0776;Jessica;Thomas;jessica.thomas776@example.com;555-3846;2023/11/25;Gold;1008;T02103;2025/03/13;180.83;181;R4;T-Shirt;2500.0;2025/05/04;2500.0
C0720;Daniel;Martinez;daniel.martinez720@example.com;555-2127;2022/11/27;Gold;5778;T02104;2025/03/06;554.14;554;;;;;
C0798;Mia;Johnson;mia.johnson798@example.com;555-9079;2026/03/08;Bronze;75;T02105;2025/05/21;540.08;540;;;;;
C0940;Lucas;Thomas;lucas.thomas940@example.com;555-3255;2022/03/21;Platinum;10480;T02106;2025/05/28;559.12;559;;;;;
C0391;Liam;Brown;liam.brown391@example.com;555-8092;2023/05/31;Silver;13065;T02107;2025/04/26;206.79;207;;;;;
C0490;Emily;Lee;emily.lee490@example.com;555-4574;2025/11/18;Silver;8226;T02108;2025/05/29;167.45;167;;;;;
C0050;Emily;Martinez;emily.martinez50@example.com;555-8412;2024/08/14;Gold;5794;T02109;2025/03/16;491.75;492;;;;;
C0291;Sarah;Anderson;sarah.anderson291@example.com;555-7857;2025/10/15;Bronze;10043;T02110;2025/03/16;385.22;385;;;;;
C0660;Daniel;Martinez;daniel.martinez660@example.com;555-2405;2023/08/03;Bronze;3836;T02111;2025/04/19;364.39;364;R5;Free Shipping;750.0;2025/06/06;750.0
C0450;Daniel;Anderson;daniel.anderson450@example.com;555-2750;2025/03/12;Bronze;9638;T02112;2025/02/21;337.06;337;R6;VIP Event Access;5000.0;2025/06/30;5000.0
C0945;Daniel;Moore;daniel.moore945@example.com;555-5519;2024/01/12;Bronze;14581;T02113;2025/03/23;294.64;295;;;;;
C0338;Lucas;Lee;lucas.lee338@example.com;555-7778;2025/01/09;Gold;11844;T02114;2025/01/07;43.24;43;;;;;
C0879;Daniel;Martinez;daniel.martinez879@example.com;555-7150;2024/05/14;Silver;1338;T02115;2025/02/13;244.52;245;;;;;
C0628;Olivia;Johnson;olivia.johnson628@example.com;555-3338;2022/04/16;Platinum;8089;T02116;2025/04/22;148.04;148;R5;Free Shipping;750.0;2025/03/12;750.0
C0294;Daniel;Clark;daniel.clark294@example.com;555-6338;2025/09/16;Silver;13074;T02117;2025/06/23;403.18;403;R2;$10 Gift Voucher;1000.0;2025/01/08;1000.0
C0761;Sophia;Taylor;sophia.taylor761@example.com;555-3538;2023/02/11;Bronze;5434;T02118;2025/06/06;528.87;529;;;;;
C0789;Ava;Davis;ava.davis789@example.com;555-4836;2025/03/25;Bronze;3378;T02119;2025/06/23;404.86;405;;;;;
C0710;Emma;Moore;emma.moore710@example.com;555-8789;2024/07/10;Platinum;14442;T02120;2025/06/19;204.04;204;;;;;
C0131;Noah;Thomas;noah.thomas131@example.com;555-1445;2024/03/14;Platinum;10443;T02121;2025/04/15;278.24;278;;;;;
C0949;Michael;Thomas;michael.thomas949@example.com;555-5201;2026/01/15;Silver;6168;T02122;2025/04/23;466.34;466;;;;;
C0523;Liam;Lee;liam.lee523@example.com;555-9732;2022/12/31;Gold;697;T02123;2025/04/29;26.76;27;;;;;
C0980;Olivia;Smith;olivia.smith980@example.com;555-4808;2025/02/01;Bronze;2783;T02124;2025/03/11;25.01;25;;;;;
C0181;Sarah;Davis;sarah.davis181@example.com;555-1273;2024/04/26;Gold;7594;T02125;2025/05/09;234.38;234;;;;;
C0343;Jessica;Davis;jessica.davis343@example.com;555-6889;2025/02/07;Bronze;4566;T02126;2025/01/20;64.88;65;;;;;
C0833;Emily;Taylor;emily.taylor833@example.com;555-9576;2024/01/09;Gold;12993;T02127;2025/03/11;16.49;16;;;;;
C0972;David;Anderson;david.anderson972@example.com;555-9269;2024/09/02;Silver;5435;T02128;2025/03/02;437.23;437;;;;;
C0468;Lucas;Smith;lucas.smith468@example.com;555-1645;2023/11/19;Silver;14761;T02129;2025/01/20;507.8;508;R6;VIP Event Access;5000.0;2025/02/27;5000.0
C0692;Daniel;Anderson;daniel.anderson692@example.com;555-6657;2022/03/11;Silver;9393;T02130;2025/04/17;303.48;303;;;;;
C0080;Sarah;Moore;sarah.moore80@example.com;555-8562;2025/07/23;Bronze;1051;T02131;2025/05/31;257.17;257;;;;;
C0108;Liam;Johnson;liam.johnson108@example.com;555-7219;2022/06/04;Gold;11820;T02132;2025/03/06;96.68;97;R3;Coffee Mug;1200.0;2025/02/20;1200.0
C0175;Emily;Brown;emily.brown175@example.com;555-7415;2022/06/11;Bronze;9556;T02133;2025/04/02;534.04;534;;;;;
C0873;Sophia;Smith;sophia.smith873@example.com;555-6834;2022/05/31;Bronze;494;T02134;2025/02/05;256.76;257;;;;;
C0973;Mia;Martinez;mia.martinez973@example.com;555-6721;2025/12/31;Silver;1373;T02135;2025/04/23;153.04;153;;;;;
C0199;James;Anderson;james.anderson199@example.com;555-9065;2025/09/26;Silver;14769;T02136;2025/01/22;410.66;411;;;;;
C0227;Olivia;Smith;olivia.smith227@example.com;555-8250;2024/10/04;Gold;8988;T02137;2025/05/24;580.06;580;;;;;
C0847;Michael;Clark;michael.clark847@example.com;555-6319;2024/04/03;Bronze;14742;T02138;2025/01/27;233.66;234;R4;T-Shirt;2500.0;2025/04/06;2500.0
C0034;David;Thomas;david.thomas34@example.com;555-2384;2024/11/05;Gold;9718;T02139;2025/06/11;75.28;75;R5;Free Shipping;750.0;2025/03/24;750.0
C0064;Emily;Clark;emily.clark64@example.com;555-8026;2022/08/17;Silver;4874;T02140;2025/01/08;372.61;373;;;;;
C0678;Jessica;Davis;jessica.davis678@example.com;555-9023;2022/10/24;Gold;8049;T02141;2025/05/05;508.65;509;;;;;
C0826;Emily;Lee;emily.lee826@example.com;555-9850;2022/03/10;Bronze;2013;T02142;2025/01/15;447.68;448;;;;;
C0689;Mia;Wilson;mia.wilson689@example.com;555-7171;2023/06/17;Bronze;433;T02143;2025/02/13;420.98;421;;;;;
C0419;Sophia;Wilson;sophia.wilson419@example.com;555-5840;2024/10/01;Gold;11864;T02144;2025/02/09;306.11;306;;;;;
C0002;David;Anderson;david.anderson2@example.com;555-6873;2022/10/07;Silver;983;T02145;2025/04/01;211.28;211;;;;;
C0527;John;Wilson;john.wilson527@example.com;555-7108;2026/02/27;Gold;3499;T02146;2025/02/27;290.62;291;;;;;
C0793;Ava;Brown;ava.brown793@example.com;555-4797;2024/07/16;Bronze;5480;T02147;2025/06/06;130.28;130;;;;;
C0879;Daniel;Martinez;daniel.martinez879@example.com;555-7150;2024/05/14;Silver;1338;T02148;2025/01/12;267.73;268;;;;;
C0241;Emma;Moore;emma.moore241@example.com;555-7612;2026/01/23;Platinum;12505;T02149;2025/01/27;494.4;494;;;;;
C0922;Ava;Moore;ava.moore922@example.com;555-2183;2024/11/24;Gold;5756;T02150;2025/03/01;271.51;272;;;;;
C0973;Mia;Martinez;mia.martinez973@example.com;555-6721;2025/12/31;Silver;1373;T02151;2025/05/23;322.85;323;R4;T-Shirt;2500.0;2025/02/01;2500.0
C0215;Daniel;Davis;daniel.davis215@example.com;555-2635;2022/10/12;Silver;5565;T02152;2025/01/27;341.94;342;;;;;
C0821;Olivia;Moore;olivia.moore821@example.com;555-7934;2022/04/21;Bronze;109;T02153;2025/04/08;133.87;134;;;;;
C0940;Lucas;Thomas;lucas.thomas940@example.com;555-3255;2022/03/21;Platinum;10480;T02154;2025/06/10;299.52;300;;;;;
C0985;Lucas;Smith;lucas.smith985@example.com;555-9722;2023/03/10;Platinum;820;T02155;2025/02/11;12.9;13;R3;Coffee Mug;1200.0;2025/05/31;1200.0
C0462;Lucas;Clark;lucas.clark462@example.com;555-9108;2023/12/15;Silver;7569;T02156;2025/04/01;261.7;262;R4;T-Shirt;2500.0;2025/05/09;2500.0
C0983;Olivia;Lee;olivia.lee983@example.com;555-6283;2026/04/13;Bronze;13458;T02157;2025/03/11;296.21;296;R2;$10 Gift Voucher;1000.0;2025/01/07;1000.0
C0718;David;Wilson;david.wilson718@example.com;555-6816;2024/05/20;Bronze;8292;T02158;2025/03/10;542.96;543;;;;;
C0192;Emma;Martinez;emma.martinez192@example.com;555-8721;2023/06/13;Silver;12956;T02159;2025/06/14;499.16;499;R7;Wireless Earbuds;8000.0;2025/02/09;8000.0
C0497;Michael;Moore;michael.moore497@example.com;555-1270;2024/12/21;Silver;7841;T02160;2025/01/16;407.94;408;;;;;
C0288;Liam;Smith;liam.smith288@example.com;555-3062;2022/11/27;Gold;658;T02161;2025/04/18;366.92;367;;;;;
C0024;Olivia;Davis;olivia.davis24@example.com;555-4189;2022/10/05;Silver;3610;T02162;2025/02/20;559.63;560;;;;;
C0817;Daniel;Johnson;daniel.johnson817@example.com;555-1634;2023/09/20;Silver;10996;T02163;2025/05/22;543.5;544;R1;$5 Gift Voucher;500.0;2025/04/10;500.0
C0230;James;Taylor;james.taylor230@example.com;555-7279;2024/04/23;Silver;8226;T02164;2025/05/31;86.47;86;;;;;
C0334;Olivia;Moore;olivia.moore334@example.com;555-5870;2023/08/28;Gold;11570;T02165;2025/05/19;337.26;337;R7;Wireless Earbuds;8000.0;2025/03/30;8000.0
C0135;Sophia;Thomas;sophia.thomas135@example.com;555-5286;2024/05/31;Silver;10758;T02166;2025/01/07;586.15;586;;;;;
C0400;Olivia;Lee;olivia.lee400@example.com;555-3931;2023/12/02;Bronze;2830;T02167;2025/04/17;28.21;28;;;;;
C0005;Lucas;Martinez;lucas.martinez5@example.com;555-6848;2022/07/19;Platinum;9205;T02168;2025/05/18;194.25;194;;;;;
C0633;Mia;Taylor;mia.taylor633@example.com;555-4268;2025/04/06;Platinum;11249;T02169;2025/03/27;522.28;522;R1;$5 Gift Voucher;500.0;2025/04/17;500.0
C0112;John;Thomas;john.thomas112@example.com;555-5175;2024/06/11;Platinum;1621;T02170;2025/02/03;292.68;293;R7;Wireless Earbuds;8000.0;2025/01/18;8000.0
C0208;Olivia;Martinez;olivia.martinez208@example.com;555-2430;2025/01/07;Silver;11225;T02171;2025/06/25;184.39;184;;;;;
C0196;Jessica;Thomas;jessica.thomas196@example.com;555-6614;2024/01/28;Bronze;9598;T02172;2025/03/21;563.64;564;;;;;
C0149;Mia;Smith;mia.smith149@example.com;555-9264;2026/03/14;Silver;7344;T02173;2025/06/28;229.69;230;;;;;
C0242;Daniel;Johnson;daniel.johnson242@example.com;555-5509;2024/10/21;Silver;11702;T02174;2025/05/31;500.46;500;;;;;
C0046;Jessica;Davis;jessica.davis46@example.com;555-7773;2024/01/24;Bronze;8322;T02175;2025/03/16;234.6;235;R5;Free Shipping;750.0;2025/05/15;750.0
C0172;Noah;Lee;noah.lee172@example.com;555-9995;2022/05/27;Gold;7139;T02176;2025/01/08;147.73;148;;;;;
C0194;Olivia;Smith;olivia.smith194@example.com;555-7391;2024/01/08;Gold;2815;T02177;2025/02/27;270.43;270;;;;;
C0480;Liam;Wilson;liam.wilson480@example.com;555-3203;2025/12/22;Bronze;10314;T02178;2025/03/11;452.11;452;;;;;
C0014;Michael;Moore;michael.moore14@example.com;555-7118;2023/01/15;Silver;4212;T02179;2025/02/25;199.07;199;;;;;
C0480;Liam;Wilson;liam.wilson480@example.com;555-3203;2025/12/22;Bronze;10314;T02180;2025/04/02;272.84;273;R7;Wireless Earbuds;8000.0;2025/01/19;8000.0
C0480;Liam;Wilson;liam.wilson480@example.com;555-3203;2025/12/22;Bronze;10314;T02181;2025/01/26;66.46;66;;;;;
C0106;Lucas;Smith;lucas.smith106@example.com;555-4852;2022/01/21;Gold;2196;T02182;2025/06/30;183.1;183;;;;;
C0549;Michael;Thomas;michael.thomas549@example.com;555-9714;2026/04/20;Silver;4541;T02183;2025/06/15;31.99;32;;;;;
C0397;Emily;Martinez;emily.martinez397@example.com;555-9588;2024/12/02;Silver;5540;T02184;2025/03/05;476.91;477;R1;$5 Gift Voucher;500.0;2025/02/10;500.0
C0658;David;Lee;david.lee658@example.com;555-6176;2025/08/18;Bronze;1631;T02185;2025/01/02;67.33;67;R1;$5 Gift Voucher;500.0;2025/01/12;500.0
C0057;Mia;Martinez;mia.martinez57@example.com;555-9032;2024/04/09;Gold;7691;T02186;2025/05/24;586.83;587;R6;VIP Event Access;5000.0;2025/05/06;5000.0
C0695;Mia;Moore;mia.moore695@example.com;555-3098;2023/05/19;Bronze;2939;T02187;2025/02/02;313.61;314;;;;;
C0861;Emma;Moore;emma.moore861@example.com;555-8568;2025/09/27;Silver;3668;T02188;2025/03/15;460.41;460;;;;;
C0238;Emma;Lee;emma.lee238@example.com;555-9641;2023/03/10;Bronze;11636;T02189;2025/04/30;241.16;241;;;;;
C0421;Sarah;Brown;sarah.brown421@example.com;555-2103;2023/12/27;Silver;2326;T02190;2025/01/16;32.5;32;R3;Coffee Mug;1200.0;2025/03/11;1200.0
C0437;David;Davis;david.davis437@example.com;555-9510;2025/09/07;Silver;11741;T02191;2025/01/28;320.28;320;R2;$10 Gift Voucher;1000.0;2025/05/08;1000.0
C0017;David;Clark;david.clark17@example.com;555-7648;2025/07/16;Silver;9622;T02192;2025/04/02;315.95;316;;;;;
C0167;Sophia;Thomas;sophia.thomas167@example.com;555-5062;2023/11/23;Bronze;11360;T02193;2025/06/17;206.43;206;;;;;
C0095;Liam;Smith;liam.smith95@example.com;555-4461;2023/10/18;Platinum;12430;T02194;2025/04/21;290.9;291;R5;Free Shipping;750.0;2025/06/16;750.0
C0177;Sophia;Davis;sophia.davis177@example.com;555-5296;2022/11/20;Platinum;9996;T02195;2025/03/17;270.09;270;;;;;
C0737;Noah;Johnson;noah.johnson737@example.com;555-1661;2023/06/05;Bronze;5963;T02196;2025/04/12;550.28;550;;;;;
C0528;Emma;Smith;emma.smith528@example.com;555-9296;2024/11/20;Bronze;4244;T02197;2025/01/29;499.3;499;;;;;
C0034;David;Thomas;david.thomas34@example.com;555-2384;2024/11/05;Gold;9718;T02198;2025/04/08;556.59;557;;;;;
C0910;Jessica;Thomas;jessica.thomas910@example.com;555-5660;2022/12/26;Silver;11354;T02199;2025/02/19;42.03;42;;;;;
C0601;James;Anderson;james.anderson601@example.com;555-9817;2025/10/20;Bronze;949;T02200;2025/02/04;349.71;350;;;;;
C0711;Sophia;Lee;sophia.lee711@example.com;555-1205;2024/05/22;Silver;3;T02201;2025/06/17;265.82;266;;;;;
C0920;Daniel;Thomas;daniel.thomas920@example.com;555-7551;2024/12/17;Gold;10961;T02202;2025/05/08;414.1;414;;;;;
C0217;Daniel;Lee;daniel.lee217@example.com;555-1143;2023/06/10;Gold;2028;T02203;2025/05/06;270.34;270;;;;;
C0063;Olivia;Martinez;olivia.martinez63@example.com;555-6329;2024/03/24;Silver;5878;T02204;2025/04/07;197.48;197;;;;;
C0104;Sophia;Wilson;sophia.wilson104@example.com;555-3602;2023/03/14;Silver;11762;T02205;2025/02/10;582.48;582;;;;;
C0337;Mia;Brown;mia.brown337@example.com;555-3992;2024/08/17;Silver;11420;T02206;2025/03/05;182.57;183;;;;;
C0997;Lucas;Brown;lucas.brown997@example.com;555-1468;2022/08/20;Bronze;9255;T02207;2025/06/02;102.85;103;R6;VIP Event Access;5000.0;2025/02/05;5000.0
C0379;Sarah;Lee;sarah.lee379@example.com;555-8288;2022/03/11;Platinum;6298;T02208;2025/02/02;290.89;291;;;;;
C0164;Mia;Johnson;mia.johnson164@example.com;555-6563;2023/06/04;Bronze;7390;T02209;2025/03/02;261.87;262;;;;;
C0037;Noah;Taylor;noah.taylor37@example.com;555-4048;2025/08/09;Gold;2846;T02210;2025/04/19;334.4;334;;;;;
C0330;John;Taylor;john.taylor330@example.com;555-7033;2026/04/01;Silver;122;T02211;2025/03/20;195.73;196;;;;;
C0655;Noah;Martinez;noah.martinez655@example.com;555-5429;2022/10/30;Platinum;3118;T02212;2025/06/28;394.34;394;R5;Free Shipping;750.0;2025/02/12;750.0
C0008;James;Moore;james.moore8@example.com;555-4263;2024/12/10;Gold;14037;T02213;2025/05/20;78.39;78;R3;Coffee Mug;1200.0;2025/06/04;1200.0
C0462;Lucas;Clark;lucas.clark462@example.com;555-9108;2023/12/15;Silver;7569;T02214;2025/04/08;513.8;514;R5;Free Shipping;750.0;2025/01/20;750.0
C0089;Liam;Taylor;liam.taylor89@example.com;555-8425;2025/01/20;Gold;3248;T02215;2025/03/08;461.53;462;;;;;
C0549;Michael;Thomas;michael.thomas549@example.com;555-9714;2026/04/20;Silver;4541;T02216;2025/04/13;219.7;220;;;;;
C0688;Emma;Johnson;emma.johnson688@example.com;555-4773;2025/11/02;Silver;12051;T02217;2025/06/30;514.93;515;;;;;
C0944;Olivia;Taylor;olivia.taylor944@example.com;555-2452;2023/03/27;Silver;14221;T02218;2025/04/22;490.05;490;;;;;
C0573;Sophia;Thomas;sophia.thomas573@example.com;555-8188;2024/07/22;Bronze;12607;T02219;2025/06/08;543.28;543;;;;;
C0981;James;Martinez;james.martinez981@example.com;555-2889;2022/12/15;Platinum;7673;T02220;2025/04/24;321.34;321;R7;Wireless Earbuds;8000.0;2025/02/21;8000.0
C0470;Emily;Davis;emily.davis470@example.com;555-9874;2024/04/02;Bronze;10416;T02221;2025/05/30;542.13;542;R2;$10 Gift Voucher;1000.0;2025/05/26;1000.0
C0845;Olivia;Taylor;olivia.taylor845@example.com;555-5590;2022/02/11;Bronze;12630;T02222;2025/04/22;281.07;281;R5;Free Shipping;750.0;2025/03/13;750.0
C0365;Ava;Brown;ava.brown365@example.com;555-2288;2024/10/05;Bronze;935;T02223;2025/05/27;196.06;196;R2;$10 Gift Voucher;1000.0;2025/02/15;1000.0
C0675;Emma;Johnson;emma.johnson675@example.com;555-4655;2023/07/27;Platinum;5890;T02224;2025/05/17;35.66;36;R3;Coffee Mug;1200.0;2025/02/26;1200.0
C0047;Jessica;Martinez;jessica.martinez47@example.com;555-2166;2024/07/15;Gold;7737;T02225;2025/05/16;400.87;401;;;;;
C0657;Michael;Moore;michael.moore657@example.com;555-7059;2025/09/17;Bronze;11793;T02226;2025/02/17;559.62;560;;;;;
C0528;Emma;Smith;emma.smith528@example.com;555-9296;2024/11/20;Bronze;4244;T02227;2025/04/03;166.13;166;R2;$10 Gift Voucher;1000.0;2025/02/04;1000.0
C0223;Noah;Moore;noah.moore223@example.com;555-2192;2026/03/29;Bronze;5742;T02228;2025/01/05;262.26;262;;;;;
C0567;Daniel;Wilson;daniel.wilson567@example.com;555-9919;2022/04/03;Silver;10594;T02229;2025/02/17;497.97;498;;;;;
C0248;John;Wilson;john.wilson248@example.com;555-3210;2022/02/10;Platinum;9246;T02230;2025/03/05;297.34;297;;;;;
C0521;Sophia;Wilson;sophia.wilson521@example.com;555-4912;2025/01/16;Gold;3045;T02231;2025/06/01;38.2;38;R5;Free Shipping;750.0;2025/06/22;750.0
C0873;Sophia;Smith;sophia.smith873@example.com;555-6834;2022/05/31;Bronze;494;T02232;2025/02/17;546.72;547;R3;Coffee Mug;1200.0;2025/06/28;1200.0
C0404;David;Moore;david.moore404@example.com;555-8514;2025/09/06;Platinum;6893;T02233;2025/06/14;378.41;378;;;;;
C0580;Michael;Wilson;michael.wilson580@example.com;555-5378;2023/03/02;Gold;2794;T02234;2025/04/17;177.47;177;;;;;
C0854;Sarah;Brown;sarah.brown854@example.com;555-8928;2022/06/26;Bronze;12983;T02235;2025/04/30;295.63;296;;;;;
C0967;Jessica;Lee;jessica.lee967@example.com;555-5661;2026/02/16;Gold;5539;T02236;2025/02/12;563.06;563;;;;;
C0973;Mia;Martinez;mia.martinez973@example.com;555-6721;2025/12/31;Silver;1373;T02237;2025/06/19;182.62;183;;;;;
C0090;Mia;Thomas;mia.thomas90@example.com;555-4253;2025/09/08;Silver;5700;T02238;2025/01/09;317.25;317;;;;;
C0160;Jessica;Martinez;jessica.martinez160@example.com;555-9290;2025/02/19;Gold;4645;T02239;2025/01/20;59.11;59;;;;;
C0949;Michael;Thomas;michael.thomas949@example.com;555-5201;2026/01/15;Silver;6168;T02240;2025/05/08;230.58;231;;;;;
C0343;Jessica;Davis;jessica.davis343@example.com;555-6889;2025/02/07;Bronze;4566;T02241;2025/02/16;77.19;77;R3;Coffee Mug;1200.0;2025/04/02;1200.0
C0937;Daniel;Lee;daniel.lee937@example.com;555-8858;2024/01/31;Silver;2083;T02242;2025/01/09;128.66;129;;;;;
C0182;Liam;Taylor;liam.taylor182@example.com;555-3020;2025/07/31;Silver;7530;T02243;2025/04/27;399.7;400;;;;;
C0622;Mia;Johnson;mia.johnson622@example.com;555-2431;2024/11/15;Bronze;8442;T02244;2025/02/05;591.87;592;R5;Free Shipping;750.0;2025/02/20;750.0
C0299;Noah;Anderson;noah.anderson299@example.com;555-9645;2024/07/10;Bronze;14116;T02245;2025/05/18;350.98;351;;;;;
C0294;Daniel;Clark;daniel.clark294@example.com;555-6338;2025/09/16;Silver;13074;T02246;2025/05/28;421.04;421;R4;T-Shirt;2500.0;2025/02/06;2500.0
C0988;James;Martinez;james.martinez988@example.com;555-3944;2023/09/24;Bronze;1097;T02247;2025/02/23;55.5;56;;;;;
C0581;Michael;Martinez;michael.martinez581@example.com;555-1424;2022/10/07;Silver;7516;T02248;2025/04/17;96.03;96;;;;;
C0852;Olivia;Johnson;olivia.johnson852@example.com;555-1688;2023/01/14;Bronze;1235;T02249;2025/03/15;490.26;490;;;;;
C0335;Sarah;Anderson;sarah.anderson335@example.com;555-4773;2025/04/09;Bronze;14149;T02250;2025/05/29;431.2;431;;;;;
C0170;David;Lee;david.lee170@example.com;555-2017;2024/10/01;Bronze;12405;T02251;2025/04/23;64.63;65;R4;T-Shirt;2500.0;2025/05/21;2500.0
C0390;Liam;Johnson;liam.johnson390@example.com;555-1990;2025/07/02;Platinum;12663;T02252;2025/03/25;588.88;589;;;;;
C0475;Jessica;Moore;jessica.moore475@example.com;555-7943;2024/07/01;Gold;9231;T02253;2025/01/13;245.52;246;R2;$10 Gift Voucher;1000.0;2025/04/06;1000.0
C0352;John;Smith;john.smith352@example.com;555-9362;2025/05/16;Silver;14992;T02254;2025/04/20;233.78;234;;;;;
C0952;Lucas;Clark;lucas.clark952@example.com;555-8963;2025/07/07;Silver;8921;T02255;2025/01/23;209.68;210;;;;;
C0999;Jessica;Taylor;jessica.taylor999@example.com;555-7305;2025/11/24;Platinum;7518;T02256;2025/02/09;167.34;167;;;;;
C0634;Liam;Moore;liam.moore634@example.com;555-7671;2025/02/28;Platinum;11203;T02257;2025/05/07;161.67;162;;;;;
C0515;Olivia;Lee;olivia.lee515@example.com;555-3806;2025/06/20;Gold;4371;T02258;2025/04/12;136.25;136;;;;;
C0016;Mia;Johnson;mia.johnson16@example.com;555-3860;2022/04/28;Silver;11998;T02259;2025/01/24;114.4;114;;;;;
C0615;Emma;Clark;emma.clark615@example.com;555-9635;2024/07/05;Platinum;5530;T02260;2025/04/19;593.14;593;;;;;
C0096;Michael;Brown;michael.brown96@example.com;555-6234;2024/08/19;Bronze;5613;T02261;2025/06/13;474.93;475;R1;$5 Gift Voucher;500.0;2025/05/30;500.0
C0901;Lucas;Thomas;lucas.thomas901@example.com;555-2318;2022/02/17;Silver;12877;T02262;2025/05/16;522.17;522;;;;;
C0926;Daniel;Moore;daniel.moore926@example.com;555-1057;2024/04/24;Bronze;9475;T02263;2025/02/09;207.17;207;;;;;
C0234;Sarah;Martinez;sarah.martinez234@example.com;555-9451;2025/04/10;Silver;4178;T02264;2025/05/29;24.75;25;;;;;
C0414;Mia;Davis;mia.davis414@example.com;555-3592;2022/06/12;Gold;4629;T02265;2025/05/20;200.36;200;R2;$10 Gift Voucher;1000.0;2025/03/11;1000.0
C0268;Olivia;Lee;olivia.lee268@example.com;555-7391;2025/11/03;Gold;4480;T02266;2025/02/07;339.13;339;;;;;
C0273;Emily;Thomas;emily.thomas273@example.com;555-8057;2026/01/10;Platinum;1810;T02267;2025/01/31;292.68;293;;;;;
C0235;Emily;Thomas;emily.thomas235@example.com;555-1678;2023/10/02;Silver;5289;T02268;2025/06/19;305.44;305;;;;;
C0660;Daniel;Martinez;daniel.martinez660@example.com;555-2405;2023/08/03;Bronze;3836;T02269;2025/03/22;71.25;71;;;;;
C0857;Michael;Taylor;michael.taylor857@example.com;555-6780;2025/05/14;Gold;7148;T02270;2025/03/05;283.09;283;R5;Free Shipping;750.0;2025/04/23;750.0
C0408;Jessica;Smith;jessica.smith408@example.com;555-4451;2024/02/18;Bronze;11188;T02271;2025/01/20;553.36;553;R7;Wireless Earbuds;8000.0;2025/03/01;8000.0
C0222;Emma;Lee;emma.lee222@example.com;555-6298;2024/12/08;Bronze;13254;T02272;2025/05/27;573.31;573;R5;Free Shipping;750.0;2025/01/21;750.0
C0916;Emma;Wilson;emma.wilson916@example.com;555-6621;2023/12/18;Gold;7337;T02273;2025/04/26;428.02;428;R5;Free Shipping;750.0;2025/06/02;750.0
C0687;Noah;Taylor;noah.taylor687@example.com;555-7157;2022/06/12;Platinum;14958;T02274;2025/02/09;583.5;584;;;;;
C0002;David;Anderson;david.anderson2@example.com;555-6873;2022/10/07;Silver;983;T02275;2025/04/19;305.03;305;R5;Free Shipping;750.0;2025/05/25;750.0
C0151;Emily;Johnson;emily.johnson151@example.com;555-9174;2025/01/11;Silver;5283;T02276;2025/01/09;36.21;36;;;;;
C0755;Emma;Clark;emma.clark755@example.com;555-4419;2024/07/14;Bronze;9419;T02277;2025/06/15;351.36;351;R1;$5 Gift Voucher;500.0;2025/05/15;500.0
C0598;Jessica;Brown;jessica.brown598@example.com;555-4893;2024/11/23;Bronze;6875;T02278;2025/05/04;367.35;367;R2;$10 Gift Voucher;1000.0;2025/03/24;1000.0
C0243;Liam;Moore;liam.moore243@example.com;555-6002;2022/12/21;Gold;12592;T02279;2025/01/24;390.16;390;R5;Free Shipping;750.0;2025/02/06;750.0
C0116;Sarah;Johnson;sarah.johnson116@example.com;555-6856;2022/11/25;Bronze;6670;T02280;2025/02/27;407.27;407;;;;;
C0404;David;Moore;david.moore404@example.com;555-8514;2025/09/06;Platinum;6893;T02281;2025/03/23;559.22;559;;;;;
C0308;David;Brown;david.brown308@example.com;555-7217;2024/10/05;Gold;6029;T02282;2025/02/03;127.34;127;;;;;
C0959;John;Brown;john.brown959@example.com;555-4080;2024/08/07;Gold;1624;T02283;2025/01/10;469.55;470;;;;;
C0559;David;Davis;david.davis559@example.com;555-5640;2022/08/26;Bronze;14227;T02284;2025/03/11;153.85;154;;;;;
C0482;Daniel;Martinez;daniel.martinez482@example.com;555-5477;2025/03/21;Gold;58;T02285;2025/06/29;40.01;40;;;;;
C0815;John;Lee;john.lee815@example.com;555-3064;2023/05/17;Bronze;12778;T02286;2025/02/24;254.82;255;;;;;
C0287;Emily;Brown;emily.brown287@example.com;555-5469;2024/04/05;Platinum;8321;T02287;2025/02/05;119.15;119;;;;;
C0248;John;Wilson;john.wilson248@example.com;555-3210;2022/02/10;Platinum;9246;T02288;2025/06/11;499.54;500;;;;;
C0968;Daniel;Clark;daniel.clark968@example.com;555-3215;2022/08/09;Platinum;2837;T02289;2025/02/05;420.4;420;;;;;
C0935;Noah;Clark;noah.clark935@example.com;555-4366;2025/11/18;Silver;919;T02290;2025/06/09;406.37;406;;;;;
C0099;Jessica;Moore;jessica.moore99@example.com;555-6606;2025/11/14;Silver;9714;T02291;2025/05/14;160.67;161;R7;Wireless Earbuds;8000.0;2025/02/01;8000.0
C0510;Mia;Davis;mia.davis510@example.com;555-8062;2025/04/06;Gold;2196;T02292;2025/06/29;376.88;377;R5;Free Shipping;750.0;2025/03/26;750.0
C0317;John;Brown;john.brown317@example.com;555-3110;2023/07/11;Silver;10114;T02293;2025/05/09;384.44;384;;;;;
C0932;Michael;Wilson;michael.wilson932@example.com;555-9435;2025/02/20;Silver;5905;T02294;2025/04/06;96.24;96;;;;;
C0005;Lucas;Martinez;lucas.martinez5@example.com;555-6848;2022/07/19;Platinum;9205;T02295;2025/06/04;245.75;246;R2;$10 Gift Voucher;1000.0;2025/05/07;1000.0
C0191;Ava;Moore;ava.moore191@example.com;555-8744;2023/06/17;Silver;5191;T02296;2025/06/03;238.28;238;R3;Coffee Mug;1200.0;2025/03/22;1200.0
C0702;Lucas;Lee;lucas.lee702@example.com;555-3648;2024/05/08;Bronze;6283;T02297;2025/02/04;469.92;470;R1;$5 Gift Voucher;500.0;2025/04/10;500.0
C0968;Daniel;Clark;daniel.clark968@example.com;555-3215;2022/08/09;Platinum;2837;T02298;2025/04/14;189.03;189;;;;;
C0301;Daniel;Moore;daniel.moore301@example.com;555-6996;2026/05/09;Silver;3501;T02299;2025/05/14;93.88;94;;;;;
C0347;James;Wilson;james.wilson347@example.com;555-3940;2023/09/24;Bronze;1488;T02300;2025/05/05;85.9;86;;;;;
C0802;Michael;Brown;michael.brown802@example.com;555-5024;2024/10/09;Bronze;8557;T02301;2025/03/11;33.17;33;R6;VIP Event Access;5000.0;2025/01/13;5000.0
C0413;Noah;Davis;noah.davis413@example.com;555-9590;2024/11/19;Gold;3802;T02302;2025/04/30;585.06;585;R4;T-Shirt;2500.0;2025/06/26;2500.0
C0555;Sarah;Brown;sarah.brown555@example.com;555-8406;2024/07/08;Platinum;4525;T02303;2025/02/07;368.88;369;;;;;
C0011;Olivia;Thomas;olivia.thomas11@example.com;555-1470;2025/07/22;Silver;6159;T02304;2025/03/06;34.68;35;;;;;
C0367;Emily;Taylor;emily.taylor367@example.com;555-5180;2023/10/17;Bronze;7561;T02305;2025/02/07;507.21;507;R3;Coffee Mug;1200.0;2025/06/11;1200.0
C0982;Liam;Thomas;liam.thomas982@example.com;555-1763;2022/07/07;Bronze;4116;T02306;2025/01/27;413.72;414;;;;;
C0171;Liam;Johnson;liam.johnson171@example.com;555-5373;2025/10/19;Silver;13784;T02307;2025/03/09;488.21;488;;;;;
C0653;David;Thomas;david.thomas653@example.com;555-7885;2023/10/23;Gold;7917;T02308;2025/02/05;244.22;244;R6;VIP Event Access;5000.0;2025/03/20;5000.0
C0823;Daniel;Taylor;daniel.taylor823@example.com;555-4540;2024/12/05;Silver;3065;T02309;2025/03/07;269.55;270;;;;;
C0001;Emily;Anderson;emily.anderson1@example.com;555-3325;2025/08/15;Silver;4778;T02310;2025/06/05;132.8;133;;;;;
C0615;Emma;Clark;emma.clark615@example.com;555-9635;2024/07/05;Platinum;5530;T02311;2025/04/04;474.97;475;R4;T-Shirt;2500.0;2025/05/22;2500.0
C0167;Sophia;Thomas;sophia.thomas167@example.com;555-5062;2023/11/23;Bronze;11360;T02312;2025/06/04;540.13;540;;;;;
C0546;Michael;Brown;michael.brown546@example.com;555-9025;2023/03/03;Bronze;5871;T02313;2025/04/23;248.55;249;;;;;
C0162;David;Brown;david.brown162@example.com;555-4632;2023/11/13;Bronze;9550;T02314;2025/03/29;244.35;244;;;;;
C0205;Lucas;Clark;lucas.clark205@example.com;555-5995;2022/09/28;Gold;7930;T02315;2025/05/18;256.49;256;;;;;
C0464;Daniel;Johnson;daniel.johnson464@example.com;555-1216;2026/05/12;Bronze;2243;T02316;2025/06/26;335.81;336;R5;Free Shipping;750.0;2025/03/27;750.0
C0974;Ava;Martinez;ava.martinez974@example.com;555-2125;2022/08/01;Gold;6055;T02317;2025/02/01;373.17;373;;;;;
C0680;Michael;Moore;michael.moore680@example.com;555-2557;2023/03/23;Silver;7486;T02318;2025/02/12;153.43;153;;;;;
C0673;Lucas;Davis;lucas.davis673@example.com;555-4859;2024/07/29;Silver;14765;T02319;2025/02/07;326.58;327;R7;Wireless Earbuds;8000.0;2025/04/24;8000.0
C0019;Olivia;Martinez;olivia.martinez19@example.com;555-6592;2025/08/25;Bronze;4130;T02320;2025/03/10;234.01;234;R1;$5 Gift Voucher;500.0;2025/04/06;500.0
C0167;Sophia;Thomas;sophia.thomas167@example.com;555-5062;2023/11/23;Bronze;11360;T02321;2025/05/23;101.46;101;;;;;
C0978;Sophia;Johnson;sophia.johnson978@example.com;555-5698;2023/02/19;Bronze;1399;T02322;2025/02/02;331.97;332;;;;;
C0785;John;Smith;john.smith785@example.com;555-4946;2022/08/08;Silver;7553;T02323;2025/02/25;242.46;242;;;;;
C0935;Noah;Clark;noah.clark935@example.com;555-4366;2025/11/18;Silver;919;T02324;2025/04/16;375.41;375;R6;VIP Event Access;5000.0;2025/01/20;5000.0
C0863;David;Martinez;david.martinez863@example.com;555-7728;2023/06/22;Platinum;10022;T02325;2025/01/01;496.3;496;R2;$10 Gift Voucher;1000.0;2025/03/29;1000.0
C0702;Lucas;Lee;lucas.lee702@example.com;555-3648;2024/05/08;Bronze;6283;T02326;2025/05/11;583.69;584;;;;;
C0487;Olivia;Thomas;olivia.thomas487@example.com;555-7887;2024/11/06;Bronze;7328;T02327;2025/05/18;208.15;208;;;;;
C0999;Jessica;Taylor;jessica.taylor999@example.com;555-7305;2025/11/24;Platinum;7518;T02328;2025/05/27;521.11;521;;;;;
C0634;Liam;Moore;liam.moore634@example.com;555-7671;2025/02/28;Platinum;11203;T02329;2025/06/25;347.03;347;;;;;
C0567;Daniel;Wilson;daniel.wilson567@example.com;555-9919;2022/04/03;Silver;10594;T02330;2025/05/09;329.3;329;;;;;
C0025;Emily;Wilson;emily.wilson25@example.com;555-2572;2025/02/04;Silver;4036;T02331;2025/06/14;34.97;35;R6;VIP Event Access;5000.0;2025/02/25;5000.0
C0370;Emma;Thomas;emma.thomas370@example.com;555-6881;2024/08/12;Gold;13113;T02332;2025/02/10;85.38;85;;;;;
C0828;Lucas;Martinez;lucas.martinez828@example.com;555-9119;2022/12/26;Platinum;8511;T02333;2025/01/13;490.99;491;;;;;
C0996;James;Clark;james.clark996@example.com;555-2864;2022/03/10;Platinum;6080;T02334;2025/05/08;329.13;329;;;;;
C0028;Sophia;Moore;sophia.moore28@example.com;555-1233;2022/11/16;Bronze;7519;T02335;2025/01/21;237.93;238;;;;;
C0984;Daniel;Smith;daniel.smith984@example.com;555-1719;2026/04/08;Gold;5421;T02336;2025/04/25;428.08;428;;;;;
C0664;David;Wilson;david.wilson664@example.com;555-1569;2024/01/07;Silver;10081;T02337;2025/06/13;201.38;201;;;;;
C0460;David;Moore;david.moore460@example.com;555-1203;2022/01/15;Silver;11320;T02338;2025/04/21;194.37;194;;;;;
C0051;Emily;Lee;emily.lee51@example.com;555-1423;2022/04/25;Bronze;3719;T02339;2025/01/12;175.49;175;;;;;
C0637;Sophia;Wilson;sophia.wilson637@example.com;555-6359;2025/07/11;Bronze;12310;T02340;2025/06/17;450.36;450;R3;Coffee Mug;1200.0;2025/01/23;1200.0
C0658;David;Lee;david.lee658@example.com;555-6176;2025/08/18;Bronze;1631;T02341;2025/03/31;132.06;132;R4;T-Shirt;2500.0;2025/02/20;2500.0
C0554;Emily;Lee;emily.lee554@example.com;555-4630;2022/07/15;Gold;1775;T02342;2025/03/15;156.78;157;;;;;
C0808;Lucas;Martinez;lucas.martinez808@example.com;555-9143;2024/04/09;Gold;9869;T02343;2025/02/06;507.17;507;;;;;
C0816;Michael;Taylor;michael.taylor816@example.com;555-4960;2023/03/21;Gold;1198;T02344;2025/02/17;323.38;323;;;;;
C0742;Mia;Davis;mia.davis742@example.com;555-2218;2023/05/02;Silver;3625;T02345;2025/06/14;570.07;570;;;;;
C0468;Lucas;Smith;lucas.smith468@example.com;555-1645;2023/11/19;Silver;14761;T02346;2025/06/27;353.5;354;;;;;
C0305;Mia;Thomas;mia.thomas305@example.com;555-7872;2023/07/18;Bronze;10429;T02347;2025/05/29;549.8;550;;;;;
C0546;Michael;Brown;michael.brown546@example.com;555-9025;2023/03/03;Bronze;5871;T02348;2025/05/10;587.54;588;R4;T-Shirt;2500.0;2025/05/03;2500.0
C0426;James;Davis;james.davis426@example.com;555-9464;2024/02/02;Bronze;3903;T02349;2025/03/12;418.36;418;;;;;
C0396;Liam;Moore;liam.moore396@example.com;555-8698;2023/04/13;Silver;2972;T02350;2025/04/05;235.42;235;;;;;
C0592;Liam;Wilson;liam.wilson592@example.com;555-3978;2024/01/15;Silver;585;T02351;2025/06/16;155.87;156;R4;T-Shirt;2500.0;2025/04/21;2500.0
C0836;Liam;Martinez;liam.martinez836@example.com;555-8614;2023/09/30;Bronze;8203;T02352;2025/04/14;97.24;97;R1;$5 Gift Voucher;500.0;2025/02/06;500.0
C0375;Sophia;Anderson;sophia.anderson375@example.com;555-1381;2025/06/29;Bronze;1065;T02353;2025/06/06;235.15;235;;;;;
C0358;Daniel;Johnson;daniel.johnson358@example.com;555-5051;2024/02/05;Bronze;8462;T02354;2025/04/28;60.64;61;;;;;
C0839;Mia;Davis;mia.davis839@example.com;555-6091;2023/03/21;Silver;7362;T02355;2025/02/19;188.81;189;;;;;
C0389;Emily;Brown;emily.brown389@example.com;555-7794;2024/02/20;Silver;9660;T02356;2025/04/02;231.27;231;R3;Coffee Mug;1200.0;2025/02/24;1200.0
C0118;David;Davis;david.davis118@example.com;555-2485;2025/06/27;Silver;4119;T02357;2025/02/27;188.82;189;;;;;
C0206;David;Johnson;david.johnson206@example.com;555-6518;2023/04/04;Gold;10292;T02358;2025/01/06;91.15;91;R5;Free Shipping;750.0;2025/03/15;750.0
C0597;David;Thomas;david.thomas597@example.com;555-8209;2024/04/18;Bronze;4112;T02359;2025/06/15;377.6;378;;;;;
C0275;Lucas;Brown;lucas.brown275@example.com;555-9057;2025/08/27;Silver;5840;T02360;2025/02/16;68.66;69;;;;;
C0842;Liam;Smith;liam.smith842@example.com;555-2063;2025/09/11;Bronze;3669;T02361;2025/06/18;153.06;153;;;;;
C0222;Emma;Lee;emma.lee222@example.com;555-6298;2024/12/08;Bronze;13254;T02362;2025/03/27;180.87;181;;;;;
C0386;John;Lee;john.lee386@example.com;555-1170;2026/04/09;Silver;13108;T02363;2025/04/17;583.39;583;;;;;
C0821;Olivia;Moore;olivia.moore821@example.com;555-7934;2022/04/21;Bronze;109;T02364;2025/05/20;22.44;22;;;;;
C0253;Olivia;Johnson;olivia.johnson253@example.com;555-7498;2025/11/22;Platinum;11009;T02365;2025/04/13;300.57;301;;;;;
C0060;Noah;Anderson;noah.anderson60@example.com;555-6680;2024/12/19;Silver;10253;T02366;2025/04/10;236.22;236;;;;;
C0456;James;Wilson;james.wilson456@example.com;555-6368;2022/02/09;Silver;1187;T02367;2025/03/23;170.67;171;;;;;
C0832;Ava;Johnson;ava.johnson832@example.com;555-7212;2023/02/15;Bronze;14905;T02368;2025/04/17;382.54;383;R4;T-Shirt;2500.0;2025/04/13;2500.0
C0212;Noah;Lee;noah.lee212@example.com;555-5978;2022/01/24;Platinum;8622;T02369;2025/01/16;595.16;595;R3;Coffee Mug;1200.0;2025/02/09;1200.0
C0416;Emma;Smith;emma.smith416@example.com;555-9367;2024/03/31;Bronze;13495;T02370;2025/01/16;168.26;168;R6;VIP Event Access;5000.0;2025/01/01;5000.0
C0900;Emily;Clark;emily.clark900@example.com;555-7639;2024/09/23;Gold;5921;T02371;2025/05/28;520.35;520;R2;$10 Gift Voucher;1000.0;2025/03/31;1000.0
C0933;James;Clark;james.clark933@example.com;555-1053;2022/12/15;Silver;9629;T02372;2025/02/20;290.93;291;;;;;
C0363;Olivia;Clark;olivia.clark363@example.com;555-1364;2023/07/25;Bronze;3107;T02373;2025/06/03;252.31;252;;;;;
C0557;Liam;Thomas;liam.thomas557@example.com;555-7886;2024/09/13;Bronze;5453;T02374;2025/01/11;129.06;129;;;;;
C0786;Emma;Smith;emma.smith786@example.com;555-7991;2025/12/24;Bronze;484;T02375;2025/02/04;273.61;274;R3;Coffee Mug;1200.0;2025/01/04;1200.0
C0698;Noah;Martinez;noah.martinez698@example.com;555-2272;2026/05/19;Silver;13746;T02376;2025/06/25;457.69;458;;;;;
C0163;Noah;Wilson;noah.wilson163@example.com;555-1627;2022/10/24;Bronze;6367;T02377;2025/05/15;109.59;110;;;;;
C0839;Mia;Davis;mia.davis839@example.com;555-6091;2023/03/21;Silver;7362;T02378;2025/02/25;535.08;535;;;;;
C0879;Daniel;Martinez;daniel.martinez879@example.com;555-7150;2024/05/14;Silver;1338;T02379;2025/02/18;50.77;51;;;;;
C0754;Michael;Clark;michael.clark754@example.com;555-9860;2022/06/11;Bronze;8079;T02380;2025/04/20;493.73;494;R7;Wireless Earbuds;8000.0;2025/05/26;8000.0
C0898;David;Anderson;david.anderson898@example.com;555-8134;2025/08/07;Gold;14843;T02381;2025/02/22;51.99;52;;;;;
C0422;David;Lee;david.lee422@example.com;555-7589;2023/06/02;Bronze;3542;T02382;2025/01/01;308.93;309;;;;;
C0955;John;Johnson;john.johnson955@example.com;555-2236;2022/06/28;Bronze;247;T02383;2025/01/11;178.04;178;R4;T-Shirt;2500.0;2025/05/14;2500.0
C0614;James;Wilson;james.wilson614@example.com;555-9941;2025/12/23;Bronze;1849;T02384;2025/06/10;422.39;422;R4;T-Shirt;2500.0;2025/01/09;2500.0
C0367;Emily;Taylor;emily.taylor367@example.com;555-5180;2023/10/17;Bronze;7561;T02385;2025/03/29;288.87;289;;;;;
C0123;Olivia;Anderson;olivia.anderson123@example.com;555-1706;2022/11/29;Silver;9962;T02386;2025/01/09;589.48;589;;;;;
C0275;Lucas;Brown;lucas.brown275@example.com;555-9057;2025/08/27;Silver;5840;T02387;2025/02/18;51.69;52;R3;Coffee Mug;1200.0;2025/01/04;1200.0
C0642;Noah;Moore;noah.moore642@example.com;555-9313;2024/11/03;Bronze;7396;T02388;2025/04/16;193.43;193;;;;;
C0156;Emma;Thomas;emma.thomas156@example.com;555-2482;2023/05/26;Silver;10627;T02389;2025/05/30;238.32;238;;;;;
C0232;Liam;Johnson;liam.johnson232@example.com;555-3011;2025/04/12;Bronze;9535;T02390;2025/02/24;299.09;299;R6;VIP Event Access;5000.0;2025/06/17;5000.0
C0426;James;Davis;james.davis426@example.com;555-9464;2024/02/02;Bronze;3903;T02391;2025/01/12;578.0;578;;;;;
C0774;Emily;Johnson;emily.johnson774@example.com;555-2125;2022/11/17;Bronze;4857;T02392;2025/04/06;312.43;312;R3;Coffee Mug;1200.0;2025/04/09;1200.0
C0624;Sarah;Taylor;sarah.taylor624@example.com;555-4408;2025/11/02;Bronze;8965;T02393;2025/04/27;121.74;122;;;;;
C0170;David;Lee;david.lee170@example.com;555-2017;2024/10/01;Bronze;12405;T02394;2025/03/07;187.63;188;;;;;
C0719;Noah;Thomas;noah.thomas719@example.com;555-6188;2025/09/30;Silver;11495;T02395;2025/04/25;373.69;374;R2;$10 Gift Voucher;1000.0;2025/02/04;1000.0
C0639;Jessica;Clark;jessica.clark639@example.com;555-6183;2025/09/09;Bronze;676;T02396;2025/02/06;382.49;382;;;;;
C0662;James;Wilson;james.wilson662@example.com;555-8001;2022/01/27;Gold;8467;T02397;2025/02/25;392.18;392;R5;Free Shipping;750.0;2025/06/05;750.0
C0764;Jessica;Wilson;jessica.wilson764@example.com;555-3829;2025/05/16;Bronze;5928;T02398;2025/04/11;116.5;116;;;;;
C0546;Michael;Brown;michael.brown546@example.com;555-9025;2023/03/03;Bronze;5871;T02399;2025/02/09;146.36;146;R4;T-Shirt;2500.0;2025/02/08;2500.0
C0029;James;Davis;james.davis29@example.com;555-5714;2025/09/17;Gold;2961;T02400;2025/02/26;421.34;421;;;;;
C0441;Ava;Wilson;ava.wilson441@example.com;555-5461;2023/02/11;Silver;8280;T02401;2025/02/09;74.56;75;R1;$5 Gift Voucher;500.0;2025/02/23;500.0
C0358;Daniel;Johnson;daniel.johnson358@example.com;555-5051;2024/02/05;Bronze;8462;T02402;2025/05/16;396.16;396;R3;Coffee Mug;1200.0;2025/03/20;1200.0
C0355;John;Lee;john.lee355@example.com;555-2161;2022/12/08;Bronze;12475;T02403;2025/01/05;15.88;16;R7;Wireless Earbuds;8000.0;2025/03/08;8000.0
C0174;Michael;Wilson;michael.wilson174@example.com;555-8507;2025/02/08;Bronze;14327;T02404;2025/05/23;270.59;271;;;;;
C0847;Michael;Clark;michael.clark847@example.com;555-6319;2024/04/03;Bronze;14742;T02405;2025/05/10;392.7;393;;;;;
C0194;Olivia;Smith;olivia.smith194@example.com;555-7391;2024/01/08;Gold;2815;T02406;2025/02/25;560.95;561;;;;;
C0260;Emma;Lee;emma.lee260@example.com;555-8966;2025/04/03;Silver;2907;T02407;2025/04/21;22.08;22;;;;;
C0764;Jessica;Wilson;jessica.wilson764@example.com;555-3829;2025/05/16;Bronze;5928;T02408;2025/01/01;221.49;221;R6;VIP Event Access;5000.0;2025/04/19;5000.0
C0007;Noah;Moore;noah.moore7@example.com;555-3869;2025/11/22;Silver;10979;T02409;2025/04/11;264.72;265;;;;;
C0822;Olivia;Smith;olivia.smith822@example.com;555-6061;2022/07/16;Gold;1052;T02410;2025/03/28;479.35;479;;;;;
C0100;David;Davis;david.davis100@example.com;555-7388;2022/05/07;Gold;9381;T02411;2025/04/08;584.17;584;R3;Coffee Mug;1200.0;2025/01/25;1200.0
C0596;Sarah;Clark;sarah.clark596@example.com;555-6343;2025/04/24;Bronze;730;T02412;2025/01/23;370.75;371;R5;Free Shipping;750.0;2025/03/18;750.0
C0343;Jessica;Davis;jessica.davis343@example.com;555-6889;2025/02/07;Bronze;4566;T02413;2025/03/08;286.66;287;;;;;
C0124;Liam;Davis;liam.davis124@example.com;555-6756;2022/02/12;Bronze;3729;T02414;2025/03/04;507.28;507;;;;;
C0215;Daniel;Davis;daniel.davis215@example.com;555-2635;2022/10/12;Silver;5565;T02415;2025/06/29;261.46;261;;;;;
C0433;Jessica;Johnson;jessica.johnson433@example.com;555-7983;2022/11/02;Gold;3861;T02416;2025/01/31;170.47;170;R3;Coffee Mug;1200.0;2025/03/22;1200.0
C0463;Sarah;Brown;sarah.brown463@example.com;555-2970;2023/04/29;Gold;13450;T02417;2025/04/07;434.34;434;;;;;
C0235;Emily;Thomas;emily.thomas235@example.com;555-1678;2023/10/02;Silver;5289;T02418;2025/06/26;264.64;265;;;;;
C0516;Noah;Lee;noah.lee516@example.com;555-9326;2022/12/18;Silver;3222;T02419;2025/03/13;77.67;78;;;;;
C0469;John;Taylor;john.taylor469@example.com;555-3956;2024/10/09;Silver;5725;T02420;2025/05/03;169.67;170;;;;;
C0662;James;Wilson;james.wilson662@example.com;555-8001;2022/01/27;Gold;8467;T02421;2025/03/06;302.84;303;;;;;
C0138;Emma;Clark;emma.clark138@example.com;555-2162;2025/01/06;Bronze;3202;T02422;2025/03/07;509.5;510;;;;;
C0710;Emma;Moore;emma.moore710@example.com;555-8789;2024/07/10;Platinum;14442;T02423;2025/06/11;179.68;180;R5;Free Shipping;750.0;2025/05/18;750.0
C0532;Jessica;Wilson;jessica.wilson532@example.com;555-8230;2025/04/17;Bronze;14508;T02424;2025/06/17;127.97;128;R3;Coffee Mug;1200.0;2025/01/18;1200.0
C0331;Jessica;Smith;jessica.smith331@example.com;555-2857;2025/03/18;Gold;1162;T02425;2025/04/19;569.36;569;;;;;
C0656;Sophia;Taylor;sophia.taylor656@example.com;555-7966;2022/05/04;Bronze;11715;T02426;2025/04/21;44.33;44;;;;;
C0935;Noah;Clark;noah.clark935@example.com;555-4366;2025/11/18;Silver;919;T02427;2025/04/01;342.34;342;;;;;
C0468;Lucas;Smith;lucas.smith468@example.com;555-1645;2023/11/19;Silver;14761;T02428;2025/04/12;476.38;476;;;;;
C0037;Noah;Taylor;noah.taylor37@example.com;555-4048;2025/08/09;Gold;2846;T02429;2025/06/22;574.68;575;;;;;
C0857;Michael;Taylor;michael.taylor857@example.com;555-6780;2025/05/14;Gold;7148;T02430;2025/05/01;272.39;272;;;;;
C0499;Mia;Wilson;mia.wilson499@example.com;555-1056;2022/11/17;Gold;7081;T02431;2025/05/18;101.98;102;R1;$5 Gift Voucher;500.0;2025/02/19;500.0
C0584;Jessica;Smith;jessica.smith584@example.com;555-4325;2023/01/13;Bronze;8406;T02432;2025/02/12;312.14;312;R2;$10 Gift Voucher;1000.0;2025/05/06;1000.0
C0006;Emma;Smith;emma.smith6@example.com;555-2679;2022/08/09;Silver;2539;T02433;2025/05/19;19.04;19;;;;;
C0430;Lucas;Johnson;lucas.johnson430@example.com;555-9173;2022/01/12;Gold;3929;T02434;2025/01/02;333.92;334;;;;;
C0980;Olivia;Smith;olivia.smith980@example.com;555-4808;2025/02/01;Bronze;2783;T02435;2025/02/16;407.1;407;R5;Free Shipping;750.0;2025/01/26;750.0
C0854;Sarah;Brown;sarah.brown854@example.com;555-8928;2022/06/26;Bronze;12983;T02436;2025/03/04;292.31;292;;;;;
C0516;Noah;Lee;noah.lee516@example.com;555-9326;2022/12/18;Silver;3222;T02437;2025/05/09;131.0;131;;;;;
C0017;David;Clark;david.clark17@example.com;555-7648;2025/07/16;Silver;9622;T02438;2025/03/11;585.09;585;;;;;
C0229;Sophia;Taylor;sophia.taylor229@example.com;555-1855;2024/01/20;Silver;1887;T02439;2025/01/17;434.18;434;;;;;
C0956;James;Lee;james.lee956@example.com;555-6789;2025/07/15;Gold;5324;T02440;2025/04/12;60.61;61;R4;T-Shirt;2500.0;2025/03/23;2500.0
C0084;Olivia;Wilson;olivia.wilson84@example.com;555-8437;2025/09/09;Bronze;6702;T02441;2025/05/06;222.78;223;;;;;
C0622;Mia;Johnson;mia.johnson622@example.com;555-2431;2024/11/15;Bronze;8442;T02442;2025/05/22;231.43;231;;;;;
C0186;Olivia;Anderson;olivia.anderson186@example.com;555-9648;2025/01/13;Silver;3984;T02443;2025/06/11;378.8;379;;;;;
C0290;Noah;Johnson;noah.johnson290@example.com;555-8532;2022/10/09;Silver;13445;T02444;2025/04/15;581.36;581;R2;$10 Gift Voucher;1000.0;2025/03/29;1000.0
C0432;Jessica;Wilson;jessica.wilson432@example.com;555-9498;2026/01/08;Bronze;4702;T02445;2025/03/13;206.99;207;;;;;
C0307;Ava;Brown;ava.brown307@example.com;555-9343;2022/01/11;Silver;2314;T02446;2025/05/11;512.4;512;;;;;
C0692;Daniel;Anderson;daniel.anderson692@example.com;555-6657;2022/03/11;Silver;9393;T02447;2025/06/03;190.08;190;R6;VIP Event Access;5000.0;2025/06/17;5000.0
C0318;Ava;Martinez;ava.martinez318@example.com;555-8539;2026/03/19;Gold;9302;T02448;2025/01/25;586.3;586;;;;;
C0862;Olivia;Anderson;olivia.anderson862@example.com;555-7799;2022/04/30;Gold;5832;T02449;2025/01/31;63.95;64;;;;;
C0216;Mia;Anderson;mia.anderson216@example.com;555-6123;2022/05/09;Silver;8326;T02450;2025/05/10;68.62;69;;;;;
C0491;Jessica;Clark;jessica.clark491@example.com;555-4417;2023/09/27;Platinum;2293;T02451;2025/03/08;510.32;510;R1;$5 Gift Voucher;500.0;2025/05/16;500.0
C0838;Emma;Taylor;emma.taylor838@example.com;555-6380;2023/01/23;Platinum;9755;T02452;2025/01/01;105.68;106;;;;;
C0050;Emily;Martinez;emily.martinez50@example.com;555-8412;2024/08/14;Gold;5794;T02453;2025/03/11;111.76;112;;;;;
C0068;Olivia;Thomas;olivia.thomas68@example.com;555-6188;2025/09/26;Silver;11507;T02454;2025/04/02;476.02;476;R3;Coffee Mug;1200.0;2025/05/03;1200.0
C0664;David;Wilson;david.wilson664@example.com;555-1569;2024/01/07;Silver;10081;T02455;2025/06/30;57.55;58;;;;;
C0628;Olivia;Johnson;olivia.johnson628@example.com;555-3338;2022/04/16;Platinum;8089;T02456;2025/03/19;300.95;301;;;;;
C0454;Ava;Wilson;ava.wilson454@example.com;555-5530;2024/01/11;Platinum;13332;T02457;2025/03/15;380.7;381;;;;;
C0728;Emma;Moore;emma.moore728@example.com;555-1018;2025/02/18;Platinum;10386;T02458;2025/04/30;314.25;314;;;;;
C0825;Jessica;Thomas;jessica.thomas825@example.com;555-6337;2025/05/10;Bronze;7069;T02459;2025/04/19;490.43;490;;;;;
C0789;Ava;Davis;ava.davis789@example.com;555-4836;2025/03/25;Bronze;3378;T02460;2025/06/13;159.37;159;;;;;
C0628;Olivia;Johnson;olivia.johnson628@example.com;555-3338;2022/04/16;Platinum;8089;T02461;2025/03/07;7.08;7;R2;$10 Gift Voucher;1000.0;2025/05/01;1000.0
C0851;Emma;Taylor;emma.taylor851@example.com;555-9958;2024/08/15;Bronze;5964;T02462;2025/05/17;364.8;365;;;;;
C0822;Olivia;Smith;olivia.smith822@example.com;555-6061;2022/07/16;Gold;1052;T02463;2025/05/15;67.89;68;;;;;
C0660;Daniel;Martinez;daniel.martinez660@example.com;555-2405;2023/08/03;Bronze;3836;T02464;2025/01/26;59.17;59;;;;;
C0832;Ava;Johnson;ava.johnson832@example.com;555-7212;2023/02/15;Bronze;14905;T02465;2025/06/08;185.28;185;;;;;
C0034;David;Thomas;david.thomas34@example.com;555-2384;2024/11/05;Gold;9718;T02466;2025/02/15;324.85;325;;;;;
C0359;Olivia;Davis;olivia.davis359@example.com;555-5015;2023/04/20;Bronze;3686;T02467;2025/03/24;59.96;60;;;;;
C0349;Noah;Brown;noah.brown349@example.com;555-6911;2023/07/03;Bronze;3006;T02468;2025/06/20;53.11;53;;;;;
C0309;Emma;Johnson;emma.johnson309@example.com;555-4231;2022/09/06;Silver;1495;T02469;2025/02/20;299.65;300;;;;;
C0208;Olivia;Martinez;olivia.martinez208@example.com;555-2430;2025/01/07;Silver;11225;T02470;2025/02/24;377.3;377;R2;$10 Gift Voucher;1000.0;2025/05/06;1000.0
C0735;Liam;Johnson;liam.johnson735@example.com;555-5763;2025/04/01;Bronze;6274;T02471;2025/02/28;232.62;233;R4;T-Shirt;2500.0;2025/04/10;2500.0
C0028;Sophia;Moore;sophia.moore28@example.com;555-1233;2022/11/16;Bronze;7519;T02472;2025/04/18;313.95;314;R7;Wireless Earbuds;8000.0;2025/06/25;8000.0
C0826;Emily;Lee;emily.lee826@example.com;555-9850;2022/03/10;Bronze;2013;T02473;2025/05/11;573.07;573;;;;;
C0924;Ava;Taylor;ava.taylor924@example.com;555-1288;2023/07/28;Gold;9937;T02474;2025/04/17;206.85;207;R4;T-Shirt;2500.0;2025/06/26;2500.0
C0201;Mia;Smith;mia.smith201@example.com;555-1267;2023/10/26;Bronze;6489;T02475;2025/02/09;559.34;559;R6;VIP Event Access;5000.0;2025/03/06;5000.0
C0240;Emily;Wilson;emily.wilson240@example.com;555-8851;2024/08/23;Bronze;4965;T02476;2025/04/02;440.59;441;;;;;
C0283;John;Davis;john.davis283@example.com;555-1708;2022/03/05;Gold;6817;T02477;2025/01/30;565.87;566;;;;;
C0749;Olivia;Johnson;olivia.johnson749@example.com;555-5093;2023/12/15;Platinum;8853;T02478;2025/04/01;62.44;62;R5;Free Shipping;750.0;2025/02/03;750.0
C0624;Sarah;Taylor;sarah.taylor624@example.com;555-4408;2025/11/02;Bronze;8965;T02479;2025/06/07;369.28;369;;;;;
C0411;Ava;Lee;ava.lee411@example.com;555-7020;2024/07/05;Bronze;14618;T02480;2025/03/22;455.4;455;;;;;
C0720;Daniel;Martinez;daniel.martinez720@example.com;555-2127;2022/11/27;Gold;5778;T02481;2025/03/31;400.97;401;;;;;
C0970;Lucas;Martinez;lucas.martinez970@example.com;555-5527;2024/05/10;Bronze;10225;T02482;2025/04/30;216.33;216;R1;$5 Gift Voucher;500.0;2025/03/28;500.0
C0835;Sophia;Thomas;sophia.thomas835@example.com;555-6238;2024/07/05;Silver;3238;T02483;2025/02/19;439.34;439;R7;Wireless Earbuds;8000.0;2025/01/11;8000.0
C0059;Sarah;Anderson;sarah.anderson59@example.com;555-2381;2025/08/30;Platinum;6223;T02484;2025/02/11;400.27;400;;;;;
C0245;Liam;Thomas;liam.thomas245@example.com;555-9247;2025/08/28;Silver;7525;T02485;2025/04/05;200.81;201;;;;;
C0049;Noah;Clark;noah.clark49@example.com;555-9202;2023/04/07;Bronze;4995;T02486;2025/05/24;34.92;35;;;;;
C0450;Daniel;Anderson;daniel.anderson450@example.com;555-2750;2025/03/12;Bronze;9638;T02487;2025/03/26;242.25;242;;;;;
C0086;John;Wilson;john.wilson86@example.com;555-2570;2025/01/01;Bronze;5318;T02488;2025/02/16;599.18;599;;;;;
C0435;Ava;Thomas;ava.thomas435@example.com;555-3156;2025/07/24;Bronze;9485;T02489;2025/01/22;144.69;145;;;;;
C0064;Emily;Clark;emily.clark64@example.com;555-8026;2022/08/17;Silver;4874;T02490;2025/02/25;528.54;529;R3;Coffee Mug;1200.0;2025/02/18;1200.0
C0722;Emma;Johnson;emma.johnson722@example.com;555-5564;2025/06/06;Gold;6247;T02491;2025/04/01;238.53;239;;;;;
C0849;Noah;Anderson;noah.anderson849@example.com;555-9256;2025/12/10;Bronze;2530;T02492;2025/01/25;495.95;496;R6;VIP Event Access;5000.0;2025/01/26;5000.0
C0387;Lucas;Smith;lucas.smith387@example.com;555-5905;2026/04/15;Silver;14284;T02493;2025/04/09;92.69;93;R4;T-Shirt;2500.0;2025/04/13;2500.0
C0007;Noah;Moore;noah.moore7@example.com;555-3869;2025/11/22;Silver;10979;T02494;2025/04/03;66.04;66;;;;;
C0429;Sophia;Anderson;sophia.anderson429@example.com;555-1018;2025/11/02;Bronze;6138;T02495;2025/03/07;589.22;589;;;;;
C0041;Mia;Smith;mia.smith41@example.com;555-4258;2023/04/17;Gold;4936;T02496;2025/02/15;360.15;360;R5;Free Shipping;750.0;2025/04/21;750.0
C0867;Sophia;Thomas;sophia.thomas867@example.com;555-3989;2026/03/05;Bronze;6615;T02497;2025/01/29;320.81;321;;;;;
C0293;Sarah;Moore;sarah.moore293@example.com;555-6718;2022/10/02;Gold;2241;T02498;2025/04/13;589.65;590;;;;;
C0413;Noah;Davis;noah.davis413@example.com;555-9590;2024/11/19;Gold;3802;T02499;2025/02/11;241.38;241;;;;;
C0997;Lucas;Brown;lucas.brown997@example.com;555-1468;2022/08/20;Bronze;9255;T02500;2025/04/12;315.03;315;;;;;
C0005;Lucas;Martinez;lucas.martinez5@example.com;555-6848;2022/07/19;Platinum;9205;T02501;2025/05/28;513.3;513;R3;Coffee Mug;1200.0;2025/04/01;1200.0
C0488;Noah;Clark;noah.clark488@example.com;555-5645;2025/09/08;Bronze;10529;T02502;2025/06/03;276.89;277;;;;;
C0421;Sarah;Brown;sarah.brown421@example.com;555-2103;2023/12/27;Silver;2326;T02503;2025/02/13;366.41;366;R2;$10 Gift Voucher;1000.0;2025/03/02;1000.0
C0407;Noah;Lee;noah.lee407@example.com;555-7685;2025/03/28;Bronze;8465;T02504;2025/06/23;96.34;96;;;;;
C0473;Liam;Taylor;liam.taylor473@example.com;555-5985;2023/03/24;Bronze;5737;T02505;2025/05/17;99.22;99;;;;;
C0507;James;Davis;james.davis507@example.com;555-9702;2022/08/27;Bronze;13916;T02506;2025/04/23;301.74;302;R1;$5 Gift Voucher;500.0;2025/01/10;500.0
C0711;Sophia;Lee;sophia.lee711@example.com;555-1205;2024/05/22;Silver;3;T02507;2025/01/02;209.43;209;R3;Coffee Mug;1200.0;2025/03/06;1200.0
C0013;Emma;Thomas;emma.thomas13@example.com;555-3834;2025/05/02;Bronze;689;T02508;2025/04/27;84.37;84;R6;VIP Event Access;5000.0;2025/06/15;5000.0
C0122;Emily;Wilson;emily.wilson122@example.com;555-1759;2025/01/23;Gold;12468;T02509;2025/04/05;500.03;500;R2;$10 Gift Voucher;1000.0;2025/01/10;1000.0
C0895;Noah;Taylor;noah.taylor895@example.com;555-9008;2024/04/29;Bronze;9731;T02510;2025/02/09;578.23;578;;;;;
C0549;Michael;Thomas;michael.thomas549@example.com;555-9714;2026/04/20;Silver;4541;T02511;2025/02/13;238.51;239;;;;;
C0013;Emma;Thomas;emma.thomas13@example.com;555-3834;2025/05/02;Bronze;689;T02512;2025/04/03;351.16;351;;;;;
C0758;Michael;Taylor;michael.taylor758@example.com;555-1527;2026/01/14;Gold;1598;T02513;2025/06/30;548.2;548;R1;$5 Gift Voucher;500.0;2025/04/19;500.0
C0214;Emma;Lee;emma.lee214@example.com;555-6007;2022/08/03;Bronze;7225;T02514;2025/03/04;121.01;121;;;;;
C0830;Noah;Johnson;noah.johnson830@example.com;555-2525;2023/03/03;Silver;11287;T02515;2025/05/10;488.52;489;;;;;
C0051;Emily;Lee;emily.lee51@example.com;555-1423;2022/04/25;Bronze;3719;T02516;2025/06/21;151.33;151;;;;;
C0002;David;Anderson;david.anderson2@example.com;555-6873;2022/10/07;Silver;983;T02517;2025/06/13;8.35;8;;;;;
C0993;Noah;Anderson;noah.anderson993@example.com;555-5032;2024/01/09;Bronze;4053;T02518;2025/04/27;39.13;39;R2;$10 Gift Voucher;1000.0;2025/05/02;1000.0
C0610;Lucas;Wilson;lucas.wilson610@example.com;555-7516;2026/05/05;Bronze;9813;T02519;2025/02/01;148.53;149;R7;Wireless Earbuds;8000.0;2025/01/15;8000.0
C0236;Michael;Moore;michael.moore236@example.com;555-4658;2024/08/22;Platinum;12008;T02520;2025/03/16;589.48;589;R6;VIP Event Access;5000.0;2025/05/04;5000.0
C0068;Olivia;Thomas;olivia.thomas68@example.com;555-6188;2025/09/26;Silver;11507;T02521;2025/04/09;7.76;8;;;;;
C0223;Noah;Moore;noah.moore223@example.com;555-2192;2026/03/29;Bronze;5742;T02522;2025/04/25;499.95;500;;;;;
C0616;Noah;Martinez;noah.martinez616@example.com;555-9026;2022/09/25;Bronze;220;T02523;2025/05/28;337.43;337;R5;Free Shipping;750.0;2025/01/18;750.0
C0025;Emily;Wilson;emily.wilson25@example.com;555-2572;2025/02/04;Silver;4036;T02524;2025/05/27;567.46;567;;;;;
C0697;David;Johnson;david.johnson697@example.com;555-8576;2024/02/11;Silver;9742;T02525;2025/02/09;168.73;169;;;;;
C0871;Sophia;Johnson;sophia.johnson871@example.com;555-7468;2024/11/02;Gold;3026;T02526;2025/01/15;283.48;283;R5;Free Shipping;750.0;2025/02/04;750.0
C0306;Emma;Thomas;emma.thomas306@example.com;555-2893;2024/07/11;Platinum;9978;T02527;2025/01/09;173.15;173;;;;;
C0502;Olivia;Wilson;olivia.wilson502@example.com;555-2359;2026/01/10;Silver;11019;T02528;2025/01/11;114.35;114;R5;Free Shipping;750.0;2025/02/12;750.0
C0777;Mia;Brown;mia.brown777@example.com;555-2769;2022/11/21;Bronze;12290;T02529;2025/06/06;572.69;573;;;;;
C0065;Michael;Wilson;michael.wilson65@example.com;555-7854;2023/01/23;Silver;4839;T02530;2025/01/24;293.91;294;R7;Wireless Earbuds;8000.0;2025/04/14;8000.0
C0987;Sarah;Thomas;sarah.thomas987@example.com;555-7739;2022/12/03;Bronze;12309;T02531;2025/03/24;233.74;234;R4;T-Shirt;2500.0;2025/05/24;2500.0
C0890;Jessica;Martinez;jessica.martinez890@example.com;555-3922;2023/12/24;Gold;8494;T02532;2025/04/11;226.68;227;;;;;
C0707;Michael;Martinez;michael.martinez707@example.com;555-1974;2025/02/15;Gold;2239;T02533;2025/02/24;285.87;286;R7;Wireless Earbuds;8000.0;2025/01/15;8000.0
C0146;John;Moore;john.moore146@example.com;555-3601;2025/12/22;Silver;6844;T02534;2025/06/21;562.01;562;;;;;
C0521;Sophia;Wilson;sophia.wilson521@example.com;555-4912;2025/01/16;Gold;3045;T02535;2025/04/19;47.09;47;;;;;
C0116;Sarah;Johnson;sarah.johnson116@example.com;555-6856;2022/11/25;Bronze;6670;T02536;2025/02/23;504.52;505;;;;;
C0675;Emma;Johnson;emma.johnson675@example.com;555-4655;2023/07/27;Platinum;5890;T02537;2025/04/20;11.34;11;R5;Free Shipping;750.0;2025/04/25;750.0
C0167;Sophia;Thomas;sophia.thomas167@example.com;555-5062;2023/11/23;Bronze;11360;T02538;2025/05/23;193.46;193;;;;;
C0117;Lucas;Anderson;lucas.anderson117@example.com;555-1477;2023/05/27;Silver;1866;T02539;2025/01/20;497.82;498;;;;;
C0503;James;Taylor;james.taylor503@example.com;555-6704;2025/02/13;Bronze;8066;T02540;2025/01/07;178.89;179;;;;;
C0489;Daniel;Taylor;daniel.taylor489@example.com;555-2337;2024/09/03;Silver;14808;T02541;2025/03/20;321.95;322;;;;;
C0829;Mia;Davis;mia.davis829@example.com;555-5616;2026/05/19;Platinum;5650;T02542;2025/02/02;273.82;274;R6;VIP Event Access;5000.0;2025/06/06;5000.0
C0956;James;Lee;james.lee956@example.com;555-6789;2025/07/15;Gold;5324;T02543;2025/06/08;424.28;424;;;;;
C0266;James;Davis;james.davis266@example.com;555-3501;2022/08/03;Bronze;12965;T02544;2025/04/27;80.4;80;;;;;
C0411;Ava;Lee;ava.lee411@example.com;555-7020;2024/07/05;Bronze;14618;T02545;2025/03/06;447.99;448;;;;;
C0042;Emma;Lee;emma.lee42@example.com;555-2084;2024/03/06;Silver;1174;T02546;2025/03/13;426.75;427;;;;;
C0101;Jessica;Martinez;jessica.martinez101@example.com;555-7087;2025/03/25;Silver;3757;T02547;2025/06/14;420.66;421;;;;;
C0889;John;Johnson;john.johnson889@example.com;555-1755;2024/10/20;Silver;7728;T02548;2025/01/07;330.22;330;;;;;
C0528;Emma;Smith;emma.smith528@example.com;555-9296;2024/11/20;Bronze;4244;T02549;2025/03/26;255.12;255;R4;T-Shirt;2500.0;2025/05/08;2500.0
C0301;Daniel;Moore;daniel.moore301@example.com;555-6996;2026/05/09;Silver;3501;T02550;2025/03/31;391.97;392;R7;Wireless Earbuds;8000.0;2025/05/13;8000.0
C0268;Olivia;Lee;olivia.lee268@example.com;555-7391;2025/11/03;Gold;4480;T02551;2025/06/18;324.8;325;;;;;
C0484;Liam;Anderson;liam.anderson484@example.com;555-6089;2025/07/30;Gold;10753;T02552;2025/03/14;317.77;318;;;;;
C0887;Liam;Wilson;liam.wilson887@example.com;555-1499;2024/08/20;Platinum;3422;T02553;2025/03/26;67.89;68;;;;;
C0902;Sophia;Smith;sophia.smith902@example.com;555-7486;2024/01/04;Gold;3292;T02554;2025/02/07;208.83;209;;;;;
C0558;Liam;Thomas;liam.thomas558@example.com;555-8944;2023/11/24;Gold;11927;T02555;2025/01/28;240.17;240;;;;;
C0895;Noah;Taylor;noah.taylor895@example.com;555-9008;2024/04/29;Bronze;9731;T02556;2025/05/22;224.67;225;;;;;
C0360;Ava;Clark;ava.clark360@example.com;555-8959;2022/11/10;Bronze;9865;T02557;2025/04/21;461.65;462;R1;$5 Gift Voucher;500.0;2025/01/21;500.0
C0803;Noah;Smith;noah.smith803@example.com;555-8384;2023/10/12;Bronze;9502;T02558;2025/06/29;504.73;505;;;;;
C0960;Olivia;Moore;olivia.moore960@example.com;555-6331;2025/12/03;Silver;9698;T02559;2025/05/29;216.99;217;R3;Coffee Mug;1200.0;2025/06/16;1200.0
C0824;Lucas;Taylor;lucas.taylor824@example.com;555-3717;2026/05/14;Bronze;10708;T02560;2025/06/18;274.97;275;R5;Free Shipping;750.0;2025/06/24;750.0
C0057;Mia;Martinez;mia.martinez57@example.com;555-9032;2024/04/09;Gold;7691;T02561;2025/06/18;61.72;62;;;;;
C0882;Noah;Brown;noah.brown882@example.com;555-1520;2023/02/28;Bronze;13473;T02562;2025/03/24;536.55;537;;;;;
C0764;Jessica;Wilson;jessica.wilson764@example.com;555-3829;2025/05/16;Bronze;5928;T02563;2025/06/11;305.08;305;;;;;
C0188;Sarah;Anderson;sarah.anderson188@example.com;555-1117;2025/11/19;Gold;3764;T02564;2025/04/28;209.13;209;R4;T-Shirt;2500.0;2025/05/15;2500.0
C0289;David;Thomas;david.thomas289@example.com;555-8559;2025/11/11;Bronze;5685;T02565;2025/03/28;546.95;547;;;;;
C0739;Sophia;Anderson;sophia.anderson739@example.com;555-2572;2022/06/10;Silver;1878;T02566;2025/05/23;163.1;163;R6;VIP Event Access;5000.0;2025/06/03;5000.0
C0729;Ava;Taylor;ava.taylor729@example.com;555-9557;2022/12/23;Bronze;14994;T02567;2025/01/29;91.9;92;;;;;
C0474;Mia;Lee;mia.lee474@example.com;555-6939;2025/11/30;Bronze;11476;T02568;2025/03/21;88.69;89;;;;;
C0081;Daniel;Taylor;daniel.taylor81@example.com;555-1435;2024/04/07;Platinum;3665;T02569;2025/06/03;581.21;581;;;;;
C0067;Sophia;Brown;sophia.brown67@example.com;555-5292;2024/06/19;Silver;5972;T02570;2025/06/11;247.39;247;;;;;
C0748;Jessica;Smith;jessica.smith748@example.com;555-4437;2024/06/28;Bronze;207;T02571;2025/06/29;440.36;440;R7;Wireless Earbuds;8000.0;2025/04/08;8000.0
C0920;Daniel;Thomas;daniel.thomas920@example.com;555-7551;2024/12/17;Gold;10961;T02572;2025/06/03;588.56;589;R4;T-Shirt;2500.0;2025/06/30;2500.0
C0628;Olivia;Johnson;olivia.johnson628@example.com;555-3338;2022/04/16;Platinum;8089;T02573;2025/04/10;261.49;261;;;;;
C0629;Liam;Taylor;liam.taylor629@example.com;555-7316;2025/01/11;Gold;614;T02574;2025/02/17;457.14;457;;;;;
C0556;Liam;Lee;liam.lee556@example.com;555-6092;2023/02/26;Bronze;6609;T02575;2025/06/06;580.46;580;;;;;
C0719;Noah;Thomas;noah.thomas719@example.com;555-6188;2025/09/30;Silver;11495;T02576;2025/04/17;35.37;35;;;;;
C0227;Olivia;Smith;olivia.smith227@example.com;555-8250;2024/10/04;Gold;8988;T02577;2025/05/16;212.07;212;;;;;
C0374;Jessica;Anderson;jessica.anderson374@example.com;555-5630;2022/08/14;Gold;13705;T02578;2025/06/16;321.92;322;;;;;
C0120;Sarah;Taylor;sarah.taylor120@example.com;555-7225;2025/04/05;Silver;12987;T02579;2025/06/17;104.33;104;R3;Coffee Mug;1200.0;2025/04/10;1200.0
C0854;Sarah;Brown;sarah.brown854@example.com;555-8928;2022/06/26;Bronze;12983;T02580;2025/06/19;466.11;466;;;;;
C0694;Noah;Brown;noah.brown694@example.com;555-8099;2024/03/06;Bronze;5166;T02581;2025/01/17;372.38;372;;;;;
C0091;John;Anderson;john.anderson91@example.com;555-5741;2024/05/24;Silver;12209;T02582;2025/04/10;378.58;379;;;;;
C0925;Lucas;Thomas;lucas.thomas925@example.com;555-6182;2024/07/14;Platinum;13694;T02583;2025/04/14;265.36;265;R5;Free Shipping;750.0;2025/02/17;750.0
C0085;Noah;Lee;noah.lee85@example.com;555-7466;2026/01/11;Silver;3495;T02584;2025/02/01;163.9;164;;;;;
C0919;Mia;Anderson;mia.anderson919@example.com;555-7791;2025/04/27;Bronze;2483;T02585;2025/02/14;433.17;433;R1;$5 Gift Voucher;500.0;2025/01/26;500.0
C0830;Noah;Johnson;noah.johnson830@example.com;555-2525;2023/03/03;Silver;11287;T02586;2025/01/19;304.41;304;;;;;
C0252;Emma;Moore;emma.moore252@example.com;555-9971;2022/11/08;Bronze;5335;T02587;2025/05/05;396.05;396;R2;$10 Gift Voucher;1000.0;2025/01/03;1000.0
C0739;Sophia;Anderson;sophia.anderson739@example.com;555-2572;2022/06/10;Silver;1878;T02588;2025/02/05;428.83;429;;;;;
C0851;Emma;Taylor;emma.taylor851@example.com;555-9958;2024/08/15;Bronze;5964;T02589;2025/05/02;323.57;324;;;;;
C0616;Noah;Martinez;noah.martinez616@example.com;555-9026;2022/09/25;Bronze;220;T02590;2025/04/29;331.06;331;;;;;
C0172;Noah;Lee;noah.lee172@example.com;555-9995;2022/05/27;Gold;7139;T02591;2025/01/05;280.6;281;R3;Coffee Mug;1200.0;2025/05/30;1200.0
C0591;Daniel;Lee;daniel.lee591@example.com;555-4572;2022/09/14;Silver;10116;T02592;2025/05/15;306.89;307;;;;;
C0543;Mia;Lee;mia.lee543@example.com;555-5223;2025/10/21;Silver;641;T02593;2025/06/25;423.32;423;R2;$10 Gift Voucher;1000.0;2025/02/19;1000.0
C0901;Lucas;Thomas;lucas.thomas901@example.com;555-2318;2022/02/17;Silver;12877;T02594;2025/06/05;251.05;251;;;;;
C0835;Sophia;Thomas;sophia.thomas835@example.com;555-6238;2024/07/05;Silver;3238;T02595;2025/04/02;328.7;329;R1;$5 Gift Voucher;500.0;2025/01/08;500.0
C0517;Jessica;Wilson;jessica.wilson517@example.com;555-4731;2024/05/08;Silver;10761;T02596;2025/05/03;160.08;160;R2;$10 Gift Voucher;1000.0;2025/01/03;1000.0
C0990;Ava;Martinez;ava.martinez990@example.com;555-3377;2024/05/30;Silver;1431;T02597;2025/05/09;75.58;76;;;;;
C0008;James;Moore;james.moore8@example.com;555-4263;2024/12/10;Gold;14037;T02598;2025/06/16;397.94;398;;;;;
C0480;Liam;Wilson;liam.wilson480@example.com;555-3203;2025/12/22;Bronze;10314;T02599;2025/01/31;121.15;121;;;;;
C0573;Sophia;Thomas;sophia.thomas573@example.com;555-8188;2024/07/22;Bronze;12607;T02600;2025/05/23;123.73;124;;;;;
C0274;Olivia;Smith;olivia.smith274@example.com;555-7435;2023/11/05;Silver;9343;T02601;2025/06/19;430.63;431;;;;;
C0772;Noah;Clark;noah.clark772@example.com;555-1686;2023/07/13;Silver;14016;T02602;2025/03/05;575.01;575;;;;;
C0425;Emily;Lee;emily.lee425@example.com;555-6635;2022/09/06;Silver;9699;T02603;2025/06/11;588.78;589;;;;;
C0756;Lucas;Anderson;lucas.anderson756@example.com;555-8375;2025/04/09;Gold;13616;T02604;2025/01/12;532.26;532;R7;Wireless Earbuds;8000.0;2025/06/20;8000.0
C0005;Lucas;Martinez;lucas.martinez5@example.com;555-6848;2022/07/19;Platinum;9205;T02605;2025/02/22;52.84;53;R5;Free Shipping;750.0;2025/02/25;750.0
C0737;Noah;Johnson;noah.johnson737@example.com;555-1661;2023/06/05;Bronze;5963;T02606;2025/03/20;259.22;259;;;;;
C0580;Michael;Wilson;michael.wilson580@example.com;555-5378;2023/03/02;Gold;2794;T02607;2025/02/06;566.15;566;;;;;
C0152;Noah;Moore;noah.moore152@example.com;555-7523;2022/10/25;Gold;2135;T02608;2025/04/15;22.58;23;;;;;
C0004;Sarah;Brown;sarah.brown4@example.com;555-3153;2022/10/05;Silver;10293;T02609;2025/04/30;292.36;292;R4;T-Shirt;2500.0;2025/05/17;2500.0
C0701;Liam;Taylor;liam.taylor701@example.com;555-4493;2024/02/08;Silver;7081;T02610;2025/03/12;153.97;154;;;;;
C0956;James;Lee;james.lee956@example.com;555-6789;2025/07/15;Gold;5324;T02611;2025/06/18;42.14;42;R3;Coffee Mug;1200.0;2025/02/17;1200.0
C0660;Daniel;Martinez;daniel.martinez660@example.com;555-2405;2023/08/03;Bronze;3836;T02612;2025/03/08;97.33;97;R7;Wireless Earbuds;8000.0;2025/01/09;8000.0
C0473;Liam;Taylor;liam.taylor473@example.com;555-5985;2023/03/24;Bronze;5737;T02613;2025/04/04;400.1;400;R2;$10 Gift Voucher;1000.0;2025/01/20;1000.0
C0934;Jessica;Smith;jessica.smith934@example.com;555-1231;2026/01/22;Gold;11323;T02614;2025/02/21;314.83;315;;;;;
C0406;Michael;Brown;michael.brown406@example.com;555-3948;2024/02/09;Platinum;112;T02615;2025/04/16;297.21;297;;;;;
C0166;Daniel;Clark;daniel.clark166@example.com;555-2001;2023/11/15;Silver;6995;T02616;2025/04/17;572.37;572;R6;VIP Event Access;5000.0;2025/06/06;5000.0
C0285;Mia;Lee;mia.lee285@example.com;555-9794;2025/03/01;Bronze;1835;T02617;2025/03/17;205.01;205;;;;;
C0183;Michael;Johnson;michael.johnson183@example.com;555-6592;2024/08/18;Bronze;1988;T02618;2025/06/08;42.07;42;;;;;
C0866;Mia;Clark;mia.clark866@example.com;555-8768;2023/04/08;Gold;5004;T02619;2025/02/06;318.09;318;;;;;
C0093;Mia;Anderson;mia.anderson93@example.com;555-9456;2025/12/14;Gold;3482;T02620;2025/04/17;342.08;342;R5;Free Shipping;750.0;2025/04/21;750.0
C0099;Jessica;Moore;jessica.moore99@example.com;555-6606;2025/11/14;Silver;9714;T02621;2025/04/29;210.77;211;;;;;
C0577;Emma;Wilson;emma.wilson577@example.com;555-4927;2022/02/27;Gold;8539;T02622;2025/05/19;421.1;421;R1;$5 Gift Voucher;500.0;2025/02/17;500.0
C0070;John;Moore;john.moore70@example.com;555-2578;2025/10/25;Silver;11435;T02623;2025/03/06;47.78;48;;;;;
C0384;Daniel;Martinez;daniel.martinez384@example.com;555-2017;2022/02/04;Bronze;7454;T02624;2025/02/23;251.57;252;;;;;
C0677;Lucas;Smith;lucas.smith677@example.com;555-8264;2023/09/19;Gold;12536;T02625;2025/03/24;349.79;350;;;;;
C0064;Emily;Clark;emily.clark64@example.com;555-8026;2022/08/17;Silver;4874;T02626;2025/03/08;589.59;590;;;;;
C0985;Lucas;Smith;lucas.smith985@example.com;555-9722;2023/03/10;Platinum;820;T02627;2025/05/05;252.22;252;;;;;
C0560;Michael;Taylor;michael.taylor560@example.com;555-6626;2023/12/29;Bronze;9415;T02628;2025/05/13;432.91;433;R3;Coffee Mug;1200.0;2025/05/22;1200.0
C0313;David;Thomas;david.thomas313@example.com;555-1083;2024/08/27;Gold;1740;T02629;2025/03/15;581.01;581;;;;;
C0897;Emily;Johnson;emily.johnson897@example.com;555-5660;2025/03/28;Gold;10666;T02630;2025/05/08;87.4;87;;;;;
C0782;Mia;Taylor;mia.taylor782@example.com;555-2580;2023/11/01;Platinum;11750;T02631;2025/06/05;517.61;518;;;;;
C0727;James;Johnson;james.johnson727@example.com;555-9361;2024/12/16;Gold;7738;T02632;2025/01/05;355.29;355;;;;;
C0061;Noah;Martinez;noah.martinez61@example.com;555-3068;2026/05/18;Bronze;7347;T02633;2025/06/10;246.35;246;;;;;
C0688;Emma;Johnson;emma.johnson688@example.com;555-4773;2025/11/02;Silver;12051;T02634;2025/01/29;433.41;433;R2;$10 Gift Voucher;1000.0;2025/03/03;1000.0
C0840;Liam;Thomas;liam.thomas840@example.com;555-7270;2024/10/27;Bronze;9428;T02635;2025/04/01;512.86;513;;;;;
C0349;Noah;Brown;noah.brown349@example.com;555-6911;2023/07/03;Bronze;3006;T02636;2025/04/19;536.22;536;R7;Wireless Earbuds;8000.0;2025/03/04;8000.0
C0780;Noah;Davis;noah.davis780@example.com;555-7872;2023/08/31;Silver;9987;T02637;2025/02/11;333.35;333;;;;;
C0631;Sophia;Martinez;sophia.martinez631@example.com;555-6423;2022/12/09;Bronze;12432;T02638;2025/05/03;154.68;155;;;;;
C0294;Daniel;Clark;daniel.clark294@example.com;555-6338;2025/09/16;Silver;13074;T02639;2025/04/01;450.1;450;;;;;
C0189;David;Lee;david.lee189@example.com;555-7852;2025/07/29;Silver;3704;T02640;2025/04/28;488.76;489;;;;;
C0905;Jessica;Martinez;jessica.martinez905@example.com;555-5670;2026/04/24;Gold;5090;T02641;2025/01/06;504.08;504;;;;;
C0980;Olivia;Smith;olivia.smith980@example.com;555-4808;2025/02/01;Bronze;2783;T02642;2025/01/15;191.37;191;;;;;
C0205;Lucas;Clark;lucas.clark205@example.com;555-5995;2022/09/28;Gold;7930;T02643;2025/03/01;315.73;316;;;;;
C0081;Daniel;Taylor;daniel.taylor81@example.com;555-1435;2024/04/07;Platinum;3665;T02644;2025/01/31;256.52;257;;;;;
C0751;Olivia;Taylor;olivia.taylor751@example.com;555-4637;2025/03/02;Bronze;10735;T02645;2025/04/27;233.19;233;;;;;
C0014;Michael;Moore;michael.moore14@example.com;555-7118;2023/01/15;Silver;4212;T02646;2025/02/03;383.28;383;;;;;
C0792;Michael;Thomas;michael.thomas792@example.com;555-6712;2023/01/23;Gold;14378;T02647;2025/03/03;291.08;291;;;;;
C0742;Mia;Davis;mia.davis742@example.com;555-2218;2023/05/02;Silver;3625;T02648;2025/03/27;18.68;19;R3;Coffee Mug;1200.0;2025/04/29;1200.0
C0033;Ava;Brown;ava.brown33@example.com;555-8008;2022/07/05;Gold;5147;T02649;2025/01/08;202.76;203;R3;Coffee Mug;1200.0;2025/04/07;1200.0
C0511;Ava;Brown;ava.brown511@example.com;555-8061;2022/05/10;Platinum;7199;T02650;2025/04/23;302.95;303;R3;Coffee Mug;1200.0;2025/06/26;1200.0
C0383;Liam;Smith;liam.smith383@example.com;555-5134;2023/02/10;Silver;3960;T02651;2025/05/08;95.38;95;;;;;
C0905;Jessica;Martinez;jessica.martinez905@example.com;555-5670;2026/04/24;Gold;5090;T02652;2025/03/13;285.02;285;;;;;
C0521;Sophia;Wilson;sophia.wilson521@example.com;555-4912;2025/01/16;Gold;3045;T02653;2025/05/24;313.96;314;;;;;
C0464;Daniel;Johnson;daniel.johnson464@example.com;555-1216;2026/05/12;Bronze;2243;T02654;2025/04/19;480.69;481;;;;;
C0750;Noah;Davis;noah.davis750@example.com;555-4671;2023/04/03;Bronze;11493;T02655;2025/01/21;169.21;169;;;;;
C0864;Lucas;Johnson;lucas.johnson864@example.com;555-7800;2024/03/30;Silver;2753;T02656;2025/01/04;228.82;229;R1;$5 Gift Voucher;500.0;2025/06/20;500.0
C0864;Lucas;Johnson;lucas.johnson864@example.com;555-7800;2024/03/30;Silver;2753;T02657;2025/01/28;492.62;493;;;;;
C0592;Liam;Wilson;liam.wilson592@example.com;555-3978;2024/01/15;Silver;585;T02658;2025/03/30;231.43;231;;;;;
C0948;Mia;Clark;mia.clark948@example.com;555-6158;2024/08/04;Platinum;8225;T02659;2025/04/27;554.76;555;;;;;
C0966;Emma;Clark;emma.clark966@example.com;555-1618;2025/04/05;Bronze;6704;T02660;2025/02/04;340.34;340;;;;;
C0201;Mia;Smith;mia.smith201@example.com;555-1267;2023/10/26;Bronze;6489;T02661;2025/06/10;296.08;296;;;;;
C0036;Daniel;Brown;daniel.brown36@example.com;555-1271;2025/12/30;Bronze;6543;T02662;2025/02/19;66.47;66;R7;Wireless Earbuds;8000.0;2025/04/04;8000.0
C0510;Mia;Davis;mia.davis510@example.com;555-8062;2025/04/06;Gold;2196;T02663;2025/04/06;461.21;461;;;;;
C0245;Liam;Thomas;liam.thomas245@example.com;555-9247;2025/08/28;Silver;7525;T02664;2025/05/19;260.06;260;;;;;
C0535;James;Anderson;james.anderson535@example.com;555-1522;2024/05/09;Gold;5910;T02665;2025/05/29;6.3;6;;;;;
C0601;James;Anderson;james.anderson601@example.com;555-9817;2025/10/20;Bronze;949;T02666;2025/04/24;261.05;261;;;;;
C0289;David;Thomas;david.thomas289@example.com;555-8559;2025/11/11;Bronze;5685;T02667;2025/06/14;247.4;247;R4;T-Shirt;2500.0;2025/06/25;2500.0
C0339;James;Davis;james.davis339@example.com;555-8957;2023/05/23;Platinum;2679;T02668;2025/04/13;510.57;511;;;;;
C0175;Emily;Brown;emily.brown175@example.com;555-7415;2022/06/11;Bronze;9556;T02669;2025/02/10;134.63;135;;;;;
C0681;Noah;Wilson;noah.wilson681@example.com;555-1026;2025/02/01;Bronze;13044;T02670;2025/05/22;418.63;419;;;;;
C0356;Sarah;Martinez;sarah.martinez356@example.com;555-3612;2025/01/28;Bronze;8617;T02671;2025/03/11;62.15;62;;;;;
C0827;Jessica;Johnson;jessica.johnson827@example.com;555-4945;2023/07/29;Silver;11866;T02672;2025/03/08;464.97;465;;;;;
C0437;David;Davis;david.davis437@example.com;555-9510;2025/09/07;Silver;11741;T02673;2025/04/20;575.72;576;;;;;
C0851;Emma;Taylor;emma.taylor851@example.com;555-9958;2024/08/15;Bronze;5964;T02674;2025/01/18;514.4;514;;;;;
C0194;Olivia;Smith;olivia.smith194@example.com;555-7391;2024/01/08;Gold;2815;T02675;2025/06/18;147.52;148;;;;;
C0752;Emma;Thomas;emma.thomas752@example.com;555-4863;2025/12/09;Silver;11358;T02676;2025/04/20;308.43;308;;;;;
C0549;Michael;Thomas;michael.thomas549@example.com;555-9714;2026/04/20;Silver;4541;T02677;2025/02/03;54.72;55;R5;Free Shipping;750.0;2025/04/05;750.0
C0787;Liam;Davis;liam.davis787@example.com;555-7614;2025/11/26;Silver;8043;T02678;2025/05/21;33.1;33;;;;;
C0406;Michael;Brown;michael.brown406@example.com;555-3948;2024/02/09;Platinum;112;T02679;2025/06/13;569.39;569;R3;Coffee Mug;1200.0;2025/02/17;1200.0
C0762;Lucas;Clark;lucas.clark762@example.com;555-8505;2024/01/12;Silver;3816;T02680;2025/04/28;66.49;66;;;;;
C0862;Olivia;Anderson;olivia.anderson862@example.com;555-7799;2022/04/30;Gold;5832;T02681;2025/05/21;250.65;251;;;;;
C0113;Michael;Moore;michael.moore113@example.com;555-5808;2022/12/26;Gold;12406;T02682;2025/02/20;175.84;176;;;;;
C0812;Mia;Moore;mia.moore812@example.com;555-8294;2022/01/07;Gold;9396;T02683;2025/04/10;401.43;401;;;;;
C0506;Liam;Wilson;liam.wilson506@example.com;555-9007;2022/07/07;Bronze;13105;T02684;2025/06/25;447.62;448;R7;Wireless Earbuds;8000.0;2025/04/19;8000.0
C0051;Emily;Lee;emily.lee51@example.com;555-1423;2022/04/25;Bronze;3719;T02685;2025/03/23;268.92;269;R7;Wireless Earbuds;8000.0;2025/05/05;8000.0
C0325;Emily;Smith;emily.smith325@example.com;555-7262;2025/05/08;Platinum;10470;T02686;2025/01/16;209.29;209;;;;;
C0765;Ava;Brown;ava.brown765@example.com;555-6639;2023/10/07;Silver;2649;T02687;2025/06/03;484.04;484;R4;T-Shirt;2500.0;2025/04/20;2500.0
C0676;Noah;Taylor;noah.taylor676@example.com;555-2830;2024/07/19;Silver;5161;T02688;2025/02/22;528.09;528;R6;VIP Event Access;5000.0;2025/03/23;5000.0
C0461;Emma;Wilson;emma.wilson461@example.com;555-6575;2023/07/26;Platinum;2822;T02689;2025/03/22;536.63;537;R7;Wireless Earbuds;8000.0;2025/05/16;8000.0
C0516;Noah;Lee;noah.lee516@example.com;555-9326;2022/12/18;Silver;3222;T02690;2025/01/16;432.97;433;;;;;
C0572;John;Davis;john.davis572@example.com;555-7103;2025/05/06;Platinum;14185;T02691;2025/03/04;133.96;134;;;;;
C0728;Emma;Moore;emma.moore728@example.com;555-1018;2025/02/18;Platinum;10386;T02692;2025/03/02;193.56;194;;;;;
C0326;Lucas;Thomas;lucas.thomas326@example.com;555-4323;2024/04/03;Gold;717;T02693;2025/04/20;429.12;429;;;;;
C0174;Michael;Wilson;michael.wilson174@example.com;555-8507;2025/02/08;Bronze;14327;T02694;2025/04/02;49.55;50;R5;Free Shipping;750.0;2025/06/20;750.0
C0966;Emma;Clark;emma.clark966@example.com;555-1618;2025/04/05;Bronze;6704;T02695;2025/03/02;530.22;530;;;;;
C0679;Daniel;Clark;daniel.clark679@example.com;555-8796;2022/11/08;Bronze;3415;T02696;2025/04/30;401.13;401;R1;$5 Gift Voucher;500.0;2025/06/05;500.0
C0416;Emma;Smith;emma.smith416@example.com;555-9367;2024/03/31;Bronze;13495;T02697;2025/03/24;332.83;333;R3;Coffee Mug;1200.0;2025/05/19;1200.0
C0740;Noah;Brown;noah.brown740@example.com;555-9799;2022/05/02;Silver;7734;T02698;2025/05/07;241.26;241;R6;VIP Event Access;5000.0;2025/05/31;5000.0
C0907;Daniel;Moore;daniel.moore907@example.com;555-6766;2024/12/08;Platinum;13865;T02699;2025/04/29;275.43;275;;;;;
C0591;Daniel;Lee;daniel.lee591@example.com;555-4572;2022/09/14;Silver;10116;T02700;2025/01/10;205.35;205;R1;$5 Gift Voucher;500.0;2025/03/24;500.0
C0560;Michael;Taylor;michael.taylor560@example.com;555-6626;2023/12/29;Bronze;9415;T02701;2025/06/17;137.11;137;;;;;
C0819;Ava;Martinez;ava.martinez819@example.com;555-4861;2024/04/01;Bronze;7636;T02702;2025/05/16;486.98;487;R6;VIP Event Access;5000.0;2025/01/11;5000.0
C0219;Daniel;Moore;daniel.moore219@example.com;555-4292;2023/12/17;Silver;14127;T02703;2025/02/02;180.86;181;;;;;
C0265;Emma;Moore;emma.moore265@example.com;555-7079;2025/03/08;Silver;8705;T02704;2025/02/03;485.03;485;;;;;
C0943;Liam;Smith;liam.smith943@example.com;555-4580;2022/04/09;Platinum;2395;T02705;2025/03/12;360.06;360;;;;;
C0195;Liam;Lee;liam.lee195@example.com;555-7176;2024/08/25;Silver;2410;T02706;2025/05/15;239.19;239;;;;;
C0032;David;Lee;david.lee32@example.com;555-5324;2024/08/15;Bronze;6803;T02707;2025/01/10;280.54;281;;;;;
C0627;Emily;Davis;emily.davis627@example.com;555-5118;2023/04/14;Gold;9311;T02708;2025/03/16;222.68;223;;;;;
C0581;Michael;Martinez;michael.martinez581@example.com;555-1424;2022/10/07;Silver;7516;T02709;2025/04/13;78.27;78;;;;;
C0115;Mia;Lee;mia.lee115@example.com;555-6568;2025/11/22;Silver;3904;T02710;2025/05/03;514.33;514;;;;;
C0668;Ava;Moore;ava.moore668@example.com;555-2341;2022/06/22;Gold;5898;T02711;2025/03/20;135.92;136;;;;;
C0144;Sophia;Johnson;sophia.johnson144@example.com;555-6968;2024/03/18;Silver;911;T02712;2025/05/24;188.57;189;R3;Coffee Mug;1200.0;2025/05/13;1200.0
C0064;Emily;Clark;emily.clark64@example.com;555-8026;2022/08/17;Silver;4874;T02713;2025/02/17;380.74;381;;;;;
C0677;Lucas;Smith;lucas.smith677@example.com;555-8264;2023/09/19;Gold;12536;T02714;2025/01/17;53.77;54;;;;;
C0179;James;Brown;james.brown179@example.com;555-8470;2023/12/20;Silver;10157;T02715;2025/03/05;541.36;541;;;;;
C0647;Liam;Davis;liam.davis647@example.com;555-8549;2025/07/26;Silver;14172;T02716;2025/02/27;567.54;568;;;;;
C0868;Jessica;Anderson;jessica.anderson868@example.com;555-7802;2022/02/21;Silver;6709;T02717;2025/06/10;483.06;483;;;;;
C0576;John;Smith;john.smith576@example.com;555-5845;2025/01/05;Silver;3720;T02718;2025/04/27;494.19;494;;;;;
C0475;Jessica;Moore;jessica.moore475@example.com;555-7943;2024/07/01;Gold;9231;T02719;2025/02/09;508.36;508;;;;;
C0474;Mia;Lee;mia.lee474@example.com;555-6939;2025/11/30;Bronze;11476;T02720;2025/01/12;9.01;9;;;;;
C0976;Olivia;Brown;olivia.brown976@example.com;555-5660;2022/10/28;Gold;1046;T02721;2025/03/25;406.99;407;R7;Wireless Earbuds;8000.0;2025/06/13;8000.0
C0657;Michael;Moore;michael.moore657@example.com;555-7059;2025/09/17;Bronze;11793;T02722;2025/06/13;56.72;57;;;;;
C0479;Daniel;Anderson;daniel.anderson479@example.com;555-3700;2022/10/31;Silver;1133;T02723;2025/05/08;374.79;375;;;;;
C0122;Emily;Wilson;emily.wilson122@example.com;555-1759;2025/01/23;Gold;12468;T02724;2025/04/23;7.77;8;;;;;
C0478;David;Brown;david.brown478@example.com;555-6115;2025/10/06;Silver;12891;T02725;2025/03/16;294.42;294;R1;$5 Gift Voucher;500.0;2025/01/09;500.0
C0683;Mia;Davis;mia.davis683@example.com;555-2870;2022/06/13;Silver;7467;T02726;2025/06/10;127.63;128;;;;;
C0638;John;Thomas;john.thomas638@example.com;555-8479;2023/01/12;Bronze;11224;T02727;2025/03/09;274.46;274;;;;;
C0937;Daniel;Lee;daniel.lee937@example.com;555-8858;2024/01/31;Silver;2083;T02728;2025/05/07;144.67;145;R7;Wireless Earbuds;8000.0;2025/05/23;8000.0
C0251;Sarah;Anderson;sarah.anderson251@example.com;555-7886;2025/01/09;Silver;14475;T02729;2025/05/24;169.64;170;;;;;
C0859;Olivia;Lee;olivia.lee859@example.com;555-6439;2023/06/13;Gold;3084;T02730;2025/01/13;495.73;496;;;;;
C0405;Lucas;Davis;lucas.davis405@example.com;555-8554;2023/04/19;Gold;6941;T02731;2025/04/04;358.06;358;;;;;
C0036;Daniel;Brown;daniel.brown36@example.com;555-1271;2025/12/30;Bronze;6543;T02732;2025/02/11;318.7;319;R2;$10 Gift Voucher;1000.0;2025/01/07;1000.0
C0774;Emily;Johnson;emily.johnson774@example.com;555-2125;2022/11/17;Bronze;4857;T02733;2025/04/22;409.35;409;;;;;
C0966;Emma;Clark;emma.clark966@example.com;555-1618;2025/04/05;Bronze;6704;T02734;2025/03/28;183.1;183;;;;;
C0067;Sophia;Brown;sophia.brown67@example.com;555-5292;2024/06/19;Silver;5972;T02735;2025/01/12;115.99;116;;;;;
C0133;Michael;Wilson;michael.wilson133@example.com;555-5094;2022/07/13;Bronze;7403;T02736;2025/06/20;10.07;10;;;;;
C0695;Mia;Moore;mia.moore695@example.com;555-3098;2023/05/19;Bronze;2939;T02737;2025/04/20;473.02;473;R6;VIP Event Access;5000.0;2025/05/23;5000.0
C0585;Emma;Davis;emma.davis585@example.com;555-4464;2022/11/30;Silver;4294;T02738;2025/06/23;268.12;268;R4;T-Shirt;2500.0;2025/05/30;2500.0
C0198;Daniel;Davis;daniel.davis198@example.com;555-9222;2025/09/04;Gold;3543;T02739;2025/02/08;224.03;224;R6;VIP Event Access;5000.0;2025/03/18;5000.0
C0392;Emma;Wilson;emma.wilson392@example.com;555-3452;2023/10/06;Bronze;11932;T02740;2025/01/03;442.68;443;R2;$10 Gift Voucher;1000.0;2025/03/04;1000.0
C0456;James;Wilson;james.wilson456@example.com;555-6368;2022/02/09;Silver;1187;T02741;2025/04/24;164.24;164;R7;Wireless Earbuds;8000.0;2025/01/07;8000.0
C0545;James;Martinez;james.martinez545@example.com;555-1079;2026/04/25;Bronze;14996;T02742;2025/04/10;484.49;484;R1;$5 Gift Voucher;500.0;2025/01/17;500.0
C0770;Liam;Taylor;liam.taylor770@example.com;555-7359;2022/02/10;Gold;9632;T02743;2025/03/20;298.32;298;;;;;
C0042;Emma;Lee;emma.lee42@example.com;555-2084;2024/03/06;Silver;1174;T02744;2025/05/01;287.52;288;R7;Wireless Earbuds;8000.0;2025/04/14;8000.0
C0799;Olivia;Smith;olivia.smith799@example.com;555-1384;2025/04/03;Platinum;3320;T02745;2025/06/03;488.45;488;;;;;
C0283;John;Davis;john.davis283@example.com;555-1708;2022/03/05;Gold;6817;T02746;2025/05/29;28.16;28;;;;;
C0172;Noah;Lee;noah.lee172@example.com;555-9995;2022/05/27;Gold;7139;T02747;2025/02/14;234.15;234;R1;$5 Gift Voucher;500.0;2025/04/02;500.0
C0309;Emma;Johnson;emma.johnson309@example.com;555-4231;2022/09/06;Silver;1495;T02748;2025/04/06;530.92;531;;;;;
C0971;Emily;Davis;emily.davis971@example.com;555-3887;2023/02/20;Silver;7269;T02749;2025/02/01;486.92;487;;;;;
C0086;John;Wilson;john.wilson86@example.com;555-2570;2025/01/01;Bronze;5318;T02750;2025/03/20;131.57;132;;;;;
C0457;David;Wilson;david.wilson457@example.com;555-2030;2026/03/17;Bronze;11122;T02751;2025/06/17;532.21;532;R3;Coffee Mug;1200.0;2025/05/12;1200.0
C0979;Liam;Moore;liam.moore979@example.com;555-4622;2025/09/15;Bronze;7847;T02752;2025/03/04;533.43;533;;;;;
C0966;Emma;Clark;emma.clark966@example.com;555-1618;2025/04/05;Bronze;6704;T02753;2025/02/17;185.38;185;;;;;
C0520;Sophia;Anderson;sophia.anderson520@example.com;555-9020;2023/11/25;Gold;7766;T02754;2025/05/08;383.02;383;;;;;
C0525;Lucas;Martinez;lucas.martinez525@example.com;555-1223;2024/10/08;Bronze;4493;T02755;2025/02/02;397.97;398;R1;$5 Gift Voucher;500.0;2025/03/14;500.0
C0012;Liam;Johnson;liam.johnson12@example.com;555-3896;2026/03/02;Bronze;10505;T02756;2025/04/28;228.2;228;;;;;
C0407;Noah;Lee;noah.lee407@example.com;555-7685;2025/03/28;Bronze;8465;T02757;2025/03/30;169.72;170;;;;;
C0830;Noah;Johnson;noah.johnson830@example.com;555-2525;2023/03/03;Silver;11287;T02758;2025/01/11;175.33;175;R5;Free Shipping;750.0;2025/03/16;750.0
C0936;Daniel;Brown;daniel.brown936@example.com;555-4107;2026/03/26;Bronze;1265;T02759;2025/06/13;568.86;569;;;;;
C0326;Lucas;Thomas;lucas.thomas326@example.com;555-4323;2024/04/03;Gold;717;T02760;2025/01/30;574.64;575;;;;;
C0576;John;Smith;john.smith576@example.com;555-5845;2025/01/05;Silver;3720;T02761;2025/06/29;411.81;412;;;;;
C0206;David;Johnson;david.johnson206@example.com;555-6518;2023/04/04;Gold;10292;T02762;2025/04/25;568.64;569;;;;;
C0670;Sarah;Moore;sarah.moore670@example.com;555-1622;2025/09/29;Bronze;8164;T02763;2025/02/20;589.01;589;;;;;
C0481;Michael;Clark;michael.clark481@example.com;555-5272;2025/11/08;Gold;6938;T02764;2025/01/19;107.26;107;R4;T-Shirt;2500.0;2025/03/04;2500.0
C0111;Michael;Wilson;michael.wilson111@example.com;555-7230;2024/06/23;Bronze;2519;T02765;2025/06/15;38.66;39;;;;;
C0482;Daniel;Martinez;daniel.martinez482@example.com;555-5477;2025/03/21;Gold;58;T02766;2025/03/20;542.69;543;;;;;
C0934;Jessica;Smith;jessica.smith934@example.com;555-1231;2026/01/22;Gold;11323;T02767;2025/01/11;347.26;347;R7;Wireless Earbuds;8000.0;2025/03/06;8000.0
C0680;Michael;Moore;michael.moore680@example.com;555-2557;2023/03/23;Silver;7486;T02768;2025/01/09;387.46;387;R3;Coffee Mug;1200.0;2025/04/23;1200.0
C0867;Sophia;Thomas;sophia.thomas867@example.com;555-3989;2026/03/05;Bronze;6615;T02769;2025/05/31;132.77;133;;;;;
C0533;James;Martinez;james.martinez533@example.com;555-8934;2025/01/11;Silver;13017;T02770;2025/06/24;98.57;99;;;;;
C0845;Olivia;Taylor;olivia.taylor845@example.com;555-5590;2022/02/11;Bronze;12630;T02771;2025/04/18;145.82;146;;;;;
C0136;David;Taylor;david.taylor136@example.com;555-7626;2024/10/19;Gold;11402;T02772;2025/04/06;535.0;535;R2;$10 Gift Voucher;1000.0;2025/01/13;1000.0
C0304;Lucas;Johnson;lucas.johnson304@example.com;555-9341;2026/04/16;Silver;11246;T02773;2025/05/13;117.89;118;;;;;
C0348;Lucas;Smith;lucas.smith348@example.com;555-3612;2024/09/02;Silver;210;T02774;2025/06/23;30.92;31;;;;;
C0700;Jessica;Brown;jessica.brown700@example.com;555-5270;2026/01/15;Silver;9268;T02775;2025/01/17;179.63;180;;;;;
C0281;Daniel;Smith;daniel.smith281@example.com;555-2052;2025/01/20;Platinum;3992;T02776;2025/06/25;273.53;274;;;;;
C0965;Lucas;Anderson;lucas.anderson965@example.com;555-1874;2025/05/27;Bronze;9871;T02777;2025/05/14;309.3;309;;;;;
C0637;Sophia;Wilson;sophia.wilson637@example.com;555-6359;2025/07/11;Bronze;12310;T02778;2025/06/29;352.07;352;;;;;
C0426;James;Davis;james.davis426@example.com;555-9464;2024/02/02;Bronze;3903;T02779;2025/01/11;121.45;121;;;;;
C0467;Michael;Davis;michael.davis467@example.com;555-5773;2023/06/20;Bronze;5435;T02780;2025/01/07;227.97;228;;;;;
C0779;John;Davis;john.davis779@example.com;555-6938;2025/08/22;Silver;10453;T02781;2025/03/27;489.01;489;;;;;
C0963;Daniel;Smith;daniel.smith963@example.com;555-9128;2023/04/05;Bronze;13075;T02782;2025/03/04;109.64;110;;;;;
C0354;Lucas;Johnson;lucas.johnson354@example.com;555-3842;2024/06/30;Gold;12266;T02783;2025/03/19;114.47;114;;;;;
C0479;Daniel;Anderson;daniel.anderson479@example.com;555-3700;2022/10/31;Silver;1133;T02784;2025/05/16;78.47;78;;;;;
C0082;John;Taylor;john.taylor82@example.com;555-6327;2026/03/23;Bronze;601;T02785;2025/03/13;236.12;236;;;;;
C0618;David;Smith;david.smith618@example.com;555-8441;2025/12/26;Platinum;2955;T02786;2025/02/16;184.16;184;;;;;
C0274;Olivia;Smith;olivia.smith274@example.com;555-7435;2023/11/05;Silver;9343;T02787;2025/06/22;5.38;5;;;;;
C0384;Daniel;Martinez;daniel.martinez384@example.com;555-2017;2022/02/04;Bronze;7454;T02788;2025/02/08;33.34;33;;;;;
C0202;Daniel;Lee;daniel.lee202@example.com;555-7977;2024/02/23;Bronze;1038;T02789;2025/05/07;398.36;398;;;;;
C0977;John;Moore;john.moore977@example.com;555-7256;2022/08/20;Bronze;2125;T02790;2025/03/24;490.42;490;R6;VIP Event Access;5000.0;2025/03/16;5000.0
C0837;James;Moore;james.moore837@example.com;555-5611;2025/06/25;Silver;1104;T02791;2025/06/28;312.88;313;;;;;
C0279;Daniel;Anderson;daniel.anderson279@example.com;555-9164;2023/05/08;Gold;2228;T02792;2025/02/05;134.47;134;R1;$5 Gift Voucher;500.0;2025/04/15;500.0
C0302;Mia;Thomas;mia.thomas302@example.com;555-2713;2025/05/01;Bronze;3349;T02793;2025/01/19;594.58;595;;;;;
C0727;James;Johnson;james.johnson727@example.com;555-9361;2024/12/16;Gold;7738;T02794;2025/06/21;483.48;483;;;;;
C0042;Emma;Lee;emma.lee42@example.com;555-2084;2024/03/06;Silver;1174;T02795;2025/02/16;498.26;498;;;;;
C0520;Sophia;Anderson;sophia.anderson520@example.com;555-9020;2023/11/25;Gold;7766;T02796;2025/01/28;345.3;345;;;;;
C0050;Emily;Martinez;emily.martinez50@example.com;555-8412;2024/08/14;Gold;5794;T02797;2025/04/30;16.6;17;;;;;
C0004;Sarah;Brown;sarah.brown4@example.com;555-3153;2022/10/05;Silver;10293;T02798;2025/02/10;254.21;254;;;;;
C0210;Noah;Clark;noah.clark210@example.com;555-8271;2025/09/05;Silver;2286;T02799;2025/06/24;253.26;253;R3;Coffee Mug;1200.0;2025/04/05;1200.0
C0149;Mia;Smith;mia.smith149@example.com;555-9264;2026/03/14;Silver;7344;T02800;2025/01/26;268.4;268;;;;;
C0501;Olivia;Martinez;olivia.martinez501@example.com;555-8788;2022/12/20;Gold;9297;T02801;2025/06/12;380.07;380;R4;T-Shirt;2500.0;2025/01/26;2500.0
C0065;Michael;Wilson;michael.wilson65@example.com;555-7854;2023/01/23;Silver;4839;T02802;2025/06/22;387.78;388;R6;VIP Event Access;5000.0;2025/01/04;5000.0
C0908;Emma;Clark;emma.clark908@example.com;555-4031;2023/08/22;Bronze;1721;T02803;2025/06/17;275.96;276;;;;;
C0585;Emma;Davis;emma.davis585@example.com;555-4464;2022/11/30;Silver;4294;T02804;2025/04/02;160.05;160;;;;;
C0353;Sarah;Smith;sarah.smith353@example.com;555-9313;2026/04/13;Gold;14856;T02805;2025/02/01;87.49;87;R6;VIP Event Access;5000.0;2025/05/16;5000.0
C0279;Daniel;Anderson;daniel.anderson279@example.com;555-9164;2023/05/08;Gold;2228;T02806;2025/02/19;77.06;77;;;;;
C0359;Olivia;Davis;olivia.davis359@example.com;555-5015;2023/04/20;Bronze;3686;T02807;2025/06/20;536.5;536;R1;$5 Gift Voucher;500.0;2025/05/19;500.0
C0181;Sarah;Davis;sarah.davis181@example.com;555-1273;2024/04/26;Gold;7594;T02808;2025/05/02;275.69;276;R1;$5 Gift Voucher;500.0;2025/04/27;500.0
C0900;Emily;Clark;emily.clark900@example.com;555-7639;2024/09/23;Gold;5921;T02809;2025/06/24;475.32;475;;;;;
C0398;David;Lee;david.lee398@example.com;555-3350;2025/11/24;Platinum;7949;T02810;2025/06/29;553.35;553;R4;T-Shirt;2500.0;2025/05/19;2500.0
C0277;Sarah;Davis;sarah.davis277@example.com;555-1362;2024/03/06;Silver;2043;T02811;2025/04/01;222.71;223;;;;;
C0875;Olivia;Brown;olivia.brown875@example.com;555-2179;2022/08/19;Bronze;7751;T02812;2025/06/09;172.1;172;;;;;
C0040;Olivia;Anderson;olivia.anderson40@example.com;555-1577;2022/12/01;Bronze;11686;T02813;2025/05/20;339.61;340;;;;;
C0239;Noah;Clark;noah.clark239@example.com;555-8078;2023/03/14;Silver;5523;T02814;2025/01/07;270.5;270;;;;;
C0110;Sophia;Lee;sophia.lee110@example.com;555-6405;2022/05/14;Silver;1573;T02815;2025/03/19;260.06;260;;;;;
C0373;John;Brown;john.brown373@example.com;555-3934;2025/01/30;Silver;11995;T02816;2025/04/24;526.9;527;R5;Free Shipping;750.0;2025/06/03;750.0
C0279;Daniel;Anderson;daniel.anderson279@example.com;555-9164;2023/05/08;Gold;2228;T02817;2025/06/24;217.32;217;R4;T-Shirt;2500.0;2025/04/16;2500.0
C0940;Lucas;Thomas;lucas.thomas940@example.com;555-3255;2022/03/21;Platinum;10480;T02818;2025/04/30;332.65;333;;;;;
C0881;Ava;Lee;ava.lee881@example.com;555-8414;2026/05/01;Platinum;4658;T02819;2025/05/31;515.95;516;;;;;
C0688;Emma;Johnson;emma.johnson688@example.com;555-4773;2025/11/02;Silver;12051;T02820;2025/02/13;320.99;321;R7;Wireless Earbuds;8000.0;2025/03/26;8000.0
C0637;Sophia;Wilson;sophia.wilson637@example.com;555-6359;2025/07/11;Bronze;12310;T02821;2025/03/05;541.98;542;;;;;
C0608;Mia;Taylor;mia.taylor608@example.com;555-3172;2025/07/02;Silver;8505;T02822;2025/06/02;352.13;352;;;;;
C0875;Olivia;Brown;olivia.brown875@example.com;555-2179;2022/08/19;Bronze;7751;T02823;2025/01/17;275.62;276;;;;;
C0744;Emily;Thomas;emily.thomas744@example.com;555-3255;2025/11/06;Bronze;2550;T02824;2025/06/19;293.17;293;;;;;
C0633;Mia;Taylor;mia.taylor633@example.com;555-4268;2025/04/06;Platinum;11249;T02825;2025/03/14;60.04;60;R7;Wireless Earbuds;8000.0;2025/03/06;8000.0
C0147;Daniel;Moore;daniel.moore147@example.com;555-9065;2024/06/20;Silver;2243;T02826;2025/01/24;160.35;160;;;;;
C0142;Sarah;Davis;sarah.davis142@example.com;555-1240;2025/05/10;Silver;13834;T02827;2025/03/23;333.04;333;R7;Wireless Earbuds;8000.0;2025/05/26;8000.0
C0052;John;Moore;john.moore52@example.com;555-3247;2023/07/11;Bronze;4580;T02828;2025/03/23;532.0;532;;;;;
C0371;Emily;Brown;emily.brown371@example.com;555-3245;2022/07/14;Bronze;12209;T02829;2025/02/02;164.92;165;;;;;
C0235;Emily;Thomas;emily.thomas235@example.com;555-1678;2023/10/02;Silver;5289;T02830;2025/05/06;293.37;293;;;;;
C0076;Lucas;Clark;lucas.clark76@example.com;555-3725;2024/07/05;Bronze;6378;T02831;2025/03/05;138.93;139;;;;;
C0404;David;Moore;david.moore404@example.com;555-8514;2025/09/06;Platinum;6893;T02832;2025/01/27;255.1;255;;;;;
C0827;Jessica;Johnson;jessica.johnson827@example.com;555-4945;2023/07/29;Silver;11866;T02833;2025/02/18;273.81;274;;;;;
C0997;Lucas;Brown;lucas.brown997@example.com;555-1468;2022/08/20;Bronze;9255;T02834;2025/05/31;142.92;143;;;;;
C0563;Emma;Thomas;emma.thomas563@example.com;555-3683;2024/03/28;Silver;4761;T02835;2025/01/27;333.12;333;;;;;
C0721;Olivia;Anderson;olivia.anderson721@example.com;555-6644;2024/02/27;Gold;13521;T02836;2025/04/19;438.25;438;;;;;
C0184;Jessica;Davis;jessica.davis184@example.com;555-9559;2025/09/13;Platinum;2364;T02837;2025/03/13;459.63;460;R3;Coffee Mug;1200.0;2025/01/23;1200.0
C0418;Emma;Clark;emma.clark418@example.com;555-1290;2022/04/13;Bronze;13697;T02838;2025/01/23;83.25;83;;;;;
C0820;Lucas;Martinez;lucas.martinez820@example.com;555-4875;2026/03/14;Gold;5362;T02839;2025/03/25;384.74;385;;;;;
C0119;John;Moore;john.moore119@example.com;555-1794;2022/06/17;Silver;11383;T02840;2025/06/15;93.15;93;;;;;
C0439;Mia;Davis;mia.davis439@example.com;555-3312;2022/04/28;Silver;5955;T02841;2025/04/07;60.68;61;;;;;
C0326;Lucas;Thomas;lucas.thomas326@example.com;555-4323;2024/04/03;Gold;717;T02842;2025/05/27;115.9;116;;;;;
C0501;Olivia;Martinez;olivia.martinez501@example.com;555-8788;2022/12/20;Gold;9297;T02843;2025/05/31;247.41;247;;;;;
C0351;Olivia;Lee;olivia.lee351@example.com;555-6591;2025/10/13;Platinum;12779;T02844;2025/06/30;255.27;255;;;;;
C0125;Michael;Anderson;michael.anderson125@example.com;555-8032;2022/08/04;Platinum;13303;T02845;2025/03/03;352.34;352;R2;$10 Gift Voucher;1000.0;2025/05/21;1000.0
C0565;Emma;Taylor;emma.taylor565@example.com;555-5707;2025/08/18;Bronze;6975;T02846;2025/02/11;163.63;164;;;;;
C0910;Jessica;Thomas;jessica.thomas910@example.com;555-5660;2022/12/26;Silver;11354;T02847;2025/05/15;451.89;452;R4;T-Shirt;2500.0;2025/02/09;2500.0
C0977;John;Moore;john.moore977@example.com;555-7256;2022/08/20;Bronze;2125;T02848;2025/05/26;522.27;522;;;;;
C0900;Emily;Clark;emily.clark900@example.com;555-7639;2024/09/23;Gold;5921;T02849;2025/05/04;298.33;298;;;;;
C0254;Ava;Lee;ava.lee254@example.com;555-9720;2024/01/04;Gold;11422;T02850;2025/05/27;439.54;440;;;;;
C0952;Lucas;Clark;lucas.clark952@example.com;555-8963;2025/07/07;Silver;8921;T02851;2025/06/20;434.19;434;R6;VIP Event Access;5000.0;2025/01/15;5000.0
C0711;Sophia;Lee;sophia.lee711@example.com;555-1205;2024/05/22;Silver;3;T02852;2025/03/23;110.3;110;;;;;
C0297;Olivia;Thomas;olivia.thomas297@example.com;555-5835;2024/07/09;Silver;3083;T02853;2025/01/24;181.84;182;;;;;
C0065;Michael;Wilson;michael.wilson65@example.com;555-7854;2023/01/23;Silver;4839;T02854;2025/02/06;477.66;478;;;;;
C0735;Liam;Johnson;liam.johnson735@example.com;555-5763;2025/04/01;Bronze;6274;T02855;2025/04/10;558.51;559;;;;;
C0043;David;Smith;david.smith43@example.com;555-4757;2022/08/25;Silver;954;T02856;2025/02/22;211.24;211;;;;;
C0161;Liam;Wilson;liam.wilson161@example.com;555-4055;2023/06/26;Silver;13636;T02857;2025/04/03;556.78;557;R4;T-Shirt;2500.0;2025/03/06;2500.0
C0015;Noah;Lee;noah.lee15@example.com;555-6110;2022/01/06;Gold;9963;T02858;2025/05/14;483.08;483;;;;;
C0502;Olivia;Wilson;olivia.wilson502@example.com;555-2359;2026/01/10;Silver;11019;T02859;2025/05/07;356.38;356;R4;T-Shirt;2500.0;2025/04/14;2500.0
C0439;Mia;Davis;mia.davis439@example.com;555-3312;2022/04/28;Silver;5955;T02860;2025/02/09;436.59;437;;;;;
C0472;Sophia;Davis;sophia.davis472@example.com;555-9952;2024/04/16;Silver;8458;T02861;2025/01/29;418.76;419;;;;;
C0749;Olivia;Johnson;olivia.johnson749@example.com;555-5093;2023/12/15;Platinum;8853;T02862;2025/06/13;232.77;233;R4;T-Shirt;2500.0;2025/05/10;2500.0
C0809;John;Wilson;john.wilson809@example.com;555-9896;2023/07/04;Bronze;1341;T02863;2025/02/11;562.59;563;R2;$10 Gift Voucher;1000.0;2025/02/05;1000.0
C0576;John;Smith;john.smith576@example.com;555-5845;2025/01/05;Silver;3720;T02864;2025/04/04;235.97;236;;;;;
C0375;Sophia;Anderson;sophia.anderson375@example.com;555-1381;2025/06/29;Bronze;1065;T02865;2025/04/29;382.11;382;;;;;
C0626;Lucas;Lee;lucas.lee626@example.com;555-5062;2023/09/27;Bronze;11630;T02866;2025/04/17;73.1;73;;;;;
C0798;Mia;Johnson;mia.johnson798@example.com;555-9079;2026/03/08;Bronze;75;T02867;2025/05/09;497.06;497;R4;T-Shirt;2500.0;2025/01/18;2500.0
C0602;Ava;Taylor;ava.taylor602@example.com;555-2262;2025/08/01;Bronze;7185;T02868;2025/04/10;450.43;450;R5;Free Shipping;750.0;2025/04/03;750.0
C0114;Noah;Brown;noah.brown114@example.com;555-3437;2026/03/17;Bronze;3077;T02869;2025/06/24;98.36;98;;;;;
C0472;Sophia;Davis;sophia.davis472@example.com;555-9952;2024/04/16;Silver;8458;T02870;2025/02/06;530.55;531;R2;$10 Gift Voucher;1000.0;2025/04/12;1000.0
C0082;John;Taylor;john.taylor82@example.com;555-6327;2026/03/23;Bronze;601;T02871;2025/04/29;595.42;595;R7;Wireless Earbuds;8000.0;2025/05/22;8000.0
C0102;Sophia;Smith;sophia.smith102@example.com;555-6704;2025/10/28;Bronze;9728;T02872;2025/02/25;136.57;137;R7;Wireless Earbuds;8000.0;2025/05/14;8000.0
C0019;Olivia;Martinez;olivia.martinez19@example.com;555-6592;2025/08/25;Bronze;4130;T02873;2025/01/13;24.63;25;;;;;
C0753;Sophia;Taylor;sophia.taylor753@example.com;555-1364;2023/03/23;Bronze;12004;T02874;2025/06/03;483.83;484;R6;VIP Event Access;5000.0;2025/04/18;5000.0
C0312;Daniel;Wilson;daniel.wilson312@example.com;555-6071;2024/12/25;Silver;13690;T02875;2025/05/10;296.77;297;R1;$5 Gift Voucher;500.0;2025/03/17;500.0
C0396;Liam;Moore;liam.moore396@example.com;555-8698;2023/04/13;Silver;2972;T02876;2025/02/15;394.94;395;R4;T-Shirt;2500.0;2025/02/09;2500.0
C0540;John;Johnson;john.johnson540@example.com;555-8582;2022/07/07;Platinum;13586;T02877;2025/05/18;184.6;185;;;;;
C0389;Emily;Brown;emily.brown389@example.com;555-7794;2024/02/20;Silver;9660;T02878;2025/06/26;577.98;578;;;;;
C0153;Daniel;Clark;daniel.clark153@example.com;555-2822;2025/01/18;Bronze;8986;T02879;2025/05/05;7.93;8;;;;;
C0815;John;Lee;john.lee815@example.com;555-3064;2023/05/17;Bronze;12778;T02880;2025/05/31;168.17;168;;;;;
C0590;John;Martinez;john.martinez590@example.com;555-2323;2025/10/15;Gold;10530;T02881;2025/01/25;188.54;189;;;;;
C0410;Mia;Moore;mia.moore410@example.com;555-8873;2025/12/22;Silver;6059;T02882;2025/01/03;176.9;177;;;;;
C0908;Emma;Clark;emma.clark908@example.com;555-4031;2023/08/22;Bronze;1721;T02883;2025/01/21;157.5;158;;;;;
C0362;Liam;Martinez;liam.martinez362@example.com;555-1644;2023/02/10;Bronze;9721;T02884;2025/06/06;567.81;568;;;;;
C0640;James;Davis;james.davis640@example.com;555-6147;2025/01/03;Platinum;2045;T02885;2025/01/28;149.35;149;;;;;
C0362;Liam;Martinez;liam.martinez362@example.com;555-1644;2023/02/10;Bronze;9721;T02886;2025/02/27;599.05;599;;;;;
C0463;Sarah;Brown;sarah.brown463@example.com;555-2970;2023/04/29;Gold;13450;T02887;2025/01/03;510.28;510;;;;;
C0459;David;Brown;david.brown459@example.com;555-4472;2026/02/03;Bronze;78;T02888;2025/01/05;152.94;153;;;;;
C0066;James;Taylor;james.taylor66@example.com;555-6797;2023/04/27;Silver;11592;T02889;2025/01/07;278.36;278;;;;;
C0436;Daniel;Johnson;daniel.johnson436@example.com;555-2035;2023/11/01;Bronze;14527;T02890;2025/03/13;353.29;353;;;;;
C0944;Olivia;Taylor;olivia.taylor944@example.com;555-2452;2023/03/27;Silver;14221;T02891;2025/04/18;271.13;271;;;;;
C0093;Mia;Anderson;mia.anderson93@example.com;555-9456;2025/12/14;Gold;3482;T02892;2025/02/14;590.93;591;;;;;
C0443;Emily;Moore;emily.moore443@example.com;555-6337;2024/02/24;Gold;3676;T02893;2025/05/22;384.13;384;R1;$5 Gift Voucher;500.0;2025/04/14;500.0
C0989;David;Thomas;david.thomas989@example.com;555-6046;2022/12/05;Bronze;4820;T02894;2025/03/11;149.55;150;R5;Free Shipping;750.0;2025/01/02;750.0
C0243;Liam;Moore;liam.moore243@example.com;555-6002;2022/12/21;Gold;12592;T02895;2025/06/10;344.87;345;R3;Coffee Mug;1200.0;2025/02/12;1200.0
C0427;David;Taylor;david.taylor427@example.com;555-8200;2025/05/25;Bronze;1857;T02896;2025/04/18;46.52;47;;;;;
C0945;Daniel;Moore;daniel.moore945@example.com;555-5519;2024/01/12;Bronze;14581;T02897;2025/03/24;179.41;179;;;;;
C0830;Noah;Johnson;noah.johnson830@example.com;555-2525;2023/03/03;Silver;11287;T02898;2025/01/14;499.29;499;;;;;
C0921;Lucas;Davis;lucas.davis921@example.com;555-7133;2022/11/13;Bronze;7112;T02899;2025/04/09;472.75;473;;;;;
C0357;John;Smith;john.smith357@example.com;555-1335;2022/07/05;Silver;5369;T02900;2025/02/19;296.58;297;R4;T-Shirt;2500.0;2025/06/22;2500.0
C0042;Emma;Lee;emma.lee42@example.com;555-2084;2024/03/06;Silver;1174;T02901;2025/03/30;559.44;559;;;;;
C0878;James;Clark;james.clark878@example.com;555-9008;2024/08/10;Silver;7500;T02902;2025/01/19;67.07;67;;;;;
C0560;Michael;Taylor;michael.taylor560@example.com;555-6626;2023/12/29;Bronze;9415;T02903;2025/06/21;100.12;100;;;;;
C0748;Jessica;Smith;jessica.smith748@example.com;555-4437;2024/06/28;Bronze;207;T02904;2025/02/08;511.75;512;;;;;
C0314;Lucas;Wilson;lucas.wilson314@example.com;555-1061;2022/12/09;Gold;12217;T02905;2025/05/29;453.18;453;R5;Free Shipping;750.0;2025/04/27;750.0
C0564;Liam;Taylor;liam.taylor564@example.com;555-2666;2022/03/09;Silver;7706;T02906;2025/02/18;367.96;368;;;;;
C0912;Emma;Brown;emma.brown912@example.com;555-9926;2025/05/20;Bronze;14642;T02907;2025/06/02;551.83;552;;;;;
C0489;Daniel;Taylor;daniel.taylor489@example.com;555-2337;2024/09/03;Silver;14808;T02908;2025/04/22;23.05;23;R4;T-Shirt;2500.0;2025/02/28;2500.0
C0002;David;Anderson;david.anderson2@example.com;555-6873;2022/10/07;Silver;983;T02909;2025/02/03;309.78;310;;;;;
C0521;Sophia;Wilson;sophia.wilson521@example.com;555-4912;2025/01/16;Gold;3045;T02910;2025/04/16;417.48;417;;;;;
C0447;Michael;Clark;michael.clark447@example.com;555-1938;2023/06/01;Bronze;4738;T02911;2025/03/18;414.51;415;;;;;
C0600;Lucas;Lee;lucas.lee600@example.com;555-1794;2022/11/04;Silver;11450;T02912;2025/06/25;521.67;522;R5;Free Shipping;750.0;2025/02/28;750.0
C0633;Mia;Taylor;mia.taylor633@example.com;555-4268;2025/04/06;Platinum;11249;T02913;2025/01/09;452.56;453;R3;Coffee Mug;1200.0;2025/04/26;1200.0
C0750;Noah;Davis;noah.davis750@example.com;555-4671;2023/04/03;Bronze;11493;T02914;2025/02/06;534.96;535;;;;;
C0746;Jessica;Lee;jessica.lee746@example.com;555-2188;2025/12/22;Platinum;294;T02915;2025/05/03;218.1;218;;;;;
C0392;Emma;Wilson;emma.wilson392@example.com;555-3452;2023/10/06;Bronze;11932;T02916;2025/05/07;586.52;587;;;;;
C0293;Sarah;Moore;sarah.moore293@example.com;555-6718;2022/10/02;Gold;2241;T02917;2025/01/13;273.58;274;;;;;
C0938;Liam;Clark;liam.clark938@example.com;555-7849;2026/01/14;Silver;140;T02918;2025/04/26;368.57;369;R1;$5 Gift Voucher;500.0;2025/05/23;500.0
C0998;Emily;Clark;emily.clark998@example.com;555-6463;2022/12/03;Platinum;2026;T02919;2025/04/29;114.97;115;;;;;
C0681;Noah;Wilson;noah.wilson681@example.com;555-1026;2025/02/01;Bronze;13044;T02920;2025/03/20;505.02;505;;;;;
C0239;Noah;Clark;noah.clark239@example.com;555-8078;2023/03/14;Silver;5523;T02921;2025/04/11;26.4;26;;;;;
C0812;Mia;Moore;mia.moore812@example.com;555-8294;2022/01/07;Gold;9396;T02922;2025/01/21;104.56;105;;;;;
C0353;Sarah;Smith;sarah.smith353@example.com;555-9313;2026/04/13;Gold;14856;T02923;2025/04/04;547.96;548;R1;$5 Gift Voucher;500.0;2025/03/02;500.0
C0012;Liam;Johnson;liam.johnson12@example.com;555-3896;2026/03/02;Bronze;10505;T02924;2025/04/25;231.84;232;;;;;
C0521;Sophia;Wilson;sophia.wilson521@example.com;555-4912;2025/01/16;Gold;3045;T02925;2025/05/28;202.48;202;;;;;
C0213;Michael;Martinez;michael.martinez213@example.com;555-4788;2023/02/17;Silver;2888;T02926;2025/05/19;64.97;65;;;;;
C0221;Jessica;Lee;jessica.lee221@example.com;555-5797;2022/01/18;Bronze;11680;T02927;2025/05/28;209.55;210;;;;;
C0870;Michael;Thomas;michael.thomas870@example.com;555-1706;2023/07/29;Bronze;6099;T02928;2025/06/06;322.52;323;R3;Coffee Mug;1200.0;2025/05/12;1200.0
C0504;Jessica;Smith;jessica.smith504@example.com;555-7824;2024/05/20;Bronze;4486;T02929;2025/04/29;313.93;314;;;;;
C0832;Ava;Johnson;ava.johnson832@example.com;555-7212;2023/02/15;Bronze;14905;T02930;2025/01/06;15.43;15;;;;;
C0288;Liam;Smith;liam.smith288@example.com;555-3062;2022/11/27;Gold;658;T02931;2025/06/04;92.7;93;;;;;
C0176;David;Martinez;david.martinez176@example.com;555-8327;2026/02/19;Bronze;5510;T02932;2025/04/05;78.47;78;;;;;
C0886;Olivia;Lee;olivia.lee886@example.com;555-8707;2026/01/16;Bronze;14584;T02933;2025/06/25;384.06;384;R3;Coffee Mug;1200.0;2025/01/31;1200.0
C0760;Mia;Davis;mia.davis760@example.com;555-1949;2026/03/17;Silver;1226;T02934;2025/03/11;369.69;370;R3;Coffee Mug;1200.0;2025/04/25;1200.0
C0239;Noah;Clark;noah.clark239@example.com;555-8078;2023/03/14;Silver;5523;T02935;2025/04/13;222.66;223;;;;;
C0849;Noah;Anderson;noah.anderson849@example.com;555-9256;2025/12/10;Bronze;2530;T02936;2025/06/04;377.95;378;;;;;
C0035;Sophia;Davis;sophia.davis35@example.com;555-8322;2025/06/15;Silver;7582;T02937;2025/05/05;337.54;338;R1;$5 Gift Voucher;500.0;2025/05/17;500.0
C0418;Emma;Clark;emma.clark418@example.com;555-1290;2022/04/13;Bronze;13697;T02938;2025/05/29;294.63;295;;;;;
C0674;Emily;Martinez;emily.martinez674@example.com;555-2471;2023/12/03;Bronze;134;T02939;2025/04/19;313.08;313;;;;;
C0894;Lucas;Moore;lucas.moore894@example.com;555-5694;2023/05/11;Gold;8281;T02940;2025/06/05;64.48;64;R1;$5 Gift Voucher;500.0;2025/03/18;500.0
C0944;Olivia;Taylor;olivia.taylor944@example.com;555-2452;2023/03/27;Silver;14221;T02941;2025/01/30;87.93;88;R7;Wireless Earbuds;8000.0;2025/05/11;8000.0
C0382;James;Thomas;james.thomas382@example.com;555-5747;2023/08/18;Bronze;950;T02942;2025/05/26;222.67;223;;;;;
C0537;Daniel;Taylor;daniel.taylor537@example.com;555-9386;2022/01/23;Gold;6210;T02943;2025/06/17;80.58;81;;;;;
C0430;Lucas;Johnson;lucas.johnson430@example.com;555-9173;2022/01/12;Gold;3929;T02944;2025/01/23;307.16;307;R1;$5 Gift Voucher;500.0;2025/01/08;500.0
C0483;John;Anderson;john.anderson483@example.com;555-4937;2026/03/02;Silver;11347;T02945;2025/02/28;370.51;371;R7;Wireless Earbuds;8000.0;2025/04/13;8000.0
C0756;Lucas;Anderson;lucas.anderson756@example.com;555-8375;2025/04/09;Gold;13616;T02946;2025/03/26;220.23;220;;;;;
C0878;James;Clark;james.clark878@example.com;555-9008;2024/08/10;Silver;7500;T02947;2025/02/15;354.56;355;;;;;
C0003;Ava;Thomas;ava.thomas3@example.com;555-9031;2024/07/08;Bronze;10022;T02948;2025/02/04;546.11;546;;;;;
C0975;Sarah;Lee;sarah.lee975@example.com;555-7290;2026/05/11;Silver;14135;T02949;2025/02/03;383.95;384;;;;;
C0159;Emma;Johnson;emma.johnson159@example.com;555-4489;2025/08/15;Bronze;11219;T02950;2025/05/19;96.77;97;;;;;
C0963;Daniel;Smith;daniel.smith963@example.com;555-9128;2023/04/05;Bronze;13075;T02951;2025/01/08;592.31;592;;;;;
C0470;Emily;Davis;emily.davis470@example.com;555-9874;2024/04/02;Bronze;10416;T02952;2025/01/16;372.56;373;;;;;
C0824;Lucas;Taylor;lucas.taylor824@example.com;555-3717;2026/05/14;Bronze;10708;T02953;2025/06/29;55.43;55;R7;Wireless Earbuds;8000.0;2025/04/24;8000.0
C0148;James;Brown;james.brown148@example.com;555-4177;2023/11/08;Gold;11593;T02954;2025/05/25;477.1;477;;;;;
C0781;Ava;Anderson;ava.anderson781@example.com;555-4702;2024/12/17;Bronze;9633;T02955;2025/02/17;277.96;278;;;;;
C0771;Daniel;Davis;daniel.davis771@example.com;555-5186;2025/03/01;Silver;11457;T02956;2025/03/29;410.01;410;;;;;
C0426;James;Davis;james.davis426@example.com;555-9464;2024/02/02;Bronze;3903;T02957;2025/05/08;42.67;43;;;;;
C0991;Ava;Taylor;ava.taylor991@example.com;555-3187;2024/01/07;Bronze;13455;T02958;2025/01/30;153.59;154;;;;;
C0228;Daniel;Moore;daniel.moore228@example.com;555-8210;2025/01/21;Silver;12091;T02959;2025/02/28;91.33;91;;;;;
C0314;Lucas;Wilson;lucas.wilson314@example.com;555-1061;2022/12/09;Gold;12217;T02960;2025/05/05;467.47;467;;;;;
C0672;Ava;Thomas;ava.thomas672@example.com;555-1972;2024/05/26;Bronze;1638;T02961;2025/04/06;437.44;437;;;;;
C0677;Lucas;Smith;lucas.smith677@example.com;555-8264;2023/09/19;Gold;12536;T02962;2025/01/01;496.74;497;;;;;
C0102;Sophia;Smith;sophia.smith102@example.com;555-6704;2025/10/28;Bronze;9728;T02963;2025/01/08;525.7;526;;;;;
C0618;David;Smith;david.smith618@example.com;555-8441;2025/12/26;Platinum;2955;T02964;2025/04/01;405.92;406;R1;$5 Gift Voucher;500.0;2025/03/27;500.0
C0908;Emma;Clark;emma.clark908@example.com;555-4031;2023/08/22;Bronze;1721;T02965;2025/01/05;173.59;174;;;;;
C0925;Lucas;Thomas;lucas.thomas925@example.com;555-6182;2024/07/14;Platinum;13694;T02966;2025/05/19;560.67;561;R1;$5 Gift Voucher;500.0;2025/06/12;500.0
C0926;Daniel;Moore;daniel.moore926@example.com;555-1057;2024/04/24;Bronze;9475;T02967;2025/02/13;404.51;405;;;;;
C0871;Sophia;Johnson;sophia.johnson871@example.com;555-7468;2024/11/02;Gold;3026;T02968;2025/06/20;431.53;432;;;;;
C0864;Lucas;Johnson;lucas.johnson864@example.com;555-7800;2024/03/30;Silver;2753;T02969;2025/02/17;333.43;333;;;;;
C0006;Emma;Smith;emma.smith6@example.com;555-2679;2022/08/09;Silver;2539;T02970;2025/02/12;498.72;499;;;;;
C0710;Emma;Moore;emma.moore710@example.com;555-8789;2024/07/10;Platinum;14442;T02971;2025/06/15;59.28;59;R6;VIP Event Access;5000.0;2025/03/31;5000.0
C0862;Olivia;Anderson;olivia.anderson862@example.com;555-7799;2022/04/30;Gold;5832;T02972;2025/02/03;478.3;478;;;;;
C0955;John;Johnson;john.johnson955@example.com;555-2236;2022/06/28;Bronze;247;T02973;2025/05/28;578.86;579;;;;;
C0950;John;Brown;john.brown950@example.com;555-9511;2025/03/27;Gold;6746;T02974;2025/05/17;175.84;176;;;;;
C0039;Emma;Anderson;emma.anderson39@example.com;555-7492;2026/02/08;Bronze;837;T02975;2025/04/30;485.17;485;;;;;
C0419;Sophia;Wilson;sophia.wilson419@example.com;555-5840;2024/10/01;Gold;11864;T02976;2025/04/16;390.88;391;;;;;
C0523;Liam;Lee;liam.lee523@example.com;555-9732;2022/12/31;Gold;697;T02977;2025/02/16;473.18;473;;;;;
C0787;Liam;Davis;liam.davis787@example.com;555-7614;2025/11/26;Silver;8043;T02978;2025/01/20;162.97;163;;;;;
C0761;Sophia;Taylor;sophia.taylor761@example.com;555-3538;2023/02/11;Bronze;5434;T02979;2025/01/26;480.53;481;R6;VIP Event Access;5000.0;2025/04/14;5000.0
C0957;Sophia;Taylor;sophia.taylor957@example.com;555-7883;2024/05/20;Bronze;2065;T02980;2025/04/20;71.99;72;R6;VIP Event Access;5000.0;2025/06/29;5000.0
C0800;David;Anderson;david.anderson800@example.com;555-5620;2023/04/27;Bronze;1869;T02981;2025/01/17;318.15;318;R5;Free Shipping;750.0;2025/01/15;750.0
C0415;Noah;Brown;noah.brown415@example.com;555-1142;2026/02/23;Bronze;11820;T02982;2025/06/30;57.15;57;R3;Coffee Mug;1200.0;2025/03/20;1200.0
C0995;Lucas;Martinez;lucas.martinez995@example.com;555-2731;2025/10/22;Gold;2321;T02983;2025/01/29;254.06;254;;;;;
C0675;Emma;Johnson;emma.johnson675@example.com;555-4655;2023/07/27;Platinum;5890;T02984;2025/06/25;193.99;194;;;;;
C0244;Olivia;Thomas;olivia.thomas244@example.com;555-6532;2023/07/20;Bronze;14408;T02985;2025/06/30;379.78;380;R4;T-Shirt;2500.0;2025/01/17;2500.0
C0392;Emma;Wilson;emma.wilson392@example.com;555-3452;2023/10/06;Bronze;11932;T02986;2025/05/25;225.63;226;R3;Coffee Mug;1200.0;2025/03/16;1200.0
C0030;Noah;Martinez;noah.martinez30@example.com;555-5336;2023/03/24;Silver;14930;T02987;2025/05/10;92.67;93;;;;;
C0147;Daniel;Moore;daniel.moore147@example.com;555-9065;2024/06/20;Silver;2243;T02988;2025/04/30;30.16;30;R6;VIP Event Access;5000.0;2025/04/12;5000.0
C0919;Mia;Anderson;mia.anderson919@example.com;555-7791;2025/04/27;Bronze;2483;T02989;2025/02/25;50.55;51;R7;Wireless Earbuds;8000.0;2025/01/02;8000.0
C0138;Emma;Clark;emma.clark138@example.com;555-2162;2025/01/06;Bronze;3202;T02990;2025/01/04;351.23;351;R2;$10 Gift Voucher;1000.0;2025/02/16;1000.0
C0868;Jessica;Anderson;jessica.anderson868@example.com;555-7802;2022/02/21;Silver;6709;T02991;2025/05/30;304.91;305;R7;Wireless Earbuds;8000.0;2025/06/29;8000.0
C0042;Emma;Lee;emma.lee42@example.com;555-2084;2024/03/06;Silver;1174;T02992;2025/06/23;387.91;388;R7;Wireless Earbuds;8000.0;2025/01/02;8000.0
C0154;Michael;Davis;michael.davis154@example.com;555-3047;2022/10/04;Bronze;7065;T02993;2025/04/25;108.25;108;R6;VIP Event Access;5000.0;2025/06/02;5000.0
C0686;David;Davis;david.davis686@example.com;555-9927;2022/04/27;Gold;3047;T02994;2025/03/05;111.95;112;;;;;
C0344;Ava;Clark;ava.clark344@example.com;555-1908;2022/04/01;Bronze;1459;T02995;2025/01/23;267.01;267;R6;VIP Event Access;5000.0;2025/04/09;5000.0
C0561;Liam;Smith;liam.smith561@example.com;555-4465;2022/08/21;Bronze;257;T02996;2025/06/23;249.73;250;;;;;
C0309;Emma;Johnson;emma.johnson309@example.com;555-4231;2022/09/06;Silver;1495;T02997;2025/04/06;509.59;510;;;;;
C0411;Ava;Lee;ava.lee411@example.com;555-7020;2024/07/05;Bronze;14618;T02998;2025/01/30;301.34;301;;;;;
C0762;Lucas;Clark;lucas.clark762@example.com;555-8505;2024/01/12;Silver;3816;T02999;2025/02/23;217.22;217;R6;VIP Event Access;5000.0;2025/04/20;5000.0
C0011;Olivia;Thomas;olivia.thomas11@example.com;555-1470;2025/07/22;Silver;6159;T03000;2025/06/02;589.47;589;R3;Coffee Mug;1200.0;2025/05/31;1200.0
C0593;Sophia;Smith;sophia.smith593@example.com;555-9644;2022/11/12;Silver;4725;T03001;2025/01/18;169.83;170;;;;;
C0644;Mia;Davis;mia.davis644@example.com;555-6148;2023/06/15;Gold;5370;T03002;2025/04/18;481.9;482;;;;;
C0405;Lucas;Davis;lucas.davis405@example.com;555-8554;2023/04/19;Gold;6941;T03003;2025/06/02;41.1;41;R6;VIP Event Access;5000.0;2025/01/06;5000.0
C0388;Sarah;Clark;sarah.clark388@example.com;555-1673;2026/03/31;Bronze;12541;T03004;2025/03/15;63.13;63;R6;VIP Event Access;5000.0;2025/02/02;5000.0
C0024;Olivia;Davis;olivia.davis24@example.com;555-4189;2022/10/05;Silver;3610;T03005;2025/04/13;395.24;395;;;;;
C0924;Ava;Taylor;ava.taylor924@example.com;555-1288;2023/07/28;Gold;9937;T03006;2025/05/31;116.92;117;R1;$5 Gift Voucher;500.0;2025/04/30;500.0
C0820;Lucas;Martinez;lucas.martinez820@example.com;555-4875;2026/03/14;Gold;5362;T03007;2025/02/19;260.92;261;;;;;
C0340;Daniel;Johnson;daniel.johnson340@example.com;555-9936;2023/03/22;Bronze;9367;T03008;2025/02/17;506.2;506;;;;;
C0566;Emily;Martinez;emily.martinez566@example.com;555-8639;2024/05/25;Platinum;6237;T03009;2025/04/18;41.85;42;;;;;
C0268;Olivia;Lee;olivia.lee268@example.com;555-7391;2025/11/03;Gold;4480;T03010;2025/03/17;474.84;475;;;;;
C0272;Liam;Martinez;liam.martinez272@example.com;555-5808;2025/10/06;Gold;14934;T03011;2025/03/29;246.79;247;;;;;
C0496;Michael;Brown;michael.brown496@example.com;555-8555;2023/12/08;Bronze;8135;T03012;2025/06/22;235.32;235;;;;;
C0779;John;Davis;john.davis779@example.com;555-6938;2025/08/22;Silver;10453;T03013;2025/06/12;239.44;239;R7;Wireless Earbuds;8000.0;2025/01/08;8000.0
C0451;Liam;Johnson;liam.johnson451@example.com;555-7850;2024/11/23;Bronze;13714;T03014;2025/02/17;410.86;411;;;;;
C0619;Olivia;Johnson;olivia.johnson619@example.com;555-8379;2024/08/09;Bronze;12437;T03015;2025/05/18;202.12;202;R5;Free Shipping;750.0;2025/06/14;750.0
C0378;Noah;Thomas;noah.thomas378@example.com;555-4702;2023/07/13;Bronze;4634;T03016;2025/04/17;208.38;208;R1;$5 Gift Voucher;500.0;2025/03/29;500.0
C0032;David;Lee;david.lee32@example.com;555-5324;2024/08/15;Bronze;6803;T03017;2025/04/16;593.8;594;;;;;
C0747;Liam;Wilson;liam.wilson747@example.com;555-8336;2025/12/11;Bronze;7896;T03018;2025/05/22;513.07;513;R4;T-Shirt;2500.0;2025/06/13;2500.0
C0849;Noah;Anderson;noah.anderson849@example.com;555-9256;2025/12/10;Bronze;2530;T03019;2025/02/19;538.35;538;;;;;
C0709;John;Thomas;john.thomas709@example.com;555-7029;2025/03/25;Silver;14035;T03020;2025/03/05;436.67;437;;;;;
C0491;Jessica;Clark;jessica.clark491@example.com;555-4417;2023/09/27;Platinum;2293;T03021;2025/05/30;231.98;232;;;;;
C0587;Jessica;Wilson;jessica.wilson587@example.com;555-9871;2023/02/14;Gold;10213;T03022;2025/01/03;227.2;227;R5;Free Shipping;750.0;2025/04/21;750.0
C0223;Noah;Moore;noah.moore223@example.com;555-2192;2026/03/29;Bronze;5742;T03023;2025/02/01;291.37;291;R1;$5 Gift Voucher;500.0;2025/06/26;500.0
C0908;Emma;Clark;emma.clark908@example.com;555-4031;2023/08/22;Bronze;1721;T03024;2025/03/07;529.0;529;;;;;
C0920;Daniel;Thomas;daniel.thomas920@example.com;555-7551;2024/12/17;Gold;10961;T03025;2025/02/06;181.2;181;R1;$5 Gift Voucher;500.0;2025/03/26;500.0
C0932;Michael;Wilson;michael.wilson932@example.com;555-9435;2025/02/20;Silver;5905;T03026;2025/01/22;140.45;140;;;;;
C0731;Liam;Martinez;liam.martinez731@example.com;555-1120;2022/02/09;Silver;14934;T03027;2025/05/02;555.54;556;;;;;
C0101;Jessica;Martinez;jessica.martinez101@example.com;555-7087;2025/03/25;Silver;3757;T03028;2025/01/11;321.33;321;;;;;
C0468;Lucas;Smith;lucas.smith468@example.com;555-1645;2023/11/19;Silver;14761;T03029;2025/01/31;256.73;257;R4;T-Shirt;2500.0;2025/05/12;2500.0
C0861;Emma;Moore;emma.moore861@example.com;555-8568;2025/09/27;Silver;3668;T03030;2025/01/10;34.08;34;;;;;
C0181;Sarah;Davis;sarah.davis181@example.com;555-1273;2024/04/26;Gold;7594;T03031;2025/04/04;599.24;599;;;;;
C0569;Sarah;Anderson;sarah.anderson569@example.com;555-3469;2024/04/05;Platinum;2336;T03032;2025/01/14;35.79;36;R7;Wireless Earbuds;8000.0;2025/05/15;8000.0
C0795;Emily;Clark;emily.clark795@example.com;555-8312;2022/03/09;Silver;4943;T03033;2025/05/31;425.69;426;R4;T-Shirt;2500.0;2025/01/03;2500.0
C0971;Emily;Davis;emily.davis971@example.com;555-3887;2023/02/20;Silver;7269;T03034;2025/06/03;292.7;293;;;;;
C0246;Sarah;Brown;sarah.brown246@example.com;555-8727;2022/03/04;Bronze;11225;T03035;2025/02/05;424.56;425;R4;T-Shirt;2500.0;2025/03/20;2500.0
C0280;Michael;Thomas;michael.thomas280@example.com;555-2444;2024/01/02;Silver;10213;T03036;2025/06/11;382.74;383;;;;;
C0632;Ava;Martinez;ava.martinez632@example.com;555-9284;2022/01/07;Platinum;10019;T03037;2025/05/10;157.79;158;;;;;
C0341;Michael;Thomas;michael.thomas341@example.com;555-5815;2023/12/20;Gold;2538;T03038;2025/01/22;413.4;413;;;;;
C0872;James;Martinez;james.martinez872@example.com;555-3913;2025/05/13;Bronze;1450;T03039;2025/01/06;192.38;192;;;;;
C0407;Noah;Lee;noah.lee407@example.com;555-7685;2025/03/28;Bronze;8465;T03040;2025/04/21;441.8;442;;;;;
C0442;John;Taylor;john.taylor442@example.com;555-8090;2022/09/11;Platinum;7001;T03041;2025/03/07;14.07;14;;;;;
C0848;John;Wilson;john.wilson848@example.com;555-2114;2025/03/02;Bronze;12317;T03042;2025/01/11;481.94;482;;;;;
C0451;Liam;Johnson;liam.johnson451@example.com;555-7850;2024/11/23;Bronze;13714;T03043;2025/03/31;512.26;512;;;;;
C0079;Jessica;Thomas;jessica.thomas79@example.com;555-2964;2025/04/14;Gold;8287;T03044;2025/05/12;431.11;431;;;;;
C0203;Mia;Thomas;mia.thomas203@example.com;555-9211;2023/08/24;Bronze;14481;T03045;2025/06/30;284.2;284;;;;;
C0948;Mia;Clark;mia.clark948@example.com;555-6158;2024/08/04;Platinum;8225;T03046;2025/01/05;262.98;263;;;;;
C0220;Emily;Smith;emily.smith220@example.com;555-6872;2022/04/10;Silver;13901;T03047;2025/05/30;525.7;526;;;;;
C0042;Emma;Lee;emma.lee42@example.com;555-2084;2024/03/06;Silver;1174;T03048;2025/05/28;295.19;295;;;;;
C0398;David;Lee;david.lee398@example.com;555-3350;2025/11/24;Platinum;7949;T03049;2025/05/05;295.61;296;;;;;
C0529;John;Smith;john.smith529@example.com;555-6517;2023/12/22;Gold;9580;T03050;2025/05/21;286.62;287;;;;;
C0386;John;Lee;john.lee386@example.com;555-1170;2026/04/09;Silver;13108;T03051;2025/06/07;65.79;66;R3;Coffee Mug;1200.0;2025/02/14;1200.0
C0319;Emily;Thomas;emily.thomas319@example.com;555-2624;2024/02/05;Bronze;14640;T03052;2025/05/16;68.3;68;;;;;
C0036;Daniel;Brown;daniel.brown36@example.com;555-1271;2025/12/30;Bronze;6543;T03053;2025/01/19;398.9;399;R1;$5 Gift Voucher;500.0;2025/03/25;500.0
C0553;James;Davis;james.davis553@example.com;555-1561;2025/01/31;Gold;8901;T03054;2025/01/09;321.29;321;;;;;
C0708;Michael;Taylor;michael.taylor708@example.com;555-1118;2022/02/17;Gold;11946;T03055;2025/01/02;487.01;487;R1;$5 Gift Voucher;500.0;2025/06/07;500.0
C0748;Jessica;Smith;jessica.smith748@example.com;555-4437;2024/06/28;Bronze;207;T03056;2025/06/30;270.3;270;R6;VIP Event Access;5000.0;2025/05/28;5000.0
C0986;Noah;Brown;noah.brown986@example.com;555-2673;2025/03/23;Silver;7121;T03057;2025/04/04;574.4;574;;;;;
C0388;Sarah;Clark;sarah.clark388@example.com;555-1673;2026/03/31;Bronze;12541;T03058;2025/01/11;480.58;481;;;;;
C0811;Sophia;Lee;sophia.lee811@example.com;555-1459;2025/10/09;Bronze;11761;T03059;2025/01/15;362.79;363;;;;;
C0918;Liam;Smith;liam.smith918@example.com;555-1872;2023/02/23;Bronze;14353;T03060;2025/04/13;294.58;295;R6;VIP Event Access;5000.0;2025/02/16;5000.0
C0345;Daniel;Martinez;daniel.martinez345@example.com;555-6781;2022/11/06;Bronze;1777;T03061;2025/05/23;243.66;244;;;;;
C0596;Sarah;Clark;sarah.clark596@example.com;555-6343;2025/04/24;Bronze;730;T03062;2025/02/09;272.6;273;;;;;
C0113;Michael;Moore;michael.moore113@example.com;555-5808;2022/12/26;Gold;12406;T03063;2025/03/28;59.37;59;;;;;
C0703;Emma;Lee;emma.lee703@example.com;555-5152;2024/07/20;Gold;6605;T03064;2025/05/09;526.26;526;;;;;
C0728;Emma;Moore;emma.moore728@example.com;555-1018;2025/02/18;Platinum;10386;T03065;2025/04/23;120.93;121;R4;T-Shirt;2500.0;2025/01/20;2500.0
C0190;Sophia;Davis;sophia.davis190@example.com;555-4066;2025/04/20;Silver;8425;T03066;2025/05/03;463.34;463;;;;;
C0502;Olivia;Wilson;olivia.wilson502@example.com;555-2359;2026/01/10;Silver;11019;T03067;2025/01/06;109.47;109;;;;;
C0567;Daniel;Wilson;daniel.wilson567@example.com;555-9919;2022/04/03;Silver;10594;T03068;2025/03/13;596.0;596;;;;;
C0352;John;Smith;john.smith352@example.com;555-9362;2025/05/16;Silver;14992;T03069;2025/01/09;461.39;461;;;;;
C0341;Michael;Thomas;michael.thomas341@example.com;555-5815;2023/12/20;Gold;2538;T03070;2025/02/15;35.64;36;R3;Coffee Mug;1200.0;2025/02/12;1200.0
C0392;Emma;Wilson;emma.wilson392@example.com;555-3452;2023/10/06;Bronze;11932;T03071;2025/02/16;262.48;262;R5;Free Shipping;750.0;2025/05/02;750.0
C0453;Liam;Wilson;liam.wilson453@example.com;555-2790;2023/10/03;Silver;11705;T03072;2025/02/27;440.02;440;;;;;
C0932;Michael;Wilson;michael.wilson932@example.com;555-9435;2025/02/20;Silver;5905;T03073;2025/01/23;261.37;261;;;;;
C0619;Olivia;Johnson;olivia.johnson619@example.com;555-8379;2024/08/09;Bronze;12437;T03074;2025/05/22;511.48;511;;;;;
C0254;Ava;Lee;ava.lee254@example.com;555-9720;2024/01/04;Gold;11422;T03075;2025/01/18;454.35;454;R3;Coffee Mug;1200.0;2025/03/06;1200.0
C0137;James;Anderson;james.anderson137@example.com;555-5048;2026/02/16;Bronze;13265;T03076;2025/03/08;585.7;586;;;;;
C0582;Ava;Wilson;ava.wilson582@example.com;555-2411;2024/01/18;Bronze;10342;T03077;2025/02/03;546.07;546;;;;;
C0170;David;Lee;david.lee170@example.com;555-2017;2024/10/01;Bronze;12405;T03078;2025/05/27;111.96;112;R6;VIP Event Access;5000.0;2025/03/14;5000.0
C0071;Noah;Clark;noah.clark71@example.com;555-5685;2026/05/16;Bronze;5876;T03079;2025/06/11;262.6;263;R6;VIP Event Access;5000.0;2025/04/04;5000.0
C0575;Emma;Davis;emma.davis575@example.com;555-5694;2022/05/31;Bronze;1610;T03080;2025/01/17;162.61;163;R7;Wireless Earbuds;8000.0;2025/03/27;8000.0
C0562;Lucas;Johnson;lucas.johnson562@example.com;555-9752;2024/09/01;Gold;7903;T03081;2025/01/17;408.2;408;;;;;
C0946;Michael;Taylor;michael.taylor946@example.com;555-5001;2025/10/07;Platinum;4361;T03082;2025/02/12;134.4;134;;;;;
C0528;Emma;Smith;emma.smith528@example.com;555-9296;2024/11/20;Bronze;4244;T03083;2025/04/28;496.07;496;;;;;
C0800;David;Anderson;david.anderson800@example.com;555-5620;2023/04/27;Bronze;1869;T03084;2025/02/20;424.64;425;R2;$10 Gift Voucher;1000.0;2025/03/23;1000.0
C0455;James;Lee;james.lee455@example.com;555-5975;2022/12/08;Silver;11928;T03085;2025/04/19;298.83;299;R2;$10 Gift Voucher;1000.0;2025/04/10;1000.0
C0256;Olivia;Wilson;olivia.wilson256@example.com;555-8878;2025/07/31;Silver;4192;T03086;2025/05/23;390.34;390;;;;;
C0879;Daniel;Martinez;daniel.martinez879@example.com;555-7150;2024/05/14;Silver;1338;T03087;2025/04/10;539.96;540;;;;;
C0955;John;Johnson;john.johnson955@example.com;555-2236;2022/06/28;Bronze;247;T03088;2025/01/17;270.3;270;;;;;
C0151;Emily;Johnson;emily.johnson151@example.com;555-9174;2025/01/11;Silver;5283;T03089;2025/06/23;193.08;193;;;;;
C0437;David;Davis;david.davis437@example.com;555-9510;2025/09/07;Silver;11741;T03090;2025/05/06;155.98;156;;;;;
C0200;Noah;Taylor;noah.taylor200@example.com;555-4989;2025/05/04;Silver;99;T03091;2025/05/30;336.48;336;;;;;
C0189;David;Lee;david.lee189@example.com;555-7852;2025/07/29;Silver;3704;T03092;2025/05/18;387.09;387;R2;$10 Gift Voucher;1000.0;2025/03/28;1000.0
C0145;Noah;Moore;noah.moore145@example.com;555-3425;2022/10/17;Silver;11697;T03093;2025/03/03;147.92;148;;;;;
C0654;David;Lee;david.lee654@example.com;555-4906;2025/05/14;Bronze;1860;T03094;2025/06/12;458.01;458;;;;;
C0885;Sarah;Smith;sarah.smith885@example.com;555-1366;2025/11/20;Bronze;11278;T03095;2025/01/20;25.65;26;;;;;
C0583;Ava;Brown;ava.brown583@example.com;555-7899;2022/01/18;Platinum;3669;T03096;2025/05/08;550.52;551;;;;;
C0957;Sophia;Taylor;sophia.taylor957@example.com;555-7883;2024/05/20;Bronze;2065;T03097;2025/05/23;150.79;151;;;;;
C0175;Emily;Brown;emily.brown175@example.com;555-7415;2022/06/11;Bronze;9556;T03098;2025/06/15;472.06;472;;;;;
C0623;James;Johnson;james.johnson623@example.com;555-6630;2023/02/05;Bronze;7766;T03099;2025/03/05;33.92;34;R1;$5 Gift Voucher;500.0;2025/06/07;500.0
C0903;Sarah;Taylor;sarah.taylor903@example.com;555-5851;2026/01/09;Platinum;6554;T03100;2025/03/04;352.5;352;R1;$5 Gift Voucher;500.0;2025/01/07;500.0
C0586;Daniel;Smith;daniel.smith586@example.com;555-5840;2025/08/10;Platinum;9510;T03101;2025/05/14;532.32;532;R3;Coffee Mug;1200.0;2025/05/07;1200.0
C0523;Liam;Lee;liam.lee523@example.com;555-9732;2022/12/31;Gold;697;T03102;2025/01/05;10.34;10;;;;;
C0174;Michael;Wilson;michael.wilson174@example.com;555-8507;2025/02/08;Bronze;14327;T03103;2025/05/01;131.48;131;R4;T-Shirt;2500.0;2025/05/09;2500.0
C0542;Emily;Anderson;emily.anderson542@example.com;555-7466;2024/12/06;Gold;6865;T03104;2025/03/15;533.38;533;;;;;
C0368;Jessica;Johnson;jessica.johnson368@example.com;555-9793;2025/03/15;Gold;2172;T03105;2025/05/02;588.08;588;;;;;
C0632;Ava;Martinez;ava.martinez632@example.com;555-9284;2022/01/07;Platinum;10019;T03106;2025/01/27;406.37;406;;;;;
C0440;Lucas;Taylor;lucas.taylor440@example.com;555-2620;2022/11/06;Platinum;4274;T03107;2025/03/03;444.67;445;R2;$10 Gift Voucher;1000.0;2025/01/22;1000.0
C0330;John;Taylor;john.taylor330@example.com;555-7033;2026/04/01;Silver;122;T03108;2025/05/13;264.17;264;;;;;
C0546;Michael;Brown;michael.brown546@example.com;555-9025;2023/03/03;Bronze;5871;T03109;2025/02/03;173.22;173;;;;;
C0258;Emma;Johnson;emma.johnson258@example.com;555-3032;2025/12/13;Gold;11226;T03110;2025/03/14;487.88;488;R7;Wireless Earbuds;8000.0;2025/02/19;8000.0
C0874;Michael;Wilson;michael.wilson874@example.com;555-5408;2025/11/30;Gold;773;T03111;2025/06/05;222.39;222;;;;;
C0225;Lucas;Martinez;lucas.martinez225@example.com;555-8127;2024/03/07;Silver;11033;T03112;2025/06/29;339.5;340;;;;;
C0004;Sarah;Brown;sarah.brown4@example.com;555-3153;2022/10/05;Silver;10293;T03113;2025/01/06;280.12;280;;;;;
C0120;Sarah;Taylor;sarah.taylor120@example.com;555-7225;2025/04/05;Silver;12987;T03114;2025/04/03;41.97;42;R7;Wireless Earbuds;8000.0;2025/04/19;8000.0
C0498;Sarah;Wilson;sarah.wilson498@example.com;555-2940;2022/02/13;Bronze;11280;T03115;2025/03/30;134.51;135;R7;Wireless Earbuds;8000.0;2025/04/24;8000.0
C0385;James;Davis;james.davis385@example.com;555-2576;2024/11/23;Silver;14942;T03116;2025/02/16;291.71;292;;;;;
C0535;James;Anderson;james.anderson535@example.com;555-1522;2024/05/09;Gold;5910;T03117;2025/01/22;417.34;417;R6;VIP Event Access;5000.0;2025/06/23;5000.0
C0177;Sophia;Davis;sophia.davis177@example.com;555-5296;2022/11/20;Platinum;9996;T03118;2025/04/05;173.83;174;;;;;
C0397;Emily;Martinez;emily.martinez397@example.com;555-9588;2024/12/02;Silver;5540;T03119;2025/01/02;313.6;314;R3;Coffee Mug;1200.0;2025/02/22;1200.0
C0924;Ava;Taylor;ava.taylor924@example.com;555-1288;2023/07/28;Gold;9937;T03120;2025/05/11;492.79;493;R1;$5 Gift Voucher;500.0;2025/01/10;500.0
C0377;David;Lee;david.lee377@example.com;555-9257;2024/08/21;Silver;8903;T03121;2025/06/05;233.7;234;R4;T-Shirt;2500.0;2025/03/15;2500.0
C0171;Liam;Johnson;liam.johnson171@example.com;555-5373;2025/10/19;Silver;13784;T03122;2025/06/30;93.31;93;;;;;
C0571;Emma;Martinez;emma.martinez571@example.com;555-8467;2025/10/09;Bronze;7937;T03123;2025/06/04;43.7;44;;;;;
C0384;Daniel;Martinez;daniel.martinez384@example.com;555-2017;2022/02/04;Bronze;7454;T03124;2025/04/19;84.03;84;;;;;
C0444;Michael;Johnson;michael.johnson444@example.com;555-4451;2022/01/02;Gold;701;T03125;2025/06/17;422.98;423;;;;;
C0244;Olivia;Thomas;olivia.thomas244@example.com;555-6532;2023/07/20;Bronze;14408;T03126;2025/01/25;293.23;293;;;;;
C0084;Olivia;Wilson;olivia.wilson84@example.com;555-8437;2025/09/09;Bronze;6702;T03127;2025/02/07;241.83;242;;;;;
C0375;Sophia;Anderson;sophia.anderson375@example.com;555-1381;2025/06/29;Bronze;1065;T03128;2025/02/21;66.58;67;;;;;
C0166;Daniel;Clark;daniel.clark166@example.com;555-2001;2023/11/15;Silver;6995;T03129;2025/03/26;520.81;521;R3;Coffee Mug;1200.0;2025/02/20;1200.0
C0322;Lucas;Clark;lucas.clark322@example.com;555-2502;2025/04/27;Gold;13885;T03130;2025/05/24;510.32;510;;;;;
C0510;Mia;Davis;mia.davis510@example.com;555-8062;2025/04/06;Gold;2196;T03131;2025/06/12;476.05;476;;;;;
C0854;Sarah;Brown;sarah.brown854@example.com;555-8928;2022/06/26;Bronze;12983;T03132;2025/06/02;90.07;90;;;;;
C0116;Sarah;Johnson;sarah.johnson116@example.com;555-6856;2022/11/25;Bronze;6670;T03133;2025/03/25;512.48;512;;;;;
C0363;Olivia;Clark;olivia.clark363@example.com;555-1364;2023/07/25;Bronze;3107;T03134;2025/06/04;222.41;222;;;;;
C0469;John;Taylor;john.taylor469@example.com;555-3956;2024/10/09;Silver;5725;T03135;2025/02/07;529.06;529;;;;;
C0357;John;Smith;john.smith357@example.com;555-1335;2022/07/05;Silver;5369;T03136;2025/04/26;294.3;294;R4;T-Shirt;2500.0;2025/06/11;2500.0
C0572;John;Davis;john.davis572@example.com;555-7103;2025/05/06;Platinum;14185;T03137;2025/03/11;89.06;89;;;;;
C0084;Olivia;Wilson;olivia.wilson84@example.com;555-8437;2025/09/09;Bronze;6702;T03138;2025/01/13;474.14;474;R2;$10 Gift Voucher;1000.0;2025/01/11;1000.0
C0990;Ava;Martinez;ava.martinez990@example.com;555-3377;2024/05/30;Silver;1431;T03139;2025/01/13;371.98;372;;;;;
C0372;David;Taylor;david.taylor372@example.com;555-7809;2024/10/20;Gold;14445;T03140;2025/05/06;556.42;556;;;;;
C0278;Lucas;Brown;lucas.brown278@example.com;555-2027;2024/05/12;Bronze;13045;T03141;2025/06/20;396.12;396;;;;;
C0458;Sarah;Martinez;sarah.martinez458@example.com;555-4794;2025/07/22;Silver;14180;T03142;2025/01/13;583.73;584;;;;;
C0724;Noah;Lee;noah.lee724@example.com;555-3238;2024/07/06;Silver;10177;T03143;2025/03/24;68.83;69;R5;Free Shipping;750.0;2025/03/04;750.0
C0315;Sarah;Taylor;sarah.taylor315@example.com;555-9234;2025/11/08;Bronze;5305;T03144;2025/02/09;316.73;317;;;;;
C0990;Ava;Martinez;ava.martinez990@example.com;555-3377;2024/05/30;Silver;1431;T03145;2025/01/26;417.43;417;;;;;
C0420;Liam;Wilson;liam.wilson420@example.com;555-4494;2022/11/30;Silver;2167;T03146;2025/04/14;348.98;349;R5;Free Shipping;750.0;2025/04/12;750.0
C0122;Emily;Wilson;emily.wilson122@example.com;555-1759;2025/01/23;Gold;12468;T03147;2025/06/29;419.84;420;;;;;
C0601;James;Anderson;james.anderson601@example.com;555-9817;2025/10/20;Bronze;949;T03148;2025/06/29;450.91;451;R7;Wireless Earbuds;8000.0;2025/02/26;8000.0
C0701;Liam;Taylor;liam.taylor701@example.com;555-4493;2024/02/08;Silver;7081;T03149;2025/05/27;209.43;209;;;;;
C0883;Lucas;Anderson;lucas.anderson883@example.com;555-7398;2024/07/05;Bronze;355;T03150;2025/06/26;62.09;62;R2;$10 Gift Voucher;1000.0;2025/05/26;1000.0
C0022;John;Moore;john.moore22@example.com;555-7927;2022/05/15;Silver;7983;T03151;2025/03/19;63.91;64;R3;Coffee Mug;1200.0;2025/06/17;1200.0
C0008;James;Moore;james.moore8@example.com;555-4263;2024/12/10;Gold;14037;T03152;2025/02/15;319.04;319;;;;;
C0868;Jessica;Anderson;jessica.anderson868@example.com;555-7802;2022/02/21;Silver;6709;T03153;2025/02/17;332.83;333;;;;;
C0636;David;Martinez;david.martinez636@example.com;555-9242;2026/01/22;Bronze;3160;T03154;2025/06/03;384.43;384;;;;;
C0836;Liam;Martinez;liam.martinez836@example.com;555-8614;2023/09/30;Bronze;8203;T03155;2025/01/03;45.52;46;;;;;
C0723;Jessica;Davis;jessica.davis723@example.com;555-3834;2024/10/02;Bronze;14921;T03156;2025/04/21;457.87;458;R5;Free Shipping;750.0;2025/02/10;750.0
C0597;David;Thomas;david.thomas597@example.com;555-8209;2024/04/18;Bronze;4112;T03157;2025/06/29;74.1;74;;;;;
C0924;Ava;Taylor;ava.taylor924@example.com;555-1288;2023/07/28;Gold;9937;T03158;2025/06/16;412.15;412;;;;;
C0934;Jessica;Smith;jessica.smith934@example.com;555-1231;2026/01/22;Gold;11323;T03159;2025/06/05;301.86;302;;;;;
C0837;James;Moore;james.moore837@example.com;555-5611;2025/06/25;Silver;1104;T03160;2025/03/24;589.91;590;;;;;
C0579;Emily;Thomas;emily.thomas579@example.com;555-6431;2025/08/01;Silver;7542;T03161;2025/05/10;168.74;169;;;;;
C0236;Michael;Moore;michael.moore236@example.com;555-4658;2024/08/22;Platinum;12008;T03162;2025/03/21;231.89;232;R4;T-Shirt;2500.0;2025/06/01;2500.0
C0548;Michael;Martinez;michael.martinez548@example.com;555-7090;2024/11/02;Gold;9359;T03163;2025/06/05;535.65;536;;;;;
C0704;Lucas;Davis;lucas.davis704@example.com;555-6535;2025/01/03;Gold;12888;T03164;2025/04/20;383.33;383;;;;;
C0313;David;Thomas;david.thomas313@example.com;555-1083;2024/08/27;Gold;1740;T03165;2025/04/29;128.43;128;;;;;
C0750;Noah;Davis;noah.davis750@example.com;555-4671;2023/04/03;Bronze;11493;T03166;2025/02/21;548.5;548;R1;$5 Gift Voucher;500.0;2025/01/01;500.0
C0994;Sophia;Lee;sophia.lee994@example.com;555-8511;2023/07/30;Bronze;14437;T03167;2025/04/13;206.44;206;;;;;
C0526;Liam;Moore;liam.moore526@example.com;555-7270;2022/09/14;Bronze;4346;T03168;2025/04/18;286.81;287;;;;;
C0599;Sophia;Wilson;sophia.wilson599@example.com;555-2621;2023/07/24;Platinum;3698;T03169;2025/04/06;201.6;202;;;;;
C0078;Jessica;Wilson;jessica.wilson78@example.com;555-3058;2024/06/06;Silver;2764;T03170;2025/04/28;466.66;467;;;;;
C0752;Emma;Thomas;emma.thomas752@example.com;555-4863;2025/12/09;Silver;11358;T03171;2025/05/05;253.33;253;;;;;
C0456;James;Wilson;james.wilson456@example.com;555-6368;2022/02/09;Silver;1187;T03172;2025/06/13;11.84;12;R7;Wireless Earbuds;8000.0;2025/03/13;8000.0
C0790;Daniel;Smith;daniel.smith790@example.com;555-9167;2024/06/23;Silver;619;T03173;2025/04/04;291.57;292;;;;;
C0911;Olivia;Davis;olivia.davis911@example.com;555-1444;2023/06/26;Gold;9186;T03174;2025/04/21;510.85;511;;;;;
C0246;Sarah;Brown;sarah.brown246@example.com;555-8727;2022/03/04;Bronze;11225;T03175;2025/01/18;440.74;441;;;;;
C0548;Michael;Martinez;michael.martinez548@example.com;555-7090;2024/11/02;Gold;9359;T03176;2025/03/14;376.96;377;;;;;
C0569;Sarah;Anderson;sarah.anderson569@example.com;555-3469;2024/04/05;Platinum;2336;T03177;2025/04/24;464.89;465;R4;T-Shirt;2500.0;2025/02/09;2500.0
C0282;Olivia;Lee;olivia.lee282@example.com;555-8968;2022/06/16;Gold;7014;T03178;2025/01/10;546.96;547;R6;VIP Event Access;5000.0;2025/02/24;5000.0
C0252;Emma;Moore;emma.moore252@example.com;555-9971;2022/11/08;Bronze;5335;T03179;2025/03/29;258.45;258;;;;;
C0600;Lucas;Lee;lucas.lee600@example.com;555-1794;2022/11/04;Silver;11450;T03180;2025/01/25;289.04;289;;;;;
C0023;Liam;Clark;liam.clark23@example.com;555-8013;2022/10/16;Silver;6743;T03181;2025/03/20;171.14;171;;;;;
C0681;Noah;Wilson;noah.wilson681@example.com;555-1026;2025/02/01;Bronze;13044;T03182;2025/02/10;560.73;561;;;;;
C0197;Olivia;Moore;olivia.moore197@example.com;555-1765;2022/04/20;Platinum;4296;T03183;2025/06/12;180.98;181;;;;;
C0845;Olivia;Taylor;olivia.taylor845@example.com;555-5590;2022/02/11;Bronze;12630;T03184;2025/04/25;171.16;171;;;;;
C0605;Michael;Anderson;michael.anderson605@example.com;555-1301;2022/01/27;Gold;8591;T03185;2025/05/22;151.42;151;;;;;
C0352;John;Smith;john.smith352@example.com;555-9362;2025/05/16;Silver;14992;T03186;2025/01/20;575.14;575;;;;;
C0996;James;Clark;james.clark996@example.com;555-2864;2022/03/10;Platinum;6080;T03187;2025/01/23;205.83;206;;;;;
C0049;Noah;Clark;noah.clark49@example.com;555-9202;2023/04/07;Bronze;4995;T03188;2025/06/27;141.99;142;;;;;
C0791;Emily;Wilson;emily.wilson791@example.com;555-9540;2025/07/21;Bronze;1992;T03189;2025/05/04;470.32;470;;;;;
C0223;Noah;Moore;noah.moore223@example.com;555-2192;2026/03/29;Bronze;5742;T03190;2025/03/01;242.63;243;;;;;
C0826;Emily;Lee;emily.lee826@example.com;555-9850;2022/03/10;Bronze;2013;T03191;2025/01/27;166.7;167;;;;;
C0821;Olivia;Moore;olivia.moore821@example.com;555-7934;2022/04/21;Bronze;109;T03192;2025/05/24;507.56;508;R1;$5 Gift Voucher;500.0;2025/02/28;500.0
C0064;Emily;Clark;emily.clark64@example.com;555-8026;2022/08/17;Silver;4874;T03193;2025/06/26;42.15;42;;;;;
C0138;Emma;Clark;emma.clark138@example.com;555-2162;2025/01/06;Bronze;3202;T03194;2025/06/10;587.72;588;R6;VIP Event Access;5000.0;2025/05/08;5000.0
C0443;Emily;Moore;emily.moore443@example.com;555-6337;2024/02/24;Gold;3676;T03195;2025/04/27;556.49;556;R4;T-Shirt;2500.0;2025/04/24;2500.0
C0259;Daniel;Martinez;daniel.martinez259@example.com;555-3427;2022/10/09;Bronze;461;T03196;2025/01/22;581.89;582;R1;$5 Gift Voucher;500.0;2025/02/17;500.0
C0203;Mia;Thomas;mia.thomas203@example.com;555-9211;2023/08/24;Bronze;14481;T03197;2025/03/21;161.14;161;R7;Wireless Earbuds;8000.0;2025/02/05;8000.0
C0608;Mia;Taylor;mia.taylor608@example.com;555-3172;2025/07/02;Silver;8505;T03198;2025/02/28;376.25;376;R4;T-Shirt;2500.0;2025/03/01;2500.0
C0795;Emily;Clark;emily.clark795@example.com;555-8312;2022/03/09;Silver;4943;T03199;2025/05/12;535.9;536;;;;;
C0929;Mia;Moore;mia.moore929@example.com;555-3757;2024/01/17;Bronze;11718;T03200;2025/05/28;206.17;206;R3;Coffee Mug;1200.0;2025/01/21;1200.0
C0727;James;Johnson;james.johnson727@example.com;555-9361;2024/12/16;Gold;7738;T03201;2025/03/24;268.28;268;;;;;
C0511;Ava;Brown;ava.brown511@example.com;555-8061;2022/05/10;Platinum;7199;T03202;2025/01/23;541.48;541;;;;;
C0054;Liam;Clark;liam.clark54@example.com;555-8426;2023/07/14;Platinum;5355;T03203;2025/06/13;487.18;487;R4;T-Shirt;2500.0;2025/06/20;2500.0
C0348;Lucas;Smith;lucas.smith348@example.com;555-3612;2024/09/02;Silver;210;T03204;2025/06/01;430.32;430;R5;Free Shipping;750.0;2025/03/30;750.0
C0220;Emily;Smith;emily.smith220@example.com;555-6872;2022/04/10;Silver;13901;T03205;2025/05/07;89.23;89;;;;;
C0961;James;Thomas;james.thomas961@example.com;555-6829;2023/12/16;Bronze;4527;T03206;2025/02/13;164.8;165;;;;;
C0042;Emma;Lee;emma.lee42@example.com;555-2084;2024/03/06;Silver;1174;T03207;2025/04/08;174.45;174;;;;;
C0240;Emily;Wilson;emily.wilson240@example.com;555-8851;2024/08/23;Bronze;4965;T03208;2025/02/02;357.84;358;;;;;
C0237;Liam;Martinez;liam.martinez237@example.com;555-4849;2023/11/24;Bronze;10186;T03209;2025/03/13;184.01;184;;;;;
C0952;Lucas;Clark;lucas.clark952@example.com;555-8963;2025/07/07;Silver;8921;T03210;2025/06/10;137.11;137;;;;;
C0079;Jessica;Thomas;jessica.thomas79@example.com;555-2964;2025/04/14;Gold;8287;T03211;2025/03/16;61.03;61;;;;;
C0308;David;Brown;david.brown308@example.com;555-7217;2024/10/05;Gold;6029;T03212;2025/02/25;345.14;345;;;;;
C0932;Michael;Wilson;michael.wilson932@example.com;555-9435;2025/02/20;Silver;5905;T03213;2025/04/30;13.63;14;R7;Wireless Earbuds;8000.0;2025/02/16;8000.0
C0605;Michael;Anderson;michael.anderson605@example.com;555-1301;2022/01/27;Gold;8591;T03214;2025/03/22;171.29;171;;;;;
C0567;Daniel;Wilson;daniel.wilson567@example.com;555-9919;2022/04/03;Silver;10594;T03215;2025/03/17;230.31;230;;;;;
C0742;Mia;Davis;mia.davis742@example.com;555-2218;2023/05/02;Silver;3625;T03216;2025/03/27;353.72;354;R7;Wireless Earbuds;8000.0;2025/04/28;8000.0
C0477;Jessica;Brown;jessica.brown477@example.com;555-2134;2025/01/08;Silver;13743;T03217;2025/03/06;283.49;283;R6;VIP Event Access;5000.0;2025/02/04;5000.0
C0289;David;Thomas;david.thomas289@example.com;555-8559;2025/11/11;Bronze;5685;T03218;2025/06/29;452.26;452;;;;;
C0597;David;Thomas;david.thomas597@example.com;555-8209;2024/04/18;Bronze;4112;T03219;2025/03/15;333.63;334;R4;T-Shirt;2500.0;2025/05/25;2500.0
C0295;John;Smith;john.smith295@example.com;555-7328;2022/04/09;Gold;9947;T03220;2025/05/11;324.95;325;;;;;
C0158;Ava;Anderson;ava.anderson158@example.com;555-4070;2024/03/31;Gold;348;T03221;2025/02/21;284.2;284;R7;Wireless Earbuds;8000.0;2025/02/05;8000.0
C0267;Jessica;Taylor;jessica.taylor267@example.com;555-7024;2026/05/07;Bronze;7435;T03222;2025/04/27;88.62;89;;;;;
C0851;Emma;Taylor;emma.taylor851@example.com;555-9958;2024/08/15;Bronze;5964;T03223;2025/01/22;106.85;107;;;;;
C0132;Ava;Moore;ava.moore132@example.com;555-8051;2022/07/16;Silver;1029;T03224;2025/03/13;396.74;397;R4;T-Shirt;2500.0;2025/04/24;2500.0
C0821;Olivia;Moore;olivia.moore821@example.com;555-7934;2022/04/21;Bronze;109;T03225;2025/01/02;308.82;309;R4;T-Shirt;2500.0;2025/03/15;2500.0
C0760;Mia;Davis;mia.davis760@example.com;555-1949;2026/03/17;Silver;1226;T03226;2025/01/06;195.03;195;R6;VIP Event Access;5000.0;2025/01/06;5000.0
C0764;Jessica;Wilson;jessica.wilson764@example.com;555-3829;2025/05/16;Bronze;5928;T03227;2025/03/03;414.14;414;R4;T-Shirt;2500.0;2025/04/23;2500.0
C0613;Mia;Clark;mia.clark613@example.com;555-9655;2024/05/23;Silver;997;T03228;2025/02/08;13.2;13;;;;;
C0792;Michael;Thomas;michael.thomas792@example.com;555-6712;2023/01/23;Gold;14378;T03229;2025/04/10;571.9;572;;;;;
C0494;Sophia;Martinez;sophia.martinez494@example.com;555-8200;2023/03/26;Silver;5964;T03230;2025/03/03;453.48;453;;;;;
C0210;Noah;Clark;noah.clark210@example.com;555-8271;2025/09/05;Silver;2286;T03231;2025/04/08;580.6;581;;;;;
C0588;Michael;Thomas;michael.thomas588@example.com;555-6212;2023/11/16;Bronze;4475;T03232;2025/02/06;500.74;501;;;;;
C0006;Emma;Smith;emma.smith6@example.com;555-2679;2022/08/09;Silver;2539;T03233;2025/02/28;120.96;121;;;;;
C0990;Ava;Martinez;ava.martinez990@example.com;555-3377;2024/05/30;Silver;1431;T03234;2025/02/28;272.23;272;;;;;
C0761;Sophia;Taylor;sophia.taylor761@example.com;555-3538;2023/02/11;Bronze;5434;T03235;2025/05/29;411.26;411;;;;;
C0705;David;Brown;david.brown705@example.com;555-9395;2024/11/23;Platinum;9161;T03236;2025/01/04;200.97;201;;;;;
C0494;Sophia;Martinez;sophia.martinez494@example.com;555-8200;2023/03/26;Silver;5964;T03237;2025/06/17;156.39;156;;;;;
C0014;Michael;Moore;michael.moore14@example.com;555-7118;2023/01/15;Silver;4212;T03238;2025/03/11;208.2;208;R4;T-Shirt;2500.0;2025/01/19;2500.0
C0515;Olivia;Lee;olivia.lee515@example.com;555-3806;2025/06/20;Gold;4371;T03239;2025/01/22;210.22;210;R3;Coffee Mug;1200.0;2025/03/18;1200.0
C0795;Emily;Clark;emily.clark795@example.com;555-8312;2022/03/09;Silver;4943;T03240;2025/03/30;188.75;189;R1;$5 Gift Voucher;500.0;2025/05/27;500.0
C0804;James;Thomas;james.thomas804@example.com;555-2797;2023/12/09;Gold;7353;T03241;2025/01/20;284.78;285;;;;;
C0925;Lucas;Thomas;lucas.thomas925@example.com;555-6182;2024/07/14;Platinum;13694;T03242;2025/03/10;209.06;209;;;;;
C0786;Emma;Smith;emma.smith786@example.com;555-7991;2025/12/24;Bronze;484;T03243;2025/05/03;250.88;251;;;;;
C0165;Noah;Brown;noah.brown165@example.com;555-4400;2025/02/19;Platinum;723;T03244;2025/06/08;392.97;393;R4;T-Shirt;2500.0;2025/01/09;2500.0
C0343;Jessica;Davis;jessica.davis343@example.com;555-6889;2025/02/07;Bronze;4566;T03245;2025/02/22;506.02;506;R3;Coffee Mug;1200.0;2025/02/28;1200.0
C0289;David;Thomas;david.thomas289@example.com;555-8559;2025/11/11;Bronze;5685;T03246;2025/02/14;300.15;300;R7;Wireless Earbuds;8000.0;2025/03/27;8000.0
C0695;Mia;Moore;mia.moore695@example.com;555-3098;2023/05/19;Bronze;2939;T03247;2025/06/15;251.23;251;;;;;
C0996;James;Clark;james.clark996@example.com;555-2864;2022/03/10;Platinum;6080;T03248;2025/05/04;542.88;543;;;;;
C0070;John;Moore;john.moore70@example.com;555-2578;2025/10/25;Silver;11435;T03249;2025/05/20;339.08;339;;;;;
C0871;Sophia;Johnson;sophia.johnson871@example.com;555-7468;2024/11/02;Gold;3026;T03250;2025/02/25;67.16;67;R1;$5 Gift Voucher;500.0;2025/05/27;500.0
C0073;Emma;Brown;emma.brown73@example.com;555-8296;2023/05/19;Bronze;7296;T03251;2025/03/06;550.76;551;;;;;
C0216;Mia;Anderson;mia.anderson216@example.com;555-6123;2022/05/09;Silver;8326;T03252;2025/04/27;119.58;120;;;;;
C0116;Sarah;Johnson;sarah.johnson116@example.com;555-6856;2022/11/25;Bronze;6670;T03253;2025/02/06;95.01;95;;;;;
C0306;Emma;Thomas;emma.thomas306@example.com;555-2893;2024/07/11;Platinum;9978;T03254;2025/06/26;58.37;58;;;;;
C0971;Emily;Davis;emily.davis971@example.com;555-3887;2023/02/20;Silver;7269;T03255;2025/03/28;184.84;185;;;;;
C0807;Emily;Wilson;emily.wilson807@example.com;555-3553;2022/03/27;Bronze;12359;T03256;2025/05/16;316.26;316;R7;Wireless Earbuds;8000.0;2025/02/09;8000.0
C0556;Liam;Lee;liam.lee556@example.com;555-6092;2023/02/26;Bronze;6609;T03257;2025/03/07;476.54;477;;;;;
C0960;Olivia;Moore;olivia.moore960@example.com;555-6331;2025/12/03;Silver;9698;T03258;2025/02/03;20.64;21;;;;;
C0757;Emma;Davis;emma.davis757@example.com;555-2851;2025/09/24;Bronze;7681;T03259;2025/02/22;386.91;387;;;;;
C0856;John;Thomas;john.thomas856@example.com;555-6485;2022/01/05;Silver;13071;T03260;2025/03/14;579.0;579;;;;;
C0746;Jessica;Lee;jessica.lee746@example.com;555-2188;2025/12/22;Platinum;294;T03261;2025/02/01;406.74;407;;;;;
C0526;Liam;Moore;liam.moore526@example.com;555-7270;2022/09/14;Bronze;4346;T03262;2025/02/12;346.78;347;;;;;
C0589;John;Wilson;john.wilson589@example.com;555-7593;2023/11/13;Silver;7742;T03263;2025/03/22;452.28;452;;;;;
C0636;David;Martinez;david.martinez636@example.com;555-9242;2026/01/22;Bronze;3160;T03264;2025/05/22;148.78;149;;;;;
C0888;Mia;Clark;mia.clark888@example.com;555-9368;2026/03/11;Bronze;3200;T03265;2025/06/14;401.96;402;;;;;
C0682;Ava;Davis;ava.davis682@example.com;555-9512;2025/10/22;Gold;11429;T03266;2025/03/24;416.42;416;;;;;
C0803;Noah;Smith;noah.smith803@example.com;555-8384;2023/10/12;Bronze;9502;T03267;2025/02/15;595.15;595;;;;;
C0106;Lucas;Smith;lucas.smith106@example.com;555-4852;2022/01/21;Gold;2196;T03268;2025/04/14;520.98;521;;;;;
C0119;John;Moore;john.moore119@example.com;555-1794;2022/06/17;Silver;11383;T03269;2025/04/11;100.51;101;;;;;
C0349;Noah;Brown;noah.brown349@example.com;555-6911;2023/07/03;Bronze;3006;T03270;2025/01/27;303.19;303;;;;;
C0647;Liam;Davis;liam.davis647@example.com;555-8549;2025/07/26;Silver;14172;T03271;2025/01/16;404.46;404;;;;;
C0679;Daniel;Clark;daniel.clark679@example.com;555-8796;2022/11/08;Bronze;3415;T03272;2025/06/20;143.67;144;R3;Coffee Mug;1200.0;2025/06/23;1200.0
C0647;Liam;Davis;liam.davis647@example.com;555-8549;2025/07/26;Silver;14172;T03273;2025/06/07;424.81;425;;;;;
C0475;Jessica;Moore;jessica.moore475@example.com;555-7943;2024/07/01;Gold;9231;T03274;2025/01/12;61.71;62;;;;;
C0883;Lucas;Anderson;lucas.anderson883@example.com;555-7398;2024/07/05;Bronze;355;T03275;2025/06/25;561.89;562;;;;;
C0037;Noah;Taylor;noah.taylor37@example.com;555-4048;2025/08/09;Gold;2846;T03276;2025/05/04;356.02;356;R2;$10 Gift Voucher;1000.0;2025/05/28;1000.0
C0374;Jessica;Anderson;jessica.anderson374@example.com;555-5630;2022/08/14;Gold;13705;T03277;2025/03/24;191.46;191;R4;T-Shirt;2500.0;2025/05/28;2500.0
C1000;Jessica;Davis;jessica.davis1000@example.com;555-2953;2024/09/09;Silver;2458;T03278;2025/04/02;373.76;374;R2;$10 Gift Voucher;1000.0;2025/04/23;1000.0
C0856;John;Thomas;john.thomas856@example.com;555-6485;2022/01/05;Silver;13071;T03279;2025/03/15;42.11;42;;;;;
C0026;Liam;Wilson;liam.wilson26@example.com;555-4215;2024/11/04;Silver;2439;T03280;2025/01/17;184.78;185;;;;;
C0280;Michael;Thomas;michael.thomas280@example.com;555-2444;2024/01/02;Silver;10213;T03281;2025/05/07;375.56;376;;;;;
C0141;Daniel;Davis;daniel.davis141@example.com;555-3186;2022/08/07;Bronze;11315;T03282;2025/01/19;25.45;25;;;;;
C0312;Daniel;Wilson;daniel.wilson312@example.com;555-6071;2024/12/25;Silver;13690;T03283;2025/01/12;521.98;522;R7;Wireless Earbuds;8000.0;2025/02/08;8000.0
C0684;Daniel;Lee;daniel.lee684@example.com;555-9142;2022/03/04;Gold;5648;T03284;2025/04/19;169.5;170;;;;;
C0579;Emily;Thomas;emily.thomas579@example.com;555-6431;2025/08/01;Silver;7542;T03285;2025/03/30;577.83;578;R3;Coffee Mug;1200.0;2025/01/20;1200.0
C0681;Noah;Wilson;noah.wilson681@example.com;555-1026;2025/02/01;Bronze;13044;T03286;2025/04/24;38.38;38;;;;;
C0044;Ava;Taylor;ava.taylor44@example.com;555-1738;2023/05/16;Bronze;320;T03287;2025/06/03;101.43;101;R1;$5 Gift Voucher;500.0;2025/03/07;500.0
C0120;Sarah;Taylor;sarah.taylor120@example.com;555-7225;2025/04/05;Silver;12987;T03288;2025/03/02;136.63;137;;;;;
C0637;Sophia;Wilson;sophia.wilson637@example.com;555-6359;2025/07/11;Bronze;12310;T03289;2025/02/18;572.19;572;;;;;
C0857;Michael;Taylor;michael.taylor857@example.com;555-6780;2025/05/14;Gold;7148;T03290;2025/01/02;144.68;145;;;;;
C0589;John;Wilson;john.wilson589@example.com;555-7593;2023/11/13;Silver;7742;T03291;2025/06/06;443.14;443;;;;;
C0149;Mia;Smith;mia.smith149@example.com;555-9264;2026/03/14;Silver;7344;T03292;2025/04/18;545.55;546;R7;Wireless Earbuds;8000.0;2025/01/20;8000.0
C0865;James;Johnson;james.johnson865@example.com;555-2831;2025/11/11;Bronze;5107;T03293;2025/05/27;75.01;75;;;;;
C0642;Noah;Moore;noah.moore642@example.com;555-9313;2024/11/03;Bronze;7396;T03294;2025/01/04;534.8;535;;;;;
C0937;Daniel;Lee;daniel.lee937@example.com;555-8858;2024/01/31;Silver;2083;T03295;2025/06/14;144.81;145;;;;;
C0939;Jessica;Lee;jessica.lee939@example.com;555-7449;2022/10/27;Bronze;125;T03296;2025/05/10;378.02;378;;;;;
C0053;Emma;Wilson;emma.wilson53@example.com;555-1556;2025/08/14;Bronze;5628;T03297;2025/04/03;502.96;503;R2;$10 Gift Voucher;1000.0;2025/01/16;1000.0
C0057;Mia;Martinez;mia.martinez57@example.com;555-9032;2024/04/09;Gold;7691;T03298;2025/02/20;33.74;34;;;;;
C0901;Lucas;Thomas;lucas.thomas901@example.com;555-2318;2022/02/17;Silver;12877;T03299;2025/03/02;574.73;575;R6;VIP Event Access;5000.0;2025/06/02;5000.0
C0857;Michael;Taylor;michael.taylor857@example.com;555-6780;2025/05/14;Gold;7148;T03300;2025/05/22;579.89;580;;;;;
C0095;Liam;Smith;liam.smith95@example.com;555-4461;2023/10/18;Platinum;12430;T03301;2025/03/26;28.03;28;;;;;
C0630;Emma;Davis;emma.davis630@example.com;555-7743;2024/08/04;Bronze;3298;T03302;2025/05/05;431.46;431;;;;;
C0376;Emily;Taylor;emily.taylor376@example.com;555-6362;2022/06/15;Bronze;14537;T03303;2025/04/12;509.34;509;;;;;
C0746;Jessica;Lee;jessica.lee746@example.com;555-2188;2025/12/22;Platinum;294;T03304;2025/03/29;170.7;171;R3;Coffee Mug;1200.0;2025/04/24;1200.0
C0826;Emily;Lee;emily.lee826@example.com;555-9850;2022/03/10;Bronze;2013;T03305;2025/01/28;209.64;210;R2;$10 Gift Voucher;1000.0;2025/02/28;1000.0
C0940;Lucas;Thomas;lucas.thomas940@example.com;555-3255;2022/03/21;Platinum;10480;T03306;2025/05/19;418.37;418;R4;T-Shirt;2500.0;2025/04/20;2500.0
C0752;Emma;Thomas;emma.thomas752@example.com;555-4863;2025/12/09;Silver;11358;T03307;2025/04/08;182.69;183;;;;;
C0261;Noah;Anderson;noah.anderson261@example.com;555-9667;2025/05/13;Silver;4302;T03308;2025/05/05;544.32;544;;;;;
C0449;John;Davis;john.davis449@example.com;555-7024;2022/10/12;Gold;12675;T03309;2025/03/23;319.04;319;;;;;
C0218;Lucas;Thomas;lucas.thomas218@example.com;555-8489;2026/04/22;Bronze;14789;T03310;2025/02/21;333.16;333;;;;;
C0455;James;Lee;james.lee455@example.com;555-5975;2022/12/08;Silver;11928;T03311;2025/01/28;591.26;591;;;;;
C0567;Daniel;Wilson;daniel.wilson567@example.com;555-9919;2022/04/03;Silver;10594;T03312;2025/05/28;559.07;559;R5;Free Shipping;750.0;2025/05/28;750.0
C0034;David;Thomas;david.thomas34@example.com;555-2384;2024/11/05;Gold;9718;T03313;2025/06/18;479.16;479;;;;;
C0498;Sarah;Wilson;sarah.wilson498@example.com;555-2940;2022/02/13;Bronze;11280;T03314;2025/05/09;300.83;301;;;;;
C0272;Liam;Martinez;liam.martinez272@example.com;555-5808;2025/10/06;Gold;14934;T03315;2025/04/02;528.73;529;;;;;
C0359;Olivia;Davis;olivia.davis359@example.com;555-5015;2023/04/20;Bronze;3686;T03316;2025/03/03;507.42;507;;;;;
C0519;Ava;Smith;ava.smith519@example.com;555-3225;2024/07/22;Bronze;10130;T03317;2025/02/22;87.31;87;;;;;
C0732;Jessica;Martinez;jessica.martinez732@example.com;555-3241;2025/02/05;Gold;9353;T03318;2025/02/05;448.59;449;R1;$5 Gift Voucher;500.0;2025/06/27;500.0
C0781;Ava;Anderson;ava.anderson781@example.com;555-4702;2024/12/17;Bronze;9633;T03319;2025/06/21;16.03;16;R2;$10 Gift Voucher;1000.0;2025/06/14;1000.0
C0855;Noah;Davis;noah.davis855@example.com;555-3257;2024/02/01;Bronze;11645;T03320;2025/03/24;544.48;544;;;;;
C0287;Emily;Brown;emily.brown287@example.com;555-5469;2024/04/05;Platinum;8321;T03321;2025/06/18;476.26;476;;;;;
C0223;Noah;Moore;noah.moore223@example.com;555-2192;2026/03/29;Bronze;5742;T03322;2025/03/07;233.37;233;R5;Free Shipping;750.0;2025/06/23;750.0
C0183;Michael;Johnson;michael.johnson183@example.com;555-6592;2024/08/18;Bronze;1988;T03323;2025/04/08;592.28;592;R5;Free Shipping;750.0;2025/01/04;750.0
C0157;Liam;Thomas;liam.thomas157@example.com;555-2051;2024/08/05;Platinum;1297;T03324;2025/01/07;467.85;468;;;;;
C0806;Sarah;Moore;sarah.moore806@example.com;555-7486;2022/11/01;Bronze;2139;T03325;2025/01/30;586.68;587;;;;;
C0385;James;Davis;james.davis385@example.com;555-2576;2024/11/23;Silver;14942;T03326;2025/05/20;405.01;405;;;;;
C0533;James;Martinez;james.martinez533@example.com;555-8934;2025/01/11;Silver;13017;T03327;2025/02/10;180.93;181;R4;T-Shirt;2500.0;2025/04/10;2500.0
C0457;David;Wilson;david.wilson457@example.com;555-2030;2026/03/17;Bronze;11122;T03328;2025/06/28;376.05;376;;;;;
C0895;Noah;Taylor;noah.taylor895@example.com;555-9008;2024/04/29;Bronze;9731;T03329;2025/01/14;451.06;451;;;;;
C0829;Mia;Davis;mia.davis829@example.com;555-5616;2026/05/19;Platinum;5650;T03330;2025/03/25;229.31;229;R2;$10 Gift Voucher;1000.0;2025/03/27;1000.0
C0186;Olivia;Anderson;olivia.anderson186@example.com;555-9648;2025/01/13;Silver;3984;T03331;2025/03/31;427.1;427;;;;;
C0621;Mia;Davis;mia.davis621@example.com;555-9571;2024/01/14;Silver;3501;T03332;2025/05/19;320.92;321;R1;$5 Gift Voucher;500.0;2025/05/14;500.0
C0186;Olivia;Anderson;olivia.anderson186@example.com;555-9648;2025/01/13;Silver;3984;T03333;2025/04/18;371.93;372;;;;;
C0176;David;Martinez;david.martinez176@example.com;555-8327;2026/02/19;Bronze;5510;T03334;2025/05/04;198.39;198;;;;;
C0437;David;Davis;david.davis437@example.com;555-9510;2025/09/07;Silver;11741;T03335;2025/01/17;373.78;374;R3;Coffee Mug;1200.0;2025/05/28;1200.0
C0792;Michael;Thomas;michael.thomas792@example.com;555-6712;2023/01/23;Gold;14378;T03336;2025/03/01;174.74;175;R1;$5 Gift Voucher;500.0;2025/05/01;500.0
C0563;Emma;Thomas;emma.thomas563@example.com;555-3683;2024/03/28;Silver;4761;T03337;2025/03/07;123.32;123;;;;;
C0396;Liam;Moore;liam.moore396@example.com;555-8698;2023/04/13;Silver;2972;T03338;2025/05/27;501.61;502;;;;;
C0196;Jessica;Thomas;jessica.thomas196@example.com;555-6614;2024/01/28;Bronze;9598;T03339;2025/02/21;357.87;358;;;;;
C0672;Ava;Thomas;ava.thomas672@example.com;555-1972;2024/05/26;Bronze;1638;T03340;2025/01/28;500.26;500;R3;Coffee Mug;1200.0;2025/03/26;1200.0
C0001;Emily;Anderson;emily.anderson1@example.com;555-3325;2025/08/15;Silver;4778;T03341;2025/06/27;111.18;111;;;;;
C0780;Noah;Davis;noah.davis780@example.com;555-7872;2023/08/31;Silver;9987;T03342;2025/05/13;331.98;332;R4;T-Shirt;2500.0;2025/01/07;2500.0
C0605;Michael;Anderson;michael.anderson605@example.com;555-1301;2022/01/27;Gold;8591;T03343;2025/06/29;100.69;101;;;;;
C0832;Ava;Johnson;ava.johnson832@example.com;555-7212;2023/02/15;Bronze;14905;T03344;2025/06/08;341.44;341;;;;;
C0668;Ava;Moore;ava.moore668@example.com;555-2341;2022/06/22;Gold;5898;T03345;2025/04/13;209.22;209;;;;;
C0668;Ava;Moore;ava.moore668@example.com;555-2341;2022/06/22;Gold;5898;T03346;2025/01/07;482.04;482;;;;;
C0131;Noah;Thomas;noah.thomas131@example.com;555-1445;2024/03/14;Platinum;10443;T03347;2025/05/03;456.82;457;;;;;
C0859;Olivia;Lee;olivia.lee859@example.com;555-6439;2023/06/13;Gold;3084;T03348;2025/05/16;260.13;260;R4;T-Shirt;2500.0;2025/06/07;2500.0
C0339;James;Davis;james.davis339@example.com;555-8957;2023/05/23;Platinum;2679;T03349;2025/05/11;190.3;190;;;;;
C0299;Noah;Anderson;noah.anderson299@example.com;555-9645;2024/07/10;Bronze;14116;T03350;2025/04/28;495.8;496;R4;T-Shirt;2500.0;2025/04/20;2500.0
C0506;Liam;Wilson;liam.wilson506@example.com;555-9007;2022/07/07;Bronze;13105;T03351;2025/06/25;183.16;183;R1;$5 Gift Voucher;500.0;2025/04/21;500.0
C0423;Olivia;Lee;olivia.lee423@example.com;555-4339;2025/11/15;Bronze;12401;T03352;2025/06/04;103.15;103;;;;;
C0742;Mia;Davis;mia.davis742@example.com;555-2218;2023/05/02;Silver;3625;T03353;2025/04/14;63.52;64;R1;$5 Gift Voucher;500.0;2025/04/01;500.0
C0788;Mia;Smith;mia.smith788@example.com;555-4810;2022/09/06;Silver;5215;T03354;2025/04/28;270.84;271;;;;;
C0493;Ava;Clark;ava.clark493@example.com;555-3616;2023/09/26;Bronze;4666;T03355;2025/01/09;407.09;407;;;;;
C0531;Liam;Davis;liam.davis531@example.com;555-5839;2025/07/29;Silver;12419;T03356;2025/06/20;547.66;548;;;;;
C0182;Liam;Taylor;liam.taylor182@example.com;555-3020;2025/07/31;Silver;7530;T03357;2025/06/07;205.11;205;R4;T-Shirt;2500.0;2025/01/05;2500.0
C0711;Sophia;Lee;sophia.lee711@example.com;555-1205;2024/05/22;Silver;3;T03358;2025/03/27;538.62;539;;;;;
C0318;Ava;Martinez;ava.martinez318@example.com;555-8539;2026/03/19;Gold;9302;T03359;2025/01/26;155.69;156;;;;;
C0385;James;Davis;james.davis385@example.com;555-2576;2024/11/23;Silver;14942;T03360;2025/06/05;398.69;399;R7;Wireless Earbuds;8000.0;2025/02/15;8000.0
C0972;David;Anderson;david.anderson972@example.com;555-9269;2024/09/02;Silver;5435;T03361;2025/02/08;93.73;94;;;;;
C0900;Emily;Clark;emily.clark900@example.com;555-7639;2024/09/23;Gold;5921;T03362;2025/02/25;468.88;469;R7;Wireless Earbuds;8000.0;2025/03/11;8000.0
C0786;Emma;Smith;emma.smith786@example.com;555-7991;2025/12/24;Bronze;484;T03363;2025/01/04;397.04;397;R2;$10 Gift Voucher;1000.0;2025/01/07;1000.0
C0618;David;Smith;david.smith618@example.com;555-8441;2025/12/26;Platinum;2955;T03364;2025/06/08;557.43;557;R3;Coffee Mug;1200.0;2025/05/02;1200.0
C0871;Sophia;Johnson;sophia.johnson871@example.com;555-7468;2024/11/02;Gold;3026;T03365;2025/01/12;88.2;88;;;;;
C0106;Lucas;Smith;lucas.smith106@example.com;555-4852;2022/01/21;Gold;2196;T03366;2025/04/24;299.34;299;;;;;
C0119;John;Moore;john.moore119@example.com;555-1794;2022/06/17;Silver;11383;T03367;2025/03/13;277.17;277;;;;;
C0715;James;Thomas;james.thomas715@example.com;555-2523;2023/06/27;Silver;2520;T03368;2025/04/08;263.36;263;;;;;
C0026;Liam;Wilson;liam.wilson26@example.com;555-4215;2024/11/04;Silver;2439;T03369;2025/04/05;552.02;552;;;;;
C0744;Emily;Thomas;emily.thomas744@example.com;555-3255;2025/11/06;Bronze;2550;T03370;2025/02/12;142.99;143;R3;Coffee Mug;1200.0;2025/01/02;1200.0
C0403;Sarah;Taylor;sarah.taylor403@example.com;555-1412;2025/03/04;Gold;1296;T03371;2025/01/08;194.14;194;;;;;
C0448;Olivia;Martinez;olivia.martinez448@example.com;555-1802;2024/11/06;Platinum;14517;T03372;2025/06/09;307.62;308;;;;;
C0543;Mia;Lee;mia.lee543@example.com;555-5223;2025/10/21;Silver;641;T03373;2025/06/27;60.94;61;R1;$5 Gift Voucher;500.0;2025/03/01;500.0
C0897;Emily;Johnson;emily.johnson897@example.com;555-5660;2025/03/28;Gold;10666;T03374;2025/05/25;37.24;37;;;;;
C0876;Sarah;Brown;sarah.brown876@example.com;555-2296;2023/12/23;Bronze;10335;T03375;2025/01/02;590.07;590;;;;;
C0546;Michael;Brown;michael.brown546@example.com;555-9025;2023/03/03;Bronze;5871;T03376;2025/03/21;122.61;123;;;;;
C0897;Emily;Johnson;emily.johnson897@example.com;555-5660;2025/03/28;Gold;10666;T03377;2025/02/05;232.98;233;;;;;
C0991;Ava;Taylor;ava.taylor991@example.com;555-3187;2024/01/07;Bronze;13455;T03378;2025/05/12;271.52;272;;;;;
C0898;David;Anderson;david.anderson898@example.com;555-8134;2025/08/07;Gold;14843;T03379;2025/02/15;362.48;362;;;;;
C0276;Daniel;Martinez;daniel.martinez276@example.com;555-8573;2022/03/15;Gold;14518;T03380;2025/05/02;174.37;174;;;;;
C0793;Ava;Brown;ava.brown793@example.com;555-4797;2024/07/16;Bronze;5480;T03381;2025/03/05;375.03;375;;;;;
C0841;Ava;Clark;ava.clark841@example.com;555-9201;2023/05/25;Silver;1967;T03382;2025/03/20;180.66;181;;;;;
C0440;Lucas;Taylor;lucas.taylor440@example.com;555-2620;2022/11/06;Platinum;4274;T03383;2025/01/28;88.8;89;R3;Coffee Mug;1200.0;2025/05/09;1200.0
C0179;James;Brown;james.brown179@example.com;555-8470;2023/12/20;Silver;10157;T03384;2025/05/31;48.21;48;;;;;
C0384;Daniel;Martinez;daniel.martinez384@example.com;555-2017;2022/02/04;Bronze;7454;T03385;2025/04/22;245.62;246;R4;T-Shirt;2500.0;2025/04/07;2500.0
C0896;Emily;Brown;emily.brown896@example.com;555-4370;2022/07/08;Bronze;12917;T03386;2025/05/01;248.19;248;;;;;
C0421;Sarah;Brown;sarah.brown421@example.com;555-2103;2023/12/27;Silver;2326;T03387;2025/01/25;130.46;130;;;;;
C0574;Ava;Smith;ava.smith574@example.com;555-3233;2024/02/16;Silver;7234;T03388;2025/05/09;464.4;464;;;;;
C0124;Liam;Davis;liam.davis124@example.com;555-6756;2022/02/12;Bronze;3729;T03389;2025/04/18;280.8;281;;;;;
C0629;Liam;Taylor;liam.taylor629@example.com;555-7316;2025/01/11;Gold;614;T03390;2025/05/15;472.22;472;;;;;
C0595;Sarah;Martinez;sarah.martinez595@example.com;555-6805;2023/02/16;Bronze;14928;T03391;2025/04/16;506.87;507;;;;;
C0282;Olivia;Lee;olivia.lee282@example.com;555-8968;2022/06/16;Gold;7014;T03392;2025/01/26;155.04;155;;;;;
C0450;Daniel;Anderson;daniel.anderson450@example.com;555-2750;2025/03/12;Bronze;9638;T03393;2025/05/26;87.19;87;;;;;
C0925;Lucas;Thomas;lucas.thomas925@example.com;555-6182;2024/07/14;Platinum;13694;T03394;2025/06/06;462.2;462;;;;;
C0166;Daniel;Clark;daniel.clark166@example.com;555-2001;2023/11/15;Silver;6995;T03395;2025/04/30;398.78;399;;;;;
C0002;David;Anderson;david.anderson2@example.com;555-6873;2022/10/07;Silver;983;T03396;2025/04/19;64.19;64;;;;;
C0557;Liam;Thomas;liam.thomas557@example.com;555-7886;2024/09/13;Bronze;5453;T03397;2025/01/05;526.54;527;;;;;
C0168;Emma;Anderson;emma.anderson168@example.com;555-9781;2023/09/15;Bronze;8629;T03398;2025/04/11;465.68;466;;;;;
C0918;Liam;Smith;liam.smith918@example.com;555-1872;2023/02/23;Bronze;14353;T03399;2025/06/26;271.93;272;;;;;
C0574;Ava;Smith;ava.smith574@example.com;555-3233;2024/02/16;Silver;7234;T03400;2025/06/02;426.38;426;;;;;
C0073;Emma;Brown;emma.brown73@example.com;555-8296;2023/05/19;Bronze;7296;T03401;2025/04/11;7.73;8;;;;;
C0012;Liam;Johnson;liam.johnson12@example.com;555-3896;2026/03/02;Bronze;10505;T03402;2025/04/07;572.88;573;;;;;
C0893;Emily;Davis;emily.davis893@example.com;555-7629;2025/04/08;Silver;4121;T03403;2025/03/22;181.32;181;;;;;
C0328;James;Lee;james.lee328@example.com;555-5410;2022/10/21;Bronze;4234;T03404;2025/02/18;287.88;288;R7;Wireless Earbuds;8000.0;2025/04/12;8000.0
C0633;Mia;Taylor;mia.taylor633@example.com;555-4268;2025/04/06;Platinum;11249;T03405;2025/04/22;308.0;308;;;;;
C0388;Sarah;Clark;sarah.clark388@example.com;555-1673;2026/03/31;Bronze;12541;T03406;2025/05/03;473.9;474;;;;;
C0182;Liam;Taylor;liam.taylor182@example.com;555-3020;2025/07/31;Silver;7530;T03407;2025/02/13;443.39;443;;;;;
C0884;Jessica;Johnson;jessica.johnson884@example.com;555-3331;2024/04/11;Bronze;2053;T03408;2025/04/23;588.98;589;;;;;
C0981;James;Martinez;james.martinez981@example.com;555-2889;2022/12/15;Platinum;7673;T03409;2025/03/13;184.63;185;R2;$10 Gift Voucher;1000.0;2025/01/05;1000.0
C0446;Liam;Wilson;liam.wilson446@example.com;555-1211;2024/08/28;Silver;352;T03410;2025/03/16;163.25;163;;;;;
C0794;Liam;Thomas;liam.thomas794@example.com;555-4277;2022/10/26;Silver;8225;T03411;2025/03/11;365.36;365;;;;;
C0052;John;Moore;john.moore52@example.com;555-3247;2023/07/11;Bronze;4580;T03412;2025/01/31;223.33;223;;;;;
C0569;Sarah;Anderson;sarah.anderson569@example.com;555-3469;2024/04/05;Platinum;2336;T03413;2025/06/04;379.22;379;R6;VIP Event Access;5000.0;2025/05/16;5000.0
C0950;John;Brown;john.brown950@example.com;555-9511;2025/03/27;Gold;6746;T03414;2025/02/07;184.58;185;;;;;
C0060;Noah;Anderson;noah.anderson60@example.com;555-6680;2024/12/19;Silver;10253;T03415;2025/01/04;116.16;116;;;;;
C0243;Liam;Moore;liam.moore243@example.com;555-6002;2022/12/21;Gold;12592;T03416;2025/03/14;339.1;339;R6;VIP Event Access;5000.0;2025/04/09;5000.0
C0348;Lucas;Smith;lucas.smith348@example.com;555-3612;2024/09/02;Silver;210;T03417;2025/03/11;486.01;486;;;;;
C0329;Emma;Clark;emma.clark329@example.com;555-2185;2022/01/25;Silver;8526;T03418;2025/06/05;577.75;578;;;;;
C0805;Sarah;Smith;sarah.smith805@example.com;555-1458;2025/10/16;Bronze;12995;T03419;2025/03/25;396.02;396;;;;;
C0098;Emily;Anderson;emily.anderson98@example.com;555-3164;2023/10/10;Bronze;12782;T03420;2025/06/22;74.98;75;;;;;
C0474;Mia;Lee;mia.lee474@example.com;555-6939;2025/11/30;Bronze;11476;T03421;2025/03/25;281.69;282;;;;;
C0178;John;Taylor;john.taylor178@example.com;555-8291;2025/06/04;Silver;12388;T03422;2025/03/18;250.34;250;;;;;
C0194;Olivia;Smith;olivia.smith194@example.com;555-7391;2024/01/08;Gold;2815;T03423;2025/03/23;30.75;31;R2;$10 Gift Voucher;1000.0;2025/04/29;1000.0
C0371;Emily;Brown;emily.brown371@example.com;555-3245;2022/07/14;Bronze;12209;T03424;2025/05/24;6.5;6;;;;;
C0140;James;Clark;james.clark140@example.com;555-9228;2024/02/21;Silver;8442;T03425;2025/04/23;227.17;227;;;;;
C0009;Mia;Smith;mia.smith9@example.com;555-9392;2026/02/03;Bronze;13064;T03426;2025/02/04;129.21;129;;;;;
C0829;Mia;Davis;mia.davis829@example.com;555-5616;2026/05/19;Platinum;5650;T03427;2025/05/10;556.27;556;;;;;
C0223;Noah;Moore;noah.moore223@example.com;555-2192;2026/03/29;Bronze;5742;T03428;2025/03/21;188.1;188;;;;;
C0424;Sophia;Thomas;sophia.thomas424@example.com;555-2950;2024/06/12;Bronze;4840;T03429;2025/04/22;374.06;374;;;;;
C0491;Jessica;Clark;jessica.clark491@example.com;555-4417;2023/09/27;Platinum;2293;T03430;2025/05/25;456.85;457;;;;;
C0257;James;Martinez;james.martinez257@example.com;555-6486;2023/11/20;Gold;12417;T03431;2025/01/21;223.22;223;;;;;
C0813;Jessica;Taylor;jessica.taylor813@example.com;555-9446;2023/04/15;Bronze;3359;T03432;2025/03/09;562.65;563;;;;;
C0768;Jessica;Smith;jessica.smith768@example.com;555-9493;2023/03/03;Bronze;1778;T03433;2025/02/04;570.72;571;R3;Coffee Mug;1200.0;2025/04/30;1200.0
C0208;Olivia;Martinez;olivia.martinez208@example.com;555-2430;2025/01/07;Silver;11225;T03434;2025/05/26;47.04;47;;;;;
C0526;Liam;Moore;liam.moore526@example.com;555-7270;2022/09/14;Bronze;4346;T03435;2025/04/15;296.7;297;;;;;
C0860;John;Martinez;john.martinez860@example.com;555-4347;2025/02/19;Bronze;7223;T03436;2025/06/30;297.05;297;;;;;
C0261;Noah;Anderson;noah.anderson261@example.com;555-9667;2025/05/13;Silver;4302;T03437;2025/03/18;580.66;581;R6;VIP Event Access;5000.0;2025/01/23;5000.0
C0872;James;Martinez;james.martinez872@example.com;555-3913;2025/05/13;Bronze;1450;T03438;2025/06/05;479.39;479;;;;;
C0486;James;Davis;james.davis486@example.com;555-3002;2022/10/01;Gold;9254;T03439;2025/06/15;243.36;243;R3;Coffee Mug;1200.0;2025/05/24;1200.0
C0177;Sophia;Davis;sophia.davis177@example.com;555-5296;2022/11/20;Platinum;9996;T03440;2025/04/22;337.05;337;;;;;
C0725;Daniel;Johnson;daniel.johnson725@example.com;555-2682;2025/01/12;Silver;2000;T03441;2025/06/24;202.68;203;;;;;
C0258;Emma;Johnson;emma.johnson258@example.com;555-3032;2025/12/13;Gold;11226;T03442;2025/06/03;542.92;543;;;;;
C0900;Emily;Clark;emily.clark900@example.com;555-7639;2024/09/23;Gold;5921;T03443;2025/06/28;515.73;516;R5;Free Shipping;750.0;2025/02/04;750.0
C0960;Olivia;Moore;olivia.moore960@example.com;555-6331;2025/12/03;Silver;9698;T03444;2025/06/05;392.79;393;;;;;
C0816;Michael;Taylor;michael.taylor816@example.com;555-4960;2023/03/21;Gold;1198;T03445;2025/04/21;84.85;85;R4;T-Shirt;2500.0;2025/03/04;2500.0
C0895;Noah;Taylor;noah.taylor895@example.com;555-9008;2024/04/29;Bronze;9731;T03446;2025/03/11;552.81;553;;;;;
C0701;Liam;Taylor;liam.taylor701@example.com;555-4493;2024/02/08;Silver;7081;T03447;2025/05/18;46.89;47;;;;;
C0906;Noah;Thomas;noah.thomas906@example.com;555-8386;2022/07/05;Gold;10106;T03448;2025/05/15;514.78;515;R2;$10 Gift Voucher;1000.0;2025/04/21;1000.0
C0339;James;Davis;james.davis339@example.com;555-8957;2023/05/23;Platinum;2679;T03449;2025/02/17;444.57;445;;;;;
C0513;Michael;Davis;michael.davis513@example.com;555-3985;2024/07/07;Gold;276;T03450;2025/04/22;97.05;97;;;;;
C0144;Sophia;Johnson;sophia.johnson144@example.com;555-6968;2024/03/18;Silver;911;T03451;2025/05/11;377.84;378;R2;$10 Gift Voucher;1000.0;2025/02/06;1000.0
C0618;David;Smith;david.smith618@example.com;555-8441;2025/12/26;Platinum;2955;T03452;2025/06/07;578.8;579;R4;T-Shirt;2500.0;2025/04/04;2500.0
C0652;Lucas;Davis;lucas.davis652@example.com;555-2879;2026/04/22;Silver;6261;T03453;2025/04/01;337.59;338;;;;;
C0172;Noah;Lee;noah.lee172@example.com;555-9995;2022/05/27;Gold;7139;T03454;2025/05/18;141.24;141;R6;VIP Event Access;5000.0;2025/01/18;5000.0
C0177;Sophia;Davis;sophia.davis177@example.com;555-5296;2022/11/20;Platinum;9996;T03455;2025/03/30;452.17;452;R4;T-Shirt;2500.0;2025/05/25;2500.0
C0440;Lucas;Taylor;lucas.taylor440@example.com;555-2620;2022/11/06;Platinum;4274;T03456;2025/01/03;115.01;115;;;;;
C0582;Ava;Wilson;ava.wilson582@example.com;555-2411;2024/01/18;Bronze;10342;T03457;2025/05/24;352.29;352;;;;;
C0128;Daniel;Davis;daniel.davis128@example.com;555-6829;2023/06/05;Platinum;13523;T03458;2025/06/20;359.92;360;;;;;
C0377;David;Lee;david.lee377@example.com;555-9257;2024/08/21;Silver;8903;T03459;2025/05/26;287.52;288;R3;Coffee Mug;1200.0;2025/01/01;1200.0
C0465;Michael;Anderson;michael.anderson465@example.com;555-8917;2022/11/13;Silver;5311;T03460;2025/02/17;177.16;177;;;;;
C0268;Olivia;Lee;olivia.lee268@example.com;555-7391;2025/11/03;Gold;4480;T03461;2025/02/20;596.12;596;;;;;
C0430;Lucas;Johnson;lucas.johnson430@example.com;555-9173;2022/01/12;Gold;3929;T03462;2025/01/17;308.31;308;;;;;
C0752;Emma;Thomas;emma.thomas752@example.com;555-4863;2025/12/09;Silver;11358;T03463;2025/05/13;445.52;446;;;;;
C0868;Jessica;Anderson;jessica.anderson868@example.com;555-7802;2022/02/21;Silver;6709;T03464;2025/03/22;103.21;103;R5;Free Shipping;750.0;2025/01/30;750.0
C0813;Jessica;Taylor;jessica.taylor813@example.com;555-9446;2023/04/15;Bronze;3359;T03465;2025/02/20;70.36;70;;;;;
C0700;Jessica;Brown;jessica.brown700@example.com;555-5270;2026/01/15;Silver;9268;T03466;2025/06/14;215.65;216;R3;Coffee Mug;1200.0;2025/02/11;1200.0
C0840;Liam;Thomas;liam.thomas840@example.com;555-7270;2024/10/27;Bronze;9428;T03467;2025/06/10;481.4;481;;;;;
C0043;David;Smith;david.smith43@example.com;555-4757;2022/08/25;Silver;954;T03468;2025/01/28;566.2;566;;;;;
C0535;James;Anderson;james.anderson535@example.com;555-1522;2024/05/09;Gold;5910;T03469;2025/03/01;554.93;555;R5;Free Shipping;750.0;2025/05/24;750.0
C0812;Mia;Moore;mia.moore812@example.com;555-8294;2022/01/07;Gold;9396;T03470;2025/04/30;265.43;265;;;;;
C0869;Noah;Smith;noah.smith869@example.com;555-9117;2025/11/30;Silver;2977;T03471;2025/06/01;369.82;370;R2;$10 Gift Voucher;1000.0;2025/02/28;1000.0
C0349;Noah;Brown;noah.brown349@example.com;555-6911;2023/07/03;Bronze;3006;T03472;2025/04/02;531.86;532;;;;;
C0939;Jessica;Lee;jessica.lee939@example.com;555-7449;2022/10/27;Bronze;125;T03473;2025/03/13;102.26;102;R1;$5 Gift Voucher;500.0;2025/05/07;500.0
C0985;Lucas;Smith;lucas.smith985@example.com;555-9722;2023/03/10;Platinum;820;T03474;2025/03/22;374.63;375;;;;;
C0052;John;Moore;john.moore52@example.com;555-3247;2023/07/11;Bronze;4580;T03475;2025/04/07;253.31;253;R3;Coffee Mug;1200.0;2025/03/04;1200.0
C0410;Mia;Moore;mia.moore410@example.com;555-8873;2025/12/22;Silver;6059;T03476;2025/03/01;257.96;258;R4;T-Shirt;2500.0;2025/03/25;2500.0
C0654;David;Lee;david.lee654@example.com;555-4906;2025/05/14;Bronze;1860;T03477;2025/02/09;260.88;261;;;;;
C0290;Noah;Johnson;noah.johnson290@example.com;555-8532;2022/10/09;Silver;13445;T03478;2025/06/27;102.0;102;R3;Coffee Mug;1200.0;2025/01/26;1200.0
C0470;Emily;Davis;emily.davis470@example.com;555-9874;2024/04/02;Bronze;10416;T03479;2025/01/01;406.07;406;;;;;
C0955;John;Johnson;john.johnson955@example.com;555-2236;2022/06/28;Bronze;247;T03480;2025/02/23;462.09;462;;;;;
C0161;Liam;Wilson;liam.wilson161@example.com;555-4055;2023/06/26;Silver;13636;T03481;2025/02/20;393.18;393;;;;;
C0316;David;Brown;david.brown316@example.com;555-6885;2025/06/12;Silver;8923;T03482;2025/04/13;132.72;133;;;;;
C0308;David;Brown;david.brown308@example.com;555-7217;2024/10/05;Gold;6029;T03483;2025/02/17;177.18;177;R5;Free Shipping;750.0;2025/03/13;750.0
C0183;Michael;Johnson;michael.johnson183@example.com;555-6592;2024/08/18;Bronze;1988;T03484;2025/02/21;313.6;314;R5;Free Shipping;750.0;2025/01/17;750.0
C0305;Mia;Thomas;mia.thomas305@example.com;555-7872;2023/07/18;Bronze;10429;T03485;2025/06/20;341.83;342;R6;VIP Event Access;5000.0;2025/01/16;5000.0
C0575;Emma;Davis;emma.davis575@example.com;555-5694;2022/05/31;Bronze;1610;T03486;2025/02/23;364.03;364;;;;;
C0775;John;Martinez;john.martinez775@example.com;555-7435;2023/06/21;Bronze;1512;T03487;2025/01/25;15.92;16;;;;;
C0349;Noah;Brown;noah.brown349@example.com;555-6911;2023/07/03;Bronze;3006;T03488;2025/01/02;250.9;251;;;;;
C0017;David;Clark;david.clark17@example.com;555-7648;2025/07/16;Silver;9622;T03489;2025/02/14;425.09;425;R3;Coffee Mug;1200.0;2025/01/23;1200.0
C0053;Emma;Wilson;emma.wilson53@example.com;555-1556;2025/08/14;Bronze;5628;T03490;2025/03/15;213.14;213;R7;Wireless Earbuds;8000.0;2025/06/08;8000.0
C0347;James;Wilson;james.wilson347@example.com;555-3940;2023/09/24;Bronze;1488;T03491;2025/06/14;27.87;28;;;;;
C0576;John;Smith;john.smith576@example.com;555-5845;2025/01/05;Silver;3720;T03492;2025/01/01;569.84;570;R5;Free Shipping;750.0;2025/04/20;750.0
C0017;David;Clark;david.clark17@example.com;555-7648;2025/07/16;Silver;9622;T03493;2025/01/15;536.48;536;R1;$5 Gift Voucher;500.0;2025/06/03;500.0
C0912;Emma;Brown;emma.brown912@example.com;555-9926;2025/05/20;Bronze;14642;T03494;2025/05/29;138.31;138;;;;;
C0748;Jessica;Smith;jessica.smith748@example.com;555-4437;2024/06/28;Bronze;207;T03495;2025/04/23;226.2;226;;;;;
C0688;Emma;Johnson;emma.johnson688@example.com;555-4773;2025/11/02;Silver;12051;T03496;2025/02/28;282.37;282;;;;;
C0609;Ava;Lee;ava.lee609@example.com;555-2496;2025/10/18;Bronze;2611;T03497;2025/03/26;306.27;306;;;;;
C0486;James;Davis;james.davis486@example.com;555-3002;2022/10/01;Gold;9254;T03498;2025/04/02;148.88;149;;;;;
C0516;Noah;Lee;noah.lee516@example.com;555-9326;2022/12/18;Silver;3222;T03499;2025/04/29;320.68;321;;;;;
C0222;Emma;Lee;emma.lee222@example.com;555-6298;2024/12/08;Bronze;13254;T03500;2025/05/24;571.07;571;;;;;
C0075;John;Smith;john.smith75@example.com;555-5502;2024/12/12;Bronze;3207;T03501;2025/02/07;345.71;346;;;;;
C0806;Sarah;Moore;sarah.moore806@example.com;555-7486;2022/11/01;Bronze;2139;T03502;2025/04/03;389.42;389;R1;$5 Gift Voucher;500.0;2025/06/14;500.0
C0562;Lucas;Johnson;lucas.johnson562@example.com;555-9752;2024/09/01;Gold;7903;T03503;2025/05/22;141.14;141;;;;;
C0414;Mia;Davis;mia.davis414@example.com;555-3592;2022/06/12;Gold;4629;T03504;2025/02/08;115.31;115;R7;Wireless Earbuds;8000.0;2025/06/21;8000.0
C0915;Ava;Taylor;ava.taylor915@example.com;555-2118;2023/05/23;Bronze;733;T03505;2025/06/25;322.28;322;;;;;
C0142;Sarah;Davis;sarah.davis142@example.com;555-1240;2025/05/10;Silver;13834;T03506;2025/03/20;386.28;386;R4;T-Shirt;2500.0;2025/02/08;2500.0
C0453;Liam;Wilson;liam.wilson453@example.com;555-2790;2023/10/03;Silver;11705;T03507;2025/05/10;200.25;200;;;;;
C0220;Emily;Smith;emily.smith220@example.com;555-6872;2022/04/10;Silver;13901;T03508;2025/03/31;32.78;33;;;;;
C0946;Michael;Taylor;michael.taylor946@example.com;555-5001;2025/10/07;Platinum;4361;T03509;2025/03/07;205.84;206;;;;;
C0695;Mia;Moore;mia.moore695@example.com;555-3098;2023/05/19;Bronze;2939;T03510;2025/01/25;475.6;476;R6;VIP Event Access;5000.0;2025/04/03;5000.0
C0954;John;Anderson;john.anderson954@example.com;555-6776;2024/07/28;Bronze;5324;T03511;2025/02/03;546.32;546;R1;$5 Gift Voucher;500.0;2025/04/06;500.0
C0340;Daniel;Johnson;daniel.johnson340@example.com;555-9936;2023/03/22;Bronze;9367;T03512;2025/03/25;35.0;35;R2;$10 Gift Voucher;1000.0;2025/06/15;1000.0
C0945;Daniel;Moore;daniel.moore945@example.com;555-5519;2024/01/12;Bronze;14581;T03513;2025/06/01;240.59;241;;;;;
C0718;David;Wilson;david.wilson718@example.com;555-6816;2024/05/20;Bronze;8292;T03514;2025/05/27;543.19;543;;;;;
C0055;Olivia;Wilson;olivia.wilson55@example.com;555-5957;2026/01/09;Platinum;489;T03515;2025/06/19;203.18;203;;;;;
C0794;Liam;Thomas;liam.thomas794@example.com;555-4277;2022/10/26;Silver;8225;T03516;2025/06/20;346.29;346;R1;$5 Gift Voucher;500.0;2025/05/14;500.0
C0042;Emma;Lee;emma.lee42@example.com;555-2084;2024/03/06;Silver;1174;T03517;2025/05/07;15.28;15;;;;;
C0725;Daniel;Johnson;daniel.johnson725@example.com;555-2682;2025/01/12;Silver;2000;T03518;2025/03/12;152.73;153;;;;;
C0043;David;Smith;david.smith43@example.com;555-4757;2022/08/25;Silver;954;T03519;2025/05/12;448.3;448;;;;;
C0134;Noah;Davis;noah.davis134@example.com;555-7680;2025/04/27;Bronze;4498;T03520;2025/03/27;282.81;283;;;;;
C0742;Mia;Davis;mia.davis742@example.com;555-2218;2023/05/02;Silver;3625;T03521;2025/04/02;590.48;590;R7;Wireless Earbuds;8000.0;2025/03/03;8000.0
C0770;Liam;Taylor;liam.taylor770@example.com;555-7359;2022/02/10;Gold;9632;T03522;2025/06/28;177.66;178;;;;;
C0811;Sophia;Lee;sophia.lee811@example.com;555-1459;2025/10/09;Bronze;11761;T03523;2025/04/16;244.3;244;;;;;
C0239;Noah;Clark;noah.clark239@example.com;555-8078;2023/03/14;Silver;5523;T03524;2025/06/21;310.11;310;;;;;
C0990;Ava;Martinez;ava.martinez990@example.com;555-3377;2024/05/30;Silver;1431;T03525;2025/01/29;502.38;502;;;;;
C0749;Olivia;Johnson;olivia.johnson749@example.com;555-5093;2023/12/15;Platinum;8853;T03526;2025/03/01;397.45;397;;;;;
C0306;Emma;Thomas;emma.thomas306@example.com;555-2893;2024/07/11;Platinum;9978;T03527;2025/06/21;153.53;154;R3;Coffee Mug;1200.0;2025/04/06;1200.0
C0527;John;Wilson;john.wilson527@example.com;555-7108;2026/02/27;Gold;3499;T03528;2025/05/31;83.36;83;R3;Coffee Mug;1200.0;2025/06/29;1200.0
C0585;Emma;Davis;emma.davis585@example.com;555-4464;2022/11/30;Silver;4294;T03529;2025/05/08;426.02;426;;;;;
C0330;John;Taylor;john.taylor330@example.com;555-7033;2026/04/01;Silver;122;T03530;2025/05/29;301.92;302;;;;;
C0588;Michael;Thomas;michael.thomas588@example.com;555-6212;2023/11/16;Bronze;4475;T03531;2025/06/05;71.54;72;;;;;
C0464;Daniel;Johnson;daniel.johnson464@example.com;555-1216;2026/05/12;Bronze;2243;T03532;2025/03/30;220.18;220;;;;;
C0712;Lucas;Anderson;lucas.anderson712@example.com;555-4046;2024/06/01;Platinum;229;T03533;2025/04/11;84.31;84;R1;$5 Gift Voucher;500.0;2025/03/05;500.0
C0070;John;Moore;john.moore70@example.com;555-2578;2025/10/25;Silver;11435;T03534;2025/01/01;459.35;459;R5;Free Shipping;750.0;2025/01/05;750.0
C0863;David;Martinez;david.martinez863@example.com;555-7728;2023/06/22;Platinum;10022;T03535;2025/06/25;168.92;169;;;;;
C0546;Michael;Brown;michael.brown546@example.com;555-9025;2023/03/03;Bronze;5871;T03536;2025/06/09;535.23;535;;;;;
C0699;Emily;Brown;emily.brown699@example.com;555-4794;2022/10/06;Bronze;7821;T03537;2025/02/04;19.83;20;;;;;
C0269;Lucas;Wilson;lucas.wilson269@example.com;555-2163;2023/10/26;Bronze;9494;T03538;2025/03/07;26.45;26;;;;;
C0420;Liam;Wilson;liam.wilson420@example.com;555-4494;2022/11/30;Silver;2167;T03539;2025/02/16;480.97;481;;;;;
C0942;Mia;Taylor;mia.taylor942@example.com;555-8045;2024/04/28;Silver;14620;T03540;2025/04/25;591.91;592;R2;$10 Gift Voucher;1000.0;2025/05/25;1000.0
C0907;Daniel;Moore;daniel.moore907@example.com;555-6766;2024/12/08;Platinum;13865;T03541;2025/01/13;161.11;161;;;;;
C0708;Michael;Taylor;michael.taylor708@example.com;555-1118;2022/02/17;Gold;11946;T03542;2025/04/06;517.8;518;;;;;
C0509;Sophia;Wilson;sophia.wilson509@example.com;555-9558;2026/05/17;Platinum;12649;T03543;2025/03/17;431.42;431;;;;;
C0294;Daniel;Clark;daniel.clark294@example.com;555-6338;2025/09/16;Silver;13074;T03544;2025/04/06;307.19;307;;;;;
C0503;James;Taylor;james.taylor503@example.com;555-6704;2025/02/13;Bronze;8066;T03545;2025/01/17;46.1;46;;;;;
C0949;Michael;Thomas;michael.thomas949@example.com;555-5201;2026/01/15;Silver;6168;T03546;2025/02/24;535.69;536;;;;;
C0309;Emma;Johnson;emma.johnson309@example.com;555-4231;2022/09/06;Silver;1495;T03547;2025/06/05;372.64;373;;;;;
C0194;Olivia;Smith;olivia.smith194@example.com;555-7391;2024/01/08;Gold;2815;T03548;2025/02/21;104.35;104;;;;;
C0918;Liam;Smith;liam.smith918@example.com;555-1872;2023/02/23;Bronze;14353;T03549;2025/06/27;428.49;428;;;;;
C0255;Daniel;Smith;daniel.smith255@example.com;555-8253;2022/09/25;Silver;11549;T03550;2025/03/20;303.65;304;;;;;
C0253;Olivia;Johnson;olivia.johnson253@example.com;555-7498;2025/11/22;Platinum;11009;T03551;2025/02/05;554.81;555;;;;;
C0070;John;Moore;john.moore70@example.com;555-2578;2025/10/25;Silver;11435;T03552;2025/02/07;231.63;232;;;;;
C0192;Emma;Martinez;emma.martinez192@example.com;555-8721;2023/06/13;Silver;12956;T03553;2025/01/05;493.76;494;;;;;
C0558;Liam;Thomas;liam.thomas558@example.com;555-8944;2023/11/24;Gold;11927;T03554;2025/04/12;518.56;519;;;;;
C0424;Sophia;Thomas;sophia.thomas424@example.com;555-2950;2024/06/12;Bronze;4840;T03555;2025/01/04;404.44;404;;;;;
C0737;Noah;Johnson;noah.johnson737@example.com;555-1661;2023/06/05;Bronze;5963;T03556;2025/06/15;120.72;121;;;;;
C0854;Sarah;Brown;sarah.brown854@example.com;555-8928;2022/06/26;Bronze;12983;T03557;2025/03/29;193.34;193;R2;$10 Gift Voucher;1000.0;2025/06/21;1000.0
C0788;Mia;Smith;mia.smith788@example.com;555-4810;2022/09/06;Silver;5215;T03558;2025/02/03;140.84;141;;;;;
C0072;Daniel;Lee;daniel.lee72@example.com;555-9791;2022/12/02;Gold;2545;T03559;2025/02/18;243.15;243;;;;;
C0635;Noah;Smith;noah.smith635@example.com;555-5278;2023/10/17;Bronze;4605;T03560;2025/06/18;198.65;199;R1;$5 Gift Voucher;500.0;2025/04/05;500.0
C0536;Michael;Anderson;michael.anderson536@example.com;555-2695;2024/03/14;Gold;1773;T03561;2025/02/21;481.57;482;;;;;
C0438;Sarah;Wilson;sarah.wilson438@example.com;555-3160;2022/05/04;Silver;11424;T03562;2025/06/07;323.56;324;;;;;
C0261;Noah;Anderson;noah.anderson261@example.com;555-9667;2025/05/13;Silver;4302;T03563;2025/03/08;216.24;216;;;;;
C0837;James;Moore;james.moore837@example.com;555-5611;2025/06/25;Silver;1104;T03564;2025/03/15;103.91;104;;;;;
C0940;Lucas;Thomas;lucas.thomas940@example.com;555-3255;2022/03/21;Platinum;10480;T03565;2025/05/12;26.85;27;;;;;
C0592;Liam;Wilson;liam.wilson592@example.com;555-3978;2024/01/15;Silver;585;T03566;2025/03/15;377.85;378;R7;Wireless Earbuds;8000.0;2025/01/30;8000.0
C0474;Mia;Lee;mia.lee474@example.com;555-6939;2025/11/30;Bronze;11476;T03567;2025/03/22;509.28;509;;;;;
C0978;Sophia;Johnson;sophia.johnson978@example.com;555-5698;2023/02/19;Bronze;1399;T03568;2025/05/07;145.76;146;;;;;
C0182;Liam;Taylor;liam.taylor182@example.com;555-3020;2025/07/31;Silver;7530;T03569;2025/03/11;127.54;128;;;;;
C0051;Emily;Lee;emily.lee51@example.com;555-1423;2022/04/25;Bronze;3719;T03570;2025/01/09;156.49;156;R3;Coffee Mug;1200.0;2025/04/13;1200.0
C0841;Ava;Clark;ava.clark841@example.com;555-9201;2023/05/25;Silver;1967;T03571;2025/06/12;351.99;352;R7;Wireless Earbuds;8000.0;2025/03/24;8000.0
C0252;Emma;Moore;emma.moore252@example.com;555-9971;2022/11/08;Bronze;5335;T03572;2025/04/01;149.16;149;;;;;
C0829;Mia;Davis;mia.davis829@example.com;555-5616;2026/05/19;Platinum;5650;T03573;2025/04/07;227.0;227;;;;;
C0504;Jessica;Smith;jessica.smith504@example.com;555-7824;2024/05/20;Bronze;4486;T03574;2025/03/10;533.35;533;;;;;
C0371;Emily;Brown;emily.brown371@example.com;555-3245;2022/07/14;Bronze;12209;T03575;2025/06/10;193.8;194;;;;;
C0182;Liam;Taylor;liam.taylor182@example.com;555-3020;2025/07/31;Silver;7530;T03576;2025/01/30;387.77;388;R1;$5 Gift Voucher;500.0;2025/06/24;500.0
C0806;Sarah;Moore;sarah.moore806@example.com;555-7486;2022/11/01;Bronze;2139;T03577;2025/04/22;237.09;237;;;;;
C0356;Sarah;Martinez;sarah.martinez356@example.com;555-3612;2025/01/28;Bronze;8617;T03578;2025/03/26;145.41;145;;;;;
C0848;John;Wilson;john.wilson848@example.com;555-2114;2025/03/02;Bronze;12317;T03579;2025/06/04;218.95;219;;;;;
C0723;Jessica;Davis;jessica.davis723@example.com;555-3834;2024/10/02;Bronze;14921;T03580;2025/02/11;28.54;29;;;;;
C0230;James;Taylor;james.taylor230@example.com;555-7279;2024/04/23;Silver;8226;T03581;2025/05/06;423.21;423;R3;Coffee Mug;1200.0;2025/03/14;1200.0
C0628;Olivia;Johnson;olivia.johnson628@example.com;555-3338;2022/04/16;Platinum;8089;T03582;2025/03/05;159.12;159;R6;VIP Event Access;5000.0;2025/01/28;5000.0
C0667;Noah;Martinez;noah.martinez667@example.com;555-5140;2025/08/12;Bronze;1836;T03583;2025/04/13;415.29;415;;;;;
C0181;Sarah;Davis;sarah.davis181@example.com;555-1273;2024/04/26;Gold;7594;T03584;2025/03/06;467.37;467;;;;;
C0025;Emily;Wilson;emily.wilson25@example.com;555-2572;2025/02/04;Silver;4036;T03585;2025/04/17;132.6;133;;;;;
C0722;Emma;Johnson;emma.johnson722@example.com;555-5564;2025/06/06;Gold;6247;T03586;2025/01/16;340.08;340;;;;;
C0128;Daniel;Davis;daniel.davis128@example.com;555-6829;2023/06/05;Platinum;13523;T03587;2025/05/22;595.2;595;;;;;
C0401;Sarah;Wilson;sarah.wilson401@example.com;555-3672;2022/07/21;Gold;6142;T03588;2025/01/10;552.5;552;;;;;
C0157;Liam;Thomas;liam.thomas157@example.com;555-2051;2024/08/05;Platinum;1297;T03589;2025/05/21;406.05;406;;;;;
C0279;Daniel;Anderson;daniel.anderson279@example.com;555-9164;2023/05/08;Gold;2228;T03590;2025/06/02;6.96;7;;;;;
C0875;Olivia;Brown;olivia.brown875@example.com;555-2179;2022/08/19;Bronze;7751;T03591;2025/05/21;10.8;11;;;;;
C0412;Jessica;Martinez;jessica.martinez412@example.com;555-3527;2025/11/11;Bronze;6935;T03592;2025/02/03;261.74;262;;;;;
C0422;David;Lee;david.lee422@example.com;555-7589;2023/06/02;Bronze;3542;T03593;2025/04/08;336.84;337;;;;;
C0227;Olivia;Smith;olivia.smith227@example.com;555-8250;2024/10/04;Gold;8988;T03594;2025/03/28;378.64;379;R7;Wireless Earbuds;8000.0;2025/06/16;8000.0
C0515;Olivia;Lee;olivia.lee515@example.com;555-3806;2025/06/20;Gold;4371;T03595;2025/04/20;185.28;185;R2;$10 Gift Voucher;1000.0;2025/05/05;1000.0
C1000;Jessica;Davis;jessica.davis1000@example.com;555-2953;2024/09/09;Silver;2458;T03596;2025/03/02;172.45;172;;;;;
C0319;Emily;Thomas;emily.thomas319@example.com;555-2624;2024/02/05;Bronze;14640;T03597;2025/03/31;537.44;537;R6;VIP Event Access;5000.0;2025/02/13;5000.0
C0593;Sophia;Smith;sophia.smith593@example.com;555-9644;2022/11/12;Silver;4725;T03598;2025/03/22;420.06;420;;;;;
C0346;Emma;Davis;emma.davis346@example.com;555-6547;2024/05/14;Bronze;912;T03599;2025/06/24;465.87;466;;;;;
C0330;John;Taylor;john.taylor330@example.com;555-7033;2026/04/01;Silver;122;T03600;2025/02/12;246.43;246;;;;;
C0267;Jessica;Taylor;jessica.taylor267@example.com;555-7024;2026/05/07;Bronze;7435;T03601;2025/01/31;263.87;264;;;;;
C0991;Ava;Taylor;ava.taylor991@example.com;555-3187;2024/01/07;Bronze;13455;T03602;2025/05/20;260.64;261;R4;T-Shirt;2500.0;2025/04/05;2500.0
C0811;Sophia;Lee;sophia.lee811@example.com;555-1459;2025/10/09;Bronze;11761;T03603;2025/05/18;549.58;550;;;;;
C0668;Ava;Moore;ava.moore668@example.com;555-2341;2022/06/22;Gold;5898;T03604;2025/04/22;222.45;222;R4;T-Shirt;2500.0;2025/06/20;2500.0
C0307;Ava;Brown;ava.brown307@example.com;555-9343;2022/01/11;Silver;2314;T03605;2025/03/15;131.84;132;;;;;
C0466;Sophia;Martinez;sophia.martinez466@example.com;555-6091;2023/10/07;Bronze;8552;T03606;2025/03/20;92.92;93;;;;;
C0019;Olivia;Martinez;olivia.martinez19@example.com;555-6592;2025/08/25;Bronze;4130;T03607;2025/06/08;160.16;160;;;;;
C0214;Emma;Lee;emma.lee214@example.com;555-6007;2022/08/03;Bronze;7225;T03608;2025/03/09;525.01;525;;;;;
C0802;Michael;Brown;michael.brown802@example.com;555-5024;2024/10/09;Bronze;8557;T03609;2025/05/23;581.57;582;;;;;
C0101;Jessica;Martinez;jessica.martinez101@example.com;555-7087;2025/03/25;Silver;3757;T03610;2025/01/29;250.36;250;;;;;
C0949;Michael;Thomas;michael.thomas949@example.com;555-5201;2026/01/15;Silver;6168;T03611;2025/05/24;290.21;290;R5;Free Shipping;750.0;2025/05/19;750.0
C0516;Noah;Lee;noah.lee516@example.com;555-9326;2022/12/18;Silver;3222;T03612;2025/01/01;100.24;100;R7;Wireless Earbuds;8000.0;2025/01/07;8000.0
C0039;Emma;Anderson;emma.anderson39@example.com;555-7492;2026/02/08;Bronze;837;T03613;2025/04/26;497.07;497;R4;T-Shirt;2500.0;2025/05/02;2500.0
C0158;Ava;Anderson;ava.anderson158@example.com;555-4070;2024/03/31;Gold;348;T03614;2025/04/04;282.2;282;R3;Coffee Mug;1200.0;2025/02/22;1200.0
C0526;Liam;Moore;liam.moore526@example.com;555-7270;2022/09/14;Bronze;4346;T03615;2025/01/11;288.54;289;R4;T-Shirt;2500.0;2025/06/08;2500.0
C0287;Emily;Brown;emily.brown287@example.com;555-5469;2024/04/05;Platinum;8321;T03616;2025/03/06;396.29;396;;;;;
C0941;Lucas;Lee;lucas.lee941@example.com;555-4333;2025/12/31;Bronze;2825;T03617;2025/01/12;22.06;22;;;;;
C0864;Lucas;Johnson;lucas.johnson864@example.com;555-7800;2024/03/30;Silver;2753;T03618;2025/06/28;10.84;11;R6;VIP Event Access;5000.0;2025/05/12;5000.0
C0435;Ava;Thomas;ava.thomas435@example.com;555-3156;2025/07/24;Bronze;9485;T03619;2025/02/22;368.57;369;;;;;
C0952;Lucas;Clark;lucas.clark952@example.com;555-8963;2025/07/07;Silver;8921;T03620;2025/04/07;65.88;66;;;;;
C0802;Michael;Brown;michael.brown802@example.com;555-5024;2024/10/09;Bronze;8557;T03621;2025/02/21;478.61;479;;;;;
C0521;Sophia;Wilson;sophia.wilson521@example.com;555-4912;2025/01/16;Gold;3045;T03622;2025/04/08;71.79;72;;;;;
C0718;David;Wilson;david.wilson718@example.com;555-6816;2024/05/20;Bronze;8292;T03623;2025/06/22;557.34;557;;;;;
C0460;David;Moore;david.moore460@example.com;555-1203;2022/01/15;Silver;11320;T03624;2025/04/05;341.68;342;;;;;
C0250;Jessica;Clark;jessica.clark250@example.com;555-2414;2022/09/20;Bronze;5098;T03625;2025/05/26;357.11;357;;;;;
C0855;Noah;Davis;noah.davis855@example.com;555-3257;2024/02/01;Bronze;11645;T03626;2025/06/03;107.48;107;R3;Coffee Mug;1200.0;2025/04/09;1200.0
C0295;John;Smith;john.smith295@example.com;555-7328;2022/04/09;Gold;9947;T03627;2025/01/21;112.98;113;R1;$5 Gift Voucher;500.0;2025/05/24;500.0
C0813;Jessica;Taylor;jessica.taylor813@example.com;555-9446;2023/04/15;Bronze;3359;T03628;2025/04/11;65.78;66;;;;;
C0055;Olivia;Wilson;olivia.wilson55@example.com;555-5957;2026/01/09;Platinum;489;T03629;2025/05/20;209.52;210;;;;;
C0842;Liam;Smith;liam.smith842@example.com;555-2063;2025/09/11;Bronze;3669;T03630;2025/06/30;386.23;386;R3;Coffee Mug;1200.0;2025/02/19;1200.0
C0506;Liam;Wilson;liam.wilson506@example.com;555-9007;2022/07/07;Bronze;13105;T03631;2025/04/20;497.83;498;;;;;
C0118;David;Davis;david.davis118@example.com;555-2485;2025/06/27;Silver;4119;T03632;2025/02/22;585.61;586;;;;;
C0689;Mia;Wilson;mia.wilson689@example.com;555-7171;2023/06/17;Bronze;433;T03633;2025/02/17;569.55;570;R4;T-Shirt;2500.0;2025/01/05;2500.0
C0920;Daniel;Thomas;daniel.thomas920@example.com;555-7551;2024/12/17;Gold;10961;T03634;2025/06/04;251.16;251;;;;;
C0691;Emily;Brown;emily.brown691@example.com;555-2007;2023/08/14;Platinum;8355;T03635;2025/06/28;58.87;59;;;;;
C0365;Ava;Brown;ava.brown365@example.com;555-2288;2024/10/05;Bronze;935;T03636;2025/01/01;358.24;358;;;;;
C0181;Sarah;Davis;sarah.davis181@example.com;555-1273;2024/04/26;Gold;7594;T03637;2025/05/02;596.17;596;;;;;
C0350;Liam;Davis;liam.davis350@example.com;555-1849;2024/03/30;Bronze;8111;T03638;2025/04/29;153.7;154;;;;;
C0317;John;Brown;john.brown317@example.com;555-3110;2023/07/11;Silver;10114;T03639;2025/02/18;470.02;470;;;;;
C0665;Emily;Moore;emily.moore665@example.com;555-7929;2026/04/30;Bronze;13726;T03640;2025/04/06;396.65;397;;;;;
C0962;Mia;Johnson;mia.johnson962@example.com;555-1957;2023/12/25;Silver;210;T03641;2025/01/05;484.34;484;;;;;
C0328;James;Lee;james.lee328@example.com;555-5410;2022/10/21;Bronze;4234;T03642;2025/03/18;573.58;574;;;;;
C0317;John;Brown;john.brown317@example.com;555-3110;2023/07/11;Silver;10114;T03643;2025/06/29;24.25;24;;;;;
C0515;Olivia;Lee;olivia.lee515@example.com;555-3806;2025/06/20;Gold;4371;T03644;2025/04/07;452.77;453;;;;;
C0683;Mia;Davis;mia.davis683@example.com;555-2870;2022/06/13;Silver;7467;T03645;2025/06/30;249.53;250;;;;;
C0652;Lucas;Davis;lucas.davis652@example.com;555-2879;2026/04/22;Silver;6261;T03646;2025/03/14;473.09;473;;;;;
C0169;Mia;Wilson;mia.wilson169@example.com;555-2259;2024/07/03;Gold;5780;T03647;2025/02/11;370.59;371;;;;;
C0006;Emma;Smith;emma.smith6@example.com;555-2679;2022/08/09;Silver;2539;T03648;2025/05/07;395.52;396;R6;VIP Event Access;5000.0;2025/04/26;5000.0
C0438;Sarah;Wilson;sarah.wilson438@example.com;555-3160;2022/05/04;Silver;11424;T03649;2025/03/06;299.12;299;R4;T-Shirt;2500.0;2025/06/19;2500.0
C0239;Noah;Clark;noah.clark239@example.com;555-8078;2023/03/14;Silver;5523;T03650;2025/05/18;44.82;45;R3;Coffee Mug;1200.0;2025/02/13;1200.0
C0845;Olivia;Taylor;olivia.taylor845@example.com;555-5590;2022/02/11;Bronze;12630;T03651;2025/01/25;90.0;90;;;;;
C0635;Noah;Smith;noah.smith635@example.com;555-5278;2023/10/17;Bronze;4605;T03652;2025/03/17;391.56;392;;;;;
C0148;James;Brown;james.brown148@example.com;555-4177;2023/11/08;Gold;11593;T03653;2025/03/19;137.38;137;;;;;
C0176;David;Martinez;david.martinez176@example.com;555-8327;2026/02/19;Bronze;5510;T03654;2025/01/14;193.57;194;;;;;
C0513;Michael;Davis;michael.davis513@example.com;555-3985;2024/07/07;Gold;276;T03655;2025/03/02;280.12;280;;;;;
C0337;Mia;Brown;mia.brown337@example.com;555-3992;2024/08/17;Silver;11420;T03656;2025/02/26;196.52;197;R5;Free Shipping;750.0;2025/02/03;750.0
C0870;Michael;Thomas;michael.thomas870@example.com;555-1706;2023/07/29;Bronze;6099;T03657;2025/03/24;278.75;279;R6;VIP Event Access;5000.0;2025/03/24;5000.0
C0109;Liam;Anderson;liam.anderson109@example.com;555-2238;2024/04/19;Platinum;13141;T03658;2025/03/17;384.75;385;;;;;
C0843;David;Moore;david.moore843@example.com;555-3350;2023/08/11;Silver;7582;T03659;2025/04/15;347.22;347;R3;Coffee Mug;1200.0;2025/06/18;1200.0
C0609;Ava;Lee;ava.lee609@example.com;555-2496;2025/10/18;Bronze;2611;T03660;2025/02/15;16.4;16;;;;;
C0774;Emily;Johnson;emily.johnson774@example.com;555-2125;2022/11/17;Bronze;4857;T03661;2025/04/17;498.7;499;R6;VIP Event Access;5000.0;2025/02/13;5000.0
C0145;Noah;Moore;noah.moore145@example.com;555-3425;2022/10/17;Silver;11697;T03662;2025/06/03;10.36;10;R5;Free Shipping;750.0;2025/05/02;750.0
C0894;Lucas;Moore;lucas.moore894@example.com;555-5694;2023/05/11;Gold;8281;T03663;2025/01/28;366.64;367;R2;$10 Gift Voucher;1000.0;2025/01/28;1000.0
C0020;Olivia;Martinez;olivia.martinez20@example.com;555-8201;2022/06/12;Bronze;10173;T03664;2025/03/26;135.0;135;R1;$5 Gift Voucher;500.0;2025/05/16;500.0
C0509;Sophia;Wilson;sophia.wilson509@example.com;555-9558;2026/05/17;Platinum;12649;T03665;2025/04/21;71.6;72;;;;;
C0119;John;Moore;john.moore119@example.com;555-1794;2022/06/17;Silver;11383;T03666;2025/04/09;547.31;547;;;;;
C0158;Ava;Anderson;ava.anderson158@example.com;555-4070;2024/03/31;Gold;348;T03667;2025/04/11;285.5;286;;;;;
C0566;Emily;Martinez;emily.martinez566@example.com;555-8639;2024/05/25;Platinum;6237;T03668;2025/05/19;17.25;17;R7;Wireless Earbuds;8000.0;2025/06/22;8000.0
C0149;Mia;Smith;mia.smith149@example.com;555-9264;2026/03/14;Silver;7344;T03669;2025/03/12;438.33;438;;;;;
C0005;Lucas;Martinez;lucas.martinez5@example.com;555-6848;2022/07/19;Platinum;9205;T03670;2025/02/25;340.2;340;R2;$10 Gift Voucher;1000.0;2025/01/11;1000.0
C0630;Emma;Davis;emma.davis630@example.com;555-7743;2024/08/04;Bronze;3298;T03671;2025/06/03;330.46;330;;;;;
C0263;Jessica;Johnson;jessica.johnson263@example.com;555-1179;2024/01/12;Gold;12555;T03672;2025/01/20;24.39;24;;;;;
C0459;David;Brown;david.brown459@example.com;555-4472;2026/02/03;Bronze;78;T03673;2025/02/07;430.78;431;;;;;
C0591;Daniel;Lee;daniel.lee591@example.com;555-4572;2022/09/14;Silver;10116;T03674;2025/05/14;217.32;217;R4;T-Shirt;2500.0;2025/03/15;2500.0
C0559;David;Davis;david.davis559@example.com;555-5640;2022/08/26;Bronze;14227;T03675;2025/03/22;58.9;59;;;;;
C0891;James;Moore;james.moore891@example.com;555-9645;2025/05/29;Silver;37;T03676;2025/01/11;568.82;569;R1;$5 Gift Voucher;500.0;2025/05/01;500.0
C0598;Jessica;Brown;jessica.brown598@example.com;555-4893;2024/11/23;Bronze;6875;T03677;2025/01/10;211.78;212;R2;$10 Gift Voucher;1000.0;2025/06/14;1000.0
C0056;Emma;Clark;emma.clark56@example.com;555-5605;2022/10/31;Bronze;10581;T03678;2025/02/02;380.33;380;R4;T-Shirt;2500.0;2025/05/21;2500.0
C0941;Lucas;Lee;lucas.lee941@example.com;555-4333;2025/12/31;Bronze;2825;T03679;2025/06/18;323.68;324;;;;;
C0782;Mia;Taylor;mia.taylor782@example.com;555-2580;2023/11/01;Platinum;11750;T03680;2025/01/31;555.54;556;;;;;
C0293;Sarah;Moore;sarah.moore293@example.com;555-6718;2022/10/02;Gold;2241;T03681;2025/03/10;466.19;466;;;;;
C0738;James;Thomas;james.thomas738@example.com;555-2193;2024/06/30;Silver;2721;T03682;2025/02/12;389.92;390;R4;T-Shirt;2500.0;2025/03/18;2500.0
C0845;Olivia;Taylor;olivia.taylor845@example.com;555-5590;2022/02/11;Bronze;12630;T03683;2025/03/27;309.05;309;;;;;
C0859;Olivia;Lee;olivia.lee859@example.com;555-6439;2023/06/13;Gold;3084;T03684;2025/06/11;538.43;538;R2;$10 Gift Voucher;1000.0;2025/04/12;1000.0
C0970;Lucas;Martinez;lucas.martinez970@example.com;555-5527;2024/05/10;Bronze;10225;T03685;2025/03/12;52.33;52;;;;;
C0400;Olivia;Lee;olivia.lee400@example.com;555-3931;2023/12/02;Bronze;2830;T03686;2025/01/04;469.7;470;;;;;
C0216;Mia;Anderson;mia.anderson216@example.com;555-6123;2022/05/09;Silver;8326;T03687;2025/02/21;16.14;16;;;;;
C0506;Liam;Wilson;liam.wilson506@example.com;555-9007;2022/07/07;Bronze;13105;T03688;2025/01/09;279.31;279;R4;T-Shirt;2500.0;2025/03/09;2500.0
C0006;Emma;Smith;emma.smith6@example.com;555-2679;2022/08/09;Silver;2539;T03689;2025/06/17;538.49;538;;;;;
C0225;Lucas;Martinez;lucas.martinez225@example.com;555-8127;2024/03/07;Silver;11033;T03690;2025/03/19;574.67;575;R1;$5 Gift Voucher;500.0;2025/01/03;500.0
C0405;Lucas;Davis;lucas.davis405@example.com;555-8554;2023/04/19;Gold;6941;T03691;2025/02/06;215.49;215;;;;;
C0257;James;Martinez;james.martinez257@example.com;555-6486;2023/11/20;Gold;12417;T03692;2025/03/20;178.78;179;;;;;
C0257;James;Martinez;james.martinez257@example.com;555-6486;2023/11/20;Gold;12417;T03693;2025/01/30;384.92;385;;;;;
C0876;Sarah;Brown;sarah.brown876@example.com;555-2296;2023/12/23;Bronze;10335;T03694;2025/03/30;330.36;330;R7;Wireless Earbuds;8000.0;2025/05/02;8000.0
C0533;James;Martinez;james.martinez533@example.com;555-8934;2025/01/11;Silver;13017;T03695;2025/01/21;138.65;139;;;;;
C0184;Jessica;Davis;jessica.davis184@example.com;555-9559;2025/09/13;Platinum;2364;T03696;2025/02/24;131.18;131;;;;;
C0332;Emily;Smith;emily.smith332@example.com;555-2011;2022/08/24;Silver;4008;T03697;2025/06/12;266.82;267;R3;Coffee Mug;1200.0;2025/01/24;1200.0
C0180;Daniel;Taylor;daniel.taylor180@example.com;555-4959;2025/10/13;Silver;14042;T03698;2025/03/19;233.21;233;;;;;
C0846;Daniel;Wilson;daniel.wilson846@example.com;555-3995;2024/09/28;Bronze;27;T03699;2025/03/13;581.26;581;;;;;
C0031;Jessica;Moore;jessica.moore31@example.com;555-9944;2025/08/11;Silver;1898;T03700;2025/04/18;592.11;592;R2;$10 Gift Voucher;1000.0;2025/04/27;1000.0
C0588;Michael;Thomas;michael.thomas588@example.com;555-6212;2023/11/16;Bronze;4475;T03701;2025/01/09;74.35;74;;;;;
C0864;Lucas;Johnson;lucas.johnson864@example.com;555-7800;2024/03/30;Silver;2753;T03702;2025/06/09;317.45;317;;;;;
C0303;Liam;Clark;liam.clark303@example.com;555-3381;2023/03/02;Gold;11559;T03703;2025/06/20;286.1;286;R2;$10 Gift Voucher;1000.0;2025/05/19;1000.0
C0644;Mia;Davis;mia.davis644@example.com;555-6148;2023/06/15;Gold;5370;T03704;2025/03/12;498.49;498;;;;;
C0018;Sarah;Smith;sarah.smith18@example.com;555-4763;2022/08/25;Bronze;6119;T03705;2025/01/13;427.6;428;;;;;
C0144;Sophia;Johnson;sophia.johnson144@example.com;555-6968;2024/03/18;Silver;911;T03706;2025/05/06;131.56;132;R1;$5 Gift Voucher;500.0;2025/04/10;500.0
C0039;Emma;Anderson;emma.anderson39@example.com;555-7492;2026/02/08;Bronze;837;T03707;2025/01/21;190.41;190;;;;;
C0407;Noah;Lee;noah.lee407@example.com;555-7685;2025/03/28;Bronze;8465;T03708;2025/03/16;187.44;187;;;;;
C0290;Noah;Johnson;noah.johnson290@example.com;555-8532;2022/10/09;Silver;13445;T03709;2025/06/22;426.21;426;;;;;
C0259;Daniel;Martinez;daniel.martinez259@example.com;555-3427;2022/10/09;Bronze;461;T03710;2025/01/25;232.7;233;R5;Free Shipping;750.0;2025/01/16;750.0
C0989;David;Thomas;david.thomas989@example.com;555-6046;2022/12/05;Bronze;4820;T03711;2025/03/13;112.1;112;;;;;
C0617;Daniel;Brown;daniel.brown617@example.com;555-2233;2025/04/04;Bronze;4782;T03712;2025/02/24;324.03;324;;;;;
C0142;Sarah;Davis;sarah.davis142@example.com;555-1240;2025/05/10;Silver;13834;T03713;2025/01/13;245.96;246;R3;Coffee Mug;1200.0;2025/06/13;1200.0
C0649;Lucas;Taylor;lucas.taylor649@example.com;555-1545;2025/05/06;Gold;14632;T03714;2025/03/02;304.22;304;;;;;
C0021;John;Smith;john.smith21@example.com;555-2801;2022/09/22;Gold;5883;T03715;2025/02/25;372.37;372;;;;;
C0481;Michael;Clark;michael.clark481@example.com;555-5272;2025/11/08;Gold;6938;T03716;2025/06/21;84.59;85;R7;Wireless Earbuds;8000.0;2025/04/27;8000.0
C0056;Emma;Clark;emma.clark56@example.com;555-5605;2022/10/31;Bronze;10581;T03717;2025/03/20;370.1;370;;;;;
C0214;Emma;Lee;emma.lee214@example.com;555-6007;2022/08/03;Bronze;7225;T03718;2025/05/01;158.43;158;;;;;
C0999;Jessica;Taylor;jessica.taylor999@example.com;555-7305;2025/11/24;Platinum;7518;T03719;2025/05/10;536.84;537;;;;;
C0301;Daniel;Moore;daniel.moore301@example.com;555-6996;2026/05/09;Silver;3501;T03720;2025/01/27;253.2;253;R7;Wireless Earbuds;8000.0;2025/01/22;8000.0
C0473;Liam;Taylor;liam.taylor473@example.com;555-5985;2023/03/24;Bronze;5737;T03721;2025/05/08;82.68;83;;;;;
C0075;John;Smith;john.smith75@example.com;555-5502;2024/12/12;Bronze;3207;T03722;2025/02/26;357.66;358;;;;;
C0986;Noah;Brown;noah.brown986@example.com;555-2673;2025/03/23;Silver;7121;T03723;2025/01/20;32.53;33;R5;Free Shipping;750.0;2025/04/02;750.0
C0885;Sarah;Smith;sarah.smith885@example.com;555-1366;2025/11/20;Bronze;11278;T03724;2025/04/23;212.19;212;;;;;
C0637;Sophia;Wilson;sophia.wilson637@example.com;555-6359;2025/07/11;Bronze;12310;T03725;2025/03/19;320.1;320;R2;$10 Gift Voucher;1000.0;2025/04/02;1000.0
C0821;Olivia;Moore;olivia.moore821@example.com;555-7934;2022/04/21;Bronze;109;T03726;2025/04/01;362.09;362;;;;;
C0761;Sophia;Taylor;sophia.taylor761@example.com;555-3538;2023/02/11;Bronze;5434;T03727;2025/04/03;423.55;424;;;;;
C0013;Emma;Thomas;emma.thomas13@example.com;555-3834;2025/05/02;Bronze;689;T03728;2025/01/15;456.78;457;R3;Coffee Mug;1200.0;2025/01/15;1200.0
C0879;Daniel;Martinez;daniel.martinez879@example.com;555-7150;2024/05/14;Silver;1338;T03729;2025/03/03;267.31;267;R5;Free Shipping;750.0;2025/03/25;750.0
C0161;Liam;Wilson;liam.wilson161@example.com;555-4055;2023/06/26;Silver;13636;T03730;2025/04/03;199.78;200;R5;Free Shipping;750.0;2025/01/23;750.0
C0796;Emma;Martinez;emma.martinez796@example.com;555-6899;2022/01/07;Platinum;4641;T03731;2025/04/25;292.75;293;;;;;
C0565;Emma;Taylor;emma.taylor565@example.com;555-5707;2025/08/18;Bronze;6975;T03732;2025/05/31;500.06;500;;;;;
C0339;James;Davis;james.davis339@example.com;555-8957;2023/05/23;Platinum;2679;T03733;2025/03/19;10.75;11;R4;T-Shirt;2500.0;2025/04/27;2500.0
C0359;Olivia;Davis;olivia.davis359@example.com;555-5015;2023/04/20;Bronze;3686;T03734;2025/01/08;235.41;235;;;;;
C0398;David;Lee;david.lee398@example.com;555-3350;2025/11/24;Platinum;7949;T03735;2025/01/03;444.82;445;;;;;
C0656;Sophia;Taylor;sophia.taylor656@example.com;555-7966;2022/05/04;Bronze;11715;T03736;2025/03/29;44.11;44;;;;;
C0928;James;Anderson;james.anderson928@example.com;555-7454;2023/04/07;Platinum;6476;T03737;2025/04/04;57.22;57;R3;Coffee Mug;1200.0;2025/02/15;1200.0
C0163;Noah;Wilson;noah.wilson163@example.com;555-1627;2022/10/24;Bronze;6367;T03738;2025/03/30;285.45;285;R7;Wireless Earbuds;8000.0;2025/03/14;8000.0
C0408;Jessica;Smith;jessica.smith408@example.com;555-4451;2024/02/18;Bronze;11188;T03739;2025/06/15;502.25;502;R5;Free Shipping;750.0;2025/01/25;750.0
C0984;Daniel;Smith;daniel.smith984@example.com;555-1719;2026/04/08;Gold;5421;T03740;2025/05/10;588.0;588;;;;;
C0196;Jessica;Thomas;jessica.thomas196@example.com;555-6614;2024/01/28;Bronze;9598;T03741;2025/04/11;162.76;163;R1;$5 Gift Voucher;500.0;2025/01/13;500.0
C0677;Lucas;Smith;lucas.smith677@example.com;555-8264;2023/09/19;Gold;12536;T03742;2025/06/26;273.98;274;R2;$10 Gift Voucher;1000.0;2025/01/03;1000.0
C0352;John;Smith;john.smith352@example.com;555-9362;2025/05/16;Silver;14992;T03743;2025/02/19;318.41;318;;;;;
C0103;David;Taylor;david.taylor103@example.com;555-7929;2024/04/07;Bronze;10710;T03744;2025/03/19;267.54;268;R7;Wireless Earbuds;8000.0;2025/05/15;8000.0
C0500;John;Clark;john.clark500@example.com;555-2513;2025/12/05;Gold;11625;T03745;2025/05/17;20.53;21;R1;$5 Gift Voucher;500.0;2025/04/23;500.0
C0399;Sophia;Lee;sophia.lee399@example.com;555-7456;2022/11/18;Platinum;4068;T03746;2025/02/02;258.2;258;;;;;
C0760;Mia;Davis;mia.davis760@example.com;555-1949;2026/03/17;Silver;1226;T03747;2025/03/31;236.92;237;;;;;
C0345;Daniel;Martinez;daniel.martinez345@example.com;555-6781;2022/11/06;Bronze;1777;T03748;2025/05/16;456.24;456;;;;;
C0440;Lucas;Taylor;lucas.taylor440@example.com;555-2620;2022/11/06;Platinum;4274;T03749;2025/04/04;314.91;315;;;;;
C0222;Emma;Lee;emma.lee222@example.com;555-6298;2024/12/08;Bronze;13254;T03750;2025/01/09;112.25;112;;;;;
C0148;James;Brown;james.brown148@example.com;555-4177;2023/11/08;Gold;11593;T03751;2025/03/13;218.53;219;R1;$5 Gift Voucher;500.0;2025/01/04;500.0
C0929;Mia;Moore;mia.moore929@example.com;555-3757;2024/01/17;Bronze;11718;T03752;2025/02/05;544.0;544;R5;Free Shipping;750.0;2025/03/08;750.0
C0730;David;Anderson;david.anderson730@example.com;555-7725;2025/09/03;Gold;9672;T03753;2025/06/19;153.51;154;R3;Coffee Mug;1200.0;2025/01/17;1200.0
C0026;Liam;Wilson;liam.wilson26@example.com;555-4215;2024/11/04;Silver;2439;T03754;2025/01/15;524.83;525;;;;;
C0192;Emma;Martinez;emma.martinez192@example.com;555-8721;2023/06/13;Silver;12956;T03755;2025/04/30;137.59;138;R3;Coffee Mug;1200.0;2025/01/19;1200.0
C0213;Michael;Martinez;michael.martinez213@example.com;555-4788;2023/02/17;Silver;2888;T03756;2025/05/12;111.04;111;R2;$10 Gift Voucher;1000.0;2025/01/21;1000.0
C0367;Emily;Taylor;emily.taylor367@example.com;555-5180;2023/10/17;Bronze;7561;T03757;2025/05/04;238.1;238;;;;;
C0437;David;Davis;david.davis437@example.com;555-9510;2025/09/07;Silver;11741;T03758;2025/02/20;303.34;303;;;;;
C0646;Noah;Brown;noah.brown646@example.com;555-5095;2022/02/04;Platinum;13928;T03759;2025/04/02;54.91;55;;;;;
C0376;Emily;Taylor;emily.taylor376@example.com;555-6362;2022/06/15;Bronze;14537;T03760;2025/02/22;58.24;58;;;;;
C0470;Emily;Davis;emily.davis470@example.com;555-9874;2024/04/02;Bronze;10416;T03761;2025/03/22;407.74;408;;;;;
C0120;Sarah;Taylor;sarah.taylor120@example.com;555-7225;2025/04/05;Silver;12987;T03762;2025/01/06;135.0;135;;;;;
C0667;Noah;Martinez;noah.martinez667@example.com;555-5140;2025/08/12;Bronze;1836;T03763;2025/06/16;487.05;487;;;;;
C0074;Jessica;Wilson;jessica.wilson74@example.com;555-6191;2025/07/27;Silver;12176;T03764;2025/05/10;181.03;181;;;;;
C0890;Jessica;Martinez;jessica.martinez890@example.com;555-3922;2023/12/24;Gold;8494;T03765;2025/05/15;281.23;281;;;;;
C0429;Sophia;Anderson;sophia.anderson429@example.com;555-1018;2025/11/02;Bronze;6138;T03766;2025/04/22;312.37;312;;;;;
C0549;Michael;Thomas;michael.thomas549@example.com;555-9714;2026/04/20;Silver;4541;T03767;2025/06/03;516.26;516;R2;$10 Gift Voucher;1000.0;2025/06/22;1000.0
C0534;James;Taylor;james.taylor534@example.com;555-5043;2022/07/01;Bronze;3618;T03768;2025/03/16;326.9;327;;;;;
C0025;Emily;Wilson;emily.wilson25@example.com;555-2572;2025/02/04;Silver;4036;T03769;2025/02/22;339.11;339;;;;;
C0376;Emily;Taylor;emily.taylor376@example.com;555-6362;2022/06/15;Bronze;14537;T03770;2025/03/19;405.95;406;R7;Wireless Earbuds;8000.0;2025/06/06;8000.0
C0263;Jessica;Johnson;jessica.johnson263@example.com;555-1179;2024/01/12;Gold;12555;T03771;2025/06/08;182.52;183;R6;VIP Event Access;5000.0;2025/01/01;5000.0
C0742;Mia;Davis;mia.davis742@example.com;555-2218;2023/05/02;Silver;3625;T03772;2025/06/25;450.19;450;;;;;
C0280;Michael;Thomas;michael.thomas280@example.com;555-2444;2024/01/02;Silver;10213;T03773;2025/05/09;203.98;204;R2;$10 Gift Voucher;1000.0;2025/01/04;1000.0
C0860;John;Martinez;john.martinez860@example.com;555-4347;2025/02/19;Bronze;7223;T03774;2025/01/27;452.18;452;;;;;
C0299;Noah;Anderson;noah.anderson299@example.com;555-9645;2024/07/10;Bronze;14116;T03775;2025/03/18;580.11;580;;;;;
C0064;Emily;Clark;emily.clark64@example.com;555-8026;2022/08/17;Silver;4874;T03776;2025/03/29;304.66;305;;;;;
C0398;David;Lee;david.lee398@example.com;555-3350;2025/11/24;Platinum;7949;T03777;2025/04/17;456.37;456;R4;T-Shirt;2500.0;2025/05/14;2500.0
C0834;Mia;Thomas;mia.thomas834@example.com;555-3990;2022/03/02;Silver;7784;T03778;2025/04/12;228.32;228;;;;;
C0630;Emma;Davis;emma.davis630@example.com;555-7743;2024/08/04;Bronze;3298;T03779;2025/05/30;116.48;116;;;;;
C0830;Noah;Johnson;noah.johnson830@example.com;555-2525;2023/03/03;Silver;11287;T03780;2025/02/05;117.64;118;;;;;
C0089;Liam;Taylor;liam.taylor89@example.com;555-8425;2025/01/20;Gold;3248;T03781;2025/02/26;254.73;255;R2;$10 Gift Voucher;1000.0;2025/01/31;1000.0
C0297;Olivia;Thomas;olivia.thomas297@example.com;555-5835;2024/07/09;Silver;3083;T03782;2025/05/17;279.39;279;;;;;
C0187;Daniel;Moore;daniel.moore187@example.com;555-7469;2022/04/07;Silver;12202;T03783;2025/01/19;99.32;99;R5;Free Shipping;750.0;2025/05/28;750.0
C0517;Jessica;Wilson;jessica.wilson517@example.com;555-4731;2024/05/08;Silver;10761;T03784;2025/06/10;454.72;455;R1;$5 Gift Voucher;500.0;2025/05/19;500.0
C0752;Emma;Thomas;emma.thomas752@example.com;555-4863;2025/12/09;Silver;11358;T03785;2025/03/18;562.2;562;R2;$10 Gift Voucher;1000.0;2025/04/03;1000.0
C0955;John;Johnson;john.johnson955@example.com;555-2236;2022/06/28;Bronze;247;T03786;2025/02/14;593.79;594;;;;;
C0603;Liam;Johnson;liam.johnson603@example.com;555-9494;2022/03/16;Bronze;4906;T03787;2025/01/26;422.78;423;;;;;
C0736;Michael;Taylor;michael.taylor736@example.com;555-1524;2023/10/12;Platinum;13224;T03788;2025/03/09;434.53;435;;;;;
C0063;Olivia;Martinez;olivia.martinez63@example.com;555-6329;2024/03/24;Silver;5878;T03789;2025/04/14;100.18;100;;;;;
C0519;Ava;Smith;ava.smith519@example.com;555-3225;2024/07/22;Bronze;10130;T03790;2025/02/06;137.41;137;R4;T-Shirt;2500.0;2025/06/19;2500.0
C0963;Daniel;Smith;daniel.smith963@example.com;555-9128;2023/04/05;Bronze;13075;T03791;2025/01/04;170.03;170;R3;Coffee Mug;1200.0;2025/03/23;1200.0
C0785;John;Smith;john.smith785@example.com;555-4946;2022/08/08;Silver;7553;T03792;2025/02/26;449.89;450;;;;;
C0631;Sophia;Martinez;sophia.martinez631@example.com;555-6423;2022/12/09;Bronze;12432;T03793;2025/02/09;383.18;383;;;;;
C0280;Michael;Thomas;michael.thomas280@example.com;555-2444;2024/01/02;Silver;10213;T03794;2025/02/19;427.21;427;;;;;
C0454;Ava;Wilson;ava.wilson454@example.com;555-5530;2024/01/11;Platinum;13332;T03795;2025/02/26;584.61;585;;;;;
C0771;Daniel;Davis;daniel.davis771@example.com;555-5186;2025/03/01;Silver;11457;T03796;2025/02/18;71.68;72;;;;;
C0339;James;Davis;james.davis339@example.com;555-8957;2023/05/23;Platinum;2679;T03797;2025/04/12;296.01;296;;;;;
C0472;Sophia;Davis;sophia.davis472@example.com;555-9952;2024/04/16;Silver;8458;T03798;2025/06/09;314.21;314;;;;;
C0931;Ava;Johnson;ava.johnson931@example.com;555-2134;2024/02/04;Silver;9484;T03799;2025/01/19;518.1;518;;;;;
C0812;Mia;Moore;mia.moore812@example.com;555-8294;2022/01/07;Gold;9396;T03800;2025/05/23;10.11;10;R1;$5 Gift Voucher;500.0;2025/02/17;500.0
C0711;Sophia;Lee;sophia.lee711@example.com;555-1205;2024/05/22;Silver;3;T03801;2025/04/16;108.13;108;R6;VIP Event Access;5000.0;2025/01/30;5000.0
C0013;Emma;Thomas;emma.thomas13@example.com;555-3834;2025/05/02;Bronze;689;T03802;2025/06/23;112.57;113;;;;;
C0085;Noah;Lee;noah.lee85@example.com;555-7466;2026/01/11;Silver;3495;T03803;2025/02/12;254.84;255;R2;$10 Gift Voucher;1000.0;2025/03/17;1000.0
C0533;James;Martinez;james.martinez533@example.com;555-8934;2025/01/11;Silver;13017;T03804;2025/03/25;331.34;331;;;;;
C0872;James;Martinez;james.martinez872@example.com;555-3913;2025/05/13;Bronze;1450;T03805;2025/05/07;540.64;541;;;;;
C0468;Lucas;Smith;lucas.smith468@example.com;555-1645;2023/11/19;Silver;14761;T03806;2025/04/29;309.29;309;;;;;
C0226;Olivia;Davis;olivia.davis226@example.com;555-1846;2022/07/16;Bronze;4935;T03807;2025/05/19;308.71;309;;;;;
C0707;Michael;Martinez;michael.martinez707@example.com;555-1974;2025/02/15;Gold;2239;T03808;2025/02/22;21.88;22;;;;;
C0187;Daniel;Moore;daniel.moore187@example.com;555-7469;2022/04/07;Silver;12202;T03809;2025/02/14;462.59;463;;;;;
C0842;Liam;Smith;liam.smith842@example.com;555-2063;2025/09/11;Bronze;3669;T03810;2025/03/03;35.53;36;;;;;
C0237;Liam;Martinez;liam.martinez237@example.com;555-4849;2023/11/24;Bronze;10186;T03811;2025/02/12;135.37;135;;;;;
C0995;Lucas;Martinez;lucas.martinez995@example.com;555-2731;2025/10/22;Gold;2321;T03812;2025/03/28;365.39;365;R7;Wireless Earbuds;8000.0;2025/02/16;8000.0
C0096;Michael;Brown;michael.brown96@example.com;555-6234;2024/08/19;Bronze;5613;T03813;2025/01/31;375.57;376;R5;Free Shipping;750.0;2025/01/06;750.0
C0209;James;Smith;james.smith209@example.com;555-2263;2023/06/07;Gold;11508;T03814;2025/02/18;589.04;589;;;;;
C0937;Daniel;Lee;daniel.lee937@example.com;555-8858;2024/01/31;Silver;2083;T03815;2025/01/07;588.29;588;;;;;
C0156;Emma;Thomas;emma.thomas156@example.com;555-2482;2023/05/26;Silver;10627;T03816;2025/03/24;264.8;265;;;;;
C0194;Olivia;Smith;olivia.smith194@example.com;555-7391;2024/01/08;Gold;2815;T03817;2025/06/05;82.45;82;;;;;
C0531;Liam;Davis;liam.davis531@example.com;555-5839;2025/07/29;Silver;12419;T03818;2025/06/23;300.68;301;;;;;
C0145;Noah;Moore;noah.moore145@example.com;555-3425;2022/10/17;Silver;11697;T03819;2025/03/21;467.58;468;;;;;
C0749;Olivia;Johnson;olivia.johnson749@example.com;555-5093;2023/12/15;Platinum;8853;T03820;2025/02/18;599.69;600;;;;;
C0133;Michael;Wilson;michael.wilson133@example.com;555-5094;2022/07/13;Bronze;7403;T03821;2025/05/22;238.08;238;R3;Coffee Mug;1200.0;2025/01/09;1200.0
C0994;Sophia;Lee;sophia.lee994@example.com;555-8511;2023/07/30;Bronze;14437;T03822;2025/05/12;55.26;55;;;;;
C0048;Michael;Martinez;michael.martinez48@example.com;555-3597;2022/03/26;Silver;14474;T03823;2025/06/09;214.33;214;;;;;
C0059;Sarah;Anderson;sarah.anderson59@example.com;555-2381;2025/08/30;Platinum;6223;T03824;2025/03/27;131.13;131;;;;;
C0270;Sophia;Davis;sophia.davis270@example.com;555-7904;2022/11/30;Bronze;9176;T03825;2025/05/08;381.62;382;R3;Coffee Mug;1200.0;2025/06/22;1200.0
C0840;Liam;Thomas;liam.thomas840@example.com;555-7270;2024/10/27;Bronze;9428;T03826;2025/01/25;198.16;198;R1;$5 Gift Voucher;500.0;2025/04/04;500.0
C0285;Mia;Lee;mia.lee285@example.com;555-9794;2025/03/01;Bronze;1835;T03827;2025/03/04;222.56;223;;;;;
C0865;James;Johnson;james.johnson865@example.com;555-2831;2025/11/11;Bronze;5107;T03828;2025/02/22;475.36;475;;;;;
C0552;Sarah;Brown;sarah.brown552@example.com;555-2423;2025/11/28;Bronze;14553;T03829;2025/05/07;88.17;88;;;;;
C0832;Ava;Johnson;ava.johnson832@example.com;555-7212;2023/02/15;Bronze;14905;T03830;2025/04/06;503.74;504;R7;Wireless Earbuds;8000.0;2025/02/18;8000.0
C0893;Emily;Davis;emily.davis893@example.com;555-7629;2025/04/08;Silver;4121;T03831;2025/06/24;596.04;596;R5;Free Shipping;750.0;2025/02/25;750.0
C0887;Liam;Wilson;liam.wilson887@example.com;555-1499;2024/08/20;Platinum;3422;T03832;2025/03/30;504.53;505;;;;;
C0433;Jessica;Johnson;jessica.johnson433@example.com;555-7983;2022/11/02;Gold;3861;T03833;2025/02/05;517.04;517;;;;;
C0135;Sophia;Thomas;sophia.thomas135@example.com;555-5286;2024/05/31;Silver;10758;T03834;2025/02/02;89.32;89;;;;;
C0237;Liam;Martinez;liam.martinez237@example.com;555-4849;2023/11/24;Bronze;10186;T03835;2025/01/07;201.8;202;;;;;
C0158;Ava;Anderson;ava.anderson158@example.com;555-4070;2024/03/31;Gold;348;T03836;2025/01/06;542.04;542;;;;;
C0621;Mia;Davis;mia.davis621@example.com;555-9571;2024/01/14;Silver;3501;T03837;2025/03/18;149.72;150;;;;;
C0040;Olivia;Anderson;olivia.anderson40@example.com;555-1577;2022/12/01;Bronze;11686;T03838;2025/02/12;291.77;292;R7;Wireless Earbuds;8000.0;2025/02/28;8000.0
C0656;Sophia;Taylor;sophia.taylor656@example.com;555-7966;2022/05/04;Bronze;11715;T03839;2025/03/03;556.63;557;;;;;
C0295;John;Smith;john.smith295@example.com;555-7328;2022/04/09;Gold;9947;T03840;2025/03/20;586.43;586;;;;;
C0415;Noah;Brown;noah.brown415@example.com;555-1142;2026/02/23;Bronze;11820;T03841;2025/06/22;548.27;548;R2;$10 Gift Voucher;1000.0;2025/01/08;1000.0
C0093;Mia;Anderson;mia.anderson93@example.com;555-9456;2025/12/14;Gold;3482;T03842;2025/02/04;486.4;486;;;;;
C0599;Sophia;Wilson;sophia.wilson599@example.com;555-2621;2023/07/24;Platinum;3698;T03843;2025/06/15;590.18;590;;;;;
C0770;Liam;Taylor;liam.taylor770@example.com;555-7359;2022/02/10;Gold;9632;T03844;2025/02/10;341.6;342;;;;;
C0741;James;Thomas;james.thomas741@example.com;555-1446;2022/02/18;Silver;12593;T03845;2025/03/09;123.57;124;R6;VIP Event Access;5000.0;2025/01/09;5000.0
C0415;Noah;Brown;noah.brown415@example.com;555-1142;2026/02/23;Bronze;11820;T03846;2025/03/21;208.26;208;R1;$5 Gift Voucher;500.0;2025/01/01;500.0
C0518;John;Wilson;john.wilson518@example.com;555-5477;2022/03/31;Bronze;3835;T03847;2025/01/10;133.14;133;;;;;
C0452;Lucas;Johnson;lucas.johnson452@example.com;555-1920;2023/11/06;Bronze;6794;T03848;2025/02/28;91.98;92;;;;;
C0163;Noah;Wilson;noah.wilson163@example.com;555-1627;2022/10/24;Bronze;6367;T03849;2025/06/25;394.18;394;;;;;
C0056;Emma;Clark;emma.clark56@example.com;555-5605;2022/10/31;Bronze;10581;T03850;2025/06/26;415.9;416;;;;;
C0057;Mia;Martinez;mia.martinez57@example.com;555-9032;2024/04/09;Gold;7691;T03851;2025/04/15;125.66;126;;;;;
C0351;Olivia;Lee;olivia.lee351@example.com;555-6591;2025/10/13;Platinum;12779;T03852;2025/03/29;165.28;165;;;;;
C0626;Lucas;Lee;lucas.lee626@example.com;555-5062;2023/09/27;Bronze;11630;T03853;2025/02/23;123.77;124;R4;T-Shirt;2500.0;2025/05/21;2500.0
C0679;Daniel;Clark;daniel.clark679@example.com;555-8796;2022/11/08;Bronze;3415;T03854;2025/04/14;276.83;277;;;;;
C0195;Liam;Lee;liam.lee195@example.com;555-7176;2024/08/25;Silver;2410;T03855;2025/02/04;553.28;553;;;;;
C0402;Sarah;Wilson;sarah.wilson402@example.com;555-9518;2024/05/26;Silver;9935;T03856;2025/01/03;407.95;408;R5;Free Shipping;750.0;2025/03/25;750.0
C0049;Noah;Clark;noah.clark49@example.com;555-9202;2023/04/07;Bronze;4995;T03857;2025/02/22;486.84;487;R2;$10 Gift Voucher;1000.0;2025/06/19;1000.0
C0505;Emily;Thomas;emily.thomas505@example.com;555-2816;2022/02/13;Bronze;10648;T03858;2025/04/22;309.83;310;;;;;
C0066;James;Taylor;james.taylor66@example.com;555-6797;2023/04/27;Silver;11592;T03859;2025/02/24;217.91;218;;;;;
C0957;Sophia;Taylor;sophia.taylor957@example.com;555-7883;2024/05/20;Bronze;2065;T03860;2025/05/19;227.07;227;R5;Free Shipping;750.0;2025/06/22;750.0
C0035;Sophia;Davis;sophia.davis35@example.com;555-8322;2025/06/15;Silver;7582;T03861;2025/05/03;350.86;351;;;;;
C0923;Sarah;Smith;sarah.smith923@example.com;555-7284;2025/04/07;Silver;6073;T03862;2025/01/26;66.62;67;R4;T-Shirt;2500.0;2025/06/23;2500.0
C0907;Daniel;Moore;daniel.moore907@example.com;555-6766;2024/12/08;Platinum;13865;T03863;2025/04/10;388.68;389;;;;;
C0144;Sophia;Johnson;sophia.johnson144@example.com;555-6968;2024/03/18;Silver;911;T03864;2025/06/24;325.31;325;;;;;
C0139;Liam;Thomas;liam.thomas139@example.com;555-7007;2023/11/29;Bronze;5732;T03865;2025/02/25;432.33;432;R3;Coffee Mug;1200.0;2025/01/18;1200.0
C0306;Emma;Thomas;emma.thomas306@example.com;555-2893;2024/07/11;Platinum;9978;T03866;2025/04/09;572.05;572;;;;;
C0360;Ava;Clark;ava.clark360@example.com;555-8959;2022/11/10;Bronze;9865;T03867;2025/02/01;587.65;588;;;;;
C0418;Emma;Clark;emma.clark418@example.com;555-1290;2022/04/13;Bronze;13697;T03868;2025/01/12;292.49;292;R1;$5 Gift Voucher;500.0;2025/03/27;500.0
C0014;Michael;Moore;michael.moore14@example.com;555-7118;2023/01/15;Silver;4212;T03869;2025/06/30;72.92;73;;;;;
C0265;Emma;Moore;emma.moore265@example.com;555-7079;2025/03/08;Silver;8705;T03870;2025/01/21;105.75;106;;;;;
C0752;Emma;Thomas;emma.thomas752@example.com;555-4863;2025/12/09;Silver;11358;T03871;2025/03/04;469.62;470;;;;;
C0384;Daniel;Martinez;daniel.martinez384@example.com;555-2017;2022/02/04;Bronze;7454;T03872;2025/01/31;409.7;410;;;;;
C0375;Sophia;Anderson;sophia.anderson375@example.com;555-1381;2025/06/29;Bronze;1065;T03873;2025/04/17;545.3;545;;;;;
C0905;Jessica;Martinez;jessica.martinez905@example.com;555-5670;2026/04/24;Gold;5090;T03874;2025/03/31;557.55;558;;;;;
C0633;Mia;Taylor;mia.taylor633@example.com;555-4268;2025/04/06;Platinum;11249;T03875;2025/06/25;265.96;266;;;;;
C0246;Sarah;Brown;sarah.brown246@example.com;555-8727;2022/03/04;Bronze;11225;T03876;2025/02/06;111.82;112;R7;Wireless Earbuds;8000.0;2025/05/27;8000.0
C0822;Olivia;Smith;olivia.smith822@example.com;555-6061;2022/07/16;Gold;1052;T03877;2025/02/16;458.27;458;;;;;
C0802;Michael;Brown;michael.brown802@example.com;555-5024;2024/10/09;Bronze;8557;T03878;2025/05/13;99.71;100;R6;VIP Event Access;5000.0;2025/01/21;5000.0
C0309;Emma;Johnson;emma.johnson309@example.com;555-4231;2022/09/06;Silver;1495;T03879;2025/02/15;385.19;385;R6;VIP Event Access;5000.0;2025/03/19;5000.0
C0877;Ava;Johnson;ava.johnson877@example.com;555-9535;2023/01/21;Bronze;8322;T03880;2025/02/13;257.37;257;;;;;
C0306;Emma;Thomas;emma.thomas306@example.com;555-2893;2024/07/11;Platinum;9978;T03881;2025/04/13;55.25;55;;;;;
C0232;Liam;Johnson;liam.johnson232@example.com;555-3011;2025/04/12;Bronze;9535;T03882;2025/02/17;358.25;358;;;;;
C0399;Sophia;Lee;sophia.lee399@example.com;555-7456;2022/11/18;Platinum;4068;T03883;2025/05/02;211.86;212;;;;;
C0332;Emily;Smith;emily.smith332@example.com;555-2011;2022/08/24;Silver;4008;T03884;2025/02/10;134.73;135;;;;;
C0679;Daniel;Clark;daniel.clark679@example.com;555-8796;2022/11/08;Bronze;3415;T03885;2025/05/31;205.96;206;R6;VIP Event Access;5000.0;2025/06/02;5000.0
C0539;Daniel;Thomas;daniel.thomas539@example.com;555-9068;2024/03/20;Silver;2711;T03886;2025/03/23;556.44;556;;;;;
C0109;Liam;Anderson;liam.anderson109@example.com;555-2238;2024/04/19;Platinum;13141;T03887;2025/04/16;123.49;123;;;;;
C0465;Michael;Anderson;michael.anderson465@example.com;555-8917;2022/11/13;Silver;5311;T03888;2025/04/20;73.06;73;;;;;
C0578;Michael;Brown;michael.brown578@example.com;555-5476;2022/01/10;Silver;14615;T03889;2025/04/05;20.22;20;;;;;
C0344;Ava;Clark;ava.clark344@example.com;555-1908;2022/04/01;Bronze;1459;T03890;2025/02/28;495.85;496;R5;Free Shipping;750.0;2025/06/21;750.0
C0502;Olivia;Wilson;olivia.wilson502@example.com;555-2359;2026/01/10;Silver;11019;T03891;2025/02/26;249.21;249;;;;;
C0247;Sophia;Taylor;sophia.taylor247@example.com;555-4113;2024/11/15;Silver;8324;T03892;2025/06/14;158.89;159;;;;;
C0072;Daniel;Lee;daniel.lee72@example.com;555-9791;2022/12/02;Gold;2545;T03893;2025/04/18;25.2;25;;;;;
C0237;Liam;Martinez;liam.martinez237@example.com;555-4849;2023/11/24;Bronze;10186;T03894;2025/06/28;540.66;541;;;;;
C0293;Sarah;Moore;sarah.moore293@example.com;555-6718;2022/10/02;Gold;2241;T03895;2025/03/25;593.39;593;R7;Wireless Earbuds;8000.0;2025/05/27;8000.0
C0591;Daniel;Lee;daniel.lee591@example.com;555-4572;2022/09/14;Silver;10116;T03896;2025/01/09;499.02;499;;;;;
C0869;Noah;Smith;noah.smith869@example.com;555-9117;2025/11/30;Silver;2977;T03897;2025/05/30;566.62;567;R4;T-Shirt;2500.0;2025/06/03;2500.0
C0383;Liam;Smith;liam.smith383@example.com;555-5134;2023/02/10;Silver;3960;T03898;2025/01/06;572.64;573;;;;;
C0421;Sarah;Brown;sarah.brown421@example.com;555-2103;2023/12/27;Silver;2326;T03899;2025/05/21;256.64;257;R7;Wireless Earbuds;8000.0;2025/04/09;8000.0
C0204;Michael;Smith;michael.smith204@example.com;555-8869;2022/05/14;Platinum;12362;T03900;2025/02/06;8.11;8;;;;;
C0543;Mia;Lee;mia.lee543@example.com;555-5223;2025/10/21;Silver;641;T03901;2025/03/07;30.89;31;;;;;
C0231;Jessica;Martinez;jessica.martinez231@example.com;555-5353;2023/12/26;Gold;12550;T03902;2025/03/31;362.22;362;R1;$5 Gift Voucher;500.0;2025/05/17;500.0
C0352;John;Smith;john.smith352@example.com;555-9362;2025/05/16;Silver;14992;T03903;2025/02/22;169.17;169;;;;;
C0393;Lucas;Davis;lucas.davis393@example.com;555-6121;2024/12/15;Silver;10997;T03904;2025/02/11;540.54;541;;;;;
C0218;Lucas;Thomas;lucas.thomas218@example.com;555-8489;2026/04/22;Bronze;14789;T03905;2025/06/19;469.95;470;;;;;
C0026;Liam;Wilson;liam.wilson26@example.com;555-4215;2024/11/04;Silver;2439;T03906;2025/04/03;58.92;59;;;;;
C0035;Sophia;Davis;sophia.davis35@example.com;555-8322;2025/06/15;Silver;7582;T03907;2025/05/07;541.81;542;;;;;
C0269;Lucas;Wilson;lucas.wilson269@example.com;555-2163;2023/10/26;Bronze;9494;T03908;2025/05/23;33.39;33;R2;$10 Gift Voucher;1000.0;2025/06/09;1000.0
C0974;Ava;Martinez;ava.martinez974@example.com;555-2125;2022/08/01;Gold;6055;T03909;2025/03/10;585.38;585;;;;;
C0239;Noah;Clark;noah.clark239@example.com;555-8078;2023/03/14;Silver;5523;T03910;2025/02/11;407.76;408;;;;;
C0308;David;Brown;david.brown308@example.com;555-7217;2024/10/05;Gold;6029;T03911;2025/04/27;102.66;103;R6;VIP Event Access;5000.0;2025/05/25;5000.0
C0029;James;Davis;james.davis29@example.com;555-5714;2025/09/17;Gold;2961;T03912;2025/05/19;244.92;245;;;;;
C0705;David;Brown;david.brown705@example.com;555-9395;2024/11/23;Platinum;9161;T03913;2025/01/19;50.35;50;;;;;
C0696;Sophia;Martinez;sophia.martinez696@example.com;555-1444;2024/02/23;Silver;2726;T03914;2025/04/11;308.73;309;;;;;
C0531;Liam;Davis;liam.davis531@example.com;555-5839;2025/07/29;Silver;12419;T03915;2025/05/07;80.57;81;R5;Free Shipping;750.0;2025/04/21;750.0
C0935;Noah;Clark;noah.clark935@example.com;555-4366;2025/11/18;Silver;919;T03916;2025/03/06;69.67;70;R5;Free Shipping;750.0;2025/05/22;750.0
C0307;Ava;Brown;ava.brown307@example.com;555-9343;2022/01/11;Silver;2314;T03917;2025/05/23;228.03;228;R2;$10 Gift Voucher;1000.0;2025/02/07;1000.0
C0377;David;Lee;david.lee377@example.com;555-9257;2024/08/21;Silver;8903;T03918;2025/04/15;218.1;218;;;;;
C0114;Noah;Brown;noah.brown114@example.com;555-3437;2026/03/17;Bronze;3077;T03919;2025/01/03;490.76;491;;;;;
C0373;John;Brown;john.brown373@example.com;555-3934;2025/01/30;Silver;11995;T03920;2025/06/02;336.22;336;;;;;
C0511;Ava;Brown;ava.brown511@example.com;555-8061;2022/05/10;Platinum;7199;T03921;2025/04/27;233.24;233;R6;VIP Event Access;5000.0;2025/04/24;5000.0
C0111;Michael;Wilson;michael.wilson111@example.com;555-7230;2024/06/23;Bronze;2519;T03922;2025/06/19;344.73;345;;;;;
C0837;James;Moore;james.moore837@example.com;555-5611;2025/06/25;Silver;1104;T03923;2025/01/25;15.67;16;;;;;
C0352;John;Smith;john.smith352@example.com;555-9362;2025/05/16;Silver;14992;T03924;2025/01/14;387.83;388;R1;$5 Gift Voucher;500.0;2025/06/24;500.0
C0740;Noah;Brown;noah.brown740@example.com;555-9799;2022/05/02;Silver;7734;T03925;2025/06/03;552.25;552;;;;;
C0208;Olivia;Martinez;olivia.martinez208@example.com;555-2430;2025/01/07;Silver;11225;T03926;2025/05/30;29.4;29;R4;T-Shirt;2500.0;2025/05/14;2500.0
C0113;Michael;Moore;michael.moore113@example.com;555-5808;2022/12/26;Gold;12406;T03927;2025/06/30;438.27;438;;;;;
C0994;Sophia;Lee;sophia.lee994@example.com;555-8511;2023/07/30;Bronze;14437;T03928;2025/03/01;559.98;560;;;;;
C0936;Daniel;Brown;daniel.brown936@example.com;555-4107;2026/03/26;Bronze;1265;T03929;2025/04/08;255.78;256;;;;;
C0490;Emily;Lee;emily.lee490@example.com;555-4574;2025/11/18;Silver;8226;T03930;2025/04/06;566.78;567;;;;;
C0808;Lucas;Martinez;lucas.martinez808@example.com;555-9143;2024/04/09;Gold;9869;T03931;2025/01/01;40.93;41;R7;Wireless Earbuds;8000.0;2025/01/10;8000.0
C0157;Liam;Thomas;liam.thomas157@example.com;555-2051;2024/08/05;Platinum;1297;T03932;2025/05/12;348.94;349;;;;;
C0882;Noah;Brown;noah.brown882@example.com;555-1520;2023/02/28;Bronze;13473;T03933;2025/03/09;280.58;281;;;;;
C0567;Daniel;Wilson;daniel.wilson567@example.com;555-9919;2022/04/03;Silver;10594;T03934;2025/06/10;91.9;92;;;;;
C0277;Sarah;Davis;sarah.davis277@example.com;555-1362;2024/03/06;Silver;2043;T03935;2025/03/12;473.38;473;;;;;
C0121;Liam;Brown;liam.brown121@example.com;555-4077;2024/11/11;Silver;6546;T03936;2025/01/29;540.29;540;;;;;
C0397;Emily;Martinez;emily.martinez397@example.com;555-9588;2024/12/02;Silver;5540;T03937;2025/01/28;466.96;467;;;;;
C0819;Ava;Martinez;ava.martinez819@example.com;555-4861;2024/04/01;Bronze;7636;T03938;2025/06/19;412.03;412;;;;;
C0025;Emily;Wilson;emily.wilson25@example.com;555-2572;2025/02/04;Silver;4036;T03939;2025/03/20;83.79;84;;;;;
C0957;Sophia;Taylor;sophia.taylor957@example.com;555-7883;2024/05/20;Bronze;2065;T03940;2025/06/18;464.63;465;;;;;
C0330;John;Taylor;john.taylor330@example.com;555-7033;2026/04/01;Silver;122;T03941;2025/06/06;66.03;66;R4;T-Shirt;2500.0;2025/05/17;2500.0
C0401;Sarah;Wilson;sarah.wilson401@example.com;555-3672;2022/07/21;Gold;6142;T03942;2025/04/29;214.28;214;;;;;
C0039;Emma;Anderson;emma.anderson39@example.com;555-7492;2026/02/08;Bronze;837;T03943;2025/04/26;91.73;92;R3;Coffee Mug;1200.0;2025/02/26;1200.0
C0355;John;Lee;john.lee355@example.com;555-2161;2022/12/08;Bronze;12475;T03944;2025/04/03;41.98;42;;;;;
C0504;Jessica;Smith;jessica.smith504@example.com;555-7824;2024/05/20;Bronze;4486;T03945;2025/03/25;250.11;250;R7;Wireless Earbuds;8000.0;2025/02/06;8000.0
C0199;James;Anderson;james.anderson199@example.com;555-9065;2025/09/26;Silver;14769;T03946;2025/06/02;315.57;316;;;;;
C0831;James;Moore;james.moore831@example.com;555-9893;2025/09/03;Bronze;2795;T03947;2025/04/25;514.41;514;R6;VIP Event Access;5000.0;2025/02/08;5000.0
C0036;Daniel;Brown;daniel.brown36@example.com;555-1271;2025/12/30;Bronze;6543;T03948;2025/04/12;458.96;459;R2;$10 Gift Voucher;1000.0;2025/05/23;1000.0
C0414;Mia;Davis;mia.davis414@example.com;555-3592;2022/06/12;Gold;4629;T03949;2025/06/18;293.78;294;;;;;
C0165;Noah;Brown;noah.brown165@example.com;555-4400;2025/02/19;Platinum;723;T03950;2025/04/23;256.62;257;;;;;
C0293;Sarah;Moore;sarah.moore293@example.com;555-6718;2022/10/02;Gold;2241;T03951;2025/06/20;343.75;344;R5;Free Shipping;750.0;2025/06/25;750.0
C0700;Jessica;Brown;jessica.brown700@example.com;555-5270;2026/01/15;Silver;9268;T03952;2025/02/02;270.28;270;;;;;
C0337;Mia;Brown;mia.brown337@example.com;555-3992;2024/08/17;Silver;11420;T03953;2025/04/18;523.91;524;R7;Wireless Earbuds;8000.0;2025/01/16;8000.0
C0495;Lucas;Brown;lucas.brown495@example.com;555-4320;2022/12/19;Bronze;13538;T03954;2025/01/07;559.38;559;;;;;
C0408;Jessica;Smith;jessica.smith408@example.com;555-4451;2024/02/18;Bronze;11188;T03955;2025/06/09;590.24;590;;;;;
C0771;Daniel;Davis;daniel.davis771@example.com;555-5186;2025/03/01;Silver;11457;T03956;2025/01/27;195.94;196;;;;;
C0858;Emma;Clark;emma.clark858@example.com;555-6114;2025/12/08;Silver;1456;T03957;2025/04/04;472.76;473;;;;;
C0981;James;Martinez;james.martinez981@example.com;555-2889;2022/12/15;Platinum;7673;T03958;2025/03/23;565.75;566;;;;;
C0881;Ava;Lee;ava.lee881@example.com;555-8414;2026/05/01;Platinum;4658;T03959;2025/02/01;436.29;436;;;;;
C0056;Emma;Clark;emma.clark56@example.com;555-5605;2022/10/31;Bronze;10581;T03960;2025/04/19;69.43;69;;;;;
C0127;Jessica;Thomas;jessica.thomas127@example.com;555-2131;2024/11/08;Silver;3992;T03961;2025/01/04;310.37;310;;;;;
C0697;David;Johnson;david.johnson697@example.com;555-8576;2024/02/11;Silver;9742;T03962;2025/04/13;461.93;462;;;;;
C0422;David;Lee;david.lee422@example.com;555-7589;2023/06/02;Bronze;3542;T03963;2025/01/05;362.78;363;R6;VIP Event Access;5000.0;2025/04/16;5000.0
C0792;Michael;Thomas;michael.thomas792@example.com;555-6712;2023/01/23;Gold;14378;T03964;2025/02/12;485.89;486;;;;;
C0402;Sarah;Wilson;sarah.wilson402@example.com;555-9518;2024/05/26;Silver;9935;T03965;2025/03/21;103.85;104;;;;;
C0046;Jessica;Davis;jessica.davis46@example.com;555-7773;2024/01/24;Bronze;8322;T03966;2025/05/25;462.01;462;;;;;
C0823;Daniel;Taylor;daniel.taylor823@example.com;555-4540;2024/12/05;Silver;3065;T03967;2025/05/28;158.38;158;;;;;
C0855;Noah;Davis;noah.davis855@example.com;555-3257;2024/02/01;Bronze;11645;T03968;2025/01/27;373.13;373;;;;;
C0701;Liam;Taylor;liam.taylor701@example.com;555-4493;2024/02/08;Silver;7081;T03969;2025/05/14;549.18;549;R1;$5 Gift Voucher;500.0;2025/03/08;500.0
C0566;Emily;Martinez;emily.martinez566@example.com;555-8639;2024/05/25;Platinum;6237;T03970;2025/01/30;128.51;129;;;;;
C0932;Michael;Wilson;michael.wilson932@example.com;555-9435;2025/02/20;Silver;5905;T03971;2025/05/27;332.84;333;;;;;
C0304;Lucas;Johnson;lucas.johnson304@example.com;555-9341;2026/04/16;Silver;11246;T03972;2025/05/23;183.86;184;R3;Coffee Mug;1200.0;2025/01/19;1200.0
C0582;Ava;Wilson;ava.wilson582@example.com;555-2411;2024/01/18;Bronze;10342;T03973;2025/01/12;357.49;357;;;;;
C0534;James;Taylor;james.taylor534@example.com;555-5043;2022/07/01;Bronze;3618;T03974;2025/01/08;57.14;57;;;;;
C0518;John;Wilson;john.wilson518@example.com;555-5477;2022/03/31;Bronze;3835;T03975;2025/02/02;12.85;13;;;;;
C0603;Liam;Johnson;liam.johnson603@example.com;555-9494;2022/03/16;Bronze;4906;T03976;2025/05/24;243.85;244;R5;Free Shipping;750.0;2025/02/13;750.0
C0399;Sophia;Lee;sophia.lee399@example.com;555-7456;2022/11/18;Platinum;4068;T03977;2025/03/01;482.44;482;;;;;
C0822;Olivia;Smith;olivia.smith822@example.com;555-6061;2022/07/16;Gold;1052;T03978;2025/02/24;155.96;156;;;;;
C0496;Michael;Brown;michael.brown496@example.com;555-8555;2023/12/08;Bronze;8135;T03979;2025/06/01;511.27;511;;;;;
C0490;Emily;Lee;emily.lee490@example.com;555-4574;2025/11/18;Silver;8226;T03980;2025/06/05;541.56;542;;;;;
C0950;John;Brown;john.brown950@example.com;555-9511;2025/03/27;Gold;6746;T03981;2025/02/08;550.64;551;;;;;
C0471;Noah;Johnson;noah.johnson471@example.com;555-4987;2024/10/22;Platinum;8173;T03982;2025/02/10;291.81;292;;;;;
C0032;David;Lee;david.lee32@example.com;555-5324;2024/08/15;Bronze;6803;T03983;2025/02/20;167.63;168;;;;;
C0588;Michael;Thomas;michael.thomas588@example.com;555-6212;2023/11/16;Bronze;4475;T03984;2025/06/24;140.45;140;;;;;
C0754;Michael;Clark;michael.clark754@example.com;555-9860;2022/06/11;Bronze;8079;T03985;2025/01/28;42.63;43;;;;;
C0469;John;Taylor;john.taylor469@example.com;555-3956;2024/10/09;Silver;5725;T03986;2025/02/11;177.97;178;R3;Coffee Mug;1200.0;2025/06/18;1200.0
C0968;Daniel;Clark;daniel.clark968@example.com;555-3215;2022/08/09;Platinum;2837;T03987;2025/02/21;490.79;491;;;;;
C0413;Noah;Davis;noah.davis413@example.com;555-9590;2024/11/19;Gold;3802;T03988;2025/05/25;209.45;209;R5;Free Shipping;750.0;2025/04/08;750.0
C0276;Daniel;Martinez;daniel.martinez276@example.com;555-8573;2022/03/15;Gold;14518;T03989;2025/04/07;124.87;125;;;;;
C0599;Sophia;Wilson;sophia.wilson599@example.com;555-2621;2023/07/24;Platinum;3698;T03990;2025/04/29;300.39;300;;;;;
C0704;Lucas;Davis;lucas.davis704@example.com;555-6535;2025/01/03;Gold;12888;T03991;2025/03/09;152.01;152;;;;;
C0677;Lucas;Smith;lucas.smith677@example.com;555-8264;2023/09/19;Gold;12536;T03992;2025/06/08;547.09;547;;;;;
C0321;John;Smith;john.smith321@example.com;555-7839;2026/02/19;Silver;11784;T03993;2025/05/09;238.57;239;;;;;
C0150;Jessica;Anderson;jessica.anderson150@example.com;555-8856;2025/11/22;Silver;10234;T03994;2025/06/20;392.9;393;;;;;
C0898;David;Anderson;david.anderson898@example.com;555-8134;2025/08/07;Gold;14843;T03995;2025/02/18;29.48;29;;;;;
C0207;Ava;Lee;ava.lee207@example.com;555-7921;2024/09/25;Platinum;13023;T03996;2025/05/03;575.1;575;;;;;
C0571;Emma;Martinez;emma.martinez571@example.com;555-8467;2025/10/09;Bronze;7937;T03997;2025/02/28;261.17;261;;;;;
C0394;Olivia;Lee;olivia.lee394@example.com;555-5244;2022/03/24;Gold;13622;T03998;2025/02/11;579.63;580;;;;;
C0188;Sarah;Anderson;sarah.anderson188@example.com;555-1117;2025/11/19;Gold;3764;T03999;2025/06/11;67.64;68;R7;Wireless Earbuds;8000.0;2025/06/27;8000.0
C0129;Ava;Anderson;ava.anderson129@example.com;555-7177;2023/03/30;Bronze;2535;T04000;2025/06/05;327.32;327;;;;;
C0668;Ava;Moore;ava.moore668@example.com;555-2341;2022/06/22;Gold;5898;T04001;2025/03/24;580.25;580;;;;;
C0498;Sarah;Wilson;sarah.wilson498@example.com;555-2940;2022/02/13;Bronze;11280;T04002;2025/06/07;531.72;532;;;;;
C0661;John;Martinez;john.martinez661@example.com;555-9871;2022/04/02;Gold;2200;T04003;2025/04/20;477.88;478;;;;;
C0963;Daniel;Smith;daniel.smith963@example.com;555-9128;2023/04/05;Bronze;13075;T04004;2025/01/24;298.45;298;R5;Free Shipping;750.0;2025/01/07;750.0
C0268;Olivia;Lee;olivia.lee268@example.com;555-7391;2025/11/03;Gold;4480;T04005;2025/01/15;343.78;344;;;;;
C0535;James;Anderson;james.anderson535@example.com;555-1522;2024/05/09;Gold;5910;T04006;2025/05/06;455.29;455;;;;;
C0222;Emma;Lee;emma.lee222@example.com;555-6298;2024/12/08;Bronze;13254;T04007;2025/05/19;595.6;596;;;;;
C0661;John;Martinez;john.martinez661@example.com;555-9871;2022/04/02;Gold;2200;T04008;2025/03/25;162.66;163;;;;;
C0986;Noah;Brown;noah.brown986@example.com;555-2673;2025/03/23;Silver;7121;T04009;2025/03/26;244.54;245;;;;;
C0234;Sarah;Martinez;sarah.martinez234@example.com;555-9451;2025/04/10;Silver;4178;T04010;2025/04/05;191.36;191;R2;$10 Gift Voucher;1000.0;2025/04/05;1000.0
C0819;Ava;Martinez;ava.martinez819@example.com;555-4861;2024/04/01;Bronze;7636;T04011;2025/03/06;478.0;478;;;;;
C0934;Jessica;Smith;jessica.smith934@example.com;555-1231;2026/01/22;Gold;11323;T04012;2025/05/13;112.29;112;;;;;
C0133;Michael;Wilson;michael.wilson133@example.com;555-5094;2022/07/13;Bronze;7403;T04013;2025/03/30;437.45;437;;;;;
C0137;James;Anderson;james.anderson137@example.com;555-5048;2026/02/16;Bronze;13265;T04014;2025/01/30;386.94;387;;;;;
C0491;Jessica;Clark;jessica.clark491@example.com;555-4417;2023/09/27;Platinum;2293;T04015;2025/04/10;160.34;160;;;;;
C0728;Emma;Moore;emma.moore728@example.com;555-1018;2025/02/18;Platinum;10386;T04016;2025/03/17;450.49;450;R6;VIP Event Access;5000.0;2025/01/31;5000.0
C0032;David;Lee;david.lee32@example.com;555-5324;2024/08/15;Bronze;6803;T04017;2025/02/26;443.54;444;R5;Free Shipping;750.0;2025/02/20;750.0
C0519;Ava;Smith;ava.smith519@example.com;555-3225;2024/07/22;Bronze;10130;T04018;2025/03/06;155.61;156;;;;;
C0853;Mia;Anderson;mia.anderson853@example.com;555-1301;2025/09/10;Gold;369;T04019;2025/05/24;542.0;542;R1;$5 Gift Voucher;500.0;2025/04/17;500.0
C0675;Emma;Johnson;emma.johnson675@example.com;555-4655;2023/07/27;Platinum;5890;T04020;2025/03/21;250.04;250;;;;;
C0548;Michael;Martinez;michael.martinez548@example.com;555-7090;2024/11/02;Gold;9359;T04021;2025/02/23;47.36;47;R5;Free Shipping;750.0;2025/04/15;750.0
C0630;Emma;Davis;emma.davis630@example.com;555-7743;2024/08/04;Bronze;3298;T04022;2025/05/12;206.15;206;;;;;
C0300;Emma;Wilson;emma.wilson300@example.com;555-5787;2025/08/21;Silver;13937;T04023;2025/04/15;140.2;140;;;;;
C0285;Mia;Lee;mia.lee285@example.com;555-9794;2025/03/01;Bronze;1835;T04024;2025/04/25;212.71;213;;;;;
C0646;Noah;Brown;noah.brown646@example.com;555-5095;2022/02/04;Platinum;13928;T04025;2025/04/16;199.9;200;;;;;
C0159;Emma;Johnson;emma.johnson159@example.com;555-4489;2025/08/15;Bronze;11219;T04026;2025/06/12;61.68;62;;;;;
C0207;Ava;Lee;ava.lee207@example.com;555-7921;2024/09/25;Platinum;13023;T04027;2025/06/06;78.01;78;;;;;
C0529;John;Smith;john.smith529@example.com;555-6517;2023/12/22;Gold;9580;T04028;2025/02/19;374.24;374;;;;;
C0462;Lucas;Clark;lucas.clark462@example.com;555-9108;2023/12/15;Silver;7569;T04029;2025/03/14;22.15;22;R5;Free Shipping;750.0;2025/02/02;750.0
C0805;Sarah;Smith;sarah.smith805@example.com;555-1458;2025/10/16;Bronze;12995;T04030;2025/04/12;511.08;511;R6;VIP Event Access;5000.0;2025/02/12;5000.0
C0775;John;Martinez;john.martinez775@example.com;555-7435;2023/06/21;Bronze;1512;T04031;2025/02/15;327.64;328;;;;;
C0439;Mia;Davis;mia.davis439@example.com;555-3312;2022/04/28;Silver;5955;T04032;2025/05/22;338.98;339;R7;Wireless Earbuds;8000.0;2025/02/20;8000.0
C0212;Noah;Lee;noah.lee212@example.com;555-5978;2022/01/24;Platinum;8622;T04033;2025/04/17;55.95;56;;;;;
C0553;James;Davis;james.davis553@example.com;555-1561;2025/01/31;Gold;8901;T04034;2025/04/28;370.98;371;;;;;
C0330;John;Taylor;john.taylor330@example.com;555-7033;2026/04/01;Silver;122;T04035;2025/02/10;108.16;108;;;;;
C0888;Mia;Clark;mia.clark888@example.com;555-9368;2026/03/11;Bronze;3200;T04036;2025/04/07;169.08;169;;;;;
C0224;Emma;Martinez;emma.martinez224@example.com;555-7643;2022/04/16;Silver;10246;T04037;2025/02/06;487.96;488;;;;;
C0502;Olivia;Wilson;olivia.wilson502@example.com;555-2359;2026/01/10;Silver;11019;T04038;2025/01/13;192.74;193;;;;;
C0735;Liam;Johnson;liam.johnson735@example.com;555-5763;2025/04/01;Bronze;6274;T04039;2025/06/27;278.78;279;R2;$10 Gift Voucher;1000.0;2025/04/19;1000.0
C0623;James;Johnson;james.johnson623@example.com;555-6630;2023/02/05;Bronze;7766;T04040;2025/02/10;56.99;57;R5;Free Shipping;750.0;2025/04/26;750.0
C0807;Emily;Wilson;emily.wilson807@example.com;555-3553;2022/03/27;Bronze;12359;T04041;2025/01/27;334.03;334;;;;;
C0055;Olivia;Wilson;olivia.wilson55@example.com;555-5957;2026/01/09;Platinum;489;T04042;2025/05/06;325.71;326;;;;;
C0471;Noah;Johnson;noah.johnson471@example.com;555-4987;2024/10/22;Platinum;8173;T04043;2025/04/08;334.92;335;;;;;
C0750;Noah;Davis;noah.davis750@example.com;555-4671;2023/04/03;Bronze;11493;T04044;2025/05/26;250.98;251;R7;Wireless Earbuds;8000.0;2025/06/13;8000.0
C0056;Emma;Clark;emma.clark56@example.com;555-5605;2022/10/31;Bronze;10581;T04045;2025/06/25;347.0;347;;;;;
C0397;Emily;Martinez;emily.martinez397@example.com;555-9588;2024/12/02;Silver;5540;T04046;2025/05/05;144.57;145;;;;;
C0096;Michael;Brown;michael.brown96@example.com;555-6234;2024/08/19;Bronze;5613;T04047;2025/06/08;551.08;551;;;;;
C0883;Lucas;Anderson;lucas.anderson883@example.com;555-7398;2024/07/05;Bronze;355;T04048;2025/04/09;397.55;398;;;;;
C0572;John;Davis;john.davis572@example.com;555-7103;2025/05/06;Platinum;14185;T04049;2025/03/22;236.7;237;;;;;
C0796;Emma;Martinez;emma.martinez796@example.com;555-6899;2022/01/07;Platinum;4641;T04050;2025/03/24;22.85;23;;;;;
C0242;Daniel;Johnson;daniel.johnson242@example.com;555-5509;2024/10/21;Silver;11702;T04051;2025/04/17;156.81;157;;;;;
C0700;Jessica;Brown;jessica.brown700@example.com;555-5270;2026/01/15;Silver;9268;T04052;2025/02/25;468.52;469;;;;;
C0744;Emily;Thomas;emily.thomas744@example.com;555-3255;2025/11/06;Bronze;2550;T04053;2025/06/25;364.6;365;;;;;
C0864;Lucas;Johnson;lucas.johnson864@example.com;555-7800;2024/03/30;Silver;2753;T04054;2025/01/21;85.67;86;R3;Coffee Mug;1200.0;2025/02/04;1200.0
C0911;Olivia;Davis;olivia.davis911@example.com;555-1444;2023/06/26;Gold;9186;T04055;2025/04/17;488.64;489;;;;;
C0407;Noah;Lee;noah.lee407@example.com;555-7685;2025/03/28;Bronze;8465;T04056;2025/03/04;156.32;156;;;;;
C0120;Sarah;Taylor;sarah.taylor120@example.com;555-7225;2025/04/05;Silver;12987;T04057;2025/01/17;373.16;373;;;;;
C0776;Jessica;Thomas;jessica.thomas776@example.com;555-3846;2023/11/25;Gold;1008;T04058;2025/05/22;51.19;51;;;;;
C0449;John;Davis;john.davis449@example.com;555-7024;2022/10/12;Gold;12675;T04059;2025/05/23;580.71;581;;;;;
C0965;Lucas;Anderson;lucas.anderson965@example.com;555-1874;2025/05/27;Bronze;9871;T04060;2025/05/31;46.34;46;;;;;
C0384;Daniel;Martinez;daniel.martinez384@example.com;555-2017;2022/02/04;Bronze;7454;T04061;2025/06/07;95.41;95;;;;;
C0343;Jessica;Davis;jessica.davis343@example.com;555-6889;2025/02/07;Bronze;4566;T04062;2025/06/26;576.23;576;;;;;
C0211;Mia;Wilson;mia.wilson211@example.com;555-8781;2022/11/23;Silver;8904;T04063;2025/01/12;491.8;492;;;;;
C0008;James;Moore;james.moore8@example.com;555-4263;2024/12/10;Gold;14037;T04064;2025/04/30;301.97;302;R7;Wireless Earbuds;8000.0;2025/03/04;8000.0
C0895;Noah;Taylor;noah.taylor895@example.com;555-9008;2024/04/29;Bronze;9731;T04065;2025/01/01;33.91;34;R1;$5 Gift Voucher;500.0;2025/05/14;500.0
C0709;John;Thomas;john.thomas709@example.com;555-7029;2025/03/25;Silver;14035;T04066;2025/02/15;96.33;96;;;;;
C0287;Emily;Brown;emily.brown287@example.com;555-5469;2024/04/05;Platinum;8321;T04067;2025/06/11;125.26;125;;;;;
C0229;Sophia;Taylor;sophia.taylor229@example.com;555-1855;2024/01/20;Silver;1887;T04068;2025/05/25;153.59;154;;;;;
C0858;Emma;Clark;emma.clark858@example.com;555-6114;2025/12/08;Silver;1456;T04069;2025/04/29;409.27;409;R3;Coffee Mug;1200.0;2025/04/20;1200.0
C0953;Sarah;Taylor;sarah.taylor953@example.com;555-5979;2026/03/12;Bronze;2878;T04070;2025/01/10;55.07;55;R5;Free Shipping;750.0;2025/01/02;750.0
C0277;Sarah;Davis;sarah.davis277@example.com;555-1362;2024/03/06;Silver;2043;T04071;2025/01/10;526.73;527;;;;;
C0553;James;Davis;james.davis553@example.com;555-1561;2025/01/31;Gold;8901;T04072;2025/02/24;242.48;242;;;;;
C0276;Daniel;Martinez;daniel.martinez276@example.com;555-8573;2022/03/15;Gold;14518;T04073;2025/03/18;172.24;172;R4;T-Shirt;2500.0;2025/04/25;2500.0
C0698;Noah;Martinez;noah.martinez698@example.com;555-2272;2026/05/19;Silver;13746;T04074;2025/01/18;163.94;164;;;;;
C0103;David;Taylor;david.taylor103@example.com;555-7929;2024/04/07;Bronze;10710;T04075;2025/01/26;263.11;263;;;;;
C0840;Liam;Thomas;liam.thomas840@example.com;555-7270;2024/10/27;Bronze;9428;T04076;2025/05/11;453.2;453;;;;;
C0739;Sophia;Anderson;sophia.anderson739@example.com;555-2572;2022/06/10;Silver;1878;T04077;2025/04/07;386.74;387;;;;;
C0726;David;Smith;david.smith726@example.com;555-2985;2022/11/13;Bronze;3663;T04078;2025/03/31;206.84;207;;;;;
C0842;Liam;Smith;liam.smith842@example.com;555-2063;2025/09/11;Bronze;3669;T04079;2025/05/10;325.42;325;;;;;
C0425;Emily;Lee;emily.lee425@example.com;555-6635;2022/09/06;Silver;9699;T04080;2025/05/02;107.67;108;;;;;
C0298;Ava;Moore;ava.moore298@example.com;555-5918;2023/03/26;Bronze;8672;T04081;2025/06/20;442.69;443;;;;;
C0579;Emily;Thomas;emily.thomas579@example.com;555-6431;2025/08/01;Silver;7542;T04082;2025/05/10;180.79;181;;;;;
C0941;Lucas;Lee;lucas.lee941@example.com;555-4333;2025/12/31;Bronze;2825;T04083;2025/06/09;250.13;250;R4;T-Shirt;2500.0;2025/05/15;2500.0
C0199;James;Anderson;james.anderson199@example.com;555-9065;2025/09/26;Silver;14769;T04084;2025/02/02;243.26;243;R1;$5 Gift Voucher;500.0;2025/04/23;500.0
C0983;Olivia;Lee;olivia.lee983@example.com;555-6283;2026/04/13;Bronze;13458;T04085;2025/05/04;447.77;448;;;;;
C0217;Daniel;Lee;daniel.lee217@example.com;555-1143;2023/06/10;Gold;2028;T04086;2025/03/29;37.82;38;R7;Wireless Earbuds;8000.0;2025/02/04;8000.0
C0309;Emma;Johnson;emma.johnson309@example.com;555-4231;2022/09/06;Silver;1495;T04087;2025/01/20;362.31;362;;;;;
C0130;Jessica;Martinez;jessica.martinez130@example.com;555-3433;2022/09/17;Gold;8597;T04088;2025/03/26;165.56;166;;;;;
C0091;John;Anderson;john.anderson91@example.com;555-5741;2024/05/24;Silver;12209;T04089;2025/06/23;81.7;82;;;;;
C0575;Emma;Davis;emma.davis575@example.com;555-5694;2022/05/31;Bronze;1610;T04090;2025/05/06;466.98;467;R4;T-Shirt;2500.0;2025/03/18;2500.0
C0621;Mia;Davis;mia.davis621@example.com;555-9571;2024/01/14;Silver;3501;T04091;2025/02/16;508.65;509;R7;Wireless Earbuds;8000.0;2025/01/17;8000.0
C0946;Michael;Taylor;michael.taylor946@example.com;555-5001;2025/10/07;Platinum;4361;T04092;2025/04/09;280.16;280;R1;$5 Gift Voucher;500.0;2025/06/15;500.0
C0627;Emily;Davis;emily.davis627@example.com;555-5118;2023/04/14;Gold;9311;T04093;2025/05/19;469.34;469;;;;;
C0899;Sarah;Martinez;sarah.martinez899@example.com;555-4192;2022/11/10;Silver;13742;T04094;2025/01/20;377.2;377;R6;VIP Event Access;5000.0;2025/03/10;5000.0
C0935;Noah;Clark;noah.clark935@example.com;555-4366;2025/11/18;Silver;919;T04095;2025/02/07;146.89;147;R3;Coffee Mug;1200.0;2025/01/21;1200.0
C0697;David;Johnson;david.johnson697@example.com;555-8576;2024/02/11;Silver;9742;T04096;2025/05/02;584.85;585;;;;;
C0224;Emma;Martinez;emma.martinez224@example.com;555-7643;2022/04/16;Silver;10246;T04097;2025/05/22;35.26;35;R3;Coffee Mug;1200.0;2025/01/01;1200.0
C0176;David;Martinez;david.martinez176@example.com;555-8327;2026/02/19;Bronze;5510;T04098;2025/02/11;81.71;82;;;;;
C0175;Emily;Brown;emily.brown175@example.com;555-7415;2022/06/11;Bronze;9556;T04099;2025/03/15;479.07;479;R6;VIP Event Access;5000.0;2025/04/11;5000.0
C0140;James;Clark;james.clark140@example.com;555-9228;2024/02/21;Silver;8442;T04100;2025/03/21;423.89;424;;;;;
C0086;John;Wilson;john.wilson86@example.com;555-2570;2025/01/01;Bronze;5318;T04101;2025/05/05;15.89;16;R3;Coffee Mug;1200.0;2025/01/06;1200.0
C0735;Liam;Johnson;liam.johnson735@example.com;555-5763;2025/04/01;Bronze;6274;T04102;2025/05/03;384.51;385;;;;;
C0081;Daniel;Taylor;daniel.taylor81@example.com;555-1435;2024/04/07;Platinum;3665;T04103;2025/03/22;425.12;425;;;;;
C0800;David;Anderson;david.anderson800@example.com;555-5620;2023/04/27;Bronze;1869;T04104;2025/01/22;90.24;90;R6;VIP Event Access;5000.0;2025/03/21;5000.0
C0440;Lucas;Taylor;lucas.taylor440@example.com;555-2620;2022/11/06;Platinum;4274;T04105;2025/02/21;141.32;141;;;;;
C0205;Lucas;Clark;lucas.clark205@example.com;555-5995;2022/09/28;Gold;7930;T04106;2025/03/13;48.64;49;;;;;
C0963;Daniel;Smith;daniel.smith963@example.com;555-9128;2023/04/05;Bronze;13075;T04107;2025/01/06;118.63;119;R6;VIP Event Access;5000.0;2025/04/15;5000.0
C0864;Lucas;Johnson;lucas.johnson864@example.com;555-7800;2024/03/30;Silver;2753;T04108;2025/01/14;268.72;269;R6;VIP Event Access;5000.0;2025/02/17;5000.0
C0845;Olivia;Taylor;olivia.taylor845@example.com;555-5590;2022/02/11;Bronze;12630;T04109;2025/03/01;200.87;201;;;;;
C0551;Emily;Martinez;emily.martinez551@example.com;555-1223;2022/07/06;Gold;4627;T04110;2025/02/09;171.35;171;;;;;
C0610;Lucas;Wilson;lucas.wilson610@example.com;555-7516;2026/05/05;Bronze;9813;T04111;2025/06/13;273.23;273;;;;;
C0529;John;Smith;john.smith529@example.com;555-6517;2023/12/22;Gold;9580;T04112;2025/03/11;173.25;173;R3;Coffee Mug;1200.0;2025/04/09;1200.0
C0891;James;Moore;james.moore891@example.com;555-9645;2025/05/29;Silver;37;T04113;2025/04/11;237.23;237;;;;;
C0558;Liam;Thomas;liam.thomas558@example.com;555-8944;2023/11/24;Gold;11927;T04114;2025/01/26;435.09;435;R5;Free Shipping;750.0;2025/06/21;750.0
C0515;Olivia;Lee;olivia.lee515@example.com;555-3806;2025/06/20;Gold;4371;T04115;2025/05/25;130.83;131;R6;VIP Event Access;5000.0;2025/02/15;5000.0
C0135;Sophia;Thomas;sophia.thomas135@example.com;555-5286;2024/05/31;Silver;10758;T04116;2025/06/16;391.71;392;;;;;
C0605;Michael;Anderson;michael.anderson605@example.com;555-1301;2022/01/27;Gold;8591;T04117;2025/06/29;235.9;236;;;;;
C0869;Noah;Smith;noah.smith869@example.com;555-9117;2025/11/30;Silver;2977;T04118;2025/06/30;118.37;118;;;;;
C0797;David;Thomas;david.thomas797@example.com;555-3033;2024/08/15;Bronze;4809;T04119;2025/03/18;49.41;49;;;;;
C0353;Sarah;Smith;sarah.smith353@example.com;555-9313;2026/04/13;Gold;14856;T04120;2025/06/04;407.15;407;R3;Coffee Mug;1200.0;2025/05/09;1200.0
C0572;John;Davis;john.davis572@example.com;555-7103;2025/05/06;Platinum;14185;T04121;2025/05/16;509.31;509;R1;$5 Gift Voucher;500.0;2025/04/06;500.0
C0943;Liam;Smith;liam.smith943@example.com;555-4580;2022/04/09;Platinum;2395;T04122;2025/05/03;359.89;360;;;;;
C0436;Daniel;Johnson;daniel.johnson436@example.com;555-2035;2023/11/01;Bronze;14527;T04123;2025/01/26;108.04;108;;;;;
C0939;Jessica;Lee;jessica.lee939@example.com;555-7449;2022/10/27;Bronze;125;T04124;2025/05/05;234.73;235;R6;VIP Event Access;5000.0;2025/06/22;5000.0
C0436;Daniel;Johnson;daniel.johnson436@example.com;555-2035;2023/11/01;Bronze;14527;T04125;2025/02/28;446.23;446;R5;Free Shipping;750.0;2025/03/23;750.0
C0043;David;Smith;david.smith43@example.com;555-4757;2022/08/25;Silver;954;T04126;2025/03/21;228.96;229;R6;VIP Event Access;5000.0;2025/03/09;5000.0
C0314;Lucas;Wilson;lucas.wilson314@example.com;555-1061;2022/12/09;Gold;12217;T04127;2025/03/10;494.99;495;R4;T-Shirt;2500.0;2025/02/19;2500.0
C0337;Mia;Brown;mia.brown337@example.com;555-3992;2024/08/17;Silver;11420;T04128;2025/05/09;312.98;313;R7;Wireless Earbuds;8000.0;2025/01/17;8000.0
C0660;Daniel;Martinez;daniel.martinez660@example.com;555-2405;2023/08/03;Bronze;3836;T04129;2025/05/04;178.49;178;;;;;
C0905;Jessica;Martinez;jessica.martinez905@example.com;555-5670;2026/04/24;Gold;5090;T04130;2025/02/10;246.28;246;;;;;
C0639;Jessica;Clark;jessica.clark639@example.com;555-6183;2025/09/09;Bronze;676;T04131;2025/02/15;478.91;479;;;;;
C0610;Lucas;Wilson;lucas.wilson610@example.com;555-7516;2026/05/05;Bronze;9813;T04132;2025/06/16;401.96;402;;;;;
C0294;Daniel;Clark;daniel.clark294@example.com;555-6338;2025/09/16;Silver;13074;T04133;2025/02/25;271.23;271;R5;Free Shipping;750.0;2025/05/05;750.0
C0208;Olivia;Martinez;olivia.martinez208@example.com;555-2430;2025/01/07;Silver;11225;T04134;2025/06/30;550.9;551;R6;VIP Event Access;5000.0;2025/01/11;5000.0
C0239;Noah;Clark;noah.clark239@example.com;555-8078;2023/03/14;Silver;5523;T04135;2025/05/12;323.76;324;;;;;
C0485;Emma;Martinez;emma.martinez485@example.com;555-2534;2024/08/30;Silver;11310;T04136;2025/02/27;192.35;192;;;;;
C0823;Daniel;Taylor;daniel.taylor823@example.com;555-4540;2024/12/05;Silver;3065;T04137;2025/06/16;214.52;215;;;;;
C0466;Sophia;Martinez;sophia.martinez466@example.com;555-6091;2023/10/07;Bronze;8552;T04138;2025/01/14;505.44;505;;;;;
C0442;John;Taylor;john.taylor442@example.com;555-8090;2022/09/11;Platinum;7001;T04139;2025/04/21;275.75;276;;;;;
C0705;David;Brown;david.brown705@example.com;555-9395;2024/11/23;Platinum;9161;T04140;2025/02/28;501.66;502;;;;;
C0045;Ava;Taylor;ava.taylor45@example.com;555-8034;2025/03/28;Gold;10750;T04141;2025/06/26;345.85;346;;;;;
C0377;David;Lee;david.lee377@example.com;555-9257;2024/08/21;Silver;8903;T04142;2025/06/03;194.25;194;;;;;
C0483;John;Anderson;john.anderson483@example.com;555-4937;2026/03/02;Silver;11347;T04143;2025/03/16;421.42;421;;;;;
C0716;Jessica;Clark;jessica.clark716@example.com;555-2125;2023/06/07;Bronze;11252;T04144;2025/05/01;340.85;341;;;;;
C0025;Emily;Wilson;emily.wilson25@example.com;555-2572;2025/02/04;Silver;4036;T04145;2025/02/09;283.71;284;;;;;
C0330;John;Taylor;john.taylor330@example.com;555-7033;2026/04/01;Silver;122;T04146;2025/03/10;569.53;570;R4;T-Shirt;2500.0;2025/01/10;2500.0
C0278;Lucas;Brown;lucas.brown278@example.com;555-2027;2024/05/12;Bronze;13045;T04147;2025/04/19;24.96;25;R5;Free Shipping;750.0;2025/06/18;750.0
C0306;Emma;Thomas;emma.thomas306@example.com;555-2893;2024/07/11;Platinum;9978;T04148;2025/03/21;494.88;495;R2;$10 Gift Voucher;1000.0;2025/05/28;1000.0
C0023;Liam;Clark;liam.clark23@example.com;555-8013;2022/10/16;Silver;6743;T04149;2025/01/10;258.1;258;;;;;
C0837;James;Moore;james.moore837@example.com;555-5611;2025/06/25;Silver;1104;T04150;2025/06/08;99.79;100;;;;;
C0097;David;Moore;david.moore97@example.com;555-2969;2024/04/16;Bronze;7207;T04151;2025/04/11;164.35;164;;;;;
C0149;Mia;Smith;mia.smith149@example.com;555-9264;2026/03/14;Silver;7344;T04152;2025/03/10;579.65;580;;;;;
C0351;Olivia;Lee;olivia.lee351@example.com;555-6591;2025/10/13;Platinum;12779;T04153;2025/05/17;236.05;236;;;;;
C0235;Emily;Thomas;emily.thomas235@example.com;555-1678;2023/10/02;Silver;5289;T04154;2025/05/08;571.96;572;;;;;
C0840;Liam;Thomas;liam.thomas840@example.com;555-7270;2024/10/27;Bronze;9428;T04155;2025/01/01;129.07;129;;;;;
C0616;Noah;Martinez;noah.martinez616@example.com;555-9026;2022/09/25;Bronze;220;T04156;2025/04/07;96.64;97;;;;;
C0837;James;Moore;james.moore837@example.com;555-5611;2025/06/25;Silver;1104;T04157;2025/03/19;69.29;69;;;;;
C0857;Michael;Taylor;michael.taylor857@example.com;555-6780;2025/05/14;Gold;7148;T04158;2025/05/01;397.46;397;;;;;
C0218;Lucas;Thomas;lucas.thomas218@example.com;555-8489;2026/04/22;Bronze;14789;T04159;2025/02/28;260.57;261;;;;;
C0274;Olivia;Smith;olivia.smith274@example.com;555-7435;2023/11/05;Silver;9343;T04160;2025/02/06;432.2;432;;;;;
C0097;David;Moore;david.moore97@example.com;555-2969;2024/04/16;Bronze;7207;T04161;2025/04/09;77.96;78;;;;;
C0348;Lucas;Smith;lucas.smith348@example.com;555-3612;2024/09/02;Silver;210;T04162;2025/04/01;114.83;115;;;;;
C0625;Mia;Brown;mia.brown625@example.com;555-4979;2025/11/17;Silver;5810;T04163;2025/03/17;56.74;57;;;;;
C0428;Lucas;Moore;lucas.moore428@example.com;555-4336;2023/03/09;Bronze;5126;T04164;2025/02/22;53.37;53;R1;$5 Gift Voucher;500.0;2025/03/02;500.0
C0157;Liam;Thomas;liam.thomas157@example.com;555-2051;2024/08/05;Platinum;1297;T04165;2025/04/05;371.81;372;R7;Wireless Earbuds;8000.0;2025/01/28;8000.0
C0727;James;Johnson;james.johnson727@example.com;555-9361;2024/12/16;Gold;7738;T04166;2025/01/28;226.18;226;;;;;
C0030;Noah;Martinez;noah.martinez30@example.com;555-5336;2023/03/24;Silver;14930;T04167;2025/02/27;307.86;308;;;;;
C0783;Lucas;Brown;lucas.brown783@example.com;555-2380;2022/01/05;Bronze;7575;T04168;2025/01/30;89.64;90;R5;Free Shipping;750.0;2025/04/25;750.0
C0692;Daniel;Anderson;daniel.anderson692@example.com;555-6657;2022/03/11;Silver;9393;T04169;2025/02/16;12.4;12;;;;;
C0959;John;Brown;john.brown959@example.com;555-4080;2024/08/07;Gold;1624;T04170;2025/04/16;371.32;371;R2;$10 Gift Voucher;1000.0;2025/01/28;1000.0
C0419;Sophia;Wilson;sophia.wilson419@example.com;555-5840;2024/10/01;Gold;11864;T04171;2025/01/13;506.5;506;;;;;
C0700;Jessica;Brown;jessica.brown700@example.com;555-5270;2026/01/15;Silver;9268;T04172;2025/05/28;519.28;519;R7;Wireless Earbuds;8000.0;2025/01/10;8000.0
C0851;Emma;Taylor;emma.taylor851@example.com;555-9958;2024/08/15;Bronze;5964;T04173;2025/02/07;122.98;123;;;;;
C0122;Emily;Wilson;emily.wilson122@example.com;555-1759;2025/01/23;Gold;12468;T04174;2025/05/21;398.83;399;;;;;
C0837;James;Moore;james.moore837@example.com;555-5611;2025/06/25;Silver;1104;T04175;2025/06/16;337.48;337;;;;;
C0089;Liam;Taylor;liam.taylor89@example.com;555-8425;2025/01/20;Gold;3248;T04176;2025/01/13;371.96;372;;;;;
C0278;Lucas;Brown;lucas.brown278@example.com;555-2027;2024/05/12;Bronze;13045;T04177;2025/06/13;543.52;544;;;;;
C0541;Liam;Thomas;liam.thomas541@example.com;555-1552;2023/01/27;Gold;11368;T04178;2025/06/21;503.72;504;;;;;
C0495;Lucas;Brown;lucas.brown495@example.com;555-4320;2022/12/19;Bronze;13538;T04179;2025/06/09;487.21;487;;;;;
C0528;Emma;Smith;emma.smith528@example.com;555-9296;2024/11/20;Bronze;4244;T04180;2025/06/01;439.47;439;;;;;
C0823;Daniel;Taylor;daniel.taylor823@example.com;555-4540;2024/12/05;Silver;3065;T04181;2025/05/20;219.69;220;;;;;
C0499;Mia;Wilson;mia.wilson499@example.com;555-1056;2022/11/17;Gold;7081;T04182;2025/04/06;318.58;319;R4;T-Shirt;2500.0;2025/05/02;2500.0
C0866;Mia;Clark;mia.clark866@example.com;555-8768;2023/04/08;Gold;5004;T04183;2025/05/30;242.25;242;R4;T-Shirt;2500.0;2025/03/02;2500.0
C0750;Noah;Davis;noah.davis750@example.com;555-4671;2023/04/03;Bronze;11493;T04184;2025/01/04;555.23;555;;;;;
C0049;Noah;Clark;noah.clark49@example.com;555-9202;2023/04/07;Bronze;4995;T04185;2025/04/08;543.6;544;;;;;
C0543;Mia;Lee;mia.lee543@example.com;555-5223;2025/10/21;Silver;641;T04186;2025/02/12;569.25;569;R2;$10 Gift Voucher;1000.0;2025/03/18;1000.0
C0682;Ava;Davis;ava.davis682@example.com;555-9512;2025/10/22;Gold;11429;T04187;2025/05/17;500.28;500;R3;Coffee Mug;1200.0;2025/03/08;1200.0
C0500;John;Clark;john.clark500@example.com;555-2513;2025/12/05;Gold;11625;T04188;2025/01/10;197.91;198;R7;Wireless Earbuds;8000.0;2025/06/22;8000.0
C0600;Lucas;Lee;lucas.lee600@example.com;555-1794;2022/11/04;Silver;11450;T04189;2025/03/19;33.13;33;;;;;
C0104;Sophia;Wilson;sophia.wilson104@example.com;555-3602;2023/03/14;Silver;11762;T04190;2025/04/25;429.98;430;;;;;
C0130;Jessica;Martinez;jessica.martinez130@example.com;555-3433;2022/09/17;Gold;8597;T04191;2025/01/26;133.11;133;;;;;
C0478;David;Brown;david.brown478@example.com;555-6115;2025/10/06;Silver;12891;T04192;2025/01/11;141.18;141;R7;Wireless Earbuds;8000.0;2025/05/28;8000.0
C0900;Emily;Clark;emily.clark900@example.com;555-7639;2024/09/23;Gold;5921;T04193;2025/02/12;519.99;520;R6;VIP Event Access;5000.0;2025/06/27;5000.0
C0107;John;Martinez;john.martinez107@example.com;555-2120;2026/02/11;Silver;12053;T04194;2025/02/03;111.49;111;;;;;
C0218;Lucas;Thomas;lucas.thomas218@example.com;555-8489;2026/04/22;Bronze;14789;T04195;2025/05/09;354.21;354;;;;;
C0887;Liam;Wilson;liam.wilson887@example.com;555-1499;2024/08/20;Platinum;3422;T04196;2025/02/04;258.27;258;R1;$5 Gift Voucher;500.0;2025/02/14;500.0
C0895;Noah;Taylor;noah.taylor895@example.com;555-9008;2024/04/29;Bronze;9731;T04197;2025/01/06;91.73;92;;;;;
C0113;Michael;Moore;michael.moore113@example.com;555-5808;2022/12/26;Gold;12406;T04198;2025/06/27;484.47;484;;;;;
C0323;Daniel;Brown;daniel.brown323@example.com;555-4663;2022/04/28;Platinum;11991;T04199;2025/05/22;371.86;372;R3;Coffee Mug;1200.0;2025/02/04;1200.0
C0297;Olivia;Thomas;olivia.thomas297@example.com;555-5835;2024/07/09;Silver;3083;T04200;2025/02/03;372.99;373;R2;$10 Gift Voucher;1000.0;2025/05/15;1000.0
C0031;Jessica;Moore;jessica.moore31@example.com;555-9944;2025/08/11;Silver;1898;T04201;2025/06/20;19.64;20;;;;;
C0338;Lucas;Lee;lucas.lee338@example.com;555-7778;2025/01/09;Gold;11844;T04202;2025/03/16;443.63;444;;;;;
C0989;David;Thomas;david.thomas989@example.com;555-6046;2022/12/05;Bronze;4820;T04203;2025/06/20;221.29;221;;;;;
C0160;Jessica;Martinez;jessica.martinez160@example.com;555-9290;2025/02/19;Gold;4645;T04204;2025/05/30;158.4;158;;;;;
C0956;James;Lee;james.lee956@example.com;555-6789;2025/07/15;Gold;5324;T04205;2025/03/19;440.61;441;;;;;
C0318;Ava;Martinez;ava.martinez318@example.com;555-8539;2026/03/19;Gold;9302;T04206;2025/05/09;414.5;414;;;;;
C0460;David;Moore;david.moore460@example.com;555-1203;2022/01/15;Silver;11320;T04207;2025/01/12;485.9;486;;;;;
C0190;Sophia;Davis;sophia.davis190@example.com;555-4066;2025/04/20;Silver;8425;T04208;2025/06/13;418.52;419;;;;;
C0194;Olivia;Smith;olivia.smith194@example.com;555-7391;2024/01/08;Gold;2815;T04209;2025/05/04;553.06;553;;;;;
C0860;John;Martinez;john.martinez860@example.com;555-4347;2025/02/19;Bronze;7223;T04210;2025/05/18;503.64;504;;;;;
C0363;Olivia;Clark;olivia.clark363@example.com;555-1364;2023/07/25;Bronze;3107;T04211;2025/05/12;155.67;156;;;;;
C0080;Sarah;Moore;sarah.moore80@example.com;555-8562;2025/07/23;Bronze;1051;T04212;2025/04/07;277.01;277;;;;;
C0479;Daniel;Anderson;daniel.anderson479@example.com;555-3700;2022/10/31;Silver;1133;T04213;2025/06/10;155.02;155;R6;VIP Event Access;5000.0;2025/05/16;5000.0
C0224;Emma;Martinez;emma.martinez224@example.com;555-7643;2022/04/16;Silver;10246;T04214;2025/05/02;347.79;348;R2;$10 Gift Voucher;1000.0;2025/01/01;1000.0
C0769;Olivia;Wilson;olivia.wilson769@example.com;555-8221;2022/11/23;Platinum;12318;T04215;2025/05/13;379.67;380;R5;Free Shipping;750.0;2025/02/08;750.0
C0532;Jessica;Wilson;jessica.wilson532@example.com;555-8230;2025/04/17;Bronze;14508;T04216;2025/06/14;410.51;411;R4;T-Shirt;2500.0;2025/01/24;2500.0
C0788;Mia;Smith;mia.smith788@example.com;555-4810;2022/09/06;Silver;5215;T04217;2025/03/06;499.16;499;R3;Coffee Mug;1200.0;2025/03/25;1200.0
C0583;Ava;Brown;ava.brown583@example.com;555-7899;2022/01/18;Platinum;3669;T04218;2025/05/08;449.36;449;;;;;
C0728;Emma;Moore;emma.moore728@example.com;555-1018;2025/02/18;Platinum;10386;T04219;2025/03/14;414.3;414;;;;;
C0670;Sarah;Moore;sarah.moore670@example.com;555-1622;2025/09/29;Bronze;8164;T04220;2025/01/04;185.54;186;;;;;
C0217;Daniel;Lee;daniel.lee217@example.com;555-1143;2023/06/10;Gold;2028;T04221;2025/06/07;17.84;18;;;;;
C0727;James;Johnson;james.johnson727@example.com;555-9361;2024/12/16;Gold;7738;T04222;2025/06/23;350.48;350;;;;;
C0726;David;Smith;david.smith726@example.com;555-2985;2022/11/13;Bronze;3663;T04223;2025/06/03;406.82;407;;;;;
C0580;Michael;Wilson;michael.wilson580@example.com;555-5378;2023/03/02;Gold;2794;T04224;2025/05/09;65.7;66;;;;;
C0607;Noah;Wilson;noah.wilson607@example.com;555-9110;2025/02/17;Bronze;6789;T04225;2025/04/24;494.5;494;;;;;
C0577;Emma;Wilson;emma.wilson577@example.com;555-4927;2022/02/27;Gold;8539;T04226;2025/01/09;12.76;13;;;;;
C0806;Sarah;Moore;sarah.moore806@example.com;555-7486;2022/11/01;Bronze;2139;T04227;2025/02/19;262.99;263;R4;T-Shirt;2500.0;2025/02/06;2500.0
C0297;Olivia;Thomas;olivia.thomas297@example.com;555-5835;2024/07/09;Silver;3083;T04228;2025/06/04;577.95;578;;;;;
C0574;Ava;Smith;ava.smith574@example.com;555-3233;2024/02/16;Silver;7234;T04229;2025/01/30;235.1;235;;;;;
C0005;Lucas;Martinez;lucas.martinez5@example.com;555-6848;2022/07/19;Platinum;9205;T04230;2025/05/26;164.11;164;R7;Wireless Earbuds;8000.0;2025/02/16;8000.0
C0233;Liam;Smith;liam.smith233@example.com;555-3084;2023/11/24;Gold;10175;T04231;2025/02/27;26.56;27;R1;$5 Gift Voucher;500.0;2025/05/11;500.0
C0417;Michael;Taylor;michael.taylor417@example.com;555-5586;2023/10/29;Platinum;9086;T04232;2025/04/05;507.47;507;;;;;
C0245;Liam;Thomas;liam.thomas245@example.com;555-9247;2025/08/28;Silver;7525;T04233;2025/05/06;534.97;535;;;;;
C0658;David;Lee;david.lee658@example.com;555-6176;2025/08/18;Bronze;1631;T04234;2025/06/04;570.92;571;R3;Coffee Mug;1200.0;2025/04/22;1200.0
C0286;Lucas;Smith;lucas.smith286@example.com;555-3686;2026/02/17;Bronze;3824;T04235;2025/04/06;532.0;532;R7;Wireless Earbuds;8000.0;2025/05/31;8000.0
C0005;Lucas;Martinez;lucas.martinez5@example.com;555-6848;2022/07/19;Platinum;9205;T04236;2025/05/19;89.16;89;;;;;
C0894;Lucas;Moore;lucas.moore894@example.com;555-5694;2023/05/11;Gold;8281;T04237;2025/01/01;308.75;309;;;;;
C0289;David;Thomas;david.thomas289@example.com;555-8559;2025/11/11;Bronze;5685;T04238;2025/06/09;301.13;301;R3;Coffee Mug;1200.0;2025/01/03;1200.0
C0081;Daniel;Taylor;daniel.taylor81@example.com;555-1435;2024/04/07;Platinum;3665;T04239;2025/06/28;116.01;116;R7;Wireless Earbuds;8000.0;2025/03/17;8000.0
C0759;David;Smith;david.smith759@example.com;555-7442;2024/03/18;Gold;13745;T04240;2025/04/11;460.13;460;;;;;
C0253;Olivia;Johnson;olivia.johnson253@example.com;555-7498;2025/11/22;Platinum;11009;T04241;2025/03/26;446.38;446;;;;;
C0359;Olivia;Davis;olivia.davis359@example.com;555-5015;2023/04/20;Bronze;3686;T04242;2025/04/30;239.92;240;;;;;
C0931;Ava;Johnson;ava.johnson931@example.com;555-2134;2024/02/04;Silver;9484;T04243;2025/05/07;376.9;377;;;;;
C0365;Ava;Brown;ava.brown365@example.com;555-2288;2024/10/05;Bronze;935;T04244;2025/02/27;488.63;489;;;;;
C0234;Sarah;Martinez;sarah.martinez234@example.com;555-9451;2025/04/10;Silver;4178;T04245;2025/04/22;532.77;533;;;;;
C0803;Noah;Smith;noah.smith803@example.com;555-8384;2023/10/12;Bronze;9502;T04246;2025/03/03;437.79;438;;;;;
C0005;Lucas;Martinez;lucas.martinez5@example.com;555-6848;2022/07/19;Platinum;9205;T04247;2025/02/26;166.44;166;;;;;
C0047;Jessica;Martinez;jessica.martinez47@example.com;555-2166;2024/07/15;Gold;7737;T04248;2025/04/10;294.25;294;;;;;
C0199;James;Anderson;james.anderson199@example.com;555-9065;2025/09/26;Silver;14769;T04249;2025/05/05;472.69;473;;;;;
C0534;James;Taylor;james.taylor534@example.com;555-5043;2022/07/01;Bronze;3618;T04250;2025/01/23;508.4;508;R3;Coffee Mug;1200.0;2025/03/27;1200.0
C0697;David;Johnson;david.johnson697@example.com;555-8576;2024/02/11;Silver;9742;T04251;2025/05/04;207.89;208;;;;;
C0504;Jessica;Smith;jessica.smith504@example.com;555-7824;2024/05/20;Bronze;4486;T04252;2025/05/13;93.26;93;;;;;
C0961;James;Thomas;james.thomas961@example.com;555-6829;2023/12/16;Bronze;4527;T04253;2025/05/26;189.18;189;;;;;
C0431;Emily;Lee;emily.lee431@example.com;555-3993;2023/09/16;Silver;13101;T04254;2025/02/22;84.03;84;R5;Free Shipping;750.0;2025/01/11;750.0
C0414;Mia;Davis;mia.davis414@example.com;555-3592;2022/06/12;Gold;4629;T04255;2025/02/23;310.5;310;R7;Wireless Earbuds;8000.0;2025/04/08;8000.0
C0212;Noah;Lee;noah.lee212@example.com;555-5978;2022/01/24;Platinum;8622;T04256;2025/04/07;486.76;487;;;;;
C0935;Noah;Clark;noah.clark935@example.com;555-4366;2025/11/18;Silver;919;T04257;2025/05/25;82.23;82;;;;;
C0952;Lucas;Clark;lucas.clark952@example.com;555-8963;2025/07/07;Silver;8921;T04258;2025/06/01;531.52;532;;;;;
C0619;Olivia;Johnson;olivia.johnson619@example.com;555-8379;2024/08/09;Bronze;12437;T04259;2025/06/26;569.64;570;;;;;
C0777;Mia;Brown;mia.brown777@example.com;555-2769;2022/11/21;Bronze;12290;T04260;2025/01/23;295.22;295;;;;;
C0189;David;Lee;david.lee189@example.com;555-7852;2025/07/29;Silver;3704;T04261;2025/06/11;221.11;221;;;;;
C0821;Olivia;Moore;olivia.moore821@example.com;555-7934;2022/04/21;Bronze;109;T04262;2025/01/26;118.29;118;;;;;
C0089;Liam;Taylor;liam.taylor89@example.com;555-8425;2025/01/20;Gold;3248;T04263;2025/06/11;166.33;166;;;;;
C0813;Jessica;Taylor;jessica.taylor813@example.com;555-9446;2023/04/15;Bronze;3359;T04264;2025/03/09;205.91;206;;;;;
C0520;Sophia;Anderson;sophia.anderson520@example.com;555-9020;2023/11/25;Gold;7766;T04265;2025/01/02;361.87;362;;;;;
C0931;Ava;Johnson;ava.johnson931@example.com;555-2134;2024/02/04;Silver;9484;T04266;2025/06/14;298.65;299;;;;;
C0357;John;Smith;john.smith357@example.com;555-1335;2022/07/05;Silver;5369;T04267;2025/03/05;352.35;352;;;;;
C0346;Emma;Davis;emma.davis346@example.com;555-6547;2024/05/14;Bronze;912;T04268;2025/01/24;516.8;517;;;;;
C0303;Liam;Clark;liam.clark303@example.com;555-3381;2023/03/02;Gold;11559;T04269;2025/05/19;469.68;470;R3;Coffee Mug;1200.0;2025/03/12;1200.0
C0067;Sophia;Brown;sophia.brown67@example.com;555-5292;2024/06/19;Silver;5972;T04270;2025/04/09;95.58;96;;;;;
C0392;Emma;Wilson;emma.wilson392@example.com;555-3452;2023/10/06;Bronze;11932;T04271;2025/05/16;119.17;119;;;;;
C0446;Liam;Wilson;liam.wilson446@example.com;555-1211;2024/08/28;Silver;352;T04272;2025/05/11;96.7;97;;;;;
C0454;Ava;Wilson;ava.wilson454@example.com;555-5530;2024/01/11;Platinum;13332;T04273;2025/03/01;236.29;236;;;;;
C0775;John;Martinez;john.martinez775@example.com;555-7435;2023/06/21;Bronze;1512;T04274;2025/04/01;336.28;336;R4;T-Shirt;2500.0;2025/03/12;2500.0
C0416;Emma;Smith;emma.smith416@example.com;555-9367;2024/03/31;Bronze;13495;T04275;2025/06/25;92.34;92;R6;VIP Event Access;5000.0;2025/03/14;5000.0
C0987;Sarah;Thomas;sarah.thomas987@example.com;555-7739;2022/12/03;Bronze;12309;T04276;2025/04/17;67.88;68;;;;;
C0087;Mia;Davis;mia.davis87@example.com;555-6901;2026/05/16;Bronze;4261;T04277;2025/05/07;128.57;129;R7;Wireless Earbuds;8000.0;2025/05/28;8000.0
C0626;Lucas;Lee;lucas.lee626@example.com;555-5062;2023/09/27;Bronze;11630;T04278;2025/01/07;94.79;95;R6;VIP Event Access;5000.0;2025/01/31;5000.0
C0439;Mia;Davis;mia.davis439@example.com;555-3312;2022/04/28;Silver;5955;T04279;2025/05/23;152.74;153;;;;;
C0953;Sarah;Taylor;sarah.taylor953@example.com;555-5979;2026/03/12;Bronze;2878;T04280;2025/03/25;541.37;541;;;;;
C0600;Lucas;Lee;lucas.lee600@example.com;555-1794;2022/11/04;Silver;11450;T04281;2025/01/12;178.81;179;;;;;
C0830;Noah;Johnson;noah.johnson830@example.com;555-2525;2023/03/03;Silver;11287;T04282;2025/05/24;70.4;70;;;;;
C0887;Liam;Wilson;liam.wilson887@example.com;555-1499;2024/08/20;Platinum;3422;T04283;2025/06/15;473.74;474;R2;$10 Gift Voucher;1000.0;2025/01/31;1000.0
C0146;John;Moore;john.moore146@example.com;555-3601;2025/12/22;Silver;6844;T04284;2025/05/14;445.27;445;;;;;
C0459;David;Brown;david.brown459@example.com;555-4472;2026/02/03;Bronze;78;T04285;2025/05/03;172.9;173;;;;;
C0497;Michael;Moore;michael.moore497@example.com;555-1270;2024/12/21;Silver;7841;T04286;2025/06/23;326.07;326;R7;Wireless Earbuds;8000.0;2025/01/22;8000.0
C0378;Noah;Thomas;noah.thomas378@example.com;555-4702;2023/07/13;Bronze;4634;T04287;2025/03/22;478.92;479;;;;;
C0594;Lucas;Martinez;lucas.martinez594@example.com;555-6694;2022/07/09;Silver;7641;T04288;2025/06/30;420.95;421;;;;;
C0071;Noah;Clark;noah.clark71@example.com;555-5685;2026/05/16;Bronze;5876;T04289;2025/04/10;554.95;555;;;;;
C0955;John;Johnson;john.johnson955@example.com;555-2236;2022/06/28;Bronze;247;T04290;2025/05/13;530.04;530;;;;;
C0977;John;Moore;john.moore977@example.com;555-7256;2022/08/20;Bronze;2125;T04291;2025/05/22;43.92;44;;;;;
C0979;Liam;Moore;liam.moore979@example.com;555-4622;2025/09/15;Bronze;7847;T04292;2025/06/01;114.2;114;;;;;
C0581;Michael;Martinez;michael.martinez581@example.com;555-1424;2022/10/07;Silver;7516;T04293;2025/05/01;184.36;184;;;;;
C0415;Noah;Brown;noah.brown415@example.com;555-1142;2026/02/23;Bronze;11820;T04294;2025/01/27;585.84;586;;;;;
C0017;David;Clark;david.clark17@example.com;555-7648;2025/07/16;Silver;9622;T04295;2025/06/27;222.29;222;R7;Wireless Earbuds;8000.0;2025/05/15;8000.0
C0415;Noah;Brown;noah.brown415@example.com;555-1142;2026/02/23;Bronze;11820;T04296;2025/02/22;244.98;245;;;;;
C0350;Liam;Davis;liam.davis350@example.com;555-1849;2024/03/30;Bronze;8111;T04297;2025/05/22;188.43;188;;;;;
C0716;Jessica;Clark;jessica.clark716@example.com;555-2125;2023/06/07;Bronze;11252;T04298;2025/05/26;229.56;230;;;;;
C0094;David;Davis;david.davis94@example.com;555-2750;2026/01/17;Bronze;9479;T04299;2025/02/27;343.97;344;;;;;
C0971;Emily;Davis;emily.davis971@example.com;555-3887;2023/02/20;Silver;7269;T04300;2025/06/11;8.65;9;R5;Free Shipping;750.0;2025/01/29;750.0
C0666;Ava;Davis;ava.davis666@example.com;555-7913;2025/08/22;Gold;10181;T04301;2025/05/11;335.71;336;;;;;
C0561;Liam;Smith;liam.smith561@example.com;555-4465;2022/08/21;Bronze;257;T04302;2025/05/02;235.82;236;;;;;
C0436;Daniel;Johnson;daniel.johnson436@example.com;555-2035;2023/11/01;Bronze;14527;T04303;2025/04/21;556.69;557;;;;;
C0414;Mia;Davis;mia.davis414@example.com;555-3592;2022/06/12;Gold;4629;T04304;2025/01/26;274.74;275;;;;;
C0934;Jessica;Smith;jessica.smith934@example.com;555-1231;2026/01/22;Gold;11323;T04305;2025/02/09;291.15;291;;;;;
C0889;John;Johnson;john.johnson889@example.com;555-1755;2024/10/20;Silver;7728;T04306;2025/05/14;327.66;328;R1;$5 Gift Voucher;500.0;2025/01/13;500.0
C0069;John;Martinez;john.martinez69@example.com;555-5920;2025/08/03;Bronze;13459;T04307;2025/01/11;258.45;258;R5;Free Shipping;750.0;2025/02/14;750.0
C0897;Emily;Johnson;emily.johnson897@example.com;555-5660;2025/03/28;Gold;10666;T04308;2025/02/28;342.78;343;;;;;
C0815;John;Lee;john.lee815@example.com;555-3064;2023/05/17;Bronze;12778;T04309;2025/04/05;343.29;343;R5;Free Shipping;750.0;2025/06/22;750.0
C0071;Noah;Clark;noah.clark71@example.com;555-5685;2026/05/16;Bronze;5876;T04310;2025/03/09;530.12;530;;;;;
C0662;James;Wilson;james.wilson662@example.com;555-8001;2022/01/27;Gold;8467;T04311;2025/02/23;300.37;300;;;;;
C0734;Olivia;Thomas;olivia.thomas734@example.com;555-3989;2024/11/19;Gold;2353;T04312;2025/02/06;309.03;309;R6;VIP Event Access;5000.0;2025/04/25;5000.0
C0964;Sarah;Martinez;sarah.martinez964@example.com;555-5729;2022/01/01;Silver;5979;T04313;2025/03/12;440.94;441;;;;;
C0904;Sophia;Anderson;sophia.anderson904@example.com;555-2314;2023/06/21;Gold;14660;T04314;2025/05/24;580.06;580;R1;$5 Gift Voucher;500.0;2025/04/20;500.0
C0339;James;Davis;james.davis339@example.com;555-8957;2023/05/23;Platinum;2679;T04315;2025/02/03;521.13;521;;;;;
C0904;Sophia;Anderson;sophia.anderson904@example.com;555-2314;2023/06/21;Gold;14660;T04316;2025/05/12;317.12;317;R7;Wireless Earbuds;8000.0;2025/04/05;8000.0
C0575;Emma;Davis;emma.davis575@example.com;555-5694;2022/05/31;Bronze;1610;T04317;2025/04/15;510.46;510;;;;;
C0900;Emily;Clark;emily.clark900@example.com;555-7639;2024/09/23;Gold;5921;T04318;2025/03/20;87.01;87;;;;;
C0335;Sarah;Anderson;sarah.anderson335@example.com;555-4773;2025/04/09;Bronze;14149;T04319;2025/06/16;47.89;48;;;;;
C0155;Liam;Taylor;liam.taylor155@example.com;555-8393;2023/02/23;Bronze;13490;T04320;2025/03/16;31.51;32;R3;Coffee Mug;1200.0;2025/02/23;1200.0
C0891;James;Moore;james.moore891@example.com;555-9645;2025/05/29;Silver;37;T04321;2025/05/22;50.02;50;;;;;
C0212;Noah;Lee;noah.lee212@example.com;555-5978;2022/01/24;Platinum;8622;T04322;2025/01/02;59.16;59;;;;;
C0763;Ava;Smith;ava.smith763@example.com;555-8834;2024/11/30;Platinum;9189;T04323;2025/06/17;518.36;518;;;;;
C0944;Olivia;Taylor;olivia.taylor944@example.com;555-2452;2023/03/27;Silver;14221;T04324;2025/05/15;304.21;304;R2;$10 Gift Voucher;1000.0;2025/03/13;1000.0
C0634;Liam;Moore;liam.moore634@example.com;555-7671;2025/02/28;Platinum;11203;T04325;2025/02/10;412.5;412;;;;;
C0771;Daniel;Davis;daniel.davis771@example.com;555-5186;2025/03/01;Silver;11457;T04326;2025/01/09;73.58;74;R6;VIP Event Access;5000.0;2025/01/05;5000.0
C0231;Jessica;Martinez;jessica.martinez231@example.com;555-5353;2023/12/26;Gold;12550;T04327;2025/01/24;161.26;161;;;;;
C0970;Lucas;Martinez;lucas.martinez970@example.com;555-5527;2024/05/10;Bronze;10225;T04328;2025/06/29;212.48;212;;;;;
C0669;Lucas;Taylor;lucas.taylor669@example.com;555-7487;2022/07/15;Gold;5200;T04329;2025/02/27;551.24;551;;;;;
C0062;Jessica;Martinez;jessica.martinez62@example.com;555-1274;2023/07/28;Gold;12756;T04330;2025/05/24;28.32;28;;;;;
C0208;Olivia;Martinez;olivia.martinez208@example.com;555-2430;2025/01/07;Silver;11225;T04331;2025/03/18;568.59;569;;;;;
C0604;Sarah;Anderson;sarah.anderson604@example.com;555-5139;2024/06/28;Silver;12854;T04332;2025/04/21;255.32;255;;;;;
C0926;Daniel;Moore;daniel.moore926@example.com;555-1057;2024/04/24;Bronze;9475;T04333;2025/04/30;489.54;490;;;;;
C0754;Michael;Clark;michael.clark754@example.com;555-9860;2022/06/11;Bronze;8079;T04334;2025/02/08;42.54;43;;;;;
C0673;Lucas;Davis;lucas.davis673@example.com;555-4859;2024/07/29;Silver;14765;T04335;2025/01/21;64.47;64;;;;;
C0204;Michael;Smith;michael.smith204@example.com;555-8869;2022/05/14;Platinum;12362;T04336;2025/02/04;597.59;598;;;;;
C0652;Lucas;Davis;lucas.davis652@example.com;555-2879;2026/04/22;Silver;6261;T04337;2025/03/10;216.85;217;;;;;
C0778;David;Martinez;david.martinez778@example.com;555-8546;2022/05/25;Gold;7567;T04338;2025/06/23;504.27;504;;;;;
C0513;Michael;Davis;michael.davis513@example.com;555-3985;2024/07/07;Gold;276;T04339;2025/06/19;448.59;449;;;;;
C0411;Ava;Lee;ava.lee411@example.com;555-7020;2024/07/05;Bronze;14618;T04340;2025/06/29;7.23;7;;;;;
C0627;Emily;Davis;emily.davis627@example.com;555-5118;2023/04/14;Gold;9311;T04341;2025/01/05;532.09;532;;;;;
C0727;James;Johnson;james.johnson727@example.com;555-9361;2024/12/16;Gold;7738;T04342;2025/04/05;241.56;242;;;;;
C0392;Emma;Wilson;emma.wilson392@example.com;555-3452;2023/10/06;Bronze;11932;T04343;2025/03/16;62.08;62;;;;;
C0974;Ava;Martinez;ava.martinez974@example.com;555-2125;2022/08/01;Gold;6055;T04344;2025/03/21;236.98;237;;;;;
C0629;Liam;Taylor;liam.taylor629@example.com;555-7316;2025/01/11;Gold;614;T04345;2025/03/14;539.61;540;;;;;
C0241;Emma;Moore;emma.moore241@example.com;555-7612;2026/01/23;Platinum;12505;T04346;2025/02/13;95.66;96;;;;;
C0463;Sarah;Brown;sarah.brown463@example.com;555-2970;2023/04/29;Gold;13450;T04347;2025/02/24;364.01;364;;;;;
C0489;Daniel;Taylor;daniel.taylor489@example.com;555-2337;2024/09/03;Silver;14808;T04348;2025/02/11;259.52;260;;;;;
C0424;Sophia;Thomas;sophia.thomas424@example.com;555-2950;2024/06/12;Bronze;4840;T04349;2025/06/11;536.46;536;R6;VIP Event Access;5000.0;2025/03/25;5000.0
C0843;David;Moore;david.moore843@example.com;555-3350;2023/08/11;Silver;7582;T04350;2025/04/14;233.78;234;R1;$5 Gift Voucher;500.0;2025/05/22;500.0
C0536;Michael;Anderson;michael.anderson536@example.com;555-2695;2024/03/14;Gold;1773;T04351;2025/04/09;481.9;482;;;;;
C0933;James;Clark;james.clark933@example.com;555-1053;2022/12/15;Silver;9629;T04352;2025/01/23;38.92;39;;;;;
C0192;Emma;Martinez;emma.martinez192@example.com;555-8721;2023/06/13;Silver;12956;T04353;2025/06/18;46.45;46;;;;;
C0514;Emily;Smith;emily.smith514@example.com;555-4469;2022/03/14;Gold;10343;T04354;2025/02/04;339.48;339;;;;;
C0470;Emily;Davis;emily.davis470@example.com;555-9874;2024/04/02;Bronze;10416;T04355;2025/01/21;215.86;216;;;;;
C0403;Sarah;Taylor;sarah.taylor403@example.com;555-1412;2025/03/04;Gold;1296;T04356;2025/03/31;450.17;450;R1;$5 Gift Voucher;500.0;2025/06/02;500.0
C0036;Daniel;Brown;daniel.brown36@example.com;555-1271;2025/12/30;Bronze;6543;T04357;2025/01/22;326.49;326;;;;;
C0654;David;Lee;david.lee654@example.com;555-4906;2025/05/14;Bronze;1860;T04358;2025/04/20;101.06;101;;;;;
C0037;Noah;Taylor;noah.taylor37@example.com;555-4048;2025/08/09;Gold;2846;T04359;2025/06/10;27.06;27;R1;$5 Gift Voucher;500.0;2025/06/22;500.0
C0884;Jessica;Johnson;jessica.johnson884@example.com;555-3331;2024/04/11;Bronze;2053;T04360;2025/05/03;432.78;433;R3;Coffee Mug;1200.0;2025/01/10;1200.0
C0023;Liam;Clark;liam.clark23@example.com;555-8013;2022/10/16;Silver;6743;T04361;2025/04/18;418.54;419;R3;Coffee Mug;1200.0;2025/04/22;1200.0
C0926;Daniel;Moore;daniel.moore926@example.com;555-1057;2024/04/24;Bronze;9475;T04362;2025/02/21;555.9;556;;;;;
C0986;Noah;Brown;noah.brown986@example.com;555-2673;2025/03/23;Silver;7121;T04363;2025/04/10;144.03;144;;;;;
C0436;Daniel;Johnson;daniel.johnson436@example.com;555-2035;2023/11/01;Bronze;14527;T04364;2025/04/02;51.2;51;R2;$10 Gift Voucher;1000.0;2025/01/12;1000.0
C0237;Liam;Martinez;liam.martinez237@example.com;555-4849;2023/11/24;Bronze;10186;T04365;2025/01/28;187.0;187;R7;Wireless Earbuds;8000.0;2025/03/06;8000.0
C0309;Emma;Johnson;emma.johnson309@example.com;555-4231;2022/09/06;Silver;1495;T04366;2025/03/15;581.99;582;;;;;
C0290;Noah;Johnson;noah.johnson290@example.com;555-8532;2022/10/09;Silver;13445;T04367;2025/03/27;365.28;365;;;;;
C0416;Emma;Smith;emma.smith416@example.com;555-9367;2024/03/31;Bronze;13495;T04368;2025/03/11;15.29;15;;;;;
C0470;Emily;Davis;emily.davis470@example.com;555-9874;2024/04/02;Bronze;10416;T04369;2025/01/11;335.91;336;;;;;
C0414;Mia;Davis;mia.davis414@example.com;555-3592;2022/06/12;Gold;4629;T04370;2025/04/18;166.7;167;;;;;
C0237;Liam;Martinez;liam.martinez237@example.com;555-4849;2023/11/24;Bronze;10186;T04371;2025/04/30;333.09;333;R6;VIP Event Access;5000.0;2025/03/05;5000.0
C0548;Michael;Martinez;michael.martinez548@example.com;555-7090;2024/11/02;Gold;9359;T04372;2025/01/07;174.39;174;;;;;
C0950;John;Brown;john.brown950@example.com;555-9511;2025/03/27;Gold;6746;T04373;2025/06/10;459.21;459;;;;;
C0228;Daniel;Moore;daniel.moore228@example.com;555-8210;2025/01/21;Silver;12091;T04374;2025/02/13;188.59;189;R1;$5 Gift Voucher;500.0;2025/02/18;500.0
C0464;Daniel;Johnson;daniel.johnson464@example.com;555-1216;2026/05/12;Bronze;2243;T04375;2025/01/19;250.15;250;R3;Coffee Mug;1200.0;2025/04/02;1200.0
C0069;John;Martinez;john.martinez69@example.com;555-5920;2025/08/03;Bronze;13459;T04376;2025/03/21;438.09;438;;;;;
C0195;Liam;Lee;liam.lee195@example.com;555-7176;2024/08/25;Silver;2410;T04377;2025/01/10;394.17;394;;;;;
C0321;John;Smith;john.smith321@example.com;555-7839;2026/02/19;Silver;11784;T04378;2025/05/05;570.83;571;;;;;
C0776;Jessica;Thomas;jessica.thomas776@example.com;555-3846;2023/11/25;Gold;1008;T04379;2025/05/26;167.77;168;;;;;
C0507;James;Davis;james.davis507@example.com;555-9702;2022/08/27;Bronze;13916;T04380;2025/03/24;519.45;519;;;;;
C0152;Noah;Moore;noah.moore152@example.com;555-7523;2022/10/25;Gold;2135;T04381;2025/03/01;272.1;272;;;;;
C0134;Noah;Davis;noah.davis134@example.com;555-7680;2025/04/27;Bronze;4498;T04382;2025/03/26;397.88;398;;;;;
C0955;John;Johnson;john.johnson955@example.com;555-2236;2022/06/28;Bronze;247;T04383;2025/03/22;272.12;272;R3;Coffee Mug;1200.0;2025/06/05;1200.0
C0001;Emily;Anderson;emily.anderson1@example.com;555-3325;2025/08/15;Silver;4778;T04384;2025/01/20;470.32;470;;;;;
C0012;Liam;Johnson;liam.johnson12@example.com;555-3896;2026/03/02;Bronze;10505;T04385;2025/04/30;541.98;542;;;;;
C0150;Jessica;Anderson;jessica.anderson150@example.com;555-8856;2025/11/22;Silver;10234;T04386;2025/03/09;135.48;135;;;;;
C0128;Daniel;Davis;daniel.davis128@example.com;555-6829;2023/06/05;Platinum;13523;T04387;2025/06/18;95.19;95;R4;T-Shirt;2500.0;2025/04/18;2500.0
C0951;James;Lee;james.lee951@example.com;555-7525;2023/07/18;Bronze;1964;T04388;2025/06/14;465.12;465;;;;;
C0076;Lucas;Clark;lucas.clark76@example.com;555-3725;2024/07/05;Bronze;6378;T04389;2025/05/30;462.53;463;R7;Wireless Earbuds;8000.0;2025/06/24;8000.0
C0696;Sophia;Martinez;sophia.martinez696@example.com;555-1444;2024/02/23;Silver;2726;T04390;2025/04/17;77.13;77;R4;T-Shirt;2500.0;2025/03/28;2500.0
C0012;Liam;Johnson;liam.johnson12@example.com;555-3896;2026/03/02;Bronze;10505;T04391;2025/05/01;466.64;467;R4;T-Shirt;2500.0;2025/06/16;2500.0
C0313;David;Thomas;david.thomas313@example.com;555-1083;2024/08/27;Gold;1740;T04392;2025/02/17;277.48;277;;;;;
C0835;Sophia;Thomas;sophia.thomas835@example.com;555-6238;2024/07/05;Silver;3238;T04393;2025/05/31;424.91;425;R2;$10 Gift Voucher;1000.0;2025/05/17;1000.0
C0662;James;Wilson;james.wilson662@example.com;555-8001;2022/01/27;Gold;8467;T04394;2025/05/07;257.03;257;;;;;
C0954;John;Anderson;john.anderson954@example.com;555-6776;2024/07/28;Bronze;5324;T04395;2025/06/21;173.25;173;;;;;
C0660;Daniel;Martinez;daniel.martinez660@example.com;555-2405;2023/08/03;Bronze;3836;T04396;2025/03/12;394.82;395;;;;;
C0087;Mia;Davis;mia.davis87@example.com;555-6901;2026/05/16;Bronze;4261;T04397;2025/02/07;283.22;283;;;;;
C0002;David;Anderson;david.anderson2@example.com;555-6873;2022/10/07;Silver;983;T04398;2025/05/15;309.23;309;R3;Coffee Mug;1200.0;2025/06/08;1200.0
C0823;Daniel;Taylor;daniel.taylor823@example.com;555-4540;2024/12/05;Silver;3065;T04399;2025/03/09;363.86;364;;;;;
C0638;John;Thomas;john.thomas638@example.com;555-8479;2023/01/12;Bronze;11224;T04400;2025/05/23;479.54;480;;;;;
C0574;Ava;Smith;ava.smith574@example.com;555-3233;2024/02/16;Silver;7234;T04401;2025/03/15;521.98;522;;;;;
C0323;Daniel;Brown;daniel.brown323@example.com;555-4663;2022/04/28;Platinum;11991;T04402;2025/04/22;597.48;597;;;;;
C0013;Emma;Thomas;emma.thomas13@example.com;555-3834;2025/05/02;Bronze;689;T04403;2025/02/08;226.34;226;;;;;
C0839;Mia;Davis;mia.davis839@example.com;555-6091;2023/03/21;Silver;7362;T04404;2025/04/21;249.61;250;;;;;
C0507;James;Davis;james.davis507@example.com;555-9702;2022/08/27;Bronze;13916;T04405;2025/02/19;428.45;428;;;;;
C0334;Olivia;Moore;olivia.moore334@example.com;555-5870;2023/08/28;Gold;11570;T04406;2025/03/26;238.98;239;;;;;
C0715;James;Thomas;james.thomas715@example.com;555-2523;2023/06/27;Silver;2520;T04407;2025/03/22;544.31;544;;;;;
C0186;Olivia;Anderson;olivia.anderson186@example.com;555-9648;2025/01/13;Silver;3984;T04408;2025/03/23;385.16;385;;;;;
C0242;Daniel;Johnson;daniel.johnson242@example.com;555-5509;2024/10/21;Silver;11702;T04409;2025/04/27;131.45;131;;;;;
C0896;Emily;Brown;emily.brown896@example.com;555-4370;2022/07/08;Bronze;12917;T04410;2025/01/30;402.93;403;;;;;
C0718;David;Wilson;david.wilson718@example.com;555-6816;2024/05/20;Bronze;8292;T04411;2025/01/03;492.55;493;;;;;
C0418;Emma;Clark;emma.clark418@example.com;555-1290;2022/04/13;Bronze;13697;T04412;2025/02/11;438.9;439;;;;;
C0450;Daniel;Anderson;daniel.anderson450@example.com;555-2750;2025/03/12;Bronze;9638;T04413;2025/06/26;580.71;581;;;;;
C0291;Sarah;Anderson;sarah.anderson291@example.com;555-7857;2025/10/15;Bronze;10043;T04414;2025/02/15;510.92;511;;;;;
C0123;Olivia;Anderson;olivia.anderson123@example.com;555-1706;2022/11/29;Silver;9962;T04415;2025/01/26;480.54;481;;;;;
C0470;Emily;Davis;emily.davis470@example.com;555-9874;2024/04/02;Bronze;10416;T04416;2025/01/24;48.44;48;;;;;
C0124;Liam;Davis;liam.davis124@example.com;555-6756;2022/02/12;Bronze;3729;T04417;2025/06/14;302.32;302;R3;Coffee Mug;1200.0;2025/01/07;1200.0
C0902;Sophia;Smith;sophia.smith902@example.com;555-7486;2024/01/04;Gold;3292;T04418;2025/05/07;447.1;447;;;;;
C0669;Lucas;Taylor;lucas.taylor669@example.com;555-7487;2022/07/15;Gold;5200;T04419;2025/02/27;383.92;384;;;;;
C0148;James;Brown;james.brown148@example.com;555-4177;2023/11/08;Gold;11593;T04420;2025/01/13;117.74;118;R2;$10 Gift Voucher;1000.0;2025/02/02;1000.0
C0576;John;Smith;john.smith576@example.com;555-5845;2025/01/05;Silver;3720;T04421;2025/03/20;210.55;211;;;;;
C0326;Lucas;Thomas;lucas.thomas326@example.com;555-4323;2024/04/03;Gold;717;T04422;2025/03/03;398.62;399;;;;;
C0775;John;Martinez;john.martinez775@example.com;555-7435;2023/06/21;Bronze;1512;T04423;2025/01/23;498.88;499;;;;;
C0960;Olivia;Moore;olivia.moore960@example.com;555-6331;2025/12/03;Silver;9698;T04424;2025/03/07;134.0;134;;;;;
C0157;Liam;Thomas;liam.thomas157@example.com;555-2051;2024/08/05;Platinum;1297;T04425;2025/04/21;305.4;305;;;;;
C0762;Lucas;Clark;lucas.clark762@example.com;555-8505;2024/01/12;Silver;3816;T04426;2025/05/01;546.65;547;;;;;
C0227;Olivia;Smith;olivia.smith227@example.com;555-8250;2024/10/04;Gold;8988;T04427;2025/05/12;31.52;32;;;;;
C0855;Noah;Davis;noah.davis855@example.com;555-3257;2024/02/01;Bronze;11645;T04428;2025/01/23;486.03;486;R4;T-Shirt;2500.0;2025/03/26;2500.0
C0304;Lucas;Johnson;lucas.johnson304@example.com;555-9341;2026/04/16;Silver;11246;T04429;2025/02/21;529.35;529;;;;;
C0257;James;Martinez;james.martinez257@example.com;555-6486;2023/11/20;Gold;12417;T04430;2025/05/12;548.0;548;;;;;
C0255;Daniel;Smith;daniel.smith255@example.com;555-8253;2022/09/25;Silver;11549;T04431;2025/04/20;442.71;443;;;;;
C0241;Emma;Moore;emma.moore241@example.com;555-7612;2026/01/23;Platinum;12505;T04432;2025/02/24;303.98;304;R6;VIP Event Access;5000.0;2025/03/07;5000.0
C0345;Daniel;Martinez;daniel.martinez345@example.com;555-6781;2022/11/06;Bronze;1777;T04433;2025/03/11;322.4;322;;;;;
C0014;Michael;Moore;michael.moore14@example.com;555-7118;2023/01/15;Silver;4212;T04434;2025/04/07;248.85;249;;;;;
C0199;James;Anderson;james.anderson199@example.com;555-9065;2025/09/26;Silver;14769;T04435;2025/06/04;64.27;64;R4;T-Shirt;2500.0;2025/03/31;2500.0
C0129;Ava;Anderson;ava.anderson129@example.com;555-7177;2023/03/30;Bronze;2535;T04436;2025/04/14;192.6;193;;;;;
C0569;Sarah;Anderson;sarah.anderson569@example.com;555-3469;2024/04/05;Platinum;2336;T04437;2025/01/02;114.53;115;R3;Coffee Mug;1200.0;2025/04/15;1200.0
C0638;John;Thomas;john.thomas638@example.com;555-8479;2023/01/12;Bronze;11224;T04438;2025/03/04;446.75;447;R3;Coffee Mug;1200.0;2025/01/10;1200.0
C0209;James;Smith;james.smith209@example.com;555-2263;2023/06/07;Gold;11508;T04439;2025/05/25;400.62;401;R1;$5 Gift Voucher;500.0;2025/02/07;500.0
C0115;Mia;Lee;mia.lee115@example.com;555-6568;2025/11/22;Silver;3904;T04440;2025/02/25;136.95;137;R5;Free Shipping;750.0;2025/02/14;750.0
C0796;Emma;Martinez;emma.martinez796@example.com;555-6899;2022/01/07;Platinum;4641;T04441;2025/05/28;567.93;568;;;;;
C0118;David;Davis;david.davis118@example.com;555-2485;2025/06/27;Silver;4119;T04442;2025/05/22;69.1;69;;;;;
C0671;Jessica;Smith;jessica.smith671@example.com;555-7461;2026/01/31;Gold;7219;T04443;2025/06/30;169.32;169;R7;Wireless Earbuds;8000.0;2025/05/06;8000.0
C0262;Liam;Thomas;liam.thomas262@example.com;555-5692;2023/12/07;Gold;4495;T04444;2025/03/07;380.97;381;R1;$5 Gift Voucher;500.0;2025/05/24;500.0
C0635;Noah;Smith;noah.smith635@example.com;555-5278;2023/10/17;Bronze;4605;T04445;2025/03/23;206.94;207;;;;;
C0627;Emily;Davis;emily.davis627@example.com;555-5118;2023/04/14;Gold;9311;T04446;2025/01/29;526.27;526;R4;T-Shirt;2500.0;2025/01/12;2500.0
C0460;David;Moore;david.moore460@example.com;555-1203;2022/01/15;Silver;11320;T04447;2025/03/15;264.64;265;;;;;
C0501;Olivia;Martinez;olivia.martinez501@example.com;555-8788;2022/12/20;Gold;9297;T04448;2025/06/26;428.27;428;;;;;
C0004;Sarah;Brown;sarah.brown4@example.com;555-3153;2022/10/05;Silver;10293;T04449;2025/02/13;297.56;298;;;;;
C0533;James;Martinez;james.martinez533@example.com;555-8934;2025/01/11;Silver;13017;T04450;2025/01/18;469.8;470;;;;;
C0520;Sophia;Anderson;sophia.anderson520@example.com;555-9020;2023/11/25;Gold;7766;T04451;2025/04/23;425.48;425;R1;$5 Gift Voucher;500.0;2025/02/21;500.0
C0438;Sarah;Wilson;sarah.wilson438@example.com;555-3160;2022/05/04;Silver;11424;T04452;2025/02/19;583.49;583;;;;;
C0573;Sophia;Thomas;sophia.thomas573@example.com;555-8188;2024/07/22;Bronze;12607;T04453;2025/05/28;187.83;188;;;;;
C0777;Mia;Brown;mia.brown777@example.com;555-2769;2022/11/21;Bronze;12290;T04454;2025/05/08;34.25;34;R5;Free Shipping;750.0;2025/02/26;750.0
C0019;Olivia;Martinez;olivia.martinez19@example.com;555-6592;2025/08/25;Bronze;4130;T04455;2025/01/24;65.54;66;;;;;
C0501;Olivia;Martinez;olivia.martinez501@example.com;555-8788;2022/12/20;Gold;9297;T04456;2025/01/13;186.18;186;R4;T-Shirt;2500.0;2025/02/14;2500.0
C0762;Lucas;Clark;lucas.clark762@example.com;555-8505;2024/01/12;Silver;3816;T04457;2025/04/13;565.6;566;;;;;
C0438;Sarah;Wilson;sarah.wilson438@example.com;555-3160;2022/05/04;Silver;11424;T04458;2025/05/01;353.74;354;R7;Wireless Earbuds;8000.0;2025/05/02;8000.0
C0206;David;Johnson;david.johnson206@example.com;555-6518;2023/04/04;Gold;10292;T04459;2025/05/06;194.65;195;;;;;
C0820;Lucas;Martinez;lucas.martinez820@example.com;555-4875;2026/03/14;Gold;5362;T04460;2025/03/31;474.33;474;R2;$10 Gift Voucher;1000.0;2025/03/07;1000.0
C0636;David;Martinez;david.martinez636@example.com;555-9242;2026/01/22;Bronze;3160;T04461;2025/01/17;96.69;97;;;;;
C0764;Jessica;Wilson;jessica.wilson764@example.com;555-3829;2025/05/16;Bronze;5928;T04462;2025/04/29;316.7;317;;;;;
C0161;Liam;Wilson;liam.wilson161@example.com;555-4055;2023/06/26;Silver;13636;T04463;2025/01/23;26.0;26;;;;;
C0124;Liam;Davis;liam.davis124@example.com;555-6756;2022/02/12;Bronze;3729;T04464;2025/01/26;519.52;520;R7;Wireless Earbuds;8000.0;2025/06/21;8000.0
C0248;John;Wilson;john.wilson248@example.com;555-3210;2022/02/10;Platinum;9246;T04465;2025/01/19;157.32;157;;;;;
C0824;Lucas;Taylor;lucas.taylor824@example.com;555-3717;2026/05/14;Bronze;10708;T04466;2025/05/28;504.12;504;R3;Coffee Mug;1200.0;2025/03/01;1200.0
C0545;James;Martinez;james.martinez545@example.com;555-1079;2026/04/25;Bronze;14996;T04467;2025/05/15;90.25;90;;;;;
C0982;Liam;Thomas;liam.thomas982@example.com;555-1763;2022/07/07;Bronze;4116;T04468;2025/06/14;194.44;194;;;;;
C0163;Noah;Wilson;noah.wilson163@example.com;555-1627;2022/10/24;Bronze;6367;T04469;2025/05/15;599.0;599;;;;;
C0716;Jessica;Clark;jessica.clark716@example.com;555-2125;2023/06/07;Bronze;11252;T04470;2025/02/21;536.68;537;;;;;
C0982;Liam;Thomas;liam.thomas982@example.com;555-1763;2022/07/07;Bronze;4116;T04471;2025/02/07;186.89;187;;;;;
C0841;Ava;Clark;ava.clark841@example.com;555-9201;2023/05/25;Silver;1967;T04472;2025/02/16;543.32;543;;;;;
C0447;Michael;Clark;michael.clark447@example.com;555-1938;2023/06/01;Bronze;4738;T04473;2025/01/13;229.16;229;R7;Wireless Earbuds;8000.0;2025/01/30;8000.0
C0227;Olivia;Smith;olivia.smith227@example.com;555-8250;2024/10/04;Gold;8988;T04474;2025/02/20;81.71;82;R3;Coffee Mug;1200.0;2025/06/26;1200.0
C0374;Jessica;Anderson;jessica.anderson374@example.com;555-5630;2022/08/14;Gold;13705;T04475;2025/06/01;183.54;184;;;;;
C0672;Ava;Thomas;ava.thomas672@example.com;555-1972;2024/05/26;Bronze;1638;T04476;2025/03/14;13.46;13;R6;VIP Event Access;5000.0;2025/03/17;5000.0
C0637;Sophia;Wilson;sophia.wilson637@example.com;555-6359;2025/07/11;Bronze;12310;T04477;2025/04/26;68.18;68;;;;;
C0936;Daniel;Brown;daniel.brown936@example.com;555-4107;2026/03/26;Bronze;1265;T04478;2025/05/01;399.04;399;;;;;
C0330;John;Taylor;john.taylor330@example.com;555-7033;2026/04/01;Silver;122;T04479;2025/02/06;315.55;316;;;;;
C0804;James;Thomas;james.thomas804@example.com;555-2797;2023/12/09;Gold;7353;T04480;2025/01/18;589.51;590;R5;Free Shipping;750.0;2025/06/30;750.0
C0378;Noah;Thomas;noah.thomas378@example.com;555-4702;2023/07/13;Bronze;4634;T04481;2025/06/06;327.66;328;;;;;
C0062;Jessica;Martinez;jessica.martinez62@example.com;555-1274;2023/07/28;Gold;12756;T04482;2025/06/25;343.33;343;;;;;
C0940;Lucas;Thomas;lucas.thomas940@example.com;555-3255;2022/03/21;Platinum;10480;T04483;2025/05/19;440.97;441;;;;;
C0854;Sarah;Brown;sarah.brown854@example.com;555-8928;2022/06/26;Bronze;12983;T04484;2025/02/06;37.04;37;;;;;
C0591;Daniel;Lee;daniel.lee591@example.com;555-4572;2022/09/14;Silver;10116;T04485;2025/06/30;44.82;45;;;;;
C0986;Noah;Brown;noah.brown986@example.com;555-2673;2025/03/23;Silver;7121;T04486;2025/03/20;438.49;438;;;;;
C0169;Mia;Wilson;mia.wilson169@example.com;555-2259;2024/07/03;Gold;5780;T04487;2025/02/11;381.51;382;R3;Coffee Mug;1200.0;2025/06/17;1200.0
C0929;Mia;Moore;mia.moore929@example.com;555-3757;2024/01/17;Bronze;11718;T04488;2025/06/16;390.9;391;;;;;
C0262;Liam;Thomas;liam.thomas262@example.com;555-5692;2023/12/07;Gold;4495;T04489;2025/06/25;341.27;341;R7;Wireless Earbuds;8000.0;2025/01/12;8000.0
C0814;James;Johnson;james.johnson814@example.com;555-6576;2023/01/13;Platinum;12945;T04490;2025/02/05;105.71;106;R1;$5 Gift Voucher;500.0;2025/04/30;500.0
C0799;Olivia;Smith;olivia.smith799@example.com;555-1384;2025/04/03;Platinum;3320;T04491;2025/03/22;517.33;517;;;;;
C0309;Emma;Johnson;emma.johnson309@example.com;555-4231;2022/09/06;Silver;1495;T04492;2025/05/12;411.69;412;;;;;
C0439;Mia;Davis;mia.davis439@example.com;555-3312;2022/04/28;Silver;5955;T04493;2025/06/11;22.63;23;R4;T-Shirt;2500.0;2025/06/17;2500.0
C0950;John;Brown;john.brown950@example.com;555-9511;2025/03/27;Gold;6746;T04494;2025/05/19;578.05;578;;;;;
C0348;Lucas;Smith;lucas.smith348@example.com;555-3612;2024/09/02;Silver;210;T04495;2025/05/24;15.33;15;R2;$10 Gift Voucher;1000.0;2025/01/08;1000.0
C0575;Emma;Davis;emma.davis575@example.com;555-5694;2022/05/31;Bronze;1610;T04496;2025/02/08;50.91;51;;;;;
C0883;Lucas;Anderson;lucas.anderson883@example.com;555-7398;2024/07/05;Bronze;355;T04497;2025/02/28;143.94;144;;;;;
C0264;Olivia;Wilson;olivia.wilson264@example.com;555-1524;2024/05/13;Platinum;9172;T04498;2025/01/07;527.68;528;;;;;
C0130;Jessica;Martinez;jessica.martinez130@example.com;555-3433;2022/09/17;Gold;8597;T04499;2025/03/11;466.1;466;R5;Free Shipping;750.0;2025/03/16;750.0
C0414;Mia;Davis;mia.davis414@example.com;555-3592;2022/06/12;Gold;4629;T04500;2025/05/09;90.43;90;;;;;
C0150;Jessica;Anderson;jessica.anderson150@example.com;555-8856;2025/11/22;Silver;10234;T04501;2025/04/20;324.08;324;;;;;
C0786;Emma;Smith;emma.smith786@example.com;555-7991;2025/12/24;Bronze;484;T04502;2025/02/27;440.95;441;R4;T-Shirt;2500.0;2025/05/13;2500.0
C0293;Sarah;Moore;sarah.moore293@example.com;555-6718;2022/10/02;Gold;2241;T04503;2025/01/24;232.53;233;;;;;
C0114;Noah;Brown;noah.brown114@example.com;555-3437;2026/03/17;Bronze;3077;T04504;2025/06/30;88.7;89;;;;;
C0600;Lucas;Lee;lucas.lee600@example.com;555-1794;2022/11/04;Silver;11450;T04505;2025/03/24;580.83;581;;;;;
C0174;Michael;Wilson;michael.wilson174@example.com;555-8507;2025/02/08;Bronze;14327;T04506;2025/01/04;520.79;521;R5;Free Shipping;750.0;2025/02/26;750.0
C0302;Mia;Thomas;mia.thomas302@example.com;555-2713;2025/05/01;Bronze;3349;T04507;2025/02/23;295.28;295;R6;VIP Event Access;5000.0;2025/06/08;5000.0
C0281;Daniel;Smith;daniel.smith281@example.com;555-2052;2025/01/20;Platinum;3992;T04508;2025/01/09;441.32;441;;;;;
C0580;Michael;Wilson;michael.wilson580@example.com;555-5378;2023/03/02;Gold;2794;T04509;2025/05/12;443.82;444;;;;;
C0020;Olivia;Martinez;olivia.martinez20@example.com;555-8201;2022/06/12;Bronze;10173;T04510;2025/03/10;323.41;323;;;;;
C0314;Lucas;Wilson;lucas.wilson314@example.com;555-1061;2022/12/09;Gold;12217;T04511;2025/06/25;331.65;332;;;;;
C0477;Jessica;Brown;jessica.brown477@example.com;555-2134;2025/01/08;Silver;13743;T04512;2025/06/15;308.64;309;;;;;
C0585;Emma;Davis;emma.davis585@example.com;555-4464;2022/11/30;Silver;4294;T04513;2025/04/10;256.56;257;;;;;
C0751;Olivia;Taylor;olivia.taylor751@example.com;555-4637;2025/03/02;Bronze;10735;T04514;2025/03/28;319.69;320;R7;Wireless Earbuds;8000.0;2025/05/10;8000.0
C0861;Emma;Moore;emma.moore861@example.com;555-8568;2025/09/27;Silver;3668;T04515;2025/02/03;299.46;299;;;;;
C0860;John;Martinez;john.martinez860@example.com;555-4347;2025/02/19;Bronze;7223;T04516;2025/06/09;189.68;190;R1;$5 Gift Voucher;500.0;2025/06/10;500.0
C0949;Michael;Thomas;michael.thomas949@example.com;555-5201;2026/01/15;Silver;6168;T04517;2025/02/15;367.96;368;;;;;
C0856;John;Thomas;john.thomas856@example.com;555-6485;2022/01/05;Silver;13071;T04518;2025/01/29;547.33;547;;;;;
C0888;Mia;Clark;mia.clark888@example.com;555-9368;2026/03/11;Bronze;3200;T04519;2025/04/23;6.49;6;;;;;
C0075;John;Smith;john.smith75@example.com;555-5502;2024/12/12;Bronze;3207;T04520;2025/06/18;46.1;46;R5;Free Shipping;750.0;2025/02/14;750.0
C0642;Noah;Moore;noah.moore642@example.com;555-9313;2024/11/03;Bronze;7396;T04521;2025/03/11;302.1;302;;;;;
C0747;Liam;Wilson;liam.wilson747@example.com;555-8336;2025/12/11;Bronze;7896;T04522;2025/02/13;7.31;7;;;;;
C0093;Mia;Anderson;mia.anderson93@example.com;555-9456;2025/12/14;Gold;3482;T04523;2025/01/13;238.81;239;;;;;
C0849;Noah;Anderson;noah.anderson849@example.com;555-9256;2025/12/10;Bronze;2530;T04524;2025/04/04;450.98;451;R7;Wireless Earbuds;8000.0;2025/05/22;8000.0
C0102;Sophia;Smith;sophia.smith102@example.com;555-6704;2025/10/28;Bronze;9728;T04525;2025/05/27;297.14;297;R6;VIP Event Access;5000.0;2025/02/13;5000.0
C0997;Lucas;Brown;lucas.brown997@example.com;555-1468;2022/08/20;Bronze;9255;T04526;2025/01/03;584.53;585;R7;Wireless Earbuds;8000.0;2025/02/15;8000.0
C0085;Noah;Lee;noah.lee85@example.com;555-7466;2026/01/11;Silver;3495;T04527;2025/04/25;598.99;599;;;;;
C0029;James;Davis;james.davis29@example.com;555-5714;2025/09/17;Gold;2961;T04528;2025/04/13;202.53;203;;;;;
C0509;Sophia;Wilson;sophia.wilson509@example.com;555-9558;2026/05/17;Platinum;12649;T04529;2025/03/16;195.78;196;R2;$10 Gift Voucher;1000.0;2025/03/16;1000.0
C0425;Emily;Lee;emily.lee425@example.com;555-6635;2022/09/06;Silver;9699;T04530;2025/01/06;418.56;419;R3;Coffee Mug;1200.0;2025/04/12;1200.0
C0594;Lucas;Martinez;lucas.martinez594@example.com;555-6694;2022/07/09;Silver;7641;T04531;2025/02/23;207.34;207;R4;T-Shirt;2500.0;2025/06/13;2500.0
C0019;Olivia;Martinez;olivia.martinez19@example.com;555-6592;2025/08/25;Bronze;4130;T04532;2025/05/22;576.14;576;;;;;
C0621;Mia;Davis;mia.davis621@example.com;555-9571;2024/01/14;Silver;3501;T04533;2025/05/09;440.7;441;;;;;
C0955;John;Johnson;john.johnson955@example.com;555-2236;2022/06/28;Bronze;247;T04534;2025/06/09;51.41;51;;;;;
C0762;Lucas;Clark;lucas.clark762@example.com;555-8505;2024/01/12;Silver;3816;T04535;2025/04/20;180.09;180;R7;Wireless Earbuds;8000.0;2025/02/20;8000.0
C0501;Olivia;Martinez;olivia.martinez501@example.com;555-8788;2022/12/20;Gold;9297;T04536;2025/01/31;222.71;223;;;;;
C0345;Daniel;Martinez;daniel.martinez345@example.com;555-6781;2022/11/06;Bronze;1777;T04537;2025/06/24;519.88;520;;;;;
C0824;Lucas;Taylor;lucas.taylor824@example.com;555-3717;2026/05/14;Bronze;10708;T04538;2025/05/27;81.0;81;;;;;
C0415;Noah;Brown;noah.brown415@example.com;555-1142;2026/02/23;Bronze;11820;T04539;2025/05/01;333.94;334;;;;;
C0472;Sophia;Davis;sophia.davis472@example.com;555-9952;2024/04/16;Silver;8458;T04540;2025/04/12;361.45;361;;;;;
C0535;James;Anderson;james.anderson535@example.com;555-1522;2024/05/09;Gold;5910;T04541;2025/01/24;60.06;60;;;;;
C0832;Ava;Johnson;ava.johnson832@example.com;555-7212;2023/02/15;Bronze;14905;T04542;2025/02/16;563.69;564;;;;;
C0558;Liam;Thomas;liam.thomas558@example.com;555-8944;2023/11/24;Gold;11927;T04543;2025/03/21;245.65;246;;;;;
C0658;David;Lee;david.lee658@example.com;555-6176;2025/08/18;Bronze;1631;T04544;2025/04/27;509.58;510;;;;;
C0177;Sophia;Davis;sophia.davis177@example.com;555-5296;2022/11/20;Platinum;9996;T04545;2025/06/30;271.45;271;;;;;
C0502;Olivia;Wilson;olivia.wilson502@example.com;555-2359;2026/01/10;Silver;11019;T04546;2025/02/16;403.69;404;;;;;
C0895;Noah;Taylor;noah.taylor895@example.com;555-9008;2024/04/29;Bronze;9731;T04547;2025/03/20;66.99;67;;;;;
C0072;Daniel;Lee;daniel.lee72@example.com;555-9791;2022/12/02;Gold;2545;T04548;2025/05/11;382.58;383;;;;;
C0256;Olivia;Wilson;olivia.wilson256@example.com;555-8878;2025/07/31;Silver;4192;T04549;2025/02/19;271.62;272;R1;$5 Gift Voucher;500.0;2025/05/12;500.0
C0099;Jessica;Moore;jessica.moore99@example.com;555-6606;2025/11/14;Silver;9714;T04550;2025/05/27;571.61;572;R7;Wireless Earbuds;8000.0;2025/05/12;8000.0
C0211;Mia;Wilson;mia.wilson211@example.com;555-8781;2022/11/23;Silver;8904;T04551;2025/04/27;150.28;150;R6;VIP Event Access;5000.0;2025/04/15;5000.0
C0533;James;Martinez;james.martinez533@example.com;555-8934;2025/01/11;Silver;13017;T04552;2025/03/05;373.59;374;R2;$10 Gift Voucher;1000.0;2025/01/14;1000.0
C0276;Daniel;Martinez;daniel.martinez276@example.com;555-8573;2022/03/15;Gold;14518;T04553;2025/06/01;240.54;241;;;;;
C0654;David;Lee;david.lee654@example.com;555-4906;2025/05/14;Bronze;1860;T04554;2025/03/09;203.5;204;;;;;
C0202;Daniel;Lee;daniel.lee202@example.com;555-7977;2024/02/23;Bronze;1038;T04555;2025/01/10;324.44;324;;;;;
C0703;Emma;Lee;emma.lee703@example.com;555-5152;2024/07/20;Gold;6605;T04556;2025/03/29;435.22;435;;;;;
C0665;Emily;Moore;emily.moore665@example.com;555-7929;2026/04/30;Bronze;13726;T04557;2025/06/21;490.96;491;;;;;
C0206;David;Johnson;david.johnson206@example.com;555-6518;2023/04/04;Gold;10292;T04558;2025/05/20;419.35;419;;;;;
C0332;Emily;Smith;emily.smith332@example.com;555-2011;2022/08/24;Silver;4008;T04559;2025/03/24;225.63;226;R7;Wireless Earbuds;8000.0;2025/05/08;8000.0
C0296;Olivia;Thomas;olivia.thomas296@example.com;555-8379;2023/05/13;Platinum;2905;T04560;2025/01/19;464.24;464;R7;Wireless Earbuds;8000.0;2025/02/15;8000.0
C0757;Emma;Davis;emma.davis757@example.com;555-2851;2025/09/24;Bronze;7681;T04561;2025/02/16;157.53;158;;;;;
C0963;Daniel;Smith;daniel.smith963@example.com;555-9128;2023/04/05;Bronze;13075;T04562;2025/01/26;185.96;186;;;;;
C0323;Daniel;Brown;daniel.brown323@example.com;555-4663;2022/04/28;Platinum;11991;T04563;2025/01/28;153.27;153;R1;$5 Gift Voucher;500.0;2025/01/10;500.0
C0194;Olivia;Smith;olivia.smith194@example.com;555-7391;2024/01/08;Gold;2815;T04564;2025/03/01;179.81;180;;;;;
C0586;Daniel;Smith;daniel.smith586@example.com;555-5840;2025/08/10;Platinum;9510;T04565;2025/01/30;415.97;416;R3;Coffee Mug;1200.0;2025/05/22;1200.0
C0428;Lucas;Moore;lucas.moore428@example.com;555-4336;2023/03/09;Bronze;5126;T04566;2025/06/10;121.28;121;;;;;
C0604;Sarah;Anderson;sarah.anderson604@example.com;555-5139;2024/06/28;Silver;12854;T04567;2025/06/26;473.21;473;R3;Coffee Mug;1200.0;2025/01/15;1200.0
C0040;Olivia;Anderson;olivia.anderson40@example.com;555-1577;2022/12/01;Bronze;11686;T04568;2025/01/23;456.4;456;R4;T-Shirt;2500.0;2025/03/01;2500.0
C0046;Jessica;Davis;jessica.davis46@example.com;555-7773;2024/01/24;Bronze;8322;T04569;2025/01/11;422.51;423;;;;;
C0315;Sarah;Taylor;sarah.taylor315@example.com;555-9234;2025/11/08;Bronze;5305;T04570;2025/06/09;389.41;389;;;;;
C0619;Olivia;Johnson;olivia.johnson619@example.com;555-8379;2024/08/09;Bronze;12437;T04571;2025/06/04;483.49;483;R3;Coffee Mug;1200.0;2025/06/07;1200.0
C0073;Emma;Brown;emma.brown73@example.com;555-8296;2023/05/19;Bronze;7296;T04572;2025/01/08;353.42;353;R2;$10 Gift Voucher;1000.0;2025/02/11;1000.0
C0717;James;Davis;james.davis717@example.com;555-3243;2024/10/16;Bronze;9749;T04573;2025/03/11;423.3;423;;;;;
C0589;John;Wilson;john.wilson589@example.com;555-7593;2023/11/13;Silver;7742;T04574;2025/05/21;299.72;300;;;;;
C0682;Ava;Davis;ava.davis682@example.com;555-9512;2025/10/22;Gold;11429;T04575;2025/06/08;476.03;476;R7;Wireless Earbuds;8000.0;2025/04/28;8000.0
C0920;Daniel;Thomas;daniel.thomas920@example.com;555-7551;2024/12/17;Gold;10961;T04576;2025/02/18;15.18;15;;;;;
C0654;David;Lee;david.lee654@example.com;555-4906;2025/05/14;Bronze;1860;T04577;2025/04/11;61.87;62;;;;;
C0500;John;Clark;john.clark500@example.com;555-2513;2025/12/05;Gold;11625;T04578;2025/06/10;319.87;320;;;;;
C0566;Emily;Martinez;emily.martinez566@example.com;555-8639;2024/05/25;Platinum;6237;T04579;2025/03/18;93.3;93;R6;VIP Event Access;5000.0;2025/02/07;5000.0
C0194;Olivia;Smith;olivia.smith194@example.com;555-7391;2024/01/08;Gold;2815;T04580;2025/01/09;241.56;242;;;;;
C0148;James;Brown;james.brown148@example.com;555-4177;2023/11/08;Gold;11593;T04581;2025/05/07;39.04;39;;;;;
C0707;Michael;Martinez;michael.martinez707@example.com;555-1974;2025/02/15;Gold;2239;T04582;2025/04/15;442.22;442;;;;;
C0873;Sophia;Smith;sophia.smith873@example.com;555-6834;2022/05/31;Bronze;494;T04583;2025/04/17;142.63;143;R6;VIP Event Access;5000.0;2025/03/29;5000.0
C0821;Olivia;Moore;olivia.moore821@example.com;555-7934;2022/04/21;Bronze;109;T04584;2025/06/28;271.24;271;;;;;
C0818;Lucas;Thomas;lucas.thomas818@example.com;555-5330;2025/06/22;Silver;2163;T04585;2025/05/10;42.82;43;;;;;
C0270;Sophia;Davis;sophia.davis270@example.com;555-7904;2022/11/30;Bronze;9176;T04586;2025/06/23;506.73;507;R6;VIP Event Access;5000.0;2025/02/11;5000.0
C0362;Liam;Martinez;liam.martinez362@example.com;555-1644;2023/02/10;Bronze;9721;T04587;2025/02/11;42.77;43;;;;;
C0437;David;Davis;david.davis437@example.com;555-9510;2025/09/07;Silver;11741;T04588;2025/02/12;194.05;194;;;;;
C0383;Liam;Smith;liam.smith383@example.com;555-5134;2023/02/10;Silver;3960;T04589;2025/05/01;577.45;577;;;;;
C0480;Liam;Wilson;liam.wilson480@example.com;555-3203;2025/12/22;Bronze;10314;T04590;2025/01/26;468.27;468;R7;Wireless Earbuds;8000.0;2025/03/06;8000.0
C0282;Olivia;Lee;olivia.lee282@example.com;555-8968;2022/06/16;Gold;7014;T04591;2025/06/01;188.04;188;;;;;
C0826;Emily;Lee;emily.lee826@example.com;555-9850;2022/03/10;Bronze;2013;T04592;2025/05/07;118.3;118;R3;Coffee Mug;1200.0;2025/06/07;1200.0
C0400;Olivia;Lee;olivia.lee400@example.com;555-3931;2023/12/02;Bronze;2830;T04593;2025/02/11;397.52;398;;;;;
C0991;Ava;Taylor;ava.taylor991@example.com;555-3187;2024/01/07;Bronze;13455;T04594;2025/06/09;474.7;475;;;;;
C0524;Sarah;Lee;sarah.lee524@example.com;555-8217;2024/09/06;Bronze;7414;T04595;2025/04/06;474.19;474;;;;;
C0812;Mia;Moore;mia.moore812@example.com;555-8294;2022/01/07;Gold;9396;T04596;2025/05/05;356.19;356;R2;$10 Gift Voucher;1000.0;2025/01/09;1000.0
C0645;Emily;Anderson;emily.anderson645@example.com;555-8425;2022/05/07;Silver;14114;T04597;2025/03/23;219.4;219;;;;;
C0790;Daniel;Smith;daniel.smith790@example.com;555-9167;2024/06/23;Silver;619;T04598;2025/06/27;14.95;15;;;;;
C0134;Noah;Davis;noah.davis134@example.com;555-7680;2025/04/27;Bronze;4498;T04599;2025/01/22;471.66;472;;;;;
C0494;Sophia;Martinez;sophia.martinez494@example.com;555-8200;2023/03/26;Silver;5964;T04600;2025/01/29;303.77;304;R4;T-Shirt;2500.0;2025/05/30;2500.0
C0725;Daniel;Johnson;daniel.johnson725@example.com;555-2682;2025/01/12;Silver;2000;T04601;2025/06/21;359.65;360;;;;;
C0044;Ava;Taylor;ava.taylor44@example.com;555-1738;2023/05/16;Bronze;320;T04602;2025/06/09;182.53;183;;;;;
C0424;Sophia;Thomas;sophia.thomas424@example.com;555-2950;2024/06/12;Bronze;4840;T04603;2025/01/12;302.74;303;;;;;
C0669;Lucas;Taylor;lucas.taylor669@example.com;555-7487;2022/07/15;Gold;5200;T04604;2025/03/06;405.07;405;R3;Coffee Mug;1200.0;2025/01/22;1200.0
C0852;Olivia;Johnson;olivia.johnson852@example.com;555-1688;2023/01/14;Bronze;1235;T04605;2025/05/12;124.5;124;;;;;
C0253;Olivia;Johnson;olivia.johnson253@example.com;555-7498;2025/11/22;Platinum;11009;T04606;2025/04/23;421.67;422;;;;;
C0652;Lucas;Davis;lucas.davis652@example.com;555-2879;2026/04/22;Silver;6261;T04607;2025/04/20;63.33;63;;;;;
C0898;David;Anderson;david.anderson898@example.com;555-8134;2025/08/07;Gold;14843;T04608;2025/03/18;403.85;404;;;;;
C0343;Jessica;Davis;jessica.davis343@example.com;555-6889;2025/02/07;Bronze;4566;T04609;2025/06/17;389.03;389;;;;;
C0930;Ava;Brown;ava.brown930@example.com;555-3181;2025/06/22;Bronze;443;T04610;2025/05/17;543.46;543;;;;;
C0832;Ava;Johnson;ava.johnson832@example.com;555-7212;2023/02/15;Bronze;14905;T04611;2025/01/07;365.99;366;;;;;
C0314;Lucas;Wilson;lucas.wilson314@example.com;555-1061;2022/12/09;Gold;12217;T04612;2025/04/22;479.35;479;R1;$5 Gift Voucher;500.0;2025/02/07;500.0
C0996;James;Clark;james.clark996@example.com;555-2864;2022/03/10;Platinum;6080;T04613;2025/06/29;223.57;224;R2;$10 Gift Voucher;1000.0;2025/03/28;1000.0
C0979;Liam;Moore;liam.moore979@example.com;555-4622;2025/09/15;Bronze;7847;T04614;2025/04/09;546.01;546;;;;;
C0570;Olivia;Anderson;olivia.anderson570@example.com;555-6338;2022/01/03;Bronze;13595;T04615;2025/05/24;48.31;48;;;;;
C0294;Daniel;Clark;daniel.clark294@example.com;555-6338;2025/09/16;Silver;13074;T04616;2025/04/03;360.1;360;;;;;
C0121;Liam;Brown;liam.brown121@example.com;555-4077;2024/11/11;Silver;6546;T04617;2025/03/22;64.16;64;;;;;
C0952;Lucas;Clark;lucas.clark952@example.com;555-8963;2025/07/07;Silver;8921;T04618;2025/05/15;163.92;164;;;;;
C0732;Jessica;Martinez;jessica.martinez732@example.com;555-3241;2025/02/05;Gold;9353;T04619;2025/01/18;339.16;339;;;;;
C0615;Emma;Clark;emma.clark615@example.com;555-9635;2024/07/05;Platinum;5530;T04620;2025/05/20;264.07;264;;;;;
C0738;James;Thomas;james.thomas738@example.com;555-2193;2024/06/30;Silver;2721;T04621;2025/02/04;18.28;18;;;;;
C0616;Noah;Martinez;noah.martinez616@example.com;555-9026;2022/09/25;Bronze;220;T04622;2025/05/24;27.65;28;;;;;
C0499;Mia;Wilson;mia.wilson499@example.com;555-1056;2022/11/17;Gold;7081;T04623;2025/02/23;514.03;514;;;;;
C0568;Noah;Clark;noah.clark568@example.com;555-2515;2024/07/05;Bronze;9050;T04624;2025/03/26;290.9;291;R3;Coffee Mug;1200.0;2025/03/13;1200.0
C0240;Emily;Wilson;emily.wilson240@example.com;555-8851;2024/08/23;Bronze;4965;T04625;2025/03/18;48.63;49;;;;;
C0970;Lucas;Martinez;lucas.martinez970@example.com;555-5527;2024/05/10;Bronze;10225;T04626;2025/01/07;34.63;35;;;;;
C0374;Jessica;Anderson;jessica.anderson374@example.com;555-5630;2022/08/14;Gold;13705;T04627;2025/04/22;382.42;382;;;;;
C0655;Noah;Martinez;noah.martinez655@example.com;555-5429;2022/10/30;Platinum;3118;T04628;2025/05/25;219.22;219;R7;Wireless Earbuds;8000.0;2025/01/13;8000.0
C0607;Noah;Wilson;noah.wilson607@example.com;555-9110;2025/02/17;Bronze;6789;T04629;2025/05/16;18.59;19;;;;;
C0260;Emma;Lee;emma.lee260@example.com;555-8966;2025/04/03;Silver;2907;T04630;2025/03/09;585.97;586;;;;;
C0592;Liam;Wilson;liam.wilson592@example.com;555-3978;2024/01/15;Silver;585;T04631;2025/03/26;129.59;130;;;;;
C0351;Olivia;Lee;olivia.lee351@example.com;555-6591;2025/10/13;Platinum;12779;T04632;2025/03/16;370.07;370;R4;T-Shirt;2500.0;2025/06/29;2500.0
C0921;Lucas;Davis;lucas.davis921@example.com;555-7133;2022/11/13;Bronze;7112;T04633;2025/05/04;193.99;194;;;;;
C0666;Ava;Davis;ava.davis666@example.com;555-7913;2025/08/22;Gold;10181;T04634;2025/01/26;191.15;191;R6;VIP Event Access;5000.0;2025/06/04;5000.0
C0905;Jessica;Martinez;jessica.martinez905@example.com;555-5670;2026/04/24;Gold;5090;T04635;2025/01/29;197.27;197;;;;;
C0990;Ava;Martinez;ava.martinez990@example.com;555-3377;2024/05/30;Silver;1431;T04636;2025/05/18;474.87;475;;;;;
C0245;Liam;Thomas;liam.thomas245@example.com;555-9247;2025/08/28;Silver;7525;T04637;2025/06/25;104.17;104;R4;T-Shirt;2500.0;2025/01/29;2500.0
C0428;Lucas;Moore;lucas.moore428@example.com;555-4336;2023/03/09;Bronze;5126;T04638;2025/01/20;527.47;527;;;;;
C0852;Olivia;Johnson;olivia.johnson852@example.com;555-1688;2023/01/14;Bronze;1235;T04639;2025/06/11;452.07;452;;;;;
C0901;Lucas;Thomas;lucas.thomas901@example.com;555-2318;2022/02/17;Silver;12877;T04640;2025/06/24;348.53;349;;;;;
C0074;Jessica;Wilson;jessica.wilson74@example.com;555-6191;2025/07/27;Silver;12176;T04641;2025/04/24;57.36;57;;;;;
C0606;Emily;Anderson;emily.anderson606@example.com;555-5285;2026/02/04;Bronze;9988;T04642;2025/06/14;363.27;363;;;;;
C0256;Olivia;Wilson;olivia.wilson256@example.com;555-8878;2025/07/31;Silver;4192;T04643;2025/01/31;374.79;375;;;;;
C0606;Emily;Anderson;emily.anderson606@example.com;555-5285;2026/02/04;Bronze;9988;T04644;2025/01/28;158.4;158;;;;;
C0185;James;Johnson;james.johnson185@example.com;555-5805;2026/01/04;Gold;7421;T04645;2025/05/29;228.41;228;R2;$10 Gift Voucher;1000.0;2025/04/15;1000.0
C0078;Jessica;Wilson;jessica.wilson78@example.com;555-3058;2024/06/06;Silver;2764;T04646;2025/04/23;208.76;209;;;;;
C0668;Ava;Moore;ava.moore668@example.com;555-2341;2022/06/22;Gold;5898;T04647;2025/05/19;157.03;157;;;;;
C0141;Daniel;Davis;daniel.davis141@example.com;555-3186;2022/08/07;Bronze;11315;T04648;2025/06/10;557.06;557;;;;;
C0636;David;Martinez;david.martinez636@example.com;555-9242;2026/01/22;Bronze;3160;T04649;2025/02/18;358.75;359;;;;;
C0596;Sarah;Clark;sarah.clark596@example.com;555-6343;2025/04/24;Bronze;730;T04650;2025/03/15;583.05;583;;;;;
C0603;Liam;Johnson;liam.johnson603@example.com;555-9494;2022/03/16;Bronze;4906;T04651;2025/04/13;277.37;277;;;;;
C0976;Olivia;Brown;olivia.brown976@example.com;555-5660;2022/10/28;Gold;1046;T04652;2025/05/08;363.1;363;R2;$10 Gift Voucher;1000.0;2025/01/24;1000.0
C0016;Mia;Johnson;mia.johnson16@example.com;555-3860;2022/04/28;Silver;11998;T04653;2025/06/12;540.87;541;;;;;
C0177;Sophia;Davis;sophia.davis177@example.com;555-5296;2022/11/20;Platinum;9996;T04654;2025/03/19;499.36;499;R6;VIP Event Access;5000.0;2025/03/04;5000.0
C0270;Sophia;Davis;sophia.davis270@example.com;555-7904;2022/11/30;Bronze;9176;T04655;2025/02/17;398.8;399;;;;;
C0194;Olivia;Smith;olivia.smith194@example.com;555-7391;2024/01/08;Gold;2815;T04656;2025/03/08;203.0;203;;;;;
C0802;Michael;Brown;michael.brown802@example.com;555-5024;2024/10/09;Bronze;8557;T04657;2025/06/14;264.03;264;;;;;
C0192;Emma;Martinez;emma.martinez192@example.com;555-8721;2023/06/13;Silver;12956;T04658;2025/01/05;553.98;554;R4;T-Shirt;2500.0;2025/03/29;2500.0
C0468;Lucas;Smith;lucas.smith468@example.com;555-1645;2023/11/19;Silver;14761;T04659;2025/06/03;535.16;535;R7;Wireless Earbuds;8000.0;2025/05/22;8000.0
C0660;Daniel;Martinez;daniel.martinez660@example.com;555-2405;2023/08/03;Bronze;3836;T04660;2025/01/14;351.9;352;;;;;
C0095;Liam;Smith;liam.smith95@example.com;555-4461;2023/10/18;Platinum;12430;T04661;2025/06/02;493.9;494;R3;Coffee Mug;1200.0;2025/06/24;1200.0
C0157;Liam;Thomas;liam.thomas157@example.com;555-2051;2024/08/05;Platinum;1297;T04662;2025/02/01;581.42;581;;;;;
C0925;Lucas;Thomas;lucas.thomas925@example.com;555-6182;2024/07/14;Platinum;13694;T04663;2025/02/15;96.66;97;;;;;
C0195;Liam;Lee;liam.lee195@example.com;555-7176;2024/08/25;Silver;2410;T04664;2025/03/16;66.34;66;R3;Coffee Mug;1200.0;2025/01/17;1200.0
C0674;Emily;Martinez;emily.martinez674@example.com;555-2471;2023/12/03;Bronze;134;T04665;2025/05/05;517.52;518;R5;Free Shipping;750.0;2025/01/17;750.0
C0956;James;Lee;james.lee956@example.com;555-6789;2025/07/15;Gold;5324;T04666;2025/04/05;57.6;58;;;;;
C0548;Michael;Martinez;michael.martinez548@example.com;555-7090;2024/11/02;Gold;9359;T04667;2025/02/23;327.48;327;R3;Coffee Mug;1200.0;2025/06/07;1200.0
C0963;Daniel;Smith;daniel.smith963@example.com;555-9128;2023/04/05;Bronze;13075;T04668;2025/06/08;81.34;81;;;;;
C0326;Lucas;Thomas;lucas.thomas326@example.com;555-4323;2024/04/03;Gold;717;T04669;2025/03/09;145.98;146;;;;;
C0073;Emma;Brown;emma.brown73@example.com;555-8296;2023/05/19;Bronze;7296;T04670;2025/03/12;554.1;554;R6;VIP Event Access;5000.0;2025/01/20;5000.0
C0661;John;Martinez;john.martinez661@example.com;555-9871;2022/04/02;Gold;2200;T04671;2025/04/09;579.57;580;R7;Wireless Earbuds;8000.0;2025/01/04;8000.0
C0609;Ava;Lee;ava.lee609@example.com;555-2496;2025/10/18;Bronze;2611;T04672;2025/06/01;542.11;542;;;;;
C0197;Olivia;Moore;olivia.moore197@example.com;555-1765;2022/04/20;Platinum;4296;T04673;2025/06/17;41.71;42;R2;$10 Gift Voucher;1000.0;2025/06/26;1000.0
C0435;Ava;Thomas;ava.thomas435@example.com;555-3156;2025/07/24;Bronze;9485;T04674;2025/02/14;131.3;131;;;;;
C0200;Noah;Taylor;noah.taylor200@example.com;555-4989;2025/05/04;Silver;99;T04675;2025/01/07;478.11;478;;;;;
C0035;Sophia;Davis;sophia.davis35@example.com;555-8322;2025/06/15;Silver;7582;T04676;2025/01/09;301.16;301;;;;;
C1000;Jessica;Davis;jessica.davis1000@example.com;555-2953;2024/09/09;Silver;2458;T04677;2025/03/23;45.11;45;;;;;
C0892;Emma;Thomas;emma.thomas892@example.com;555-4336;2023/11/16;Bronze;7429;T04678;2025/05/09;111.25;111;;;;;
C0434;Sophia;Lee;sophia.lee434@example.com;555-5833;2024/06/16;Bronze;14403;T04679;2025/01/17;179.43;179;;;;;
C0714;Noah;Wilson;noah.wilson714@example.com;555-6050;2024/11/18;Gold;8385;T04680;2025/01/07;260.44;260;;;;;
C0885;Sarah;Smith;sarah.smith885@example.com;555-1366;2025/11/20;Bronze;11278;T04681;2025/04/01;331.27;331;R4;T-Shirt;2500.0;2025/06/10;2500.0
C0327;John;Moore;john.moore327@example.com;555-6754;2022/10/24;Platinum;11006;T04682;2025/04/17;140.03;140;;;;;
C0522;Jessica;Moore;jessica.moore522@example.com;555-9622;2025/03/21;Gold;5634;T04683;2025/01/25;552.15;552;R7;Wireless Earbuds;8000.0;2025/03/22;8000.0
C0749;Olivia;Johnson;olivia.johnson749@example.com;555-5093;2023/12/15;Platinum;8853;T04684;2025/06/01;16.6;17;;;;;
C0994;Sophia;Lee;sophia.lee994@example.com;555-8511;2023/07/30;Bronze;14437;T04685;2025/05/24;202.46;202;;;;;
C0324;Michael;Taylor;michael.taylor324@example.com;555-4074;2025/09/14;Gold;8873;T04686;2025/04/17;209.4;209;R6;VIP Event Access;5000.0;2025/03/24;5000.0
C0104;Sophia;Wilson;sophia.wilson104@example.com;555-3602;2023/03/14;Silver;11762;T04687;2025/05/31;173.64;174;;;;;
C0027;Liam;Moore;liam.moore27@example.com;555-8075;2024/09/13;Bronze;814;T04688;2025/05/18;579.0;579;;;;;
C0530;Sophia;Lee;sophia.lee530@example.com;555-8054;2025/08/16;Silver;5519;T04689;2025/04/29;50.13;50;;;;;
C0144;Sophia;Johnson;sophia.johnson144@example.com;555-6968;2024/03/18;Silver;911;T04690;2025/01/06;93.15;93;;;;;
C0837;James;Moore;james.moore837@example.com;555-5611;2025/06/25;Silver;1104;T04691;2025/05/09;76.58;77;;;;;
C0358;Daniel;Johnson;daniel.johnson358@example.com;555-5051;2024/02/05;Bronze;8462;T04692;2025/04/15;595.57;596;R2;$10 Gift Voucher;1000.0;2025/01/06;1000.0
C0883;Lucas;Anderson;lucas.anderson883@example.com;555-7398;2024/07/05;Bronze;355;T04693;2025/06/18;231.15;231;;;;;
C0521;Sophia;Wilson;sophia.wilson521@example.com;555-4912;2025/01/16;Gold;3045;T04694;2025/04/18;116.08;116;R3;Coffee Mug;1200.0;2025/05/24;1200.0
C0303;Liam;Clark;liam.clark303@example.com;555-3381;2023/03/02;Gold;11559;T04695;2025/02/25;205.04;205;;;;;
C0850;Mia;Martinez;mia.martinez850@example.com;555-9277;2025/11/16;Bronze;821;T04696;2025/01/30;489.17;489;R2;$10 Gift Voucher;1000.0;2025/02/26;1000.0
C0677;Lucas;Smith;lucas.smith677@example.com;555-8264;2023/09/19;Gold;12536;T04697;2025/03/16;455.15;455;;;;;
C0979;Liam;Moore;liam.moore979@example.com;555-4622;2025/09/15;Bronze;7847;T04698;2025/06/24;220.18;220;;;;;
C0148;James;Brown;james.brown148@example.com;555-4177;2023/11/08;Gold;11593;T04699;2025/01/15;332.74;333;;;;;
C0938;Liam;Clark;liam.clark938@example.com;555-7849;2026/01/14;Silver;140;T04700;2025/04/22;167.27;167;;;;;
C0748;Jessica;Smith;jessica.smith748@example.com;555-4437;2024/06/28;Bronze;207;T04701;2025/06/07;318.85;319;;;;;
C0652;Lucas;Davis;lucas.davis652@example.com;555-2879;2026/04/22;Silver;6261;T04702;2025/06/24;359.24;359;;;;;
C0668;Ava;Moore;ava.moore668@example.com;555-2341;2022/06/22;Gold;5898;T04703;2025/02/03;467.26;467;;;;;
C0744;Emily;Thomas;emily.thomas744@example.com;555-3255;2025/11/06;Bronze;2550;T04704;2025/04/21;13.11;13;R7;Wireless Earbuds;8000.0;2025/02/13;8000.0
C0824;Lucas;Taylor;lucas.taylor824@example.com;555-3717;2026/05/14;Bronze;10708;T04705;2025/02/24;541.69;542;;;;;
C0479;Daniel;Anderson;daniel.anderson479@example.com;555-3700;2022/10/31;Silver;1133;T04706;2025/05/07;190.11;190;;;;;
C0232;Liam;Johnson;liam.johnson232@example.com;555-3011;2025/04/12;Bronze;9535;T04707;2025/06/23;16.97;17;;;;;
C0717;James;Davis;james.davis717@example.com;555-3243;2024/10/16;Bronze;9749;T04708;2025/05/25;564.1;564;R4;T-Shirt;2500.0;2025/02/10;2500.0
C0541;Liam;Thomas;liam.thomas541@example.com;555-1552;2023/01/27;Gold;11368;T04709;2025/05/01;452.7;453;R2;$10 Gift Voucher;1000.0;2025/01/30;1000.0
C0288;Liam;Smith;liam.smith288@example.com;555-3062;2022/11/27;Gold;658;T04710;2025/04/25;575.79;576;;;;;
C0658;David;Lee;david.lee658@example.com;555-6176;2025/08/18;Bronze;1631;T04711;2025/03/20;249.92;250;;;;;
C0248;John;Wilson;john.wilson248@example.com;555-3210;2022/02/10;Platinum;9246;T04712;2025/04/20;5.51;6;;;;;
C0841;Ava;Clark;ava.clark841@example.com;555-9201;2023/05/25;Silver;1967;T04713;2025/03/11;193.64;194;R4;T-Shirt;2500.0;2025/06/17;2500.0
C0936;Daniel;Brown;daniel.brown936@example.com;555-4107;2026/03/26;Bronze;1265;T04714;2025/06/25;227.92;228;;;;;
C0841;Ava;Clark;ava.clark841@example.com;555-9201;2023/05/25;Silver;1967;T04715;2025/05/03;270.03;270;R6;VIP Event Access;5000.0;2025/02/10;5000.0
C0944;Olivia;Taylor;olivia.taylor944@example.com;555-2452;2023/03/27;Silver;14221;T04716;2025/01/23;457.78;458;;;;;
C0006;Emma;Smith;emma.smith6@example.com;555-2679;2022/08/09;Silver;2539;T04717;2025/04/20;231.79;232;;;;;
C0091;John;Anderson;john.anderson91@example.com;555-5741;2024/05/24;Silver;12209;T04718;2025/05/16;424.96;425;;;;;
C0294;Daniel;Clark;daniel.clark294@example.com;555-6338;2025/09/16;Silver;13074;T04719;2025/05/06;560.4;560;;;;;
C0162;David;Brown;david.brown162@example.com;555-4632;2023/11/13;Bronze;9550;T04720;2025/05/27;282.19;282;;;;;
C0952;Lucas;Clark;lucas.clark952@example.com;555-8963;2025/07/07;Silver;8921;T04721;2025/05/04;269.8;270;;;;;
C0564;Liam;Taylor;liam.taylor564@example.com;555-2666;2022/03/09;Silver;7706;T04722;2025/03/06;243.42;243;;;;;
C0244;Olivia;Thomas;olivia.thomas244@example.com;555-6532;2023/07/20;Bronze;14408;T04723;2025/04/24;357.15;357;R1;$5 Gift Voucher;500.0;2025/04/15;500.0
C0293;Sarah;Moore;sarah.moore293@example.com;555-6718;2022/10/02;Gold;2241;T04724;2025/04/01;245.03;245;;;;;
C0756;Lucas;Anderson;lucas.anderson756@example.com;555-8375;2025/04/09;Gold;13616;T04725;2025/01/17;291.21;291;;;;;
C0349;Noah;Brown;noah.brown349@example.com;555-6911;2023/07/03;Bronze;3006;T04726;2025/05/05;15.54;16;;;;;
C0618;David;Smith;david.smith618@example.com;555-8441;2025/12/26;Platinum;2955;T04727;2025/03/06;594.3;594;;;;;
C0663;Mia;Thomas;mia.thomas663@example.com;555-8249;2024/06/24;Silver;14767;T04728;2025/05/15;229.78;230;;;;;
C0505;Emily;Thomas;emily.thomas505@example.com;555-2816;2022/02/13;Bronze;10648;T04729;2025/04/03;564.29;564;;;;;
C0974;Ava;Martinez;ava.martinez974@example.com;555-2125;2022/08/01;Gold;6055;T04730;2025/06/08;25.31;25;R4;T-Shirt;2500.0;2025/02/17;2500.0
C0368;Jessica;Johnson;jessica.johnson368@example.com;555-9793;2025/03/15;Gold;2172;T04731;2025/03/27;367.95;368;;;;;
C0844;Liam;Clark;liam.clark844@example.com;555-5545;2024/05/09;Bronze;13945;T04732;2025/04/08;117.82;118;;;;;
C0006;Emma;Smith;emma.smith6@example.com;555-2679;2022/08/09;Silver;2539;T04733;2025/05/03;302.5;302;;;;;
C0844;Liam;Clark;liam.clark844@example.com;555-5545;2024/05/09;Bronze;13945;T04734;2025/02/16;89.56;90;;;;;
C0637;Sophia;Wilson;sophia.wilson637@example.com;555-6359;2025/07/11;Bronze;12310;T04735;2025/05/01;97.23;97;;;;;
C0590;John;Martinez;john.martinez590@example.com;555-2323;2025/10/15;Gold;10530;T04736;2025/03/19;583.35;583;;;;;
C0194;Olivia;Smith;olivia.smith194@example.com;555-7391;2024/01/08;Gold;2815;T04737;2025/06/01;329.83;330;;;;;
C0022;John;Moore;john.moore22@example.com;555-7927;2022/05/15;Silver;7983;T04738;2025/06/30;53.15;53;R2;$10 Gift Voucher;1000.0;2025/04/14;1000.0
C0007;Noah;Moore;noah.moore7@example.com;555-3869;2025/11/22;Silver;10979;T04739;2025/01/17;373.25;373;;;;;
C0194;Olivia;Smith;olivia.smith194@example.com;555-7391;2024/01/08;Gold;2815;T04740;2025/01/09;508.57;509;R4;T-Shirt;2500.0;2025/06/23;2500.0
C0683;Mia;Davis;mia.davis683@example.com;555-2870;2022/06/13;Silver;7467;T04741;2025/06/21;95.19;95;;;;;
C0824;Lucas;Taylor;lucas.taylor824@example.com;555-3717;2026/05/14;Bronze;10708;T04742;2025/05/23;293.64;294;;;;;
C0286;Lucas;Smith;lucas.smith286@example.com;555-3686;2026/02/17;Bronze;3824;T04743;2025/02/28;92.41;92;R6;VIP Event Access;5000.0;2025/05/29;5000.0
C0164;Mia;Johnson;mia.johnson164@example.com;555-6563;2023/06/04;Bronze;7390;T04744;2025/03/02;583.54;584;;;;;
C0571;Emma;Martinez;emma.martinez571@example.com;555-8467;2025/10/09;Bronze;7937;T04745;2025/06/23;408.56;409;;;;;
C0642;Noah;Moore;noah.moore642@example.com;555-9313;2024/11/03;Bronze;7396;T04746;2025/01/26;586.65;587;;;;;
C0180;Daniel;Taylor;daniel.taylor180@example.com;555-4959;2025/10/13;Silver;14042;T04747;2025/05/26;346.27;346;;;;;
C0338;Lucas;Lee;lucas.lee338@example.com;555-7778;2025/01/09;Gold;11844;T04748;2025/06/04;126.24;126;;;;;
C0244;Olivia;Thomas;olivia.thomas244@example.com;555-6532;2023/07/20;Bronze;14408;T04749;2025/01/08;407.89;408;;;;;
C0053;Emma;Wilson;emma.wilson53@example.com;555-1556;2025/08/14;Bronze;5628;T04750;2025/04/14;132.57;133;;;;;
C0405;Lucas;Davis;lucas.davis405@example.com;555-8554;2023/04/19;Gold;6941;T04751;2025/01/02;450.57;451;;;;;
C0587;Jessica;Wilson;jessica.wilson587@example.com;555-9871;2023/02/14;Gold;10213;T04752;2025/01/13;416.08;416;;;;;
C0668;Ava;Moore;ava.moore668@example.com;555-2341;2022/06/22;Gold;5898;T04753;2025/06/07;112.34;112;R4;T-Shirt;2500.0;2025/04/14;2500.0
C0499;Mia;Wilson;mia.wilson499@example.com;555-1056;2022/11/17;Gold;7081;T04754;2025/06/10;472.15;472;;;;;
C0991;Ava;Taylor;ava.taylor991@example.com;555-3187;2024/01/07;Bronze;13455;T04755;2025/01/29;443.7;444;;;;;
C0838;Emma;Taylor;emma.taylor838@example.com;555-6380;2023/01/23;Platinum;9755;T04756;2025/05/11;360.87;361;R1;$5 Gift Voucher;500.0;2025/01/18;500.0
C0890;Jessica;Martinez;jessica.martinez890@example.com;555-3922;2023/12/24;Gold;8494;T04757;2025/01/31;449.39;449;;;;;
C0035;Sophia;Davis;sophia.davis35@example.com;555-8322;2025/06/15;Silver;7582;T04758;2025/04/04;543.14;543;;;;;
C0871;Sophia;Johnson;sophia.johnson871@example.com;555-7468;2024/11/02;Gold;3026;T04759;2025/03/05;416.9;417;;;;;
C0775;John;Martinez;john.martinez775@example.com;555-7435;2023/06/21;Bronze;1512;T04760;2025/01/05;56.88;57;;;;;
C0774;Emily;Johnson;emily.johnson774@example.com;555-2125;2022/11/17;Bronze;4857;T04761;2025/01/09;263.53;264;;;;;
C0349;Noah;Brown;noah.brown349@example.com;555-6911;2023/07/03;Bronze;3006;T04762;2025/04/21;234.94;235;;;;;
C0836;Liam;Martinez;liam.martinez836@example.com;555-8614;2023/09/30;Bronze;8203;T04763;2025/05/09;283.39;283;R2;$10 Gift Voucher;1000.0;2025/02/18;1000.0
C0980;Olivia;Smith;olivia.smith980@example.com;555-4808;2025/02/01;Bronze;2783;T04764;2025/01/25;261.32;261;;;;;
C0530;Sophia;Lee;sophia.lee530@example.com;555-8054;2025/08/16;Silver;5519;T04765;2025/05/04;78.36;78;;;;;
C0988;James;Martinez;james.martinez988@example.com;555-3944;2023/09/24;Bronze;1097;T04766;2025/03/31;381.18;381;R1;$5 Gift Voucher;500.0;2025/04/25;500.0
C0362;Liam;Martinez;liam.martinez362@example.com;555-1644;2023/02/10;Bronze;9721;T04767;2025/06/18;250.83;251;;;;;
C0732;Jessica;Martinez;jessica.martinez732@example.com;555-3241;2025/02/05;Gold;9353;T04768;2025/06/15;275.1;275;;;;;
C0168;Emma;Anderson;emma.anderson168@example.com;555-9781;2023/09/15;Bronze;8629;T04769;2025/03/26;438.76;439;;;;;
C0909;Sophia;Brown;sophia.brown909@example.com;555-7947;2022/06/08;Bronze;7950;T04770;2025/06/04;332.66;333;R3;Coffee Mug;1200.0;2025/03/13;1200.0
C0198;Daniel;Davis;daniel.davis198@example.com;555-9222;2025/09/04;Gold;3543;T04771;2025/01/30;528.85;529;R7;Wireless Earbuds;8000.0;2025/01/08;8000.0
C0357;John;Smith;john.smith357@example.com;555-1335;2022/07/05;Silver;5369;T04772;2025/06/20;531.23;531;;;;;
C0842;Liam;Smith;liam.smith842@example.com;555-2063;2025/09/11;Bronze;3669;T04773;2025/02/28;263.37;263;R6;VIP Event Access;5000.0;2025/06/30;5000.0
C0285;Mia;Lee;mia.lee285@example.com;555-9794;2025/03/01;Bronze;1835;T04774;2025/03/18;523.11;523;;;;;
C0743;Olivia;Taylor;olivia.taylor743@example.com;555-2714;2024/09/11;Gold;14703;T04775;2025/06/11;318.22;318;;;;;
C0997;Lucas;Brown;lucas.brown997@example.com;555-1468;2022/08/20;Bronze;9255;T04776;2025/01/12;309.86;310;;;;;
C0127;Jessica;Thomas;jessica.thomas127@example.com;555-2131;2024/11/08;Silver;3992;T04777;2025/03/01;77.49;77;R1;$5 Gift Voucher;500.0;2025/06/23;500.0
C0268;Olivia;Lee;olivia.lee268@example.com;555-7391;2025/11/03;Gold;4480;T04778;2025/02/19;538.44;538;R7;Wireless Earbuds;8000.0;2025/03/17;8000.0
C0563;Emma;Thomas;emma.thomas563@example.com;555-3683;2024/03/28;Silver;4761;T04779;2025/05/28;80.03;80;;;;;
C0154;Michael;Davis;michael.davis154@example.com;555-3047;2022/10/04;Bronze;7065;T04780;2025/02/13;330.15;330;;;;;
C0774;Emily;Johnson;emily.johnson774@example.com;555-2125;2022/11/17;Bronze;4857;T04781;2025/02/15;375.27;375;;;;;
C0844;Liam;Clark;liam.clark844@example.com;555-5545;2024/05/09;Bronze;13945;T04782;2025/03/23;292.45;292;;;;;
C0491;Jessica;Clark;jessica.clark491@example.com;555-4417;2023/09/27;Platinum;2293;T04783;2025/05/08;186.16;186;R6;VIP Event Access;5000.0;2025/01/22;5000.0
C0515;Olivia;Lee;olivia.lee515@example.com;555-3806;2025/06/20;Gold;4371;T04784;2025/03/19;506.72;507;;;;;
C0521;Sophia;Wilson;sophia.wilson521@example.com;555-4912;2025/01/16;Gold;3045;T04785;2025/03/11;217.85;218;R6;VIP Event Access;5000.0;2025/02/28;5000.0
C0984;Daniel;Smith;daniel.smith984@example.com;555-1719;2026/04/08;Gold;5421;T04786;2025/04/24;314.63;315;;;;;
C0530;Sophia;Lee;sophia.lee530@example.com;555-8054;2025/08/16;Silver;5519;T04787;2025/03/04;327.58;328;;;;;
C0267;Jessica;Taylor;jessica.taylor267@example.com;555-7024;2026/05/07;Bronze;7435;T04788;2025/05/28;501.52;502;;;;;
C0089;Liam;Taylor;liam.taylor89@example.com;555-8425;2025/01/20;Gold;3248;T04789;2025/06/13;522.99;523;;;;;
C0133;Michael;Wilson;michael.wilson133@example.com;555-5094;2022/07/13;Bronze;7403;T04790;2025/03/23;277.09;277;;;;;
C0807;Emily;Wilson;emily.wilson807@example.com;555-3553;2022/03/27;Bronze;12359;T04791;2025/06/13;434.98;435;;;;;
C0574;Ava;Smith;ava.smith574@example.com;555-3233;2024/02/16;Silver;7234;T04792;2025/05/02;455.34;455;;;;;
C0359;Olivia;Davis;olivia.davis359@example.com;555-5015;2023/04/20;Bronze;3686;T04793;2025/02/09;259.17;259;R7;Wireless Earbuds;8000.0;2025/02/20;8000.0
C0549;Michael;Thomas;michael.thomas549@example.com;555-9714;2026/04/20;Silver;4541;T04794;2025/01/31;283.24;283;R3;Coffee Mug;1200.0;2025/04/03;1200.0
C0033;Ava;Brown;ava.brown33@example.com;555-8008;2022/07/05;Gold;5147;T04795;2025/02/19;554.39;554;;;;;
C0436;Daniel;Johnson;daniel.johnson436@example.com;555-2035;2023/11/01;Bronze;14527;T04796;2025/02/12;537.56;538;R2;$10 Gift Voucher;1000.0;2025/04/27;1000.0
C0647;Liam;Davis;liam.davis647@example.com;555-8549;2025/07/26;Silver;14172;T04797;2025/03/28;144.26;144;;;;;
C0895;Noah;Taylor;noah.taylor895@example.com;555-9008;2024/04/29;Bronze;9731;T04798;2025/05/16;168.54;169;;;;;
C0944;Olivia;Taylor;olivia.taylor944@example.com;555-2452;2023/03/27;Silver;14221;T04799;2025/01/08;449.52;450;;;;;
C0367;Emily;Taylor;emily.taylor367@example.com;555-5180;2023/10/17;Bronze;7561;T04800;2025/03/27;228.87;229;;;;;
C0097;David;Moore;david.moore97@example.com;555-2969;2024/04/16;Bronze;7207;T04801;2025/03/01;575.86;576;;;;;
C0033;Ava;Brown;ava.brown33@example.com;555-8008;2022/07/05;Gold;5147;T04802;2025/06/26;408.96;409;R2;$10 Gift Voucher;1000.0;2025/06/15;1000.0
C0605;Michael;Anderson;michael.anderson605@example.com;555-1301;2022/01/27;Gold;8591;T04803;2025/02/09;50.96;51;;;;;
C0683;Mia;Davis;mia.davis683@example.com;555-2870;2022/06/13;Silver;7467;T04804;2025/01/04;145.25;145;;;;;
C0649;Lucas;Taylor;lucas.taylor649@example.com;555-1545;2025/05/06;Gold;14632;T04805;2025/01/30;471.82;472;R2;$10 Gift Voucher;1000.0;2025/06/25;1000.0
C0159;Emma;Johnson;emma.johnson159@example.com;555-4489;2025/08/15;Bronze;11219;T04806;2025/05/10;470.27;470;R5;Free Shipping;750.0;2025/04/19;750.0
C0063;Olivia;Martinez;olivia.martinez63@example.com;555-6329;2024/03/24;Silver;5878;T04807;2025/04/13;76.11;76;;;;;
C0758;Michael;Taylor;michael.taylor758@example.com;555-1527;2026/01/14;Gold;1598;T04808;2025/01/15;190.16;190;;;;;
C0589;John;Wilson;john.wilson589@example.com;555-7593;2023/11/13;Silver;7742;T04809;2025/05/15;537.53;538;;;;;
C0460;David;Moore;david.moore460@example.com;555-1203;2022/01/15;Silver;11320;T04810;2025/02/15;362.01;362;;;;;
C0499;Mia;Wilson;mia.wilson499@example.com;555-1056;2022/11/17;Gold;7081;T04811;2025/04/03;98.05;98;;;;;
C0237;Liam;Martinez;liam.martinez237@example.com;555-4849;2023/11/24;Bronze;10186;T04812;2025/06/24;520.6;521;;;;;
C0584;Jessica;Smith;jessica.smith584@example.com;555-4325;2023/01/13;Bronze;8406;T04813;2025/01/11;549.75;550;;;;;
C0111;Michael;Wilson;michael.wilson111@example.com;555-7230;2024/06/23;Bronze;2519;T04814;2025/04/22;584.41;584;;;;;
C0133;Michael;Wilson;michael.wilson133@example.com;555-5094;2022/07/13;Bronze;7403;T04815;2025/03/31;89.46;89;R2;$10 Gift Voucher;1000.0;2025/03/12;1000.0
C0239;Noah;Clark;noah.clark239@example.com;555-8078;2023/03/14;Silver;5523;T04816;2025/02/20;246.49;246;;;;;
C0786;Emma;Smith;emma.smith786@example.com;555-7991;2025/12/24;Bronze;484;T04817;2025/02/26;152.88;153;;;;;
C0580;Michael;Wilson;michael.wilson580@example.com;555-5378;2023/03/02;Gold;2794;T04818;2025/02/14;79.5;80;;;;;
C0481;Michael;Clark;michael.clark481@example.com;555-5272;2025/11/08;Gold;6938;T04819;2025/05/18;400.53;401;;;;;
C0525;Lucas;Martinez;lucas.martinez525@example.com;555-1223;2024/10/08;Bronze;4493;T04820;2025/03/20;325.78;326;;;;;
C0010;Sarah;Lee;sarah.lee10@example.com;555-2514;2022/04/09;Silver;4509;T04821;2025/03/13;362.57;363;R2;$10 Gift Voucher;1000.0;2025/05/10;1000.0
C0958;Mia;Smith;mia.smith958@example.com;555-1286;2023/11/05;Silver;9684;T04822;2025/02/24;187.84;188;R4;T-Shirt;2500.0;2025/04/14;2500.0
C0670;Sarah;Moore;sarah.moore670@example.com;555-1622;2025/09/29;Bronze;8164;T04823;2025/05/21;361.0;361;;;;;
C0093;Mia;Anderson;mia.anderson93@example.com;555-9456;2025/12/14;Gold;3482;T04824;2025/02/02;477.64;478;;;;;
C0655;Noah;Martinez;noah.martinez655@example.com;555-5429;2022/10/30;Platinum;3118;T04825;2025/03/24;539.93;540;;;;;
C0656;Sophia;Taylor;sophia.taylor656@example.com;555-7966;2022/05/04;Bronze;11715;T04826;2025/06/29;180.73;181;;;;;
C0391;Liam;Brown;liam.brown391@example.com;555-8092;2023/05/31;Silver;13065;T04827;2025/04/14;344.66;345;;;;;
C0451;Liam;Johnson;liam.johnson451@example.com;555-7850;2024/11/23;Bronze;13714;T04828;2025/01/28;37.37;37;;;;;
C0381;Noah;Johnson;noah.johnson381@example.com;555-4096;2022/03/02;Silver;2578;T04829;2025/04/06;415.1;415;;;;;
C0337;Mia;Brown;mia.brown337@example.com;555-3992;2024/08/17;Silver;11420;T04830;2025/04/05;152.95;153;;;;;
C0169;Mia;Wilson;mia.wilson169@example.com;555-2259;2024/07/03;Gold;5780;T04831;2025/05/11;201.38;201;R5;Free Shipping;750.0;2025/06/08;750.0
C0887;Liam;Wilson;liam.wilson887@example.com;555-1499;2024/08/20;Platinum;3422;T04832;2025/01/12;190.23;190;R7;Wireless Earbuds;8000.0;2025/02/22;8000.0
C0190;Sophia;Davis;sophia.davis190@example.com;555-4066;2025/04/20;Silver;8425;T04833;2025/02/25;262.95;263;;;;;
C0689;Mia;Wilson;mia.wilson689@example.com;555-7171;2023/06/17;Bronze;433;T04834;2025/02/28;405.58;406;R5;Free Shipping;750.0;2025/05/13;750.0
C0222;Emma;Lee;emma.lee222@example.com;555-6298;2024/12/08;Bronze;13254;T04835;2025/06/25;449.66;450;R2;$10 Gift Voucher;1000.0;2025/01/14;1000.0
C0967;Jessica;Lee;jessica.lee967@example.com;555-5661;2026/02/16;Gold;5539;T04836;2025/04/08;451.71;452;;;;;
C0915;Ava;Taylor;ava.taylor915@example.com;555-2118;2023/05/23;Bronze;733;T04837;2025/04/23;101.67;102;R3;Coffee Mug;1200.0;2025/01/27;1200.0
C0976;Olivia;Brown;olivia.brown976@example.com;555-5660;2022/10/28;Gold;1046;T04838;2025/04/06;529.06;529;;;;;
C0332;Emily;Smith;emily.smith332@example.com;555-2011;2022/08/24;Silver;4008;T04839;2025/04/22;254.68;255;;;;;
C0181;Sarah;Davis;sarah.davis181@example.com;555-1273;2024/04/26;Gold;7594;T04840;2025/06/13;147.18;147;;;;;
C0335;Sarah;Anderson;sarah.anderson335@example.com;555-4773;2025/04/09;Bronze;14149;T04841;2025/05/21;182.39;182;;;;;
C0402;Sarah;Wilson;sarah.wilson402@example.com;555-9518;2024/05/26;Silver;9935;T04842;2025/02/14;34.41;34;;;;;
C0235;Emily;Thomas;emily.thomas235@example.com;555-1678;2023/10/02;Silver;5289;T04843;2025/06/15;449.77;450;R7;Wireless Earbuds;8000.0;2025/05/07;8000.0
C0975;Sarah;Lee;sarah.lee975@example.com;555-7290;2026/05/11;Silver;14135;T04844;2025/06/26;131.74;132;;;;;
C0436;Daniel;Johnson;daniel.johnson436@example.com;555-2035;2023/11/01;Bronze;14527;T04845;2025/01/30;424.44;424;;;;;
C0758;Michael;Taylor;michael.taylor758@example.com;555-1527;2026/01/14;Gold;1598;T04846;2025/04/28;222.65;223;R7;Wireless Earbuds;8000.0;2025/06/01;8000.0
C0399;Sophia;Lee;sophia.lee399@example.com;555-7456;2022/11/18;Platinum;4068;T04847;2025/05/28;361.57;362;R3;Coffee Mug;1200.0;2025/05/20;1200.0
C0556;Liam;Lee;liam.lee556@example.com;555-6092;2023/02/26;Bronze;6609;T04848;2025/03/29;505.27;505;;;;;
C0805;Sarah;Smith;sarah.smith805@example.com;555-1458;2025/10/16;Bronze;12995;T04849;2025/04/05;507.37;507;;;;;
C0112;John;Thomas;john.thomas112@example.com;555-5175;2024/06/11;Platinum;1621;T04850;2025/01/09;59.93;60;;;;;
C0691;Emily;Brown;emily.brown691@example.com;555-2007;2023/08/14;Platinum;8355;T04851;2025/05/13;177.12;177;;;;;
C0919;Mia;Anderson;mia.anderson919@example.com;555-7791;2025/04/27;Bronze;2483;T04852;2025/01/15;450.1;450;;;;;
C0858;Emma;Clark;emma.clark858@example.com;555-6114;2025/12/08;Silver;1456;T04853;2025/05/12;580.91;581;R6;VIP Event Access;5000.0;2025/06/05;5000.0
C0580;Michael;Wilson;michael.wilson580@example.com;555-5378;2023/03/02;Gold;2794;T04854;2025/03/18;114.35;114;;;;;
C0417;Michael;Taylor;michael.taylor417@example.com;555-5586;2023/10/29;Platinum;9086;T04855;2025/06/23;170.98;171;;;;;
C0582;Ava;Wilson;ava.wilson582@example.com;555-2411;2024/01/18;Bronze;10342;T04856;2025/01/06;81.21;81;;;;;
C0268;Olivia;Lee;olivia.lee268@example.com;555-7391;2025/11/03;Gold;4480;T04857;2025/05/01;556.47;556;;;;;
C0985;Lucas;Smith;lucas.smith985@example.com;555-9722;2023/03/10;Platinum;820;T04858;2025/02/15;548.35;548;;;;;
C0865;James;Johnson;james.johnson865@example.com;555-2831;2025/11/11;Bronze;5107;T04859;2025/05/02;71.39;71;;;;;
C0084;Olivia;Wilson;olivia.wilson84@example.com;555-8437;2025/09/09;Bronze;6702;T04860;2025/06/09;595.28;595;;;;;
C0664;David;Wilson;david.wilson664@example.com;555-1569;2024/01/07;Silver;10081;T04861;2025/04/10;343.86;344;;;;;
C0778;David;Martinez;david.martinez778@example.com;555-8546;2022/05/25;Gold;7567;T04862;2025/06/29;220.53;221;;;;;
C0418;Emma;Clark;emma.clark418@example.com;555-1290;2022/04/13;Bronze;13697;T04863;2025/05/13;507.58;508;;;;;
C0766;David;Davis;david.davis766@example.com;555-5652;2024/03/01;Bronze;11394;T04864;2025/04/12;367.77;368;;;;;
C0916;Emma;Wilson;emma.wilson916@example.com;555-6621;2023/12/18;Gold;7337;T04865;2025/04/19;183.94;184;R3;Coffee Mug;1200.0;2025/04/29;1200.0
C0883;Lucas;Anderson;lucas.anderson883@example.com;555-7398;2024/07/05;Bronze;355;T04866;2025/01/10;448.06;448;;;;;
C0357;John;Smith;john.smith357@example.com;555-1335;2022/07/05;Silver;5369;T04867;2025/06/12;172.1;172;;;;;
C0926;Daniel;Moore;daniel.moore926@example.com;555-1057;2024/04/24;Bronze;9475;T04868;2025/03/22;15.29;15;;;;;
C0730;David;Anderson;david.anderson730@example.com;555-7725;2025/09/03;Gold;9672;T04869;2025/05/22;383.26;383;;;;;
C0249;Sarah;Davis;sarah.davis249@example.com;555-4102;2025/04/24;Gold;14200;T04870;2025/04/10;154.17;154;;;;;
C0086;John;Wilson;john.wilson86@example.com;555-2570;2025/01/01;Bronze;5318;T04871;2025/05/24;541.09;541;R7;Wireless Earbuds;8000.0;2025/04/30;8000.0
C0105;Michael;Thomas;michael.thomas105@example.com;555-3091;2024/06/03;Silver;7131;T04872;2025/01/11;575.27;575;R3;Coffee Mug;1200.0;2025/06/10;1200.0
C0136;David;Taylor;david.taylor136@example.com;555-7626;2024/10/19;Gold;11402;T04873;2025/03/06;594.94;595;;;;;
C0752;Emma;Thomas;emma.thomas752@example.com;555-4863;2025/12/09;Silver;11358;T04874;2025/04/16;9.03;9;R7;Wireless Earbuds;8000.0;2025/01/18;8000.0
C0915;Ava;Taylor;ava.taylor915@example.com;555-2118;2023/05/23;Bronze;733;T04875;2025/02/16;184.46;184;R4;T-Shirt;2500.0;2025/06/06;2500.0
C0472;Sophia;Davis;sophia.davis472@example.com;555-9952;2024/04/16;Silver;8458;T04876;2025/01/11;271.86;272;;;;;
C0336;Emma;Clark;emma.clark336@example.com;555-7975;2023/02/22;Platinum;10443;T04877;2025/02/04;313.22;313;R6;VIP Event Access;5000.0;2025/05/19;5000.0
C0478;David;Brown;david.brown478@example.com;555-6115;2025/10/06;Silver;12891;T04878;2025/01/11;50.24;50;R5;Free Shipping;750.0;2025/06/21;750.0
C0244;Olivia;Thomas;olivia.thomas244@example.com;555-6532;2023/07/20;Bronze;14408;T04879;2025/04/22;40.73;41;;;;;
C0535;James;Anderson;james.anderson535@example.com;555-1522;2024/05/09;Gold;5910;T04880;2025/05/04;472.72;473;R1;$5 Gift Voucher;500.0;2025/03/05;500.0
C0820;Lucas;Martinez;lucas.martinez820@example.com;555-4875;2026/03/14;Gold;5362;T04881;2025/03/19;494.79;495;;;;;
C0073;Emma;Brown;emma.brown73@example.com;555-8296;2023/05/19;Bronze;7296;T04882;2025/04/29;298.51;299;;;;;
C0553;James;Davis;james.davis553@example.com;555-1561;2025/01/31;Gold;8901;T04883;2025/01/22;100.51;101;;;;;
C0941;Lucas;Lee;lucas.lee941@example.com;555-4333;2025/12/31;Bronze;2825;T04884;2025/01/19;158.73;159;;;;;
C0435;Ava;Thomas;ava.thomas435@example.com;555-3156;2025/07/24;Bronze;9485;T04885;2025/03/19;551.42;551;;;;;
C0781;Ava;Anderson;ava.anderson781@example.com;555-4702;2024/12/17;Bronze;9633;T04886;2025/03/12;67.06;67;;;;;
C0003;Ava;Thomas;ava.thomas3@example.com;555-9031;2024/07/08;Bronze;10022;T04887;2025/02/25;30.79;31;;;;;
C0841;Ava;Clark;ava.clark841@example.com;555-9201;2023/05/25;Silver;1967;T04888;2025/05/26;72.53;73;;;;;
C0069;John;Martinez;john.martinez69@example.com;555-5920;2025/08/03;Bronze;13459;T04889;2025/01/05;400.93;401;;;;;
C0142;Sarah;Davis;sarah.davis142@example.com;555-1240;2025/05/10;Silver;13834;T04890;2025/03/11;334.48;334;;;;;
C0662;James;Wilson;james.wilson662@example.com;555-8001;2022/01/27;Gold;8467;T04891;2025/03/01;26.82;27;;;;;
C0342;Lucas;Smith;lucas.smith342@example.com;555-8340;2023/08/18;Gold;14118;T04892;2025/02/19;182.88;183;;;;;
C0463;Sarah;Brown;sarah.brown463@example.com;555-2970;2023/04/29;Gold;13450;T04893;2025/06/15;181.31;181;;;;;
C0492;Daniel;Smith;daniel.smith492@example.com;555-4371;2022/06/09;Platinum;8973;T04894;2025/03/22;112.08;112;;;;;
C0155;Liam;Taylor;liam.taylor155@example.com;555-8393;2023/02/23;Bronze;13490;T04895;2025/03/06;377.12;377;;;;;
C0680;Michael;Moore;michael.moore680@example.com;555-2557;2023/03/23;Silver;7486;T04896;2025/03/24;194.59;195;;;;;
C0995;Lucas;Martinez;lucas.martinez995@example.com;555-2731;2025/10/22;Gold;2321;T04897;2025/06/08;262.7;263;;;;;
C0368;Jessica;Johnson;jessica.johnson368@example.com;555-9793;2025/03/15;Gold;2172;T04898;2025/06/25;556.12;556;;;;;
C0129;Ava;Anderson;ava.anderson129@example.com;555-7177;2023/03/30;Bronze;2535;T04899;2025/02/28;324.82;325;R3;Coffee Mug;1200.0;2025/06/11;1200.0
C0474;Mia;Lee;mia.lee474@example.com;555-6939;2025/11/30;Bronze;11476;T04900;2025/05/25;66.47;66;R4;T-Shirt;2500.0;2025/05/09;2500.0
C0495;Lucas;Brown;lucas.brown495@example.com;555-4320;2022/12/19;Bronze;13538;T04901;2025/05/29;448.28;448;R3;Coffee Mug;1200.0;2025/03/11;1200.0
C0857;Michael;Taylor;michael.taylor857@example.com;555-6780;2025/05/14;Gold;7148;T04902;2025/02/06;23.08;23;;;;;
C0575;Emma;Davis;emma.davis575@example.com;555-5694;2022/05/31;Bronze;1610;T04903;2025/03/04;589.15;589;;;;;
C0997;Lucas;Brown;lucas.brown997@example.com;555-1468;2022/08/20;Bronze;9255;T04904;2025/04/16;32.18;32;;;;;
C0458;Sarah;Martinez;sarah.martinez458@example.com;555-4794;2025/07/22;Silver;14180;T04905;2025/01/20;148.45;148;R7;Wireless Earbuds;8000.0;2025/05/18;8000.0
C0757;Emma;Davis;emma.davis757@example.com;555-2851;2025/09/24;Bronze;7681;T04906;2025/04/17;248.41;248;R1;$5 Gift Voucher;500.0;2025/02/06;500.0
C0842;Liam;Smith;liam.smith842@example.com;555-2063;2025/09/11;Bronze;3669;T04907;2025/02/08;535.09;535;;;;;
C0649;Lucas;Taylor;lucas.taylor649@example.com;555-1545;2025/05/06;Gold;14632;T04908;2025/06/11;472.01;472;;;;;
C0795;Emily;Clark;emily.clark795@example.com;555-8312;2022/03/09;Silver;4943;T04909;2025/02/26;522.47;522;;;;;
C0502;Olivia;Wilson;olivia.wilson502@example.com;555-2359;2026/01/10;Silver;11019;T04910;2025/02/22;468.7;469;;;;;
C0608;Mia;Taylor;mia.taylor608@example.com;555-3172;2025/07/02;Silver;8505;T04911;2025/01/15;194.79;195;;;;;
C0340;Daniel;Johnson;daniel.johnson340@example.com;555-9936;2023/03/22;Bronze;9367;T04912;2025/03/23;458.89;459;R1;$5 Gift Voucher;500.0;2025/04/10;500.0
C0713;Daniel;Martinez;daniel.martinez713@example.com;555-3086;2024/11/03;Gold;8176;T04913;2025/03/13;429.38;429;;;;;
C0057;Mia;Martinez;mia.martinez57@example.com;555-9032;2024/04/09;Gold;7691;T04914;2025/03/09;296.21;296;;;;;
C0236;Michael;Moore;michael.moore236@example.com;555-4658;2024/08/22;Platinum;12008;T04915;2025/01/09;525.5;526;;;;;
C0872;James;Martinez;james.martinez872@example.com;555-3913;2025/05/13;Bronze;1450;T04916;2025/04/10;409.44;409;;;;;
C0394;Olivia;Lee;olivia.lee394@example.com;555-5244;2022/03/24;Gold;13622;T04917;2025/01/11;372.88;373;;;;;
C0388;Sarah;Clark;sarah.clark388@example.com;555-1673;2026/03/31;Bronze;12541;T04918;2025/03/24;546.56;547;;;;;
C0638;John;Thomas;john.thomas638@example.com;555-8479;2023/01/12;Bronze;11224;T04919;2025/01/03;76.41;76;;;;;
C0773;Michael;Wilson;michael.wilson773@example.com;555-8847;2024/02/07;Bronze;6719;T04920;2025/05/02;469.3;469;R3;Coffee Mug;1200.0;2025/04/07;1200.0
C0591;Daniel;Lee;daniel.lee591@example.com;555-4572;2022/09/14;Silver;10116;T04921;2025/04/21;36.93;37;R5;Free Shipping;750.0;2025/03/14;750.0
C0344;Ava;Clark;ava.clark344@example.com;555-1908;2022/04/01;Bronze;1459;T04922;2025/02/10;546.17;546;R1;$5 Gift Voucher;500.0;2025/03/28;500.0
C0367;Emily;Taylor;emily.taylor367@example.com;555-5180;2023/10/17;Bronze;7561;T04923;2025/06/07;209.01;209;;;;;
C0484;Liam;Anderson;liam.anderson484@example.com;555-6089;2025/07/30;Gold;10753;T04924;2025/05/07;326.08;326;R6;VIP Event Access;5000.0;2025/03/27;5000.0
C0918;Liam;Smith;liam.smith918@example.com;555-1872;2023/02/23;Bronze;14353;T04925;2025/01/22;180.74;181;;;;;
C0901;Lucas;Thomas;lucas.thomas901@example.com;555-2318;2022/02/17;Silver;12877;T04926;2025/03/13;525.03;525;R2;$10 Gift Voucher;1000.0;2025/06/16;1000.0
C0503;James;Taylor;james.taylor503@example.com;555-6704;2025/02/13;Bronze;8066;T04927;2025/04/09;54.15;54;;;;;
C0930;Ava;Brown;ava.brown930@example.com;555-3181;2025/06/22;Bronze;443;T04928;2025/05/02;389.81;390;;;;;
C0384;Daniel;Martinez;daniel.martinez384@example.com;555-2017;2022/02/04;Bronze;7454;T04929;2025/01/06;132.13;132;R4;T-Shirt;2500.0;2025/03/05;2500.0
C0851;Emma;Taylor;emma.taylor851@example.com;555-9958;2024/08/15;Bronze;5964;T04930;2025/05/08;127.46;127;;;;;
C0807;Emily;Wilson;emily.wilson807@example.com;555-3553;2022/03/27;Bronze;12359;T04931;2025/02/23;45.48;45;R6;VIP Event Access;5000.0;2025/03/19;5000.0
C0945;Daniel;Moore;daniel.moore945@example.com;555-5519;2024/01/12;Bronze;14581;T04932;2025/06/30;546.88;547;;;;;
C0030;Noah;Martinez;noah.martinez30@example.com;555-5336;2023/03/24;Silver;14930;T04933;2025/05/16;249.87;250;;;;;
C0078;Jessica;Wilson;jessica.wilson78@example.com;555-3058;2024/06/06;Silver;2764;T04934;2025/03/16;156.2;156;;;;;
C0935;Noah;Clark;noah.clark935@example.com;555-4366;2025/11/18;Silver;919;T04935;2025/02/04;482.38;482;;;;;
C0710;Emma;Moore;emma.moore710@example.com;555-8789;2024/07/10;Platinum;14442;T04936;2025/05/18;241.49;241;;;;;
C0650;Sophia;Taylor;sophia.taylor650@example.com;555-8567;2024/09/23;Bronze;12904;T04937;2025/02/24;162.27;162;R5;Free Shipping;750.0;2025/04/26;750.0
C0426;James;Davis;james.davis426@example.com;555-9464;2024/02/02;Bronze;3903;T04938;2025/06/18;383.62;384;R7;Wireless Earbuds;8000.0;2025/05/28;8000.0
C0347;James;Wilson;james.wilson347@example.com;555-3940;2023/09/24;Bronze;1488;T04939;2025/06/08;240.9;241;;;;;
C0973;Mia;Martinez;mia.martinez973@example.com;555-6721;2025/12/31;Silver;1373;T04940;2025/02/11;448.59;449;R2;$10 Gift Voucher;1000.0;2025/05/04;1000.0
C0973;Mia;Martinez;mia.martinez973@example.com;555-6721;2025/12/31;Silver;1373;T04941;2025/03/26;274.98;275;R6;VIP Event Access;5000.0;2025/04/02;5000.0
C0866;Mia;Clark;mia.clark866@example.com;555-8768;2023/04/08;Gold;5004;T04942;2025/04/30;442.6;443;;;;;
C0564;Liam;Taylor;liam.taylor564@example.com;555-2666;2022/03/09;Silver;7706;T04943;2025/01/26;330.97;331;R2;$10 Gift Voucher;1000.0;2025/01/13;1000.0
C0319;Emily;Thomas;emily.thomas319@example.com;555-2624;2024/02/05;Bronze;14640;T04944;2025/01/24;431.52;432;R1;$5 Gift Voucher;500.0;2025/04/03;500.0
C0990;Ava;Martinez;ava.martinez990@example.com;555-3377;2024/05/30;Silver;1431;T04945;2025/05/09;243.61;244;;;;;
C0234;Sarah;Martinez;sarah.martinez234@example.com;555-9451;2025/04/10;Silver;4178;T04946;2025/05/20;449.67;450;;;;;
C0870;Michael;Thomas;michael.thomas870@example.com;555-1706;2023/07/29;Bronze;6099;T04947;2025/04/22;403.83;404;;;;;
C0578;Michael;Brown;michael.brown578@example.com;555-5476;2022/01/10;Silver;14615;T04948;2025/04/21;365.28;365;;;;;
C0209;James;Smith;james.smith209@example.com;555-2263;2023/06/07;Gold;11508;T04949;2025/01/04;54.87;55;;;;;
C0237;Liam;Martinez;liam.martinez237@example.com;555-4849;2023/11/24;Bronze;10186;T04950;2025/06/28;438.17;438;;;;;
C0039;Emma;Anderson;emma.anderson39@example.com;555-7492;2026/02/08;Bronze;837;T04951;2025/04/02;529.35;529;;;;;
C0423;Olivia;Lee;olivia.lee423@example.com;555-4339;2025/11/15;Bronze;12401;T04952;2025/06/06;565.39;565;;;;;
C0878;James;Clark;james.clark878@example.com;555-9008;2024/08/10;Silver;7500;T04953;2025/03/13;448.92;449;;;;;
C0636;David;Martinez;david.martinez636@example.com;555-9242;2026/01/22;Bronze;3160;T04954;2025/03/01;416.48;416;;;;;
C0614;James;Wilson;james.wilson614@example.com;555-9941;2025/12/23;Bronze;1849;T04955;2025/04/14;586.34;586;;;;;
C0277;Sarah;Davis;sarah.davis277@example.com;555-1362;2024/03/06;Silver;2043;T04956;2025/01/11;63.11;63;;;;;
C0206;David;Johnson;david.johnson206@example.com;555-6518;2023/04/04;Gold;10292;T04957;2025/03/18;544.04;544;R6;VIP Event Access;5000.0;2025/03/23;5000.0
C0412;Jessica;Martinez;jessica.martinez412@example.com;555-3527;2025/11/11;Bronze;6935;T04958;2025/03/21;80.54;81;;;;;
C0139;Liam;Thomas;liam.thomas139@example.com;555-7007;2023/11/29;Bronze;5732;T04959;2025/01/29;423.15;423;;;;;
C0128;Daniel;Davis;daniel.davis128@example.com;555-6829;2023/06/05;Platinum;13523;T04960;2025/01/16;543.95;544;;;;;
C0929;Mia;Moore;mia.moore929@example.com;555-3757;2024/01/17;Bronze;11718;T04961;2025/03/29;518.71;519;;;;;
C0314;Lucas;Wilson;lucas.wilson314@example.com;555-1061;2022/12/09;Gold;12217;T04962;2025/01/09;537.86;538;R3;Coffee Mug;1200.0;2025/01/15;1200.0
C0762;Lucas;Clark;lucas.clark762@example.com;555-8505;2024/01/12;Silver;3816;T04963;2025/01/14;261.06;261;R7;Wireless Earbuds;8000.0;2025/04/14;8000.0
C0150;Jessica;Anderson;jessica.anderson150@example.com;555-8856;2025/11/22;Silver;10234;T04964;2025/02/20;573.44;573;;;;;
C0574;Ava;Smith;ava.smith574@example.com;555-3233;2024/02/16;Silver;7234;T04965;2025/02/15;215.82;216;R1;$5 Gift Voucher;500.0;2025/03/11;500.0
C0038;James;Anderson;james.anderson38@example.com;555-6046;2025/01/14;Silver;2119;T04966;2025/06/25;587.92;588;R2;$10 Gift Voucher;1000.0;2025/02/16;1000.0
C0992;David;Johnson;david.johnson992@example.com;555-6300;2023/03/24;Bronze;8310;T04967;2025/01/19;237.84;238;;;;;
C0610;Lucas;Wilson;lucas.wilson610@example.com;555-7516;2026/05/05;Bronze;9813;T04968;2025/06/12;127.36;127;;;;;
C0300;Emma;Wilson;emma.wilson300@example.com;555-5787;2025/08/21;Silver;13937;T04969;2025/02/03;186.25;186;;;;;
C0587;Jessica;Wilson;jessica.wilson587@example.com;555-9871;2023/02/14;Gold;10213;T04970;2025/05/16;172.96;173;;;;;
C0790;Daniel;Smith;daniel.smith790@example.com;555-9167;2024/06/23;Silver;619;T04971;2025/03/08;209.33;209;;;;;
C0295;John;Smith;john.smith295@example.com;555-7328;2022/04/09;Gold;9947;T04972;2025/01/02;183.74;184;;;;;
C0647;Liam;Davis;liam.davis647@example.com;555-8549;2025/07/26;Silver;14172;T04973;2025/04/24;137.07;137;R7;Wireless Earbuds;8000.0;2025/03/25;8000.0
C0753;Sophia;Taylor;sophia.taylor753@example.com;555-1364;2023/03/23;Bronze;12004;T04974;2025/03/09;160.45;160;;;;;
C0939;Jessica;Lee;jessica.lee939@example.com;555-7449;2022/10/27;Bronze;125;T04975;2025/02/02;217.61;218;;;;;
C0530;Sophia;Lee;sophia.lee530@example.com;555-8054;2025/08/16;Silver;5519;T04976;2025/03/31;424.81;425;;;;;
C0826;Emily;Lee;emily.lee826@example.com;555-9850;2022/03/10;Bronze;2013;T04977;2025/04/23;337.14;337;;;;;
C0246;Sarah;Brown;sarah.brown246@example.com;555-8727;2022/03/04;Bronze;11225;T04978;2025/06/18;27.45;27;;;;;
C0450;Daniel;Anderson;daniel.anderson450@example.com;555-2750;2025/03/12;Bronze;9638;T04979;2025/05/20;260.74;261;;;;;
C0007;Noah;Moore;noah.moore7@example.com;555-3869;2025/11/22;Silver;10979;T04980;2025/05/07;406.68;407;;;;;
C0611;David;Smith;david.smith611@example.com;555-4971;2025/07/26;Platinum;6161;T04981;2025/06/28;489.31;489;R5;Free Shipping;750.0;2025/01/20;750.0
C0527;John;Wilson;john.wilson527@example.com;555-7108;2026/02/27;Gold;3499;T04982;2025/04/02;180.1;180;R2;$10 Gift Voucher;1000.0;2025/06/20;1000.0
C0637;Sophia;Wilson;sophia.wilson637@example.com;555-6359;2025/07/11;Bronze;12310;T04983;2025/01/27;378.45;378;R6;VIP Event Access;5000.0;2025/04/06;5000.0
C0068;Olivia;Thomas;olivia.thomas68@example.com;555-6188;2025/09/26;Silver;11507;T04984;2025/04/15;251.94;252;;;;;
C0363;Olivia;Clark;olivia.clark363@example.com;555-1364;2023/07/25;Bronze;3107;T04985;2025/03/10;106.98;107;R4;T-Shirt;2500.0;2025/03/24;2500.0
C0933;James;Clark;james.clark933@example.com;555-1053;2022/12/15;Silver;9629;T04986;2025/06/11;30.59;31;R7;Wireless Earbuds;8000.0;2025/03/01;8000.0
C0808;Lucas;Martinez;lucas.martinez808@example.com;555-9143;2024/04/09;Gold;9869;T04987;2025/02/07;258.94;259;;;;;
C0886;Olivia;Lee;olivia.lee886@example.com;555-8707;2026/01/16;Bronze;14584;T04988;2025/03/08;402.33;402;;;;;
C0102;Sophia;Smith;sophia.smith102@example.com;555-6704;2025/10/28;Bronze;9728;T04989;2025/06/26;285.42;285;R7;Wireless Earbuds;8000.0;2025/05/08;8000.0
C0448;Olivia;Martinez;olivia.martinez448@example.com;555-1802;2024/11/06;Platinum;14517;T04990;2025/03/19;442.3;442;R6;VIP Event Access;5000.0;2025/03/09;5000.0
C0054;Liam;Clark;liam.clark54@example.com;555-8426;2023/07/14;Platinum;5355;T04991;2025/05/11;166.02;166;R2;$10 Gift Voucher;1000.0;2025/03/21;1000.0
C0474;Mia;Lee;mia.lee474@example.com;555-6939;2025/11/30;Bronze;11476;T04992;2025/05/28;45.13;45;;;;;
C0851;Emma;Taylor;emma.taylor851@example.com;555-9958;2024/08/15;Bronze;5964;T04993;2025/06/05;140.22;140;;;;;
C0982;Liam;Thomas;liam.thomas982@example.com;555-1763;2022/07/07;Bronze;4116;T04994;2025/01/25;259.82;260;;;;;
C0244;Olivia;Thomas;olivia.thomas244@example.com;555-6532;2023/07/20;Bronze;14408;T04995;2025/03/23;491.0;491;R6;VIP Event Access;5000.0;2025/03/03;5000.0
C0608;Mia;Taylor;mia.taylor608@example.com;555-3172;2025/07/02;Silver;8505;T04996;2025/04/12;579.52;580;;;;;
C0672;Ava;Thomas;ava.thomas672@example.com;555-1972;2024/05/26;Bronze;1638;T04997;2025/03/16;376.27;376;;;;;
C0607;Noah;Wilson;noah.wilson607@example.com;555-9110;2025/02/17;Bronze;6789;T04998;2025/02/14;233.3;233;;;;;
C0711;Sophia;Lee;sophia.lee711@example.com;555-1205;2024/05/22;Silver;3;T04999;2025/05/03;314.07;314;R4;T-Shirt;2500.0;2025/03/05;2500.0
C0002;David;Anderson;david.anderson2@example.com;555-6873;2022/10/07;Silver;983;T05000;2025/04/28;213.99;214;R4;T-Shirt;2500.0;2025/05/11;2500.0
